2026-10-08T23:27:11+0900 waiting for guard lock /tmp/mlxcel-rocm-gpu-guard.lock
2026-10-08T23:52:01+0900 acquired guard lock /tmp/mlxcel-rocm-gpu-guard.lock after 1490s
2026-10-08T23:52:01+0900 waiting for 60s of idle GPU and no compiler
2026-10-08T23:53:29+0900 idle for 60s: kfd proc empty and no compiler in every 1 Hz sample
2026-10-08T23:53:29+0900 attempt 1/6: start: <meas>/run_s3.sh <meas>/s3
2026-10-08T23:53:29+0900 sample 1: CONTENDED foreign_gpu=[] compilers=[4005014:cargo,4005048:rustc,4005051:rustc,4005068:rustc]
2026-10-08T23:53:31+0900 sample 2: CONTENDED foreign_gpu=[] compilers=[4005014:cargo,4005051:rustc,4006313:rustc,4006348:rustc]
2026-10-08T23:53:32+0900 sample 3: CONTENDED foreign_gpu=[] compilers=[4005014:cargo,4005051:rustc,4006348:rustc,4007321:rustc,4007370:rustc]
2026-10-08T23:53:33+0900 sample 4: CONTENDED foreign_gpu=[] compilers=[4005014:cargo,4005051:rustc,4007370:rustc,4007632:rustc,4007913:rustc,4008358:rustc,4008374:rustc]
2026-10-08T23:53:35+0900 sample 5: CONTENDED foreign_gpu=[] compilers=[4005014:cargo,4007370:rustc,4007632:rustc,4007913:rustc,4008358:rustc,4008374:rustc,4009307:rustc,4009315:rustc,4009319:rustc]
2026-10-08T23:53:36+0900 sample 6: CONTENDED foreign_gpu=[] compilers=[4005014:cargo,4007632:rustc,4007913:rustc,4008358:rustc,4008374:rustc,4009315:rustc,4009319:rustc,4010265:rustc]
2026-10-08T23:53:37+0900 sample 7: CONTENDED foreign_gpu=[] compilers=[4005014:cargo,4007632:rustc,4007913:rustc,4008358:rustc,4008374:rustc,4009315:rustc,4009319:rustc,4011160:rustc,4011227:rustc]
2026-10-08T23:53:39+0900 sample 8: CONTENDED foreign_gpu=[] compilers=[4005014:cargo,4007632:rustc,4007913:rustc,4008358:rustc,4008374:rustc,4009315:rustc,4009319:rustc,4011160:rustc,4011227:rustc]
2026-10-08T23:53:40+0900 sample 9: CONTENDED foreign_gpu=[] compilers=[4005014:cargo,4007632:rustc,4007913:rustc,4008374:rustc,4009315:rustc,4009319:rustc,4011160:rustc,4013159:rustc]
2026-10-08T23:53:41+0900 sample 10: CONTENDED foreign_gpu=[] compilers=[4005014:cargo,4007632:rustc,4007913:rustc,4008374:rustc,4009319:rustc,4011160:rustc,4013159:rustc]
2026-10-08T23:53:43+0900 sample 11: CONTENDED foreign_gpu=[] compilers=[4005014:cargo,4007632:rustc,4007913:rustc,4008374:rustc,4009319:rustc]
2026-10-08T23:53:44+0900 sample 12: CONTENDED foreign_gpu=[] compilers=[4005014:cargo,4007632:rustc,4007913:rustc,4009319:rustc,4015990:rustc]
2026-10-08T23:53:46+0900 sample 13: CONTENDED foreign_gpu=[] compilers=[4005014:cargo,4009319:rustc,4015990:rustc]
2026-10-08T23:53:47+0900 sample 14: CONTENDED foreign_gpu=[] compilers=[4005014:cargo,4009319:rustc,4015990:rustc]
2026-10-08T23:53:49+0900 sample 15: CONTENDED foreign_gpu=[] compilers=[4005014:cargo,4015990:rustc]
2026-10-08T23:53:50+0900 sample 16: CONTENDED foreign_gpu=[] compilers=[4005014:cargo,4015990:rustc]
2026-10-08T23:53:52+0900 sample 17: CONTENDED foreign_gpu=[] compilers=[4005014:cargo,4015990:rustc]
2026-10-08T23:53:53+0900 sample 18: CONTENDED foreign_gpu=[] compilers=[4005014:cargo,4015990:rustc]
2026-10-08T23:53:55+0900 sample 19: CONTENDED foreign_gpu=[] compilers=[4005014:cargo,4015990:rustc]
2026-10-08T23:53:56+0900 sample 20: CONTENDED foreign_gpu=[] compilers=[4005014:cargo,4015990:rustc]
2026-10-08T23:53:58+0900 sample 21: CONTENDED foreign_gpu=[] compilers=[4005014:cargo,4015990:rustc]
2026-10-08T23:53:59+0900 sample 22: CONTENDED foreign_gpu=[] compilers=[4005014:cargo,4015990:rustc]
2026-10-08T23:54:01+0900 sample 23: CONTENDED foreign_gpu=[] compilers=[4005014:cargo,4015990:rustc]
2026-10-08T23:54:02+0900 sample 24: CONTENDED foreign_gpu=[] compilers=[4005014:cargo,4015990:rustc]
2026-10-08T23:54:04+0900 sample 25: CONTENDED foreign_gpu=[] compilers=[4005014:cargo,4015990:rustc]
2026-10-08T23:54:05+0900 sample 26: CONTENDED foreign_gpu=[] compilers=[4005014:cargo,4015990:rustc]
2026-10-08T23:54:07+0900 sample 27: CONTENDED foreign_gpu=[] compilers=[4005014:cargo,4015990:rustc]
2026-10-08T23:54:08+0900 sample 28: CONTENDED foreign_gpu=[] compilers=[4005014:cargo,4015990:rustc]
2026-10-08T23:54:10+0900 sample 29: CONTENDED foreign_gpu=[] compilers=[4005014:cargo,4015990:rustc]
2026-10-08T23:54:11+0900 sample 30: CONTENDED foreign_gpu=[] compilers=[4005014:cargo,4015990:rustc]
2026-10-08T23:54:13+0900 sample 31: CONTENDED foreign_gpu=[] compilers=[4005014:cargo,4015990:rustc]
2026-10-08T23:54:14+0900 sample 32: CONTENDED foreign_gpu=[] compilers=[4005014:cargo,4015990:rustc]
2026-10-08T23:54:16+0900 sample 33: CONTENDED foreign_gpu=[] compilers=[4005014:cargo,4015990:rustc]
2026-10-08T23:54:17+0900 sample 34: CONTENDED foreign_gpu=[] compilers=[4005014:cargo,4015990:rustc]
2026-10-08T23:54:19+0900 sample 35: CONTENDED foreign_gpu=[] compilers=[4005014:cargo,4015990:rustc]
2026-10-08T23:54:20+0900 sample 36: CONTENDED foreign_gpu=[] compilers=[4005014:cargo,4015990:rustc]
2026-10-08T23:54:22+0900 sample 37: CONTENDED foreign_gpu=[] compilers=[4005014:cargo,4015990:rustc]
2026-10-08T23:54:23+0900 sample 38: CONTENDED foreign_gpu=[] compilers=[4005014:cargo,4015990:rustc]
2026-10-08T23:54:25+0900 sample 39: CONTENDED foreign_gpu=[] compilers=[4005014:cargo,4015990:rustc]
2026-10-08T23:54:26+0900 sample 40: CONTENDED foreign_gpu=[] compilers=[4005014:cargo,4015990:rustc]
2026-10-08T23:54:28+0900 sample 41: CONTENDED foreign_gpu=[] compilers=[4005014:cargo,4015990:rustc]
2026-10-08T23:54:30+0900 sample 42: CONTENDED foreign_gpu=[] compilers=[4005014:cargo,4015990:rustc]
2026-10-08T23:54:31+0900 sample 43: CONTENDED foreign_gpu=[] compilers=[4005014:cargo,4015990:rustc]
2026-10-08T23:54:33+0900 sample 44: CONTENDED foreign_gpu=[] compilers=[4005014:cargo,4015990:rustc]
2026-10-08T23:54:34+0900 sample 45: CONTENDED foreign_gpu=[] compilers=[4005014:cargo,4015990:rustc]
2026-10-08T23:54:36+0900 sample 46: CONTENDED foreign_gpu=[] compilers=[4005014:cargo,4015990:rustc]
2026-10-08T23:54:37+0900 sample 47: CONTENDED foreign_gpu=[] compilers=[4005014:cargo,4015990:rustc]
2026-10-08T23:54:39+0900 sample 48: CONTENDED foreign_gpu=[] compilers=[4005014:cargo,4015990:rustc]
2026-10-08T23:54:40+0900 sample 49: CONTENDED foreign_gpu=[] compilers=[4005014:cargo,4015990:rustc]
2026-10-08T23:54:42+0900 sample 50: CONTENDED foreign_gpu=[] compilers=[4005014:cargo,4015990:rustc]
2026-10-08T23:54:43+0900 sample 51: CONTENDED foreign_gpu=[] compilers=[4005014:cargo,4015990:rustc]
2026-10-08T23:54:45+0900 sample 52: CONTENDED foreign_gpu=[] compilers=[4005014:cargo,4015990:rustc]
2026-10-08T23:54:46+0900 sample 53: CONTENDED foreign_gpu=[] compilers=[4005014:cargo,4015990:rustc]
2026-10-08T23:54:48+0900 sample 54: CONTENDED foreign_gpu=[] compilers=[4005014:cargo,4015990:rustc]
2026-10-08T23:54:49+0900 sample 55: CONTENDED foreign_gpu=[] compilers=[4005014:cargo,4015990:rustc]
2026-10-08T23:54:51+0900 sample 56: CONTENDED foreign_gpu=[] compilers=[4005014:cargo,4015990:rustc]
2026-10-08T23:54:52+0900 sample 57: CONTENDED foreign_gpu=[] compilers=[4005014:cargo,4015990:rustc]
2026-10-08T23:54:54+0900 sample 58: CONTENDED foreign_gpu=[] compilers=[4005014:cargo,4015990:rustc]
2026-10-08T23:54:55+0900 sample 59: CONTENDED foreign_gpu=[] compilers=[4005014:cargo,4015990:rustc]
2026-10-08T23:54:57+0900 sample 60: CONTENDED foreign_gpu=[] compilers=[4005014:cargo,4015990:rustc]
2026-10-08T23:54:58+0900 sample 61: CONTENDED foreign_gpu=[] compilers=[4005014:cargo,4015990:rustc]
2026-10-08T23:55:00+0900 sample 62: CONTENDED foreign_gpu=[] compilers=[4005014:cargo,4015990:rustc]
2026-10-08T23:55:01+0900 sample 63: CONTENDED foreign_gpu=[] compilers=[4005014:cargo,4015990:rustc]
2026-10-08T23:55:03+0900 sample 64: CONTENDED foreign_gpu=[] compilers=[4005014:cargo,4015990:rustc]
2026-10-08T23:55:04+0900 sample 65: CONTENDED foreign_gpu=[] compilers=[4005014:cargo,4015990:rustc]
2026-10-08T23:55:06+0900 sample 66: CONTENDED foreign_gpu=[] compilers=[4005014:cargo,4015990:rustc]
2026-10-08T23:55:07+0900 sample 67: CONTENDED foreign_gpu=[] compilers=[4005014:cargo,4015990:rustc]
2026-10-08T23:55:09+0900 sample 68: CONTENDED foreign_gpu=[] compilers=[4005014:cargo,4015990:rustc]
2026-10-08T23:55:10+0900 sample 69: CONTENDED foreign_gpu=[] compilers=[4005014:cargo,4015990:rustc]
2026-10-08T23:55:12+0900 sample 70: CONTENDED foreign_gpu=[] compilers=[4005014:cargo,4015990:rustc]
2026-10-08T23:55:13+0900 sample 71: CONTENDED foreign_gpu=[] compilers=[4005014:cargo,4015990:rustc]
2026-10-08T23:55:15+0900 sample 72: CONTENDED foreign_gpu=[] compilers=[4005014:cargo,4015990:rustc]
2026-10-08T23:55:16+0900 sample 73: CONTENDED foreign_gpu=[] compilers=[4005014:cargo,4015990:rustc]
2026-10-08T23:55:18+0900 sample 74: CONTENDED foreign_gpu=[] compilers=[4005014:cargo,4015990:rustc]
2026-10-08T23:55:19+0900 sample 75: CONTENDED foreign_gpu=[] compilers=[4005014:cargo,4015990:rustc]
2026-10-08T23:55:21+0900 sample 76: CONTENDED foreign_gpu=[] compilers=[4005014:cargo,4015990:rustc]
2026-10-08T23:55:22+0900 sample 77: CONTENDED foreign_gpu=[] compilers=[4005014:cargo,4015990:rustc]
2026-10-08T23:55:24+0900 sample 78: CONTENDED foreign_gpu=[] compilers=[4005014:cargo,4015990:rustc]
2026-10-08T23:55:25+0900 sample 79: CONTENDED foreign_gpu=[] compilers=[4005014:cargo,4015990:rustc]
2026-10-08T23:55:27+0900 sample 80: CONTENDED foreign_gpu=[] compilers=[4005014:cargo,4015990:rustc]
2026-10-08T23:55:28+0900 sample 81: CONTENDED foreign_gpu=[] compilers=[4005014:cargo,4015990:rustc]
2026-10-08T23:55:30+0900 sample 82: CONTENDED foreign_gpu=[] compilers=[4005014:cargo,4015990:rustc]
2026-10-08T23:55:31+0900 sample 83: CONTENDED foreign_gpu=[] compilers=[4005014:cargo,4015990:rustc]
2026-10-08T23:55:33+0900 sample 84: CONTENDED foreign_gpu=[] compilers=[4005014:cargo,4015990:rustc]
2026-10-08T23:55:34+0900 sample 85: CONTENDED foreign_gpu=[] compilers=[4005014:cargo,4015990:rustc]
2026-10-08T23:55:36+0900 sample 86: CONTENDED foreign_gpu=[] compilers=[4005014:cargo,4015990:rustc]
2026-10-08T23:55:37+0900 sample 87: CONTENDED foreign_gpu=[] compilers=[4005014:cargo,4015990:rustc]
2026-10-08T23:55:39+0900 sample 88: CONTENDED foreign_gpu=[] compilers=[4005014:cargo,4015990:rustc]
2026-10-08T23:55:40+0900 sample 89: CONTENDED foreign_gpu=[] compilers=[4005014:cargo,4015990:rustc]
2026-10-08T23:55:42+0900 sample 90: CONTENDED foreign_gpu=[] compilers=[4005014:cargo,4015990:rustc]
2026-10-08T23:55:43+0900 sample 91: CONTENDED foreign_gpu=[] compilers=[4005014:cargo,4015990:rustc]
2026-10-08T23:55:45+0900 sample 92: CONTENDED foreign_gpu=[] compilers=[4005014:cargo,4015990:rustc]
2026-10-08T23:55:46+0900 sample 93: CONTENDED foreign_gpu=[] compilers=[4005014:cargo,4015990:rustc]
2026-10-08T23:55:48+0900 sample 94: CONTENDED foreign_gpu=[] compilers=[4005014:cargo,4015990:rustc]
2026-10-08T23:55:49+0900 sample 95: CONTENDED foreign_gpu=[] compilers=[4005014:cargo,4015990:rustc]
2026-10-08T23:55:51+0900 sample 96: CONTENDED foreign_gpu=[] compilers=[4005014:cargo,4015990:rustc]
2026-10-08T23:55:52+0900 sample 97: CONTENDED foreign_gpu=[] compilers=[4005014:cargo,4015990:rustc]
2026-10-08T23:55:54+0900 sample 98: CONTENDED foreign_gpu=[] compilers=[4005014:cargo,4015990:rustc]
2026-10-08T23:55:55+0900 sample 99: CONTENDED foreign_gpu=[] compilers=[4005014:cargo,4015990:rustc]
2026-10-08T23:55:57+0900 sample 100: CONTENDED foreign_gpu=[] compilers=[4005014:cargo,4015990:rustc]
2026-10-08T23:55:58+0900 sample 101: CONTENDED foreign_gpu=[] compilers=[4005014:cargo,4015990:rustc]
2026-10-08T23:56:00+0900 sample 102: CONTENDED foreign_gpu=[] compilers=[4005014:cargo,4015990:rustc]
2026-10-08T23:56:01+0900 sample 103: CONTENDED foreign_gpu=[] compilers=[4005014:cargo,4015990:rustc]
2026-10-08T23:56:03+0900 sample 104: CONTENDED foreign_gpu=[] compilers=[4005014:cargo,4015990:rustc]
2026-10-08T23:56:04+0900 sample 105: CONTENDED foreign_gpu=[] compilers=[4005014:cargo,4015990:rustc]
2026-10-08T23:56:06+0900 sample 106: CONTENDED foreign_gpu=[] compilers=[4005014:cargo,4015990:rustc]
2026-10-08T23:56:07+0900 sample 107: CONTENDED foreign_gpu=[] compilers=[4005014:cargo,4015990:rustc]
2026-10-08T23:56:09+0900 sample 108: CONTENDED foreign_gpu=[] compilers=[4005014:cargo,4015990:rustc]
2026-10-08T23:56:10+0900 sample 109: CONTENDED foreign_gpu=[] compilers=[4005014:cargo,4015990:rustc]
2026-10-08T23:56:12+0900 sample 110: CONTENDED foreign_gpu=[] compilers=[4005014:cargo,4015990:rustc]
2026-10-08T23:56:13+0900 sample 111: CONTENDED foreign_gpu=[] compilers=[4005014:cargo,4015990:rustc]
2026-10-08T23:56:15+0900 sample 112: CONTENDED foreign_gpu=[] compilers=[4005014:cargo,4015990:rustc]
2026-10-08T23:56:16+0900 sample 113: CONTENDED foreign_gpu=[] compilers=[4005014:cargo,4015990:rustc]
2026-10-08T23:56:18+0900 sample 114: CONTENDED foreign_gpu=[] compilers=[4005014:cargo,4015990:rustc]
2026-10-08T23:56:19+0900 sample 115: CONTENDED foreign_gpu=[] compilers=[4005014:cargo,4015990:rustc]
2026-10-08T23:56:21+0900 sample 116: CONTENDED foreign_gpu=[] compilers=[4005014:cargo,4015990:rustc]
2026-10-08T23:56:22+0900 sample 117: CONTENDED foreign_gpu=[] compilers=[4005014:cargo,4015990:rustc]
2026-10-08T23:56:24+0900 sample 118: CONTENDED foreign_gpu=[] compilers=[4005014:cargo,4015990:rustc]
2026-10-08T23:56:25+0900 sample 119: CONTENDED foreign_gpu=[] compilers=[4005014:cargo,4015990:rustc]
2026-10-08T23:56:27+0900 sample 120: CONTENDED foreign_gpu=[] compilers=[4005014:cargo,4015990:rustc]
2026-10-08T23:56:28+0900 sample 121: CONTENDED foreign_gpu=[] compilers=[4005014:cargo,4015990:rustc]
2026-10-08T23:56:30+0900 sample 122: CONTENDED foreign_gpu=[] compilers=[4005014:cargo,4015990:rustc]
2026-10-08T23:56:31+0900 sample 123: CONTENDED foreign_gpu=[] compilers=[4005014:cargo,4015990:rustc]
2026-10-08T23:56:33+0900 sample 124: CONTENDED foreign_gpu=[] compilers=[4005014:cargo,4015990:rustc]
2026-10-08T23:56:34+0900 sample 125: CONTENDED foreign_gpu=[] compilers=[4005014:cargo,4015990:rustc]
2026-10-08T23:56:36+0900 sample 126: CONTENDED foreign_gpu=[] compilers=[4005014:cargo,4015990:rustc]
2026-10-08T23:56:37+0900 sample 127: CONTENDED foreign_gpu=[] compilers=[4005014:cargo,4015990:rustc]
2026-10-08T23:56:39+0900 sample 128: CONTENDED foreign_gpu=[] compilers=[4005014:cargo,4015990:rustc]
2026-10-08T23:56:40+0900 sample 129: CONTENDED foreign_gpu=[] compilers=[4005014:cargo,4015990:rustc]
2026-10-08T23:56:42+0900 sample 130: CONTENDED foreign_gpu=[] compilers=[4005014:cargo,4015990:rustc]
2026-10-08T23:56:43+0900 sample 131: CONTENDED foreign_gpu=[] compilers=[4005014:cargo,4015990:rustc]
2026-10-08T23:56:45+0900 sample 132: CONTENDED foreign_gpu=[] compilers=[4005014:cargo,4015990:rustc]
2026-10-08T23:56:46+0900 sample 133: CONTENDED foreign_gpu=[] compilers=[4005014:cargo,4015990:rustc]
2026-10-08T23:56:48+0900 sample 134: CONTENDED foreign_gpu=[] compilers=[4005014:cargo,4015990:rustc]
2026-10-08T23:56:49+0900 sample 135: CONTENDED foreign_gpu=[] compilers=[4005014:cargo,4015990:rustc]
2026-10-08T23:56:50+0900 sample 136: CONTENDED foreign_gpu=[] compilers=[4005014:cargo,4015990:rustc]
2026-10-08T23:56:52+0900 sample 137: CONTENDED foreign_gpu=[] compilers=[4005014:cargo,4015990:rustc]
2026-10-08T23:56:53+0900 sample 138: CONTENDED foreign_gpu=[] compilers=[4005014:cargo,4015990:rustc]
2026-10-08T23:56:55+0900 sample 139: CONTENDED foreign_gpu=[] compilers=[4005014:cargo,4015990:rustc]
2026-10-08T23:56:56+0900 sample 140: CONTENDED foreign_gpu=[] compilers=[4005014:cargo,4015990:rustc]
2026-10-08T23:56:58+0900 sample 141: CONTENDED foreign_gpu=[] compilers=[4005014:cargo,4015990:rustc]
2026-10-08T23:56:59+0900 sample 142: CONTENDED foreign_gpu=[] compilers=[4005014:cargo,4015990:rustc]
2026-10-08T23:57:01+0900 sample 143: CONTENDED foreign_gpu=[] compilers=[4005014:cargo,4015990:rustc]
2026-10-08T23:57:02+0900 sample 144: CONTENDED foreign_gpu=[] compilers=[4005014:cargo,4015990:rustc]
2026-10-08T23:57:04+0900 sample 145: CONTENDED foreign_gpu=[] compilers=[4005014:cargo,4015990:rustc]
2026-10-08T23:57:05+0900 sample 146: CONTENDED foreign_gpu=[] compilers=[4005014:cargo,4015990:rustc]
2026-10-08T23:57:07+0900 sample 147: CONTENDED foreign_gpu=[] compilers=[4005014:cargo,4015990:rustc]
2026-10-08T23:57:08+0900 sample 148: CONTENDED foreign_gpu=[] compilers=[4005014:cargo,4015990:rustc]
2026-10-08T23:57:10+0900 sample 149: CONTENDED foreign_gpu=[] compilers=[4005014:cargo,4015990:rustc]
2026-10-08T23:57:11+0900 sample 150: CONTENDED foreign_gpu=[] compilers=[4005014:cargo,4015990:rustc]
2026-10-08T23:57:13+0900 sample 151: CONTENDED foreign_gpu=[] compilers=[4005014:cargo,4015990:rustc]
2026-10-08T23:57:14+0900 sample 152: CONTENDED foreign_gpu=[] compilers=[4005014:cargo,4015990:rustc]
2026-10-08T23:57:16+0900 sample 153: CONTENDED foreign_gpu=[] compilers=[4005014:cargo,4015990:rustc]
2026-10-08T23:57:17+0900 sample 154: CONTENDED foreign_gpu=[] compilers=[4005014:cargo,4015990:rustc]
2026-10-08T23:57:19+0900 sample 155: CONTENDED foreign_gpu=[] compilers=[4005014:cargo,4015990:rustc]
2026-10-08T23:57:20+0900 sample 156: CONTENDED foreign_gpu=[] compilers=[4005014:cargo,4015990:rustc]
2026-10-08T23:57:22+0900 sample 157: CONTENDED foreign_gpu=[] compilers=[4005014:cargo,4015990:rustc]
2026-10-08T23:57:23+0900 sample 158: CONTENDED foreign_gpu=[] compilers=[4005014:cargo,4015990:rustc]
2026-10-08T23:57:25+0900 sample 159: CONTENDED foreign_gpu=[] compilers=[4005014:cargo,4015990:rustc]
2026-10-08T23:57:26+0900 sample 160: CONTENDED foreign_gpu=[] compilers=[4005014:cargo,4015990:rustc]
2026-10-08T23:57:28+0900 sample 161: CONTENDED foreign_gpu=[] compilers=[4005014:cargo]
2026-10-08T23:57:29+0900 sample 162: CONTENDED foreign_gpu=[] compilers=[4005014:cargo,4154058:rustc]
2026-10-08T23:57:31+0900 sample 163: CONTENDED foreign_gpu=[] compilers=[4005014:cargo,4154058:rustc]
2026-10-08T23:57:32+0900 sample 164: CONTENDED foreign_gpu=[] compilers=[4005014:cargo,4154058:rustc]
2026-10-08T23:57:34+0900 sample 165: CONTENDED foreign_gpu=[] compilers=[4005014:cargo,4154058:rustc]
2026-10-08T23:57:35+0900 sample 166: CONTENDED foreign_gpu=[] compilers=[4005014:cargo,4154058:rustc]
2026-10-08T23:57:37+0900 sample 167: CONTENDED foreign_gpu=[] compilers=[4005014:cargo,4154058:rustc]
2026-10-08T23:57:38+0900 sample 168: CONTENDED foreign_gpu=[] compilers=[4005014:cargo,4154058:rustc]
2026-10-08T23:57:40+0900 sample 169: CONTENDED foreign_gpu=[] compilers=[4005014:cargo,4154058:rustc]
2026-10-08T23:57:41+0900 sample 170: CONTENDED foreign_gpu=[] compilers=[4005014:cargo,4154058:rustc]
2026-10-08T23:57:43+0900 sample 171: CONTENDED foreign_gpu=[] compilers=[4005014:cargo,4154058:rustc]
2026-10-08T23:57:44+0900 sample 172: CONTENDED foreign_gpu=[] compilers=[4005014:cargo,4154058:rustc]
2026-10-08T23:57:46+0900 sample 173: CONTENDED foreign_gpu=[] compilers=[4005014:cargo,4154058:rustc]
2026-10-08T23:57:47+0900 sample 174: CONTENDED foreign_gpu=[] compilers=[4005014:cargo,4154058:rustc]
2026-10-08T23:57:49+0900 sample 175: CONTENDED foreign_gpu=[] compilers=[4005014:cargo,4154058:rustc]
2026-10-08T23:57:50+0900 sample 176: CONTENDED foreign_gpu=[] compilers=[4005014:cargo,4154058:rustc]
2026-10-08T23:57:52+0900 sample 177: CONTENDED foreign_gpu=[] compilers=[4005014:cargo,4154058:rustc]
2026-10-08T23:57:53+0900 sample 178: CONTENDED foreign_gpu=[] compilers=[4005014:cargo,4154058:rustc]
2026-10-08T23:57:55+0900 sample 179: CONTENDED foreign_gpu=[] compilers=[4005014:cargo,4154058:rustc]
2026-10-08T23:57:57+0900 sample 180: CONTENDED foreign_gpu=[] compilers=[4005014:cargo,4154058:rustc]
2026-10-08T23:57:58+0900 sample 181: CONTENDED foreign_gpu=[] compilers=[4005014:cargo,4154058:rustc]
2026-10-08T23:58:00+0900 sample 182: CONTENDED foreign_gpu=[] compilers=[4005014:cargo,4154058:rustc]
2026-10-08T23:58:01+0900 sample 183: CONTENDED foreign_gpu=[] compilers=[4005014:cargo,4154058:rustc]
2026-10-08T23:58:03+0900 sample 184: CONTENDED foreign_gpu=[] compilers=[4005014:cargo,4154058:rustc]
2026-10-08T23:58:04+0900 sample 185: CONTENDED foreign_gpu=[] compilers=[4005014:cargo,4154058:rustc]
2026-10-08T23:58:06+0900 sample 186: CONTENDED foreign_gpu=[] compilers=[4005014:cargo,4154058:rustc]
2026-10-08T23:58:07+0900 sample 187: CONTENDED foreign_gpu=[] compilers=[4005014:cargo,4154058:rustc]
2026-10-08T23:58:09+0900 sample 188: CONTENDED foreign_gpu=[] compilers=[4005014:cargo,4154058:rustc]
2026-10-08T23:58:10+0900 sample 189: CONTENDED foreign_gpu=[] compilers=[4005014:cargo,4154058:rustc]
2026-10-08T23:58:12+0900 sample 190: CONTENDED foreign_gpu=[] compilers=[4005014:cargo,4154058:rustc]
2026-10-08T23:58:13+0900 sample 191: CONTENDED foreign_gpu=[] compilers=[4005014:cargo,4154058:rustc]
2026-10-08T23:58:15+0900 sample 192: CONTENDED foreign_gpu=[] compilers=[4005014:cargo,4154058:rustc]
2026-10-08T23:58:16+0900 sample 193: CONTENDED foreign_gpu=[] compilers=[4005014:cargo,4154058:rustc]
2026-10-08T23:58:18+0900 sample 194: CONTENDED foreign_gpu=[] compilers=[4005014:cargo,4154058:rustc]
2026-10-08T23:58:19+0900 sample 195: CONTENDED foreign_gpu=[] compilers=[4005014:cargo,4154058:rustc]
2026-10-08T23:58:21+0900 sample 196: CONTENDED foreign_gpu=[] compilers=[4005014:cargo,4154058:rustc]
2026-10-08T23:58:22+0900 sample 197: CONTENDED foreign_gpu=[] compilers=[4005014:cargo,4154058:rustc]
2026-10-08T23:58:24+0900 sample 198: CONTENDED foreign_gpu=[] compilers=[4005014:cargo,4154058:rustc]
2026-10-08T23:58:25+0900 sample 199: CONTENDED foreign_gpu=[] compilers=[4005014:cargo,4154058:rustc]
2026-10-08T23:58:27+0900 sample 200: CONTENDED foreign_gpu=[] compilers=[4005014:cargo,4154058:rustc]
2026-10-08T23:58:28+0900 sample 201: CONTENDED foreign_gpu=[] compilers=[4005014:cargo,4154058:rustc]
2026-10-08T23:58:30+0900 sample 202: CONTENDED foreign_gpu=[] compilers=[4005014:cargo,4154058:rustc]
2026-10-08T23:58:31+0900 sample 203: CONTENDED foreign_gpu=[] compilers=[4005014:cargo,4154058:rustc]
2026-10-08T23:58:33+0900 sample 204: CONTENDED foreign_gpu=[] compilers=[4005014:cargo,4154058:rustc]
2026-10-08T23:58:35+0900 sample 205: CONTENDED foreign_gpu=[] compilers=[4005014:cargo,4154058:rustc]
2026-10-08T23:58:36+0900 sample 206: CONTENDED foreign_gpu=[] compilers=[4005014:cargo,4154058:rustc]
2026-10-08T23:58:38+0900 sample 207: CONTENDED foreign_gpu=[] compilers=[4005014:cargo,4154058:rustc]
2026-10-08T23:58:39+0900 sample 208: CONTENDED foreign_gpu=[] compilers=[4005014:cargo,4154058:rustc]
2026-10-08T23:58:41+0900 sample 209: CONTENDED foreign_gpu=[] compilers=[4005014:cargo,4154058:rustc]
2026-10-08T23:58:42+0900 sample 210: CONTENDED foreign_gpu=[] compilers=[4005014:cargo,4154058:rustc]
2026-10-08T23:58:44+0900 sample 211: CONTENDED foreign_gpu=[] compilers=[4005014:cargo,4154058:rustc]
2026-10-08T23:58:45+0900 sample 212: CONTENDED foreign_gpu=[] compilers=[4005014:cargo,4154058:rustc]
2026-10-08T23:58:47+0900 sample 213: CONTENDED foreign_gpu=[] compilers=[4005014:cargo,4154058:rustc]
2026-10-08T23:58:49+0900 sample 214: CONTENDED foreign_gpu=[] compilers=[4005014:cargo,4154058:rustc]
2026-10-08T23:58:50+0900 sample 215: CONTENDED foreign_gpu=[] compilers=[4005014:cargo,4154058:rustc]
2026-10-08T23:58:52+0900 sample 216: CONTENDED foreign_gpu=[] compilers=[4005014:cargo,4154058:rustc]
2026-10-08T23:58:53+0900 sample 217: CONTENDED foreign_gpu=[] compilers=[4005014:cargo,4154058:rustc]
2026-10-08T23:58:55+0900 sample 218: CONTENDED foreign_gpu=[] compilers=[4005014:cargo,4154058:rustc]
2026-10-08T23:58:57+0900 sample 219: CONTENDED foreign_gpu=[] compilers=[4005014:cargo,4154058:rustc]
2026-10-08T23:58:58+0900 sample 220: CONTENDED foreign_gpu=[] compilers=[4005014:cargo,4154058:rustc]
2026-10-08T23:59:00+0900 sample 221: CONTENDED foreign_gpu=[] compilers=[4005014:cargo,4154058:rustc]
2026-10-08T23:59:02+0900 sample 222: CONTENDED foreign_gpu=[] compilers=[4005014:cargo,4154058:rustc]
2026-10-08T23:59:03+0900 sample 223: CONTENDED foreign_gpu=[] compilers=[4005014:cargo,4154058:rustc]
2026-10-08T23:59:05+0900 sample 224: CONTENDED foreign_gpu=[] compilers=[4005014:cargo,4154058:rustc]
2026-10-08T23:59:06+0900 sample 225: CONTENDED foreign_gpu=[] compilers=[4005014:cargo,4154058:rustc]
2026-10-08T23:59:08+0900 sample 226: CONTENDED foreign_gpu=[] compilers=[4005014:cargo,4154058:rustc]
2026-10-08T23:59:10+0900 sample 227: CONTENDED foreign_gpu=[] compilers=[4005014:cargo,4154058:rustc]
2026-10-08T23:59:11+0900 sample 228: CONTENDED foreign_gpu=[] compilers=[4005014:cargo,4154058:rustc]
2026-10-08T23:59:13+0900 sample 229: clean gpu=[4161319:profile_batched]
2026-10-08T23:59:14+0900 sample 230: clean gpu=[4161319:profile_batched]
2026-10-08T23:59:16+0900 sample 231: clean gpu=[4161319:profile_batched]
2026-10-08T23:59:17+0900 sample 232: clean gpu=[4161319:profile_batched]
2026-10-08T23:59:19+0900 sample 233: clean gpu=[4161319:profile_batched]
2026-10-08T23:59:20+0900 sample 234: clean gpu=[4161319:profile_batched]
2026-10-08T23:59:22+0900 sample 235: clean gpu=[4161319:profile_batched]
2026-10-08T23:59:23+0900 sample 236: clean gpu=[4161319:profile_batched]
2026-10-08T23:59:25+0900 sample 237: clean gpu=[4161319:profile_batched]
2026-10-08T23:59:26+0900 sample 238: clean gpu=[4161319:profile_batched]
2026-10-08T23:59:28+0900 sample 239: clean gpu=[4161319:profile_batched]
2026-10-08T23:59:29+0900 sample 240: clean gpu=[4161319:profile_batched]
2026-10-08T23:59:31+0900 sample 241: clean gpu=[4161319:profile_batched]
2026-10-08T23:59:32+0900 sample 242: clean gpu=[4161319:profile_batched]
2026-10-08T23:59:34+0900 sample 243: clean gpu=[4161319:profile_batched]
2026-10-08T23:59:35+0900 sample 244: clean gpu=[4161319:profile_batched]
2026-10-08T23:59:37+0900 sample 245: clean gpu=[4161319:profile_batched]
2026-10-08T23:59:38+0900 sample 246: clean gpu=[4161319:profile_batched]
2026-10-08T23:59:40+0900 sample 247: clean gpu=[4161319:profile_batched]
2026-10-08T23:59:41+0900 sample 248: clean gpu=[4161319:profile_batched]
2026-10-08T23:59:43+0900 sample 249: clean gpu=[4161319:profile_batched]
2026-10-08T23:59:44+0900 sample 250: clean gpu=[4161319:profile_batched]
2026-10-08T23:59:46+0900 sample 251: clean gpu=[4161319:profile_batched]
2026-10-08T23:59:47+0900 sample 252: clean gpu=[4161319:profile_batched]
2026-10-08T23:59:49+0900 sample 253: clean gpu=[4161319:profile_batched]
2026-10-08T23:59:50+0900 sample 254: clean gpu=[4161319:profile_batched]
2026-10-08T23:59:52+0900 sample 255: clean gpu=[4161319:profile_batched]
2026-10-08T23:59:53+0900 sample 256: clean gpu=[4161319:profile_batched]
2026-10-08T23:59:55+0900 sample 257: clean gpu=[4161319:profile_batched]
2026-10-08T23:59:56+0900 sample 258: clean gpu=[4161319:profile_batched]
2026-10-08T23:59:58+0900 sample 259: clean gpu=[4161319:profile_batched]
2026-10-08T23:59:59+0900 sample 260: clean gpu=[4161319:profile_batched]
2026-10-09T00:00:01+0900 sample 261: clean gpu=[4161319:profile_batched]
2026-10-09T00:00:02+0900 sample 262: clean gpu=[4161319:profile_batched]
2026-10-09T00:00:04+0900 sample 263: clean gpu=[4161319:profile_batched]
2026-10-09T00:00:05+0900 sample 264: clean gpu=[4161319:profile_batched]
2026-10-09T00:00:07+0900 sample 265: clean gpu=[4161319:profile_batched]
2026-10-09T00:00:08+0900 sample 266: clean gpu=[4161319:profile_batched]
2026-10-09T00:00:10+0900 sample 267: clean gpu=[4161319:profile_batched]
2026-10-09T00:00:11+0900 sample 268: clean gpu=[4161319:profile_batched]
2026-10-09T00:00:13+0900 sample 269: clean gpu=[4161319:profile_batched]
2026-10-09T00:00:14+0900 sample 270: clean gpu=[4161319:profile_batched]
2026-10-09T00:00:16+0900 sample 271: clean gpu=[4161319:profile_batched]
2026-10-09T00:00:18+0900 sample 272: clean gpu=[4161319:profile_batched]
2026-10-09T00:00:19+0900 sample 273: clean gpu=[4161319:profile_batched]
2026-10-09T00:00:21+0900 sample 274: clean gpu=[4161319:profile_batched]
2026-10-09T00:00:23+0900 sample 275: clean gpu=[4161319:profile_batched]
2026-10-09T00:00:24+0900 sample 276: clean gpu=[4161319:profile_batched]
2026-10-09T00:00:26+0900 sample 277: clean gpu=[4161319:profile_batched]
2026-10-09T00:00:28+0900 sample 278: clean gpu=[4161319:profile_batched]
2026-10-09T00:00:30+0900 sample 279: clean gpu=[4161319:profile_batched]
2026-10-09T00:00:31+0900 sample 280: clean gpu=[4161319:profile_batched]
2026-10-09T00:00:33+0900 sample 281: clean gpu=[4161319:profile_batched]
2026-10-09T00:00:34+0900 sample 282: clean gpu=[75399:profile_batched]
2026-10-09T00:00:36+0900 sample 283: clean gpu=[75399:profile_batched]
2026-10-09T00:00:37+0900 sample 284: clean gpu=[75399:profile_batched]
2026-10-09T00:00:39+0900 sample 285: clean gpu=[75399:profile_batched]
2026-10-09T00:00:40+0900 sample 286: clean gpu=[75399:profile_batched]
2026-10-09T00:00:42+0900 sample 287: clean gpu=[75399:profile_batched]
2026-10-09T00:00:43+0900 sample 288: clean gpu=[75399:profile_batched]
2026-10-09T00:00:45+0900 sample 289: clean gpu=[75399:profile_batched]
2026-10-09T00:00:46+0900 sample 290: clean gpu=[75399:profile_batched]
2026-10-09T00:00:48+0900 sample 291: clean gpu=[75399:profile_batched]
2026-10-09T00:00:49+0900 sample 292: clean gpu=[75399:profile_batched]
2026-10-09T00:00:51+0900 sample 293: clean gpu=[75399:profile_batched]
2026-10-09T00:00:52+0900 sample 294: clean gpu=[75399:profile_batched]
2026-10-09T00:00:54+0900 sample 295: clean gpu=[75399:profile_batched]
2026-10-09T00:00:55+0900 sample 296: clean gpu=[75399:profile_batched]
2026-10-09T00:00:57+0900 sample 297: clean gpu=[75399:profile_batched]
2026-10-09T00:00:58+0900 sample 298: clean gpu=[75399:profile_batched]
2026-10-09T00:01:00+0900 sample 299: clean gpu=[75399:profile_batched]
2026-10-09T00:01:01+0900 sample 300: clean gpu=[75399:profile_batched]
2026-10-09T00:01:03+0900 sample 301: clean gpu=[75399:profile_batched]
2026-10-09T00:01:04+0900 sample 302: clean gpu=[75399:profile_batched]
2026-10-09T00:01:06+0900 sample 303: clean gpu=[75399:profile_batched]
2026-10-09T00:01:07+0900 sample 304: clean gpu=[75399:profile_batched]
2026-10-09T00:01:09+0900 sample 305: clean gpu=[75399:profile_batched]
2026-10-09T00:01:10+0900 sample 306: clean gpu=[75399:profile_batched]
2026-10-09T00:01:12+0900 sample 307: clean gpu=[75399:profile_batched]
2026-10-09T00:01:13+0900 sample 308: clean gpu=[75399:profile_batched]
2026-10-09T00:01:15+0900 sample 309: clean gpu=[75399:profile_batched]
2026-10-09T00:01:16+0900 sample 310: clean gpu=[75399:profile_batched]
2026-10-09T00:01:18+0900 sample 311: clean gpu=[75399:profile_batched]
2026-10-09T00:01:19+0900 sample 312: clean gpu=[75399:profile_batched]
2026-10-09T00:01:21+0900 sample 313: clean gpu=[75399:profile_batched]
2026-10-09T00:01:22+0900 sample 314: clean gpu=[75399:profile_batched]
2026-10-09T00:01:24+0900 sample 315: clean gpu=[75399:profile_batched]
2026-10-09T00:01:26+0900 sample 316: clean gpu=[75399:profile_batched]
2026-10-09T00:01:27+0900 sample 317: clean gpu=[75399:profile_batched]
2026-10-09T00:01:29+0900 sample 318: clean gpu=[75399:profile_batched]
2026-10-09T00:01:30+0900 sample 319: clean gpu=[75399:profile_batched]
2026-10-09T00:01:32+0900 sample 320: clean gpu=[75399:profile_batched]
2026-10-09T00:01:33+0900 sample 321: clean gpu=[75399:profile_batched]
2026-10-09T00:01:35+0900 sample 322: clean gpu=[75399:profile_batched]
2026-10-09T00:01:36+0900 sample 323: clean gpu=[75399:profile_batched]
2026-10-09T00:01:38+0900 sample 324: clean gpu=[75399:profile_batched]
2026-10-09T00:01:39+0900 sample 325: clean gpu=[75399:profile_batched]
2026-10-09T00:01:41+0900 sample 326: clean gpu=[75399:profile_batched]
2026-10-09T00:01:42+0900 sample 327: clean gpu=[75399:profile_batched]
2026-10-09T00:01:44+0900 sample 328: clean gpu=[75399:profile_batched]
2026-10-09T00:01:45+0900 sample 329: clean gpu=[75399:profile_batched]
2026-10-09T00:01:47+0900 sample 330: clean gpu=[75399:profile_batched]
2026-10-09T00:01:48+0900 sample 331: clean gpu=[75399:profile_batched]
2026-10-09T00:01:50+0900 sample 332: clean gpu=[75399:profile_batched]
2026-10-09T00:01:52+0900 sample 333: clean gpu=[75399:profile_batched]
2026-10-09T00:01:53+0900 sample 334: clean gpu=[75399:profile_batched]
2026-10-09T00:01:55+0900 sample 335: clean gpu=[75399:profile_batched]
2026-10-09T00:01:56+0900 sample 336: clean gpu=[75399:profile_batched]
2026-10-09T00:01:58+0900 sample 337: clean gpu=[75399:profile_batched]
2026-10-09T00:01:59+0900 sample 338: clean gpu=[75399:profile_batched]
2026-10-09T00:02:01+0900 sample 339: clean gpu=[75399:profile_batched]
2026-10-09T00:02:02+0900 sample 340: clean gpu=[75399:profile_batched]
2026-10-09T00:02:04+0900 sample 341: clean gpu=[75399:profile_batched]
2026-10-09T00:02:05+0900 sample 342: clean gpu=[75399:profile_batched]
2026-10-09T00:02:07+0900 sample 343: clean gpu=[75399:profile_batched]
2026-10-09T00:02:08+0900 sample 344: clean gpu=[75399:profile_batched]
2026-10-09T00:02:10+0900 sample 345: clean gpu=[75399:profile_batched]
2026-10-09T00:02:11+0900 sample 346: clean gpu=[75399:profile_batched]
2026-10-09T00:02:13+0900 sample 347: clean gpu=[75399:profile_batched]
2026-10-09T00:02:14+0900 sample 348: clean gpu=[75399:profile_batched]
2026-10-09T00:02:16+0900 sample 349: clean gpu=[75399:profile_batched]
2026-10-09T00:02:17+0900 sample 350: clean gpu=[75399:profile_batched]
2026-10-09T00:02:19+0900 sample 351: clean gpu=[75399:profile_batched]
2026-10-09T00:02:20+0900 sample 352: clean gpu=[75399:profile_batched]
2026-10-09T00:02:22+0900 sample 353: clean gpu=[75399:profile_batched]
2026-10-09T00:02:23+0900 sample 354: clean gpu=[75399:profile_batched]
2026-10-09T00:02:25+0900 sample 355: clean gpu=[75399:profile_batched]
2026-10-09T00:02:27+0900 sample 356: clean gpu=[75399:profile_batched]
2026-10-09T00:02:28+0900 sample 357: clean gpu=[75399:profile_batched]
2026-10-09T00:02:30+0900 sample 358: clean gpu=[75399:profile_batched]
2026-10-09T00:02:32+0900 sample 359: clean gpu=[75399:profile_batched]
2026-10-09T00:02:34+0900 sample 360: clean gpu=[75399:profile_batched]
2026-10-09T00:02:35+0900 sample 361: clean gpu=[75399:profile_batched]
2026-10-09T00:02:37+0900 sample 362: clean gpu=[75399:profile_batched]
2026-10-09T00:02:39+0900 sample 363: clean gpu=[75399:profile_batched]
2026-10-09T00:02:40+0900 sample 364: clean gpu=[75399:profile_batched]
2026-10-09T00:02:42+0900 sample 365: clean gpu=[75399:profile_batched]
2026-10-09T00:02:43+0900 sample 366: clean gpu=[75399:profile_batched]
2026-10-09T00:02:45+0900 sample 367: clean gpu=[75399:profile_batched]
2026-10-09T00:02:47+0900 sample 368: clean gpu=[75399:profile_batched]
2026-10-09T00:02:48+0900 sample 369: clean gpu=[75399:profile_batched]
2026-10-09T00:02:50+0900 sample 370: clean gpu=[75399:profile_batched]
2026-10-09T00:02:51+0900 sample 371: clean gpu=[75399:profile_batched]
2026-10-09T00:02:53+0900 sample 372: clean gpu=[75399:profile_batched]
2026-10-09T00:02:55+0900 sample 373: clean gpu=[75399:profile_batched]
2026-10-09T00:02:57+0900 sample 374: clean gpu=[75399:profile_batched]
2026-10-09T00:02:58+0900 sample 375: clean gpu=[75399:profile_batched]
2026-10-09T00:03:00+0900 sample 376: clean gpu=[75399:profile_batched]
2026-10-09T00:03:02+0900 sample 377: clean gpu=[75399:profile_batched]
2026-10-09T00:03:03+0900 sample 378: clean gpu=[75399:profile_batched]
2026-10-09T00:03:05+0900 sample 379: clean gpu=[75399:profile_batched]
2026-10-09T00:03:06+0900 sample 380: clean gpu=[75399:profile_batched]
2026-10-09T00:03:08+0900 sample 381: clean gpu=[75399:profile_batched]
2026-10-09T00:03:10+0900 sample 382: clean gpu=[75399:profile_batched]
2026-10-09T00:03:11+0900 sample 383: clean gpu=[75399:profile_batched]
2026-10-09T00:03:13+0900 sample 384: clean gpu=[172055:profile_batched]
2026-10-09T00:03:14+0900 sample 385: clean gpu=[172055:profile_batched]
2026-10-09T00:03:16+0900 sample 386: clean gpu=[172055:profile_batched]
2026-10-09T00:03:17+0900 sample 387: clean gpu=[172055:profile_batched]
2026-10-09T00:03:19+0900 sample 388: clean gpu=[172055:profile_batched]
2026-10-09T00:03:21+0900 sample 389: clean gpu=[172055:profile_batched]
2026-10-09T00:03:22+0900 sample 390: clean gpu=[172055:profile_batched]
2026-10-09T00:03:24+0900 sample 391: clean gpu=[172055:profile_batched]
2026-10-09T00:03:25+0900 sample 392: clean gpu=[179539:mlxcel-bench-de]
2026-10-09T00:03:27+0900 sample 393: clean gpu=[179539:mlxcel-bench-de]
2026-10-09T00:03:28+0900 sample 394: clean gpu=[179539:mlxcel-bench-de]
2026-10-09T00:03:30+0900 sample 395: clean gpu=[179539:mlxcel-bench-de]
2026-10-09T00:03:31+0900 sample 396: clean gpu=[183503:mlxcel-bench-de]
2026-10-09T00:03:33+0900 sample 397: clean gpu=[183503:mlxcel-bench-de]
2026-10-09T00:03:34+0900 sample 398: clean gpu=[183503:mlxcel-bench-de]
2026-10-09T00:03:36+0900 sample 399: clean gpu=[183503:mlxcel-bench-de]
2026-10-09T00:03:37+0900 sample 400: clean gpu=[187370:mlxcel-bench-de]
2026-10-09T00:03:39+0900 sample 401: clean gpu=[187370:mlxcel-bench-de]
2026-10-09T00:03:40+0900 sample 402: clean gpu=[187370:mlxcel-bench-de]
2026-10-09T00:03:42+0900 sample 403: clean gpu=[187370:mlxcel-bench-de]
2026-10-09T00:03:43+0900 sample 404: clean gpu=[187370:?]
2026-10-09T00:03:45+0900 sample 405: clean gpu=[191283:mlxcel-bench-de]
2026-10-09T00:03:46+0900 sample 406: clean gpu=[191283:mlxcel-bench-de]
2026-10-09T00:03:48+0900 sample 407: clean gpu=[191283:mlxcel-bench-de]
2026-10-09T00:03:49+0900 sample 408: clean gpu=[191283:mlxcel-bench-de]
2026-10-09T00:03:51+0900 sample 409: clean gpu=[195524:mlxcel-bench-de]
2026-10-09T00:03:52+0900 sample 410: clean gpu=[195524:mlxcel-bench-de]
2026-10-09T00:03:54+0900 sample 411: clean gpu=[195524:mlxcel-bench-de]
2026-10-09T00:03:56+0900 sample 412: clean gpu=[195524:mlxcel-bench-de]
2026-10-09T00:03:57+0900 sample 413: clean gpu=[199664:mlxcel-bench-de]
2026-10-09T00:03:59+0900 sample 414: clean gpu=[199664:mlxcel-bench-de]
2026-10-09T00:04:00+0900 sample 415: clean gpu=[199664:mlxcel-bench-de]
2026-10-09T00:04:02+0900 sample 416: CONTENDED foreign_gpu=[199664:mlxcel-bench-de] compilers=[]
2026-10-09T00:04:03+0900 sample 417: clean gpu=[203832:mlxcel-server]
2026-10-09T00:04:05+0900 sample 418: clean gpu=[203832:mlxcel-server]
2026-10-09T00:04:06+0900 sample 419: clean gpu=[203832:mlxcel-server]
2026-10-09T00:04:08+0900 sample 420: clean gpu=[203832:mlxcel-server]
2026-10-09T00:04:09+0900 sample 421: CONTENDED foreign_gpu=[] compilers=[207820:cargo]
2026-10-09T00:04:11+0900 sample 422: CONTENDED foreign_gpu=[] compilers=[207820:cargo]
2026-10-09T00:04:12+0900 sample 423: CONTENDED foreign_gpu=[] compilers=[207820:cargo]
2026-10-09T00:04:14+0900 sample 424: CONTENDED foreign_gpu=[] compilers=[207820:cargo]
2026-10-09T00:04:15+0900 sample 425: CONTENDED foreign_gpu=[] compilers=[207820:cargo]
2026-10-09T00:04:17+0900 sample 426: CONTENDED foreign_gpu=[] compilers=[207820:cargo]
2026-10-09T00:04:18+0900 sample 427: CONTENDED foreign_gpu=[] compilers=[207820:cargo]
2026-10-09T00:04:20+0900 sample 428: CONTENDED foreign_gpu=[] compilers=[207820:cargo]
2026-10-09T00:04:21+0900 sample 429: CONTENDED foreign_gpu=[] compilers=[207820:cargo,216493:hipcc,216494:hipcc,216495:hipcc,216496:hipcc,216508:clang++,216509:clang++,216510:clang++,216512:clang++,216513:clang-23,216514:clang-23,216515:clang-23,216516:clang-23,216526:hipcc,216530:hipcc,216534:clang++,216535:clang-23,216537:clang++,216538:clang-23,216545:hipcc,216552:clang++,216553:clang-23,216568:hipcc,216572:clang++,216573:clang-23]
2026-10-09T00:04:23+0900 sample 430: CONTENDED foreign_gpu=[] compilers=[207820:cargo,216493:hipcc,216494:hipcc,216495:hipcc,216496:hipcc,216508:clang++,216509:clang++,216510:clang++,216512:clang++,216513:clang-23,216515:clang-23,216516:clang-23,216526:hipcc,216530:hipcc,216534:clang++,216535:clang-23,216537:clang++,216538:clang-23,216545:hipcc,216552:clang++,216568:hipcc,216572:clang++,216573:clang-23,217654:clang-23,217674:clang-23]
2026-10-09T00:04:24+0900 sample 431: CONTENDED foreign_gpu=[] compilers=[207820:cargo,216493:hipcc,216494:hipcc,216495:hipcc,216496:hipcc,216508:clang++,216509:clang++,216510:clang++,216512:clang++,216526:hipcc,216530:hipcc,216534:clang++,216535:clang-23,216537:clang++,216568:hipcc,216572:clang++,216573:clang-23,217674:clang-23,218265:clang-23,218464:clang-23,218786:clang-23,218823:clang-23]
2026-10-09T00:04:26+0900 sample 432: CONTENDED foreign_gpu=[] compilers=[207820:cargo,216496:hipcc,216508:clang++,216526:hipcc,216534:clang++,216535:clang-23,216568:hipcc,216572:clang++,216573:clang-23,218823:clang-23,218943:hipcc,218978:clang++,219000:clang-23,219404:hipcc,219428:clang++,219441:clang-23,219906:hipcc,219910:clang++,219911:clang-23,219915:hipcc,219919:clang++,219920:clang-23,219924:hipcc,219928:clang++,219929:clang-23]
2026-10-09T00:04:27+0900 sample 433: CONTENDED foreign_gpu=[] compilers=[207820:cargo,216526:hipcc,216534:clang++,216535:clang-23,216568:hipcc,216572:clang++,216573:clang-23,218943:hipcc,218978:clang++,219000:clang-23,219404:hipcc,219428:clang++,219441:clang-23,219906:hipcc,219910:clang++,219911:clang-23,219915:hipcc,219919:clang++,219924:hipcc,219928:clang++,221015:hipcc,221019:clang++,221020:clang-23,221040:clang-23,221060:clang-23]
2026-10-09T00:04:28+0900 sample 434: CONTENDED foreign_gpu=[] compilers=[207820:cargo,216526:hipcc,216534:clang++,216535:clang-23,216568:hipcc,216572:clang++,216573:clang-23,218943:hipcc,218978:clang++,219000:clang-23,219404:hipcc,219428:clang++,219441:clang-23,219906:hipcc,219910:clang++,219911:clang-23,219924:hipcc,219928:clang++,221015:hipcc,221019:clang++,221060:clang-23,222141:clang-23,222145:hipcc,222149:clang++,222150:clang-23]
2026-10-09T00:04:30+0900 sample 435: CONTENDED foreign_gpu=[] compilers=[207820:cargo,216526:hipcc,216534:clang++,216535:clang-23,216568:hipcc,216572:clang++,216573:clang-23,218943:hipcc,218978:clang++,219000:clang-23,219404:hipcc,219428:clang++,219441:clang-23,219906:hipcc,219910:clang++,219911:clang-23,222145:hipcc,222149:clang++,222150:clang-23,223215:hipcc,223219:clang++,223220:clang-23,223224:hipcc,223228:clang++,223238:clang-23]
2026-10-09T00:04:32+0900 sample 436: CONTENDED foreign_gpu=[] compilers=[207820:cargo,216526:hipcc,216534:clang++,216535:clang-23,216568:hipcc,216572:clang++,216573:clang-23,218943:hipcc,218978:clang++,219000:clang-23,219404:hipcc,219428:clang++,219441:clang-23,219906:hipcc,219910:clang++,219911:clang-23,222145:hipcc,222149:clang++,222150:clang-23,223215:hipcc,223219:clang++,223224:hipcc,223228:clang++]
2026-10-09T00:04:33+0900 sample 437: CONTENDED foreign_gpu=[] compilers=[207820:cargo,216526:hipcc,216534:clang++,216535:clang-23,216568:hipcc,216572:clang++,216573:clang-23,218943:hipcc,218978:clang++,219000:clang-23,219404:hipcc,219428:clang++,219441:clang-23,219906:hipcc,219910:clang++,219911:clang-23,222145:hipcc,222149:clang++,222150:clang-23,223215:hipcc,223219:clang++,223224:hipcc,223228:clang++,224721:clang-23,224805:clang-23]
2026-10-09T00:04:35+0900 sample 438: CONTENDED foreign_gpu=[] compilers=[207820:cargo,216526:hipcc,216534:clang++,216535:clang-23,216568:hipcc,216572:clang++,216573:clang-23,218943:hipcc,218978:clang++,219000:clang-23,219404:hipcc,219428:clang++,219441:clang-23,219906:hipcc,219910:clang++,219911:clang-23,222145:hipcc,222149:clang++,222150:clang-23,226491:hipcc,226495:clang++,226496:clang-23,226503:hipcc,226507:clang++,226508:clang-23]
2026-10-09T00:04:37+0900 sample 439: CONTENDED foreign_gpu=[] compilers=[207820:cargo,216526:hipcc,216534:clang++,216535:clang-23,216568:hipcc,216572:clang++,218943:hipcc,218978:clang++,219404:hipcc,219428:clang++,219906:hipcc,219910:clang++,219911:clang-23,222145:hipcc,222149:clang++,222150:clang-23,226491:hipcc,226495:clang++,226503:hipcc,226507:clang++,227407:clang-23,227507:clang-23,227508:clang-23,227655:clang-23,227678:clang-23]
2026-10-09T00:04:38+0900 sample 440: CONTENDED foreign_gpu=[] compilers=[207820:cargo,216526:hipcc,216534:clang++,216535:clang-23,216568:hipcc,216572:clang++,218943:hipcc,218978:clang++,219404:hipcc,219428:clang++,219906:hipcc,219910:clang++,219911:clang-23,222145:hipcc,222149:clang++,222150:clang-23,227407:clang-23,227507:clang-23,227508:clang-23,228763:hipcc,228767:clang++,228768:clang-23,228772:hipcc,228776:clang++,228777:clang-23]
2026-10-09T00:04:40+0900 sample 441: CONTENDED foreign_gpu=[] compilers=[207820:cargo,216526:hipcc,216534:clang++,216535:clang-23,216568:hipcc,216572:clang++,218943:hipcc,218978:clang++,219404:hipcc,219428:clang++,219906:hipcc,219910:clang++,219911:clang-23,222145:hipcc,222149:clang++,222150:clang-23,227407:clang-23,227507:clang-23,227508:clang-23,228763:hipcc,228767:clang++,228768:clang-23,228772:hipcc,228776:clang++,228777:clang-23]
2026-10-09T00:04:42+0900 sample 442: CONTENDED foreign_gpu=[] compilers=[207820:cargo,216526:hipcc,216534:clang++,216535:clang-23,216568:hipcc,216572:clang++,218943:hipcc,218978:clang++,219404:hipcc,219428:clang++,219906:hipcc,219910:clang++,219911:clang-23,222145:hipcc,222149:clang++,222150:clang-23,227407:clang-23,227507:clang-23,227508:clang-23,228763:hipcc,228767:clang++,228768:clang-23,228772:hipcc,228776:clang++,230923:clang-23]
2026-10-09T00:04:43+0900 sample 443: CONTENDED foreign_gpu=[] compilers=[207820:cargo,216526:hipcc,216534:clang++,216535:clang-23,216568:hipcc,216572:clang++,218943:hipcc,218978:clang++,219404:hipcc,219428:clang++,219906:hipcc,219910:clang++,219911:clang-23,222145:hipcc,222149:clang++,222150:clang-23,227407:clang-23,227507:clang-23,227508:clang-23,228763:hipcc,228767:clang++,228768:clang-23,228772:hipcc,228776:clang++,230923:clang-23]
2026-10-09T00:04:45+0900 sample 444: CONTENDED foreign_gpu=[] compilers=[207820:cargo,216526:hipcc,216534:clang++,216535:clang-23,216568:hipcc,216572:clang++,218943:hipcc,218978:clang++,219404:hipcc,219428:clang++,219906:hipcc,219910:clang++,222145:hipcc,222149:clang++,222150:clang-23,227407:clang-23,227507:clang-23,227508:clang-23,228763:hipcc,228767:clang++,228768:clang-23,232934:clang-23,233081:hipcc,233085:clang++,233086:clang-23]
2026-10-09T00:04:47+0900 sample 445: CONTENDED foreign_gpu=[] compilers=[207820:cargo,216526:hipcc,216534:clang++,216535:clang-23,216568:hipcc,216572:clang++,218943:hipcc,218978:clang++,219906:hipcc,219910:clang++,222145:hipcc,222149:clang++,222150:clang-23,227407:clang-23,227508:clang-23,228763:hipcc,228767:clang++,228768:clang-23,232934:clang-23,233081:hipcc,233085:clang++,233086:clang-23,234152:hipcc,234156:clang++,234157:clang-23]
2026-10-09T00:04:49+0900 sample 446: CONTENDED foreign_gpu=[] compilers=[207820:cargo,216526:hipcc,216534:clang++,216535:clang-23,216568:hipcc,216572:clang++,219906:hipcc,219910:clang++,222145:hipcc,222149:clang++,222150:clang-23,227407:clang-23,228763:hipcc,228767:clang++,228768:clang-23,232934:clang-23,233081:hipcc,233085:clang++,233086:clang-23,234152:hipcc,234156:clang++,234683:hipcc,234713:clang++,234732:clang-23]
2026-10-09T00:04:50+0900 sample 447: CONTENDED foreign_gpu=[] compilers=[207820:cargo,216526:hipcc,216534:clang++,216535:clang-23,216568:hipcc,216572:clang++,219906:hipcc,219910:clang++,222145:hipcc,222149:clang++,222150:clang-23,227407:clang-23,228763:hipcc,228767:clang++,228768:clang-23,232934:clang-23,233081:hipcc,233085:clang++,233086:clang-23,234152:hipcc,234156:clang++,234683:hipcc,234713:clang++,235597:clang-23,236365:clang-23]
2026-10-09T00:04:52+0900 sample 448: CONTENDED foreign_gpu=[] compilers=[207820:cargo,216526:hipcc,216534:clang++,216535:clang-23,216568:hipcc,216572:clang++,219906:hipcc,219910:clang++,222145:hipcc,222149:clang++,222150:clang-23,227407:clang-23,228763:hipcc,228767:clang++,228768:clang-23,232934:clang-23,233081:hipcc,233085:clang++,233086:clang-23,237436:hipcc,237440:clang++,237441:clang-23]
2026-10-09T00:04:54+0900 sample 449: CONTENDED foreign_gpu=[] compilers=[207820:cargo,216526:hipcc,216534:clang++,216568:hipcc,216572:clang++,219906:hipcc,219910:clang++,222145:hipcc,222149:clang++,222150:clang-23,227407:clang-23,228763:hipcc,228767:clang++,228768:clang-23,232934:clang-23,233081:hipcc,233085:clang++,233086:clang-23,237436:hipcc,237440:clang++,237441:clang-23,237734:hipcc,237762:clang++,237778:clang-23,238540:clang-23]
2026-10-09T00:04:55+0900 sample 450: CONTENDED foreign_gpu=[] compilers=[207820:cargo,216526:hipcc,216534:clang++,216568:hipcc,216572:clang++,219906:hipcc,219910:clang++,222145:hipcc,222149:clang++,222150:clang-23,227407:clang-23,228763:hipcc,228767:clang++,228768:clang-23,232934:clang-23,233081:hipcc,233085:clang++,233086:clang-23,237436:hipcc,237440:clang++,237734:hipcc,237762:clang++,238540:clang-23,239575:clang-23,239649:clang-23]
2026-10-09T00:04:57+0900 sample 451: CONTENDED foreign_gpu=[] compilers=[207820:cargo,216526:hipcc,216534:clang++,219906:hipcc,219910:clang++,222145:hipcc,222149:clang++,222150:clang-23,228763:hipcc,228767:clang++,228768:clang-23,232934:clang-23,233081:hipcc,233085:clang++,237436:hipcc,237440:clang++,238540:clang-23,239649:clang-23,240099:hipcc,240129:clang++,240146:clang-23,240666:hipcc,240694:clang++,240713:clang-23,240761:clang-23]
2026-10-09T00:04:59+0900 sample 452: CONTENDED foreign_gpu=[] compilers=[207820:cargo,216526:hipcc,216534:clang++,219906:hipcc,219910:clang++,222145:hipcc,222149:clang++,222150:clang-23,228763:hipcc,228767:clang++,228768:clang-23,232934:clang-23,233081:hipcc,233085:clang++,238540:clang-23,240099:hipcc,240129:clang++,240146:clang-23,240666:hipcc,240694:clang++,240713:clang-23,240761:clang-23,241429:hipcc,241457:clang++,241477:clang-23]
2026-10-09T00:05:00+0900 sample 453: CONTENDED foreign_gpu=[] compilers=[207820:cargo,216526:hipcc,216534:clang++,219906:hipcc,219910:clang++,222145:hipcc,222149:clang++,222150:clang-23,228763:hipcc,228767:clang++,228768:clang-23,232934:clang-23,233081:hipcc,233085:clang++,238540:clang-23,240099:hipcc,240129:clang++,240146:clang-23,240666:hipcc,240694:clang++,240713:clang-23,240761:clang-23,241429:hipcc,241457:clang++,242966:clang-23]
2026-10-09T00:05:02+0900 sample 454: CONTENDED foreign_gpu=[] compilers=[207820:cargo,216526:hipcc,216534:clang++,222145:hipcc,222149:clang++,222150:clang-23,228763:hipcc,228767:clang++,228768:clang-23,233081:hipcc,233085:clang++,238540:clang-23,240099:hipcc,240129:clang++,240146:clang-23,240666:hipcc,240694:clang++,240713:clang-23,240761:clang-23,244071:hipcc,244075:clang++,244076:clang-23,244084:hipcc,244088:clang++,244089:clang-23]
2026-10-09T00:05:04+0900 sample 455: CONTENDED foreign_gpu=[] compilers=[207820:cargo,216526:hipcc,216534:clang++,222145:hipcc,222149:clang++,222150:clang-23,228763:hipcc,228767:clang++,228768:clang-23,238540:clang-23,240099:hipcc,240129:clang++,240146:clang-23,240666:hipcc,240694:clang++,240713:clang-23,244071:hipcc,244075:clang++,244076:clang-23,244084:hipcc,244088:clang++,244089:clang-23,245158:hipcc,245162:clang++,245163:clang-23]
2026-10-09T00:05:05+0900 sample 456: CONTENDED foreign_gpu=[] compilers=[207820:cargo,216526:hipcc,216534:clang++,222145:hipcc,222149:clang++,222150:clang-23,228763:hipcc,228767:clang++,228768:clang-23,238540:clang-23,240099:hipcc,240129:clang++,240666:hipcc,240694:clang++,240713:clang-23,244071:hipcc,244075:clang++,244076:clang-23,244084:hipcc,244088:clang++,245158:hipcc,245162:clang++,245163:clang-23,245994:clang-23,246268:clang-23]
2026-10-09T00:05:07+0900 sample 457: CONTENDED foreign_gpu=[] compilers=[207820:cargo,216526:hipcc,216534:clang++,222145:hipcc,222149:clang++,222150:clang-23,228763:hipcc,228767:clang++,228768:clang-23,238540:clang-23,240666:hipcc,240694:clang++,240713:clang-23,244071:hipcc,244075:clang++,244076:clang-23,244084:hipcc,244088:clang++,245158:hipcc,245162:clang++,245163:clang-23,245994:clang-23]
2026-10-09T00:05:09+0900 sample 458: CONTENDED foreign_gpu=[] compilers=[207820:cargo,216526:hipcc,216534:clang++,222145:hipcc,222149:clang++,222150:clang-23,228763:hipcc,228767:clang++,228768:clang-23,238540:clang-23,240666:hipcc,240694:clang++,244071:hipcc,244075:clang++,244076:clang-23,245158:hipcc,245162:clang++,245163:clang-23,247356:hipcc,247384:clang++,247401:clang-23,248064:hipcc,248094:clang++,248111:clang-23,248452:clang-23]
2026-10-09T00:05:10+0900 sample 459: CONTENDED foreign_gpu=[] compilers=[207820:cargo,216526:hipcc,216534:clang++,222145:hipcc,222149:clang++,222150:clang-23,228763:hipcc,228767:clang++,228768:clang-23,238540:clang-23,240666:hipcc,240694:clang++,244071:hipcc,244075:clang++,244076:clang-23,245158:hipcc,245162:clang++,245163:clang-23,247356:hipcc,247384:clang++,247401:clang-23,248064:hipcc,248094:clang++,248452:clang-23,249541:clang-23]
2026-10-09T00:05:12+0900 sample 460: CONTENDED foreign_gpu=[] compilers=[207820:cargo,216526:hipcc,216534:clang++,222145:hipcc,222149:clang++,222150:clang-23,228763:hipcc,228767:clang++,228768:clang-23,238540:clang-23,240666:hipcc,240694:clang++,244071:hipcc,244075:clang++,244076:clang-23,245158:hipcc,245162:clang++,245163:clang-23,247356:hipcc,247384:clang++,248452:clang-23,250633:clang-23,250637:hipcc,250641:clang++,250642:clang-23]
2026-10-09T00:05:14+0900 sample 461: CONTENDED foreign_gpu=[] compilers=[207820:cargo,216526:hipcc,216534:clang++,222145:hipcc,222149:clang++,222150:clang-23,228763:hipcc,228767:clang++,228768:clang-23,238540:clang-23,244071:hipcc,244075:clang++,244076:clang-23,245158:hipcc,245162:clang++,245163:clang-23,247356:hipcc,250637:hipcc,250641:clang++,250642:clang-23,251716:hipcc,251720:clang++,251721:clang-23]
2026-10-09T00:05:15+0900 sample 462: CONTENDED foreign_gpu=[] compilers=[207820:cargo,216526:hipcc,216534:clang++,222145:hipcc,222149:clang++,222150:clang-23,228763:hipcc,228767:clang++,238540:clang-23,244071:hipcc,244075:clang++,244076:clang-23,245158:hipcc,245162:clang++,245163:clang-23,250637:hipcc,250641:clang++,251716:hipcc,251720:clang++,252217:hipcc,252241:clang++,252261:clang-23,252528:clang-23,252839:clang-23]
2026-10-09T00:05:17+0900 sample 463: CONTENDED foreign_gpu=[] compilers=[207820:cargo,216526:hipcc,216534:clang++,222145:hipcc,222149:clang++,222150:clang-23,228763:hipcc,228767:clang++,238540:clang-23,244071:hipcc,244075:clang++,244076:clang-23,245158:hipcc,245162:clang++,245163:clang-23,252217:hipcc,252241:clang++,252839:clang-23,253531:clang-23,253845:hipcc,253875:clang++,253894:clang-23]
2026-10-09T00:05:19+0900 sample 464: CONTENDED foreign_gpu=[] compilers=[207820:cargo,216526:hipcc,216534:clang++,222145:hipcc,222149:clang++,222150:clang-23,228763:hipcc,228767:clang++,238540:clang-23,244071:hipcc,244075:clang++,244076:clang-23,245158:hipcc,245162:clang++,245163:clang-23,252839:clang-23,253845:hipcc,253875:clang++,253894:clang-23,254955:hipcc,254983:clang++,255000:clang-23,255079:hipcc,255083:clang++,255084:clang-23]
2026-10-09T00:05:20+0900 sample 465: CONTENDED foreign_gpu=[] compilers=[207820:cargo,216526:hipcc,216534:clang++,222145:hipcc,222149:clang++,222150:clang-23,228763:hipcc,228767:clang++,238540:clang-23,244071:hipcc,244075:clang++,244076:clang-23,245158:hipcc,245162:clang++,245163:clang-23,252839:clang-23,253845:hipcc,253875:clang++,253894:clang-23,254955:hipcc,254983:clang++,255079:hipcc,255083:clang++,255084:clang-23,255824:clang-23]
2026-10-09T00:05:22+0900 sample 466: CONTENDED foreign_gpu=[] compilers=[207820:cargo,216526:hipcc,216534:clang++,222145:hipcc,222149:clang++,222150:clang-23,228763:hipcc,228767:clang++,238540:clang-23,244071:hipcc,244075:clang++,244076:clang-23,245158:hipcc,245162:clang++,245163:clang-23,252839:clang-23,253845:hipcc,253875:clang++,253894:clang-23,254955:hipcc,254983:clang++,255079:hipcc,255083:clang++,255084:clang-23,255824:clang-23]
2026-10-09T00:05:24+0900 sample 467: CONTENDED foreign_gpu=[] compilers=[207820:cargo,216526:hipcc,216534:clang++,222145:hipcc,222149:clang++,222150:clang-23,238540:clang-23,244071:hipcc,244075:clang++,244076:clang-23,245158:hipcc,245162:clang++,245163:clang-23,253845:hipcc,253875:clang++,253894:clang-23,255079:hipcc,255083:clang++,258359:clang-23]
2026-10-09T00:05:25+0900 sample 468: CONTENDED foreign_gpu=[] compilers=[207820:cargo,216526:hipcc,216534:clang++,222145:hipcc,222149:clang++,222150:clang-23,238540:clang-23,244071:hipcc,244075:clang++,244076:clang-23,245158:hipcc,245162:clang++,245163:clang-23,253845:hipcc,253875:clang++,253894:clang-23]
2026-10-09T00:05:27+0900 sample 469: CONTENDED foreign_gpu=[] compilers=[207820:cargo,222145:hipcc,222149:clang++,222150:clang-23,244071:hipcc,244075:clang++,244076:clang-23,245158:hipcc,245162:clang++,245163:clang-23,253845:hipcc,253875:clang++,253894:clang-23]
2026-10-09T00:05:29+0900 sample 470: CONTENDED foreign_gpu=[] compilers=[207820:cargo,222145:hipcc,222149:clang++,222150:clang-23,244071:hipcc,244075:clang++,244076:clang-23,245158:hipcc,245162:clang++,253845:hipcc,253875:clang++,253894:clang-23]
2026-10-09T00:05:30+0900 sample 471: CONTENDED foreign_gpu=[] compilers=[207820:cargo,222145:hipcc,222149:clang++,222150:clang-23,244071:hipcc,244075:clang++,244076:clang-23,245158:hipcc,245162:clang++,253845:hipcc,253875:clang++,253894:clang-23,261546:clang-23]
2026-10-09T00:05:32+0900 sample 472: CONTENDED foreign_gpu=[] compilers=[207820:cargo,222145:hipcc,222149:clang++,222150:clang-23,244071:hipcc,244075:clang++,244076:clang-23,245158:hipcc,245162:clang++,253845:hipcc,253875:clang++,253894:clang-23,261546:clang-23]
2026-10-09T00:05:33+0900 sample 473: CONTENDED foreign_gpu=[] compilers=[207820:cargo,222145:hipcc,222149:clang++,222150:clang-23,244071:hipcc,244075:clang++,244076:clang-23,245158:hipcc,245162:clang++,253845:hipcc,253875:clang++,253894:clang-23,261546:clang-23]
2026-10-09T00:05:35+0900 sample 474: CONTENDED foreign_gpu=[] compilers=[207820:cargo,222145:hipcc,222149:clang++,222150:clang-23,244071:hipcc,244075:clang++,244076:clang-23,245158:hipcc,245162:clang++,253845:hipcc,253875:clang++,253894:clang-23,261546:clang-23]
2026-10-09T00:05:37+0900 sample 475: CONTENDED foreign_gpu=[] compilers=[207820:cargo,222145:hipcc,222149:clang++,222150:clang-23,244071:hipcc,244075:clang++,244076:clang-23,245158:hipcc,245162:clang++,253845:hipcc,253875:clang++,253894:clang-23,261546:clang-23]
2026-10-09T00:05:38+0900 sample 476: CONTENDED foreign_gpu=[] compilers=[207820:cargo,222145:hipcc,222149:clang++,222150:clang-23,244071:hipcc,244075:clang++,244076:clang-23,245158:hipcc,245162:clang++,253845:hipcc,253875:clang++,253894:clang-23,261546:clang-23]
2026-10-09T00:05:40+0900 sample 477: CONTENDED foreign_gpu=[] compilers=[207820:cargo,222145:hipcc,222149:clang++,222150:clang-23,244071:hipcc,244075:clang++,244076:clang-23,253845:hipcc,253875:clang++,253894:clang-23]
2026-10-09T00:05:41+0900 sample 478: CONTENDED foreign_gpu=[] compilers=[207820:cargo,222145:hipcc,222149:clang++,222150:clang-23,244071:hipcc,244075:clang++,244076:clang-23,253845:hipcc,253875:clang++,253894:clang-23]
2026-10-09T00:05:43+0900 sample 479: CONTENDED foreign_gpu=[] compilers=[207820:cargo,222145:hipcc,222149:clang++,244071:hipcc,244075:clang++,244076:clang-23,253845:hipcc,253875:clang++,253894:clang-23,270866:clang-23]
2026-10-09T00:05:45+0900 sample 480: CONTENDED foreign_gpu=[] compilers=[207820:cargo,222145:hipcc,222149:clang++,244071:hipcc,244075:clang++,244076:clang-23,253845:hipcc,253875:clang++,253894:clang-23,270866:clang-23]
2026-10-09T00:05:46+0900 sample 481: CONTENDED foreign_gpu=[] compilers=[207820:cargo,222145:hipcc,222149:clang++,244071:hipcc,244075:clang++,244076:clang-23,253845:hipcc,253875:clang++,253894:clang-23,270866:clang-23]
2026-10-09T00:05:48+0900 sample 482: CONTENDED foreign_gpu=[] compilers=[207820:cargo,222145:hipcc,222149:clang++,244071:hipcc,244075:clang++,244076:clang-23,253845:hipcc,253875:clang++,253894:clang-23,270866:clang-23]
2026-10-09T00:05:49+0900 sample 483: CONTENDED foreign_gpu=[] compilers=[207820:cargo,222145:hipcc,222149:clang++,244071:hipcc,244075:clang++,244076:clang-23,253845:hipcc,253875:clang++,253894:clang-23,270866:clang-23]
2026-10-09T00:05:51+0900 sample 484: CONTENDED foreign_gpu=[] compilers=[207820:cargo,222145:hipcc,222149:clang++,244071:hipcc,244075:clang++,253845:hipcc,253875:clang++,253894:clang-23,270866:clang-23,276002:clang-23]
2026-10-09T00:05:52+0900 sample 485: CONTENDED foreign_gpu=[] compilers=[207820:cargo,222145:hipcc,222149:clang++,244071:hipcc,244075:clang++,253845:hipcc,253875:clang++,270866:clang-23,276002:clang-23,276720:clang-23]
2026-10-09T00:05:54+0900 sample 486: CONTENDED foreign_gpu=[] compilers=[207820:cargo,222145:hipcc,222149:clang++,244071:hipcc,244075:clang++,253845:hipcc,253875:clang++,270866:clang-23,276002:clang-23,276720:clang-23]
2026-10-09T00:05:56+0900 sample 487: CONTENDED foreign_gpu=[] compilers=[207820:cargo,222145:hipcc,222149:clang++,244071:hipcc,244075:clang++,253845:hipcc,253875:clang++,270866:clang-23,276002:clang-23,276720:clang-23]
2026-10-09T00:05:57+0900 sample 488: CONTENDED foreign_gpu=[] compilers=[207820:cargo,222145:hipcc,222149:clang++,244071:hipcc,244075:clang++,253845:hipcc,253875:clang++,270866:clang-23,276002:clang-23,276720:clang-23]
2026-10-09T00:05:59+0900 sample 489: CONTENDED foreign_gpu=[] compilers=[207820:cargo,222145:hipcc,222149:clang++,244071:hipcc,244075:clang++,253845:hipcc,253875:clang++,270866:clang-23,276002:clang-23,276720:clang-23]
2026-10-09T00:06:00+0900 sample 490: CONTENDED foreign_gpu=[] compilers=[207820:cargo,222145:hipcc,222149:clang++,244071:hipcc,244075:clang++,270866:clang-23,276002:clang-23]
2026-10-09T00:06:02+0900 sample 491: CONTENDED foreign_gpu=[] compilers=[207820:cargo,222145:hipcc,222149:clang++,244071:hipcc,244075:clang++,270866:clang-23,276002:clang-23]
2026-10-09T00:06:04+0900 sample 492: CONTENDED foreign_gpu=[] compilers=[207820:cargo,222145:hipcc,222149:clang++,244071:hipcc,244075:clang++,270866:clang-23,276002:clang-23]
2026-10-09T00:06:05+0900 sample 493: CONTENDED foreign_gpu=[] compilers=[207820:cargo,244071:hipcc,244075:clang++,276002:clang-23]
2026-10-09T00:06:07+0900 sample 494: CONTENDED foreign_gpu=[] compilers=[207820:cargo,244071:hipcc,244075:clang++,276002:clang-23]
2026-10-09T00:06:08+0900 sample 495: CONTENDED foreign_gpu=[] compilers=[207820:cargo,244071:hipcc,244075:clang++,276002:clang-23]
2026-10-09T00:06:10+0900 sample 496: CONTENDED foreign_gpu=[] compilers=[207820:cargo]
2026-10-09T00:06:11+0900 sample 497: CONTENDED foreign_gpu=[] compilers=[207820:cargo,288875:cc1plus,288877:cc1plus,288885:cc1plus,288893:cc1plus,288895:cc1plus,289236:cc1plus,289243:cc1plus,289248:cc1plus]
2026-10-09T00:06:13+0900 sample 498: CONTENDED foreign_gpu=[] compilers=[207820:cargo,288877:cc1plus,288893:cc1plus,288895:cc1plus,289243:cc1plus,290293:cc1plus,290300:cc1plus,290305:cc1plus]
2026-10-09T00:06:14+0900 sample 499: CONTENDED foreign_gpu=[] compilers=[207820:cargo,288895:cc1plus,289243:cc1plus,290293:cc1plus,290953:cc1plus,290985:cc1plus,291366:cc1plus,291378:cc1plus,291384:cc1plus]
2026-10-09T00:06:16+0900 sample 500: CONTENDED foreign_gpu=[] compilers=[207820:cargo,288895:cc1plus,289243:cc1plus,290293:cc1plus,290953:cc1plus,292439:cc1plus,292445:cc1plus,292451:cc1plus,292457:cc1plus]
2026-10-09T00:06:17+0900 sample 501: CONTENDED foreign_gpu=[] compilers=[207820:cargo,288895:cc1plus,289243:cc1plus,290293:cc1plus,293513:cc1plus,293515:cc1plus,293521:cc1plus,293528:cc1plus,293535:cc1plus]
2026-10-09T00:06:19+0900 sample 502: CONTENDED foreign_gpu=[] compilers=[207820:cargo,288895:cc1plus,289243:cc1plus,293515:cc1plus,293521:cc1plus,293528:cc1plus,294578:cc1plus,294584:cc1plus]
2026-10-09T00:06:20+0900 sample 503: CONTENDED foreign_gpu=[] compilers=[207820:cargo,288895:cc1plus,289243:cc1plus,293515:cc1plus,293528:cc1plus,295137:cc1plus,295640:cc1plus,295646:cc1plus]
2026-10-09T00:06:22+0900 sample 504: CONTENDED foreign_gpu=[] compilers=[207820:cargo,293515:cc1plus,293528:cc1plus,295640:cc1plus,295759:cc1plus,296706:cc1plus,296707:cc1plus,296716:cc1plus,296723:cc1plus]
2026-10-09T00:06:23+0900 sample 505: CONTENDED foreign_gpu=[] compilers=[207820:cargo,293515:cc1plus,293528:cc1plus,295640:cc1plus,296716:cc1plus,296723:cc1plus,297769:cc1plus,297775:cc1plus]
2026-10-09T00:06:25+0900 sample 506: CONTENDED foreign_gpu=[] compilers=[207820:cargo,293515:cc1plus,293528:cc1plus,296716:cc1plus,296723:cc1plus,297769:cc1plus,297775:cc1plus,298825:cc1plus,298830:cc1plus]
2026-10-09T00:06:27+0900 sample 507: CONTENDED foreign_gpu=[] compilers=[207820:cargo,293515:cc1plus,293528:cc1plus,296716:cc1plus,296723:cc1plus,297769:cc1plus,298830:cc1plus,299628:cc1plus,299892:cc1plus]
2026-10-09T00:06:28+0900 sample 508: CONTENDED foreign_gpu=[] compilers=[207820:cargo,293515:cc1plus,293528:cc1plus,296723:cc1plus,297769:cc1plus,298830:cc1plus,299628:cc1plus]
2026-10-09T00:06:30+0900 sample 509: CONTENDED foreign_gpu=[] compilers=[207820:cargo,293515:cc1plus,293528:cc1plus,296723:cc1plus,298830:cc1plus,299628:cc1plus,301992:cc1plus]
2026-10-09T00:06:32+0900 sample 510: CONTENDED foreign_gpu=[] compilers=[207820:cargo,293515:cc1plus,293528:cc1plus,298830:cc1plus,299628:cc1plus,302344:cc1plus,303065:cc1plus,303068:cc1plus]
2026-10-09T00:06:33+0900 sample 511: CONTENDED foreign_gpu=[] compilers=[207820:cargo,293515:cc1plus,293528:cc1plus,298830:cc1plus,299628:cc1plus,302344:cc1plus,303068:cc1plus,303361:cc1plus]
2026-10-09T00:06:35+0900 sample 512: CONTENDED foreign_gpu=[] compilers=[207820:cargo,293515:cc1plus,293528:cc1plus,298830:cc1plus,299628:cc1plus,302344:cc1plus,303068:cc1plus,305168:cc1plus]
2026-10-09T00:06:37+0900 sample 513: CONTENDED foreign_gpu=[] compilers=[207820:cargo,293515:cc1plus,298830:cc1plus,299628:cc1plus,302344:cc1plus,305836:cc1plus,306241:cc1plus,306251:cc1plus]
2026-10-09T00:06:38+0900 sample 514: CONTENDED foreign_gpu=[] compilers=[207820:cargo,293515:cc1plus,299628:cc1plus,305836:cc1plus,306251:cc1plus,306358:cc1plus,307315:cc1plus]
2026-10-09T00:06:40+0900 sample 515: CONTENDED foreign_gpu=[] compilers=[207820:cargo,293515:cc1plus,299628:cc1plus,305836:cc1plus,306251:cc1plus,307481:cc1plus,307969:cc1plus,308376:cc1plus,308382:cc1plus]
2026-10-09T00:06:42+0900 sample 516: CONTENDED foreign_gpu=[] compilers=[207820:cargo,293515:cc1plus,299628:cc1plus,305836:cc1plus,308376:cc1plus,309443:cc1plus,309449:cc1plus,309458:cc1plus,309464:cc1plus]
2026-10-09T00:06:43+0900 sample 517: CONTENDED foreign_gpu=[] compilers=[207820:cargo,293515:cc1plus,299628:cc1plus,305836:cc1plus,309464:cc1plus,310515:cc1plus,310521:cc1plus,310527:cc1plus,310533:cc1plus]
2026-10-09T00:06:45+0900 sample 518: CONTENDED foreign_gpu=[] compilers=[207820:cargo,293515:cc1plus,299628:cc1plus,305836:cc1plus,311594:cc1plus,311604:cc1plus,311606:cc1plus,311612:cc1plus]
2026-10-09T00:06:46+0900 sample 519: CONTENDED foreign_gpu=[] compilers=[207820:cargo,293515:cc1plus,299628:cc1plus,305836:cc1plus]
2026-10-09T00:06:48+0900 sample 520: CONTENDED foreign_gpu=[] compilers=[207820:cargo,293515:cc1plus,299628:cc1plus,305836:cc1plus]
2026-10-09T00:06:49+0900 sample 521: CONTENDED foreign_gpu=[] compilers=[207820:cargo,293515:cc1plus,299628:cc1plus]
2026-10-09T00:06:51+0900 sample 522: CONTENDED foreign_gpu=[] compilers=[207820:cargo,293515:cc1plus,299628:cc1plus]
2026-10-09T00:06:53+0900 sample 523: CONTENDED foreign_gpu=[] compilers=[207820:cargo,293515:cc1plus,299628:cc1plus]
2026-10-09T00:06:54+0900 sample 524: CONTENDED foreign_gpu=[] compilers=[207820:cargo,293515:cc1plus,299628:cc1plus]
2026-10-09T00:06:56+0900 sample 525: CONTENDED foreign_gpu=[] compilers=[207820:cargo,293515:cc1plus,299628:cc1plus]
2026-10-09T00:06:57+0900 sample 526: CONTENDED foreign_gpu=[] compilers=[207820:cargo,293515:cc1plus,299628:cc1plus]
2026-10-09T00:06:59+0900 sample 527: CONTENDED foreign_gpu=[] compilers=[207820:cargo,293515:cc1plus,299628:cc1plus]
2026-10-09T00:07:00+0900 sample 528: CONTENDED foreign_gpu=[] compilers=[207820:cargo,293515:cc1plus,299628:cc1plus]
2026-10-09T00:07:02+0900 sample 529: CONTENDED foreign_gpu=[] compilers=[207820:cargo,293515:cc1plus,299628:cc1plus]
2026-10-09T00:07:04+0900 sample 530: CONTENDED foreign_gpu=[] compilers=[207820:cargo,293515:cc1plus,299628:cc1plus]
2026-10-09T00:07:05+0900 sample 531: CONTENDED foreign_gpu=[] compilers=[207820:cargo,293515:cc1plus,299628:cc1plus]
2026-10-09T00:07:07+0900 sample 532: CONTENDED foreign_gpu=[] compilers=[207820:cargo,293515:cc1plus]
2026-10-09T00:07:08+0900 sample 533: CONTENDED foreign_gpu=[] compilers=[207820:cargo,293515:cc1plus]
2026-10-09T00:07:10+0900 sample 534: CONTENDED foreign_gpu=[] compilers=[207820:cargo,293515:cc1plus]
2026-10-09T00:07:11+0900 sample 535: CONTENDED foreign_gpu=[] compilers=[207820:cargo,293515:cc1plus]
2026-10-09T00:07:13+0900 sample 536: CONTENDED foreign_gpu=[] compilers=[207820:cargo,293515:cc1plus]
2026-10-09T00:07:14+0900 sample 537: CONTENDED foreign_gpu=[] compilers=[207820:cargo,293515:cc1plus]
2026-10-09T00:07:16+0900 sample 538: CONTENDED foreign_gpu=[] compilers=[207820:cargo,293515:cc1plus]
2026-10-09T00:07:18+0900 sample 539: CONTENDED foreign_gpu=[] compilers=[207820:cargo,293515:cc1plus]
2026-10-09T00:07:19+0900 sample 540: CONTENDED foreign_gpu=[] compilers=[207820:cargo,293515:cc1plus]
2026-10-09T00:07:21+0900 sample 541: CONTENDED foreign_gpu=[] compilers=[207820:cargo,293515:cc1plus]
2026-10-09T00:07:22+0900 sample 542: CONTENDED foreign_gpu=[] compilers=[207820:cargo,293515:cc1plus]
2026-10-09T00:07:24+0900 sample 543: CONTENDED foreign_gpu=[] compilers=[207820:cargo,293515:cc1plus]
2026-10-09T00:07:26+0900 sample 544: CONTENDED foreign_gpu=[] compilers=[207820:cargo,293515:cc1plus]
2026-10-09T00:07:27+0900 sample 545: CONTENDED foreign_gpu=[] compilers=[207820:cargo]
2026-10-09T00:07:29+0900 sample 546: CONTENDED foreign_gpu=[] compilers=[207820:cargo,339748:cc1plus]
2026-10-09T00:07:30+0900 sample 547: CONTENDED foreign_gpu=[] compilers=[207820:cargo,339748:cc1plus]
2026-10-09T00:07:32+0900 sample 548: CONTENDED foreign_gpu=[] compilers=[207820:cargo,339748:cc1plus]
2026-10-09T00:07:33+0900 sample 549: CONTENDED foreign_gpu=[] compilers=[207820:cargo,339748:cc1plus]
2026-10-09T00:07:35+0900 sample 550: CONTENDED foreign_gpu=[] compilers=[207820:cargo,339748:cc1plus]
2026-10-09T00:07:37+0900 sample 551: CONTENDED foreign_gpu=[] compilers=[207820:cargo,339748:cc1plus]
2026-10-09T00:07:38+0900 sample 552: CONTENDED foreign_gpu=[] compilers=[207820:cargo]
2026-10-09T00:07:40+0900 sample 553: CONTENDED foreign_gpu=[] compilers=[207820:cargo,346188:cc1plus]
2026-10-09T00:07:41+0900 sample 554: CONTENDED foreign_gpu=[] compilers=[207820:cargo,346188:cc1plus]
2026-10-09T00:07:43+0900 sample 555: CONTENDED foreign_gpu=[] compilers=[207820:cargo,348300:cc1plus]
2026-10-09T00:07:44+0900 sample 556: CONTENDED foreign_gpu=[] compilers=[207820:cargo]
2026-10-09T00:07:46+0900 sample 557: CONTENDED foreign_gpu=[] compilers=[207820:cargo,349727:cc1plus]
2026-10-09T00:07:47+0900 sample 558: CONTENDED foreign_gpu=[] compilers=[207820:cargo,349727:cc1plus]
2026-10-09T00:07:49+0900 sample 559: CONTENDED foreign_gpu=[] compilers=[207820:cargo,352588:cc1plus]
2026-10-09T00:07:51+0900 sample 560: CONTENDED foreign_gpu=[] compilers=[207820:cargo,353579:cc1plus]
2026-10-09T00:07:52+0900 sample 561: CONTENDED foreign_gpu=[] compilers=[207820:cargo]
2026-10-09T00:07:54+0900 sample 562: CONTENDED foreign_gpu=[] compilers=[207820:cargo,355566:cc1plus]
2026-10-09T00:07:55+0900 sample 563: CONTENDED foreign_gpu=[] compilers=[207820:cargo]
2026-10-09T00:07:57+0900 sample 564: CONTENDED foreign_gpu=[] compilers=[207820:cargo]
2026-10-09T00:07:58+0900 sample 565: CONTENDED foreign_gpu=[] compilers=[207820:cargo,358545:cc1plus]
2026-10-09T00:08:00+0900 sample 566: CONTENDED foreign_gpu=[] compilers=[207820:cargo,359541:rustc]
2026-10-09T00:08:01+0900 sample 567: CONTENDED foreign_gpu=[] compilers=[207820:cargo,359541:rustc]
2026-10-09T00:08:03+0900 sample 568: CONTENDED foreign_gpu=[] compilers=[207820:cargo,359541:rustc]
2026-10-09T00:08:04+0900 sample 569: CONTENDED foreign_gpu=[] compilers=[207820:cargo,359541:rustc,362182:rustc]
2026-10-09T00:08:06+0900 sample 570: CONTENDED foreign_gpu=[] compilers=[207820:cargo,359541:rustc]
2026-10-09T00:08:08+0900 sample 571: CONTENDED foreign_gpu=[] compilers=[207820:cargo,364539:rustc]
2026-10-09T00:08:09+0900 sample 572: CONTENDED foreign_gpu=[] compilers=[207820:cargo,364539:rustc]
2026-10-09T00:08:10+0900 sample 573: CONTENDED foreign_gpu=[] compilers=[207820:cargo,364539:rustc]
2026-10-09T00:08:12+0900 sample 574: CONTENDED foreign_gpu=[] compilers=[207820:cargo,364539:rustc]
2026-10-09T00:08:13+0900 sample 575: CONTENDED foreign_gpu=[] compilers=[207820:cargo,364539:rustc]
2026-10-09T00:08:15+0900 sample 576: CONTENDED foreign_gpu=[] compilers=[207820:cargo,364539:rustc]
2026-10-09T00:08:16+0900 sample 577: CONTENDED foreign_gpu=[] compilers=[207820:cargo,364539:rustc]
2026-10-09T00:08:18+0900 sample 578: CONTENDED foreign_gpu=[] compilers=[207820:cargo,364539:rustc]
2026-10-09T00:08:19+0900 sample 579: CONTENDED foreign_gpu=[] compilers=[207820:cargo,364539:rustc]
2026-10-09T00:08:21+0900 sample 580: CONTENDED foreign_gpu=[] compilers=[207820:cargo,364539:rustc]
2026-10-09T00:08:22+0900 sample 581: CONTENDED foreign_gpu=[] compilers=[207820:cargo,364539:rustc]
2026-10-09T00:08:24+0900 sample 582: CONTENDED foreign_gpu=[] compilers=[207820:cargo,364539:rustc]
2026-10-09T00:08:25+0900 sample 583: CONTENDED foreign_gpu=[] compilers=[207820:cargo,364539:rustc]
2026-10-09T00:08:27+0900 sample 584: CONTENDED foreign_gpu=[] compilers=[207820:cargo,364539:rustc]
2026-10-09T00:08:28+0900 sample 585: CONTENDED foreign_gpu=[] compilers=[207820:cargo,364539:rustc]
2026-10-09T00:08:30+0900 sample 586: CONTENDED foreign_gpu=[] compilers=[207820:cargo,364539:rustc]
2026-10-09T00:08:32+0900 sample 587: CONTENDED foreign_gpu=[] compilers=[207820:cargo,364539:rustc]
2026-10-09T00:08:33+0900 sample 588: CONTENDED foreign_gpu=[] compilers=[207820:cargo,364539:rustc]
2026-10-09T00:08:35+0900 sample 589: CONTENDED foreign_gpu=[] compilers=[207820:cargo,364539:rustc]
2026-10-09T00:08:36+0900 sample 590: CONTENDED foreign_gpu=[] compilers=[207820:cargo,364539:rustc]
2026-10-09T00:08:38+0900 sample 591: CONTENDED foreign_gpu=[] compilers=[207820:cargo,364539:rustc]
2026-10-09T00:08:39+0900 sample 592: CONTENDED foreign_gpu=[] compilers=[207820:cargo,364539:rustc]
2026-10-09T00:08:41+0900 sample 593: CONTENDED foreign_gpu=[] compilers=[207820:cargo,364539:rustc]
2026-10-09T00:08:42+0900 sample 594: CONTENDED foreign_gpu=[] compilers=[207820:cargo,364539:rustc]
2026-10-09T00:08:44+0900 sample 595: CONTENDED foreign_gpu=[] compilers=[207820:cargo,364539:rustc]
2026-10-09T00:08:46+0900 sample 596: CONTENDED foreign_gpu=[] compilers=[207820:cargo,364539:rustc]
2026-10-09T00:08:47+0900 sample 597: CONTENDED foreign_gpu=[] compilers=[207820:cargo,364539:rustc]
2026-10-09T00:08:48+0900 sample 598: CONTENDED foreign_gpu=[] compilers=[207820:cargo,364539:rustc]
2026-10-09T00:08:50+0900 sample 599: CONTENDED foreign_gpu=[] compilers=[207820:cargo,364539:rustc]
2026-10-09T00:08:51+0900 sample 600: CONTENDED foreign_gpu=[] compilers=[207820:cargo,364539:rustc]
2026-10-09T00:08:53+0900 sample 601: CONTENDED foreign_gpu=[] compilers=[207820:cargo,364539:rustc]
2026-10-09T00:08:55+0900 sample 602: CONTENDED foreign_gpu=[] compilers=[207820:cargo,364539:rustc]
2026-10-09T00:08:56+0900 sample 603: CONTENDED foreign_gpu=[] compilers=[207820:cargo,364539:rustc]
2026-10-09T00:08:58+0900 sample 604: CONTENDED foreign_gpu=[] compilers=[207820:cargo,364539:rustc]
2026-10-09T00:08:59+0900 sample 605: CONTENDED foreign_gpu=[] compilers=[207820:cargo,364539:rustc]
2026-10-09T00:09:01+0900 sample 606: CONTENDED foreign_gpu=[] compilers=[207820:cargo,364539:rustc]
2026-10-09T00:09:02+0900 sample 607: CONTENDED foreign_gpu=[] compilers=[207820:cargo,364539:rustc]
2026-10-09T00:09:04+0900 sample 608: CONTENDED foreign_gpu=[] compilers=[207820:cargo,364539:rustc]
2026-10-09T00:09:05+0900 sample 609: CONTENDED foreign_gpu=[] compilers=[207820:cargo,364539:rustc]
2026-10-09T00:09:07+0900 sample 610: CONTENDED foreign_gpu=[] compilers=[207820:cargo,364539:rustc]
2026-10-09T00:09:08+0900 sample 611: CONTENDED foreign_gpu=[] compilers=[207820:cargo,364539:rustc]
2026-10-09T00:09:10+0900 sample 612: CONTENDED foreign_gpu=[] compilers=[207820:cargo,364539:rustc]
2026-10-09T00:09:11+0900 sample 613: CONTENDED foreign_gpu=[] compilers=[207820:cargo,364539:rustc]
2026-10-09T00:09:13+0900 sample 614: CONTENDED foreign_gpu=[] compilers=[207820:cargo,364539:rustc]
2026-10-09T00:09:14+0900 sample 615: CONTENDED foreign_gpu=[] compilers=[207820:cargo,364539:rustc]
2026-10-09T00:09:16+0900 sample 616: CONTENDED foreign_gpu=[] compilers=[207820:cargo,364539:rustc]
2026-10-09T00:09:17+0900 sample 617: CONTENDED foreign_gpu=[] compilers=[207820:cargo,364539:rustc]
2026-10-09T00:09:19+0900 sample 618: CONTENDED foreign_gpu=[] compilers=[207820:cargo,364539:rustc]
2026-10-09T00:09:20+0900 sample 619: CONTENDED foreign_gpu=[] compilers=[207820:cargo,364539:rustc]
2026-10-09T00:09:22+0900 sample 620: CONTENDED foreign_gpu=[] compilers=[207820:cargo,364539:rustc]
2026-10-09T00:09:23+0900 sample 621: CONTENDED foreign_gpu=[] compilers=[207820:cargo,364539:rustc]
2026-10-09T00:09:25+0900 sample 622: CONTENDED foreign_gpu=[] compilers=[207820:cargo,364539:rustc]
2026-10-09T00:09:26+0900 sample 623: CONTENDED foreign_gpu=[] compilers=[207820:cargo,364539:rustc]
2026-10-09T00:09:28+0900 sample 624: CONTENDED foreign_gpu=[] compilers=[207820:cargo,364539:rustc]
2026-10-09T00:09:29+0900 sample 625: CONTENDED foreign_gpu=[] compilers=[207820:cargo,364539:rustc]
2026-10-09T00:09:31+0900 sample 626: CONTENDED foreign_gpu=[] compilers=[207820:cargo,364539:rustc]
2026-10-09T00:09:32+0900 sample 627: CONTENDED foreign_gpu=[] compilers=[207820:cargo,364539:rustc]
2026-10-09T00:09:34+0900 sample 628: CONTENDED foreign_gpu=[] compilers=[207820:cargo,364539:rustc]
2026-10-09T00:09:35+0900 sample 629: CONTENDED foreign_gpu=[] compilers=[207820:cargo,364539:rustc]
2026-10-09T00:09:36+0900 sample 630: CONTENDED foreign_gpu=[] compilers=[207820:cargo,364539:rustc]
2026-10-09T00:09:38+0900 sample 631: CONTENDED foreign_gpu=[] compilers=[207820:cargo,364539:rustc]
2026-10-09T00:09:39+0900 sample 632: CONTENDED foreign_gpu=[] compilers=[207820:cargo,364539:rustc]
2026-10-09T00:09:41+0900 sample 633: CONTENDED foreign_gpu=[] compilers=[207820:cargo,364539:rustc]
2026-10-09T00:09:42+0900 sample 634: CONTENDED foreign_gpu=[] compilers=[207820:cargo,364539:rustc]
2026-10-09T00:09:44+0900 sample 635: CONTENDED foreign_gpu=[] compilers=[207820:cargo,364539:rustc]
2026-10-09T00:09:45+0900 sample 636: CONTENDED foreign_gpu=[] compilers=[207820:cargo,364539:rustc]
2026-10-09T00:09:47+0900 sample 637: CONTENDED foreign_gpu=[] compilers=[207820:cargo,364539:rustc]
2026-10-09T00:09:48+0900 sample 638: CONTENDED foreign_gpu=[] compilers=[207820:cargo,364539:rustc]
2026-10-09T00:09:50+0900 sample 639: CONTENDED foreign_gpu=[] compilers=[207820:cargo,364539:rustc]
2026-10-09T00:09:51+0900 sample 640: CONTENDED foreign_gpu=[] compilers=[207820:cargo,364539:rustc]
2026-10-09T00:09:52+0900 sample 641: CONTENDED foreign_gpu=[] compilers=[207820:cargo,364539:rustc]
2026-10-09T00:09:54+0900 sample 642: CONTENDED foreign_gpu=[] compilers=[207820:cargo,364539:rustc]
2026-10-09T00:09:55+0900 sample 643: CONTENDED foreign_gpu=[] compilers=[207820:cargo,364539:rustc]
2026-10-09T00:09:57+0900 sample 644: CONTENDED foreign_gpu=[] compilers=[207820:cargo,364539:rustc]
2026-10-09T00:09:58+0900 sample 645: CONTENDED foreign_gpu=[] compilers=[207820:cargo,364539:rustc]
2026-10-09T00:10:00+0900 sample 646: CONTENDED foreign_gpu=[] compilers=[207820:cargo,364539:rustc]
2026-10-09T00:10:01+0900 sample 647: CONTENDED foreign_gpu=[] compilers=[207820:cargo,364539:rustc]
2026-10-09T00:10:03+0900 sample 648: CONTENDED foreign_gpu=[] compilers=[207820:cargo,364539:rustc]
2026-10-09T00:10:04+0900 sample 649: CONTENDED foreign_gpu=[] compilers=[207820:cargo,364539:rustc]
2026-10-09T00:10:06+0900 sample 650: CONTENDED foreign_gpu=[] compilers=[207820:cargo,364539:rustc]
2026-10-09T00:10:08+0900 sample 651: CONTENDED foreign_gpu=[] compilers=[207820:cargo,364539:rustc]
2026-10-09T00:10:09+0900 sample 652: CONTENDED foreign_gpu=[] compilers=[207820:cargo,364539:rustc]
2026-10-09T00:10:10+0900 sample 653: CONTENDED foreign_gpu=[] compilers=[207820:cargo,364539:rustc]
2026-10-09T00:10:12+0900 sample 654: CONTENDED foreign_gpu=[] compilers=[207820:cargo,364539:rustc]
2026-10-09T00:10:13+0900 sample 655: CONTENDED foreign_gpu=[] compilers=[207820:cargo,364539:rustc]
2026-10-09T00:10:15+0900 sample 656: CONTENDED foreign_gpu=[] compilers=[207820:cargo,364539:rustc]
2026-10-09T00:10:16+0900 sample 657: CONTENDED foreign_gpu=[] compilers=[207820:cargo,364539:rustc]
2026-10-09T00:10:18+0900 sample 658: CONTENDED foreign_gpu=[] compilers=[207820:cargo,364539:rustc]
2026-10-09T00:10:19+0900 sample 659: CONTENDED foreign_gpu=[] compilers=[207820:cargo,364539:rustc]
2026-10-09T00:10:21+0900 sample 660: CONTENDED foreign_gpu=[] compilers=[207820:cargo,364539:rustc]
2026-10-09T00:10:23+0900 sample 661: CONTENDED foreign_gpu=[] compilers=[207820:cargo,364539:rustc]
2026-10-09T00:10:24+0900 sample 662: CONTENDED foreign_gpu=[] compilers=[207820:cargo,364539:rustc]
2026-10-09T00:10:26+0900 sample 663: CONTENDED foreign_gpu=[] compilers=[207820:cargo,364539:rustc]
2026-10-09T00:10:27+0900 sample 664: CONTENDED foreign_gpu=[] compilers=[207820:cargo,364539:rustc]
2026-10-09T00:10:29+0900 sample 665: CONTENDED foreign_gpu=[] compilers=[207820:cargo,364539:rustc]
2026-10-09T00:10:31+0900 sample 666: CONTENDED foreign_gpu=[] compilers=[207820:cargo,364539:rustc]
2026-10-09T00:10:32+0900 sample 667: CONTENDED foreign_gpu=[] compilers=[207820:cargo,364539:rustc]
2026-10-09T00:10:34+0900 sample 668: CONTENDED foreign_gpu=[] compilers=[207820:cargo,364539:rustc]
2026-10-09T00:10:36+0900 sample 669: CONTENDED foreign_gpu=[] compilers=[207820:cargo,364539:rustc]
2026-10-09T00:10:37+0900 sample 670: CONTENDED foreign_gpu=[] compilers=[207820:cargo,364539:rustc]
2026-10-09T00:10:39+0900 sample 671: CONTENDED foreign_gpu=[] compilers=[207820:cargo,364539:rustc]
2026-10-09T00:10:40+0900 sample 672: CONTENDED foreign_gpu=[] compilers=[207820:cargo,364539:rustc]
2026-10-09T00:10:42+0900 sample 673: CONTENDED foreign_gpu=[] compilers=[207820:cargo,364539:rustc]
2026-10-09T00:10:44+0900 sample 674: CONTENDED foreign_gpu=[] compilers=[207820:cargo,364539:rustc,465386:collect2]
2026-10-09T00:10:45+0900 sample 675: clean gpu=[203832:mlxcel-server]
2026-10-09T00:10:47+0900 sample 676: clean gpu=[203832:mlxcel-server]
2026-10-09T00:10:48+0900 sample 677: clean gpu=[203832:mlxcel-server]
2026-10-09T00:10:50+0900 sample 678: clean gpu=[203832:mlxcel-server]
2026-10-09T00:10:51+0900 sample 679: clean gpu=[203832:mlxcel-server]
2026-10-09T00:10:53+0900 sample 680: clean gpu=[203832:mlxcel-server]
2026-10-09T00:10:54+0900 sample 681: clean gpu=[203832:mlxcel-server]
2026-10-09T00:10:56+0900 sample 682: clean gpu=[203832:mlxcel-server]
2026-10-09T00:10:57+0900 sample 683: clean gpu=[203832:mlxcel-server]
2026-10-09T00:10:59+0900 sample 684: clean gpu=[203832:mlxcel-server]
2026-10-09T00:11:00+0900 sample 685: clean gpu=[203832:mlxcel-server]
2026-10-09T00:11:02+0900 sample 686: clean gpu=[203832:mlxcel-server]
2026-10-09T00:11:03+0900 sample 687: clean gpu=[203832:mlxcel-server]
2026-10-09T00:11:04+0900 sample 688: clean gpu=[203832:mlxcel-server]
2026-10-09T00:11:06+0900 sample 689: clean gpu=[203832:mlxcel-server]
2026-10-09T00:11:07+0900 sample 690: clean gpu=[203832:mlxcel-server]
2026-10-09T00:11:09+0900 sample 691: clean gpu=[203832:mlxcel-server]
2026-10-09T00:11:11+0900 sample 692: clean gpu=[203832:mlxcel-server]
2026-10-09T00:11:12+0900 sample 693: clean gpu=[203832:mlxcel-server]
2026-10-09T00:11:14+0900 sample 694: clean gpu=[203832:mlxcel-server]
2026-10-09T00:11:15+0900 sample 695: clean gpu=[203832:mlxcel-server]
2026-10-09T00:11:17+0900 sample 696: clean gpu=[203832:mlxcel-server]
2026-10-09T00:11:18+0900 sample 697: clean gpu=[203832:mlxcel-server]
2026-10-09T00:11:20+0900 sample 698: clean gpu=[203832:mlxcel-server]
2026-10-09T00:11:21+0900 sample 699: clean gpu=[203832:mlxcel-server]
2026-10-09T00:11:23+0900 sample 700: clean gpu=[203832:mlxcel-server]
2026-10-09T00:11:24+0900 sample 701: clean gpu=[203832:mlxcel-server]
2026-10-09T00:11:26+0900 sample 702: clean gpu=[203832:mlxcel-server]
2026-10-09T00:11:27+0900 sample 703: clean gpu=[203832:mlxcel-server]
2026-10-09T00:11:29+0900 sample 704: clean gpu=[203832:mlxcel-server]
2026-10-09T00:11:30+0900 sample 705: clean gpu=[203832:mlxcel-server]
2026-10-09T00:11:32+0900 sample 706: clean gpu=[203832:mlxcel-server]
2026-10-09T00:11:33+0900 sample 707: clean gpu=[203832:mlxcel-server]
2026-10-09T00:11:35+0900 sample 708: clean gpu=[203832:mlxcel-server]
2026-10-09T00:11:36+0900 sample 709: clean gpu=[203832:mlxcel-server]
2026-10-09T00:11:38+0900 sample 710: clean gpu=[203832:mlxcel-server]
2026-10-09T00:11:39+0900 sample 711: clean gpu=[203832:mlxcel-server]
2026-10-09T00:11:41+0900 sample 712: clean gpu=[203832:mlxcel-server]
2026-10-09T00:11:42+0900 sample 713: clean gpu=[203832:mlxcel-server]
2026-10-09T00:11:44+0900 sample 714: clean gpu=[203832:mlxcel-server]
2026-10-09T00:11:45+0900 sample 715: clean gpu=[203832:mlxcel-server]
2026-10-09T00:11:46+0900 sample 716: clean gpu=[203832:mlxcel-server]
2026-10-09T00:11:48+0900 sample 717: clean gpu=[203832:mlxcel-server]
2026-10-09T00:11:49+0900 sample 718: clean gpu=[203832:mlxcel-server]
2026-10-09T00:11:51+0900 sample 719: clean gpu=[203832:mlxcel-server]
2026-10-09T00:11:53+0900 sample 720: clean gpu=[203832:mlxcel-server]
2026-10-09T00:11:54+0900 sample 721: clean gpu=[203832:mlxcel-server]
2026-10-09T00:11:56+0900 sample 722: clean gpu=[203832:mlxcel-server]
2026-10-09T00:11:57+0900 sample 723: clean gpu=[203832:mlxcel-server]
2026-10-09T00:11:59+0900 sample 724: clean gpu=[203832:mlxcel-server]
2026-10-09T00:12:00+0900 sample 725: clean gpu=[203832:mlxcel-server]
2026-10-09T00:12:02+0900 sample 726: clean gpu=[203832:mlxcel-server]
2026-10-09T00:12:03+0900 sample 727: clean gpu=[203832:mlxcel-server]
2026-10-09T00:12:05+0900 sample 728: clean gpu=[203832:mlxcel-server]
2026-10-09T00:12:06+0900 sample 729: clean gpu=[203832:mlxcel-server]
2026-10-09T00:12:08+0900 sample 730: clean gpu=[203832:mlxcel-server]
2026-10-09T00:12:09+0900 sample 731: clean gpu=[203832:mlxcel-server]
2026-10-09T00:12:11+0900 sample 732: clean gpu=[203832:mlxcel-server]
2026-10-09T00:12:12+0900 sample 733: clean gpu=[203832:mlxcel-server]
2026-10-09T00:12:14+0900 sample 734: clean gpu=[203832:mlxcel-server]
2026-10-09T00:12:15+0900 sample 735: clean gpu=[203832:mlxcel-server]
2026-10-09T00:12:17+0900 sample 736: clean gpu=[203832:mlxcel-server]
2026-10-09T00:12:18+0900 sample 737: clean gpu=[203832:mlxcel-server]
2026-10-09T00:12:20+0900 sample 738: clean gpu=[203832:mlxcel-server]
2026-10-09T00:12:21+0900 sample 739: clean gpu=[203832:mlxcel-server]
2026-10-09T00:12:23+0900 sample 740: clean gpu=[203832:mlxcel-server]
2026-10-09T00:12:24+0900 sample 741: clean gpu=[203832:mlxcel-server]
2026-10-09T00:12:26+0900 sample 742: clean gpu=[203832:mlxcel-server]
2026-10-09T00:12:27+0900 sample 743: clean gpu=[203832:mlxcel-server]
2026-10-09T00:12:29+0900 sample 744: clean gpu=[203832:mlxcel-server]
2026-10-09T00:12:30+0900 sample 745: clean gpu=[203832:mlxcel-server]
2026-10-09T00:12:32+0900 sample 746: clean gpu=[203832:mlxcel-server]
2026-10-09T00:12:33+0900 sample 747: clean gpu=[203832:mlxcel-server]
2026-10-09T00:12:35+0900 sample 748: clean gpu=[203832:mlxcel-server]
2026-10-09T00:12:36+0900 sample 749: clean gpu=[203832:mlxcel-server]
2026-10-09T00:12:38+0900 sample 750: clean gpu=[203832:mlxcel-server]
2026-10-09T00:12:39+0900 sample 751: clean gpu=[203832:mlxcel-server]
2026-10-09T00:12:41+0900 sample 752: clean gpu=[203832:mlxcel-server]
2026-10-09T00:12:42+0900 sample 753: clean gpu=[203832:mlxcel-server]
2026-10-09T00:12:44+0900 sample 754: clean gpu=[203832:mlxcel-server]
2026-10-09T00:12:45+0900 sample 755: clean gpu=[203832:mlxcel-server]
2026-10-09T00:12:47+0900 sample 756: clean gpu=[203832:mlxcel-server]
2026-10-09T00:12:48+0900 sample 757: clean gpu=[203832:mlxcel-server]
2026-10-09T00:12:50+0900 sample 758: clean gpu=[203832:mlxcel-server]
2026-10-09T00:12:51+0900 sample 759: clean gpu=[203832:mlxcel-server]
2026-10-09T00:12:53+0900 sample 760: clean gpu=[203832:mlxcel-server]
2026-10-09T00:12:54+0900 sample 761: clean gpu=[203832:mlxcel-server]
2026-10-09T00:12:56+0900 sample 762: clean gpu=[203832:mlxcel-server]
2026-10-09T00:12:57+0900 sample 763: clean gpu=[203832:mlxcel-server]
2026-10-09T00:12:59+0900 sample 764: clean gpu=[203832:mlxcel-server]
2026-10-09T00:13:01+0900 sample 765: clean gpu=[203832:mlxcel-server]
2026-10-09T00:13:02+0900 sample 766: clean gpu=[203832:mlxcel-server]
2026-10-09T00:13:04+0900 sample 767: clean gpu=[203832:mlxcel-server]
2026-10-09T00:13:05+0900 sample 768: clean gpu=[203832:mlxcel-server]
2026-10-09T00:13:07+0900 sample 769: clean gpu=[203832:mlxcel-server]
2026-10-09T00:13:08+0900 sample 770: clean gpu=[203832:mlxcel-server]
2026-10-09T00:13:10+0900 sample 771: clean gpu=[203832:mlxcel-server]
2026-10-09T00:13:11+0900 sample 772: clean gpu=[203832:mlxcel-server]
2026-10-09T00:13:13+0900 sample 773: clean gpu=[203832:mlxcel-server]
2026-10-09T00:13:14+0900 sample 774: clean gpu=[203832:mlxcel-server]
2026-10-09T00:13:16+0900 sample 775: clean gpu=[203832:mlxcel-server]
2026-10-09T00:13:18+0900 sample 776: clean gpu=[203832:mlxcel-server]
2026-10-09T00:13:19+0900 sample 777: clean gpu=[203832:mlxcel-server]
2026-10-09T00:13:20+0900 sample 778: clean gpu=[203832:mlxcel-server]
2026-10-09T00:13:22+0900 sample 779: clean gpu=[203832:mlxcel-server]
2026-10-09T00:13:23+0900 sample 780: clean gpu=[203832:mlxcel-server]
2026-10-09T00:13:25+0900 sample 781: clean gpu=[203832:mlxcel-server]
2026-10-09T00:13:26+0900 sample 782: clean gpu=[203832:mlxcel-server]
2026-10-09T00:13:28+0900 sample 783: clean gpu=[203832:mlxcel-server]
2026-10-09T00:13:29+0900 sample 784: clean gpu=[203832:mlxcel-server]
2026-10-09T00:13:31+0900 sample 785: clean gpu=[203832:mlxcel-server]
2026-10-09T00:13:33+0900 sample 786: clean gpu=[203832:mlxcel-server]
2026-10-09T00:13:34+0900 sample 787: clean gpu=[203832:mlxcel-server]
2026-10-09T00:13:36+0900 sample 788: clean gpu=[203832:mlxcel-server]
2026-10-09T00:13:37+0900 sample 789: clean gpu=[203832:mlxcel-server]
2026-10-09T00:13:39+0900 sample 790: clean gpu=[203832:mlxcel-server]
2026-10-09T00:13:40+0900 sample 791: clean gpu=[203832:mlxcel-server]
2026-10-09T00:13:42+0900 sample 792: clean gpu=[203832:mlxcel-server]
2026-10-09T00:13:43+0900 sample 793: clean gpu=[203832:mlxcel-server]
2026-10-09T00:13:45+0900 sample 794: clean gpu=[203832:mlxcel-server]
2026-10-09T00:13:46+0900 sample 795: clean gpu=[203832:mlxcel-server]
2026-10-09T00:13:48+0900 sample 796: clean gpu=[203832:mlxcel-server]
2026-10-09T00:13:49+0900 sample 797: clean gpu=[203832:mlxcel-server]
2026-10-09T00:13:51+0900 sample 798: clean gpu=[203832:mlxcel-server]
2026-10-09T00:13:52+0900 sample 799: clean gpu=[203832:mlxcel-server]
2026-10-09T00:13:54+0900 sample 800: clean gpu=[203832:mlxcel-server]
2026-10-09T00:13:55+0900 sample 801: clean gpu=[203832:mlxcel-server]
2026-10-09T00:13:57+0900 sample 802: clean gpu=[203832:mlxcel-server]
2026-10-09T00:13:58+0900 sample 803: clean gpu=[203832:mlxcel-server]
2026-10-09T00:14:00+0900 sample 804: clean gpu=[203832:mlxcel-server]
2026-10-09T00:14:01+0900 sample 805: clean gpu=[203832:mlxcel-server]
2026-10-09T00:14:03+0900 sample 806: clean gpu=[203832:mlxcel-server]
2026-10-09T00:14:04+0900 sample 807: clean gpu=[203832:mlxcel-server]
2026-10-09T00:14:06+0900 sample 808: clean gpu=[203832:mlxcel-server]
2026-10-09T00:14:07+0900 sample 809: clean gpu=[203832:mlxcel-server]
2026-10-09T00:14:09+0900 sample 810: clean gpu=[203832:mlxcel-server]
2026-10-09T00:14:11+0900 sample 811: clean gpu=[203832:mlxcel-server]
2026-10-09T00:14:12+0900 sample 812: clean gpu=[203832:mlxcel-server]
2026-10-09T00:14:14+0900 sample 813: clean gpu=[203832:mlxcel-server]
2026-10-09T00:14:15+0900 sample 814: clean gpu=[203832:mlxcel-server]
2026-10-09T00:14:17+0900 sample 815: clean gpu=[203832:mlxcel-server]
2026-10-09T00:14:18+0900 sample 816: clean gpu=[203832:mlxcel-server]
2026-10-09T00:14:20+0900 sample 817: clean gpu=[203832:mlxcel-server]
2026-10-09T00:14:21+0900 sample 818: clean gpu=[203832:mlxcel-server]
2026-10-09T00:14:23+0900 sample 819: clean gpu=[203832:mlxcel-server]
2026-10-09T00:14:24+0900 sample 820: clean gpu=[203832:mlxcel-server]
2026-10-09T00:14:26+0900 sample 821: clean gpu=[203832:mlxcel-server]
2026-10-09T00:14:27+0900 sample 822: clean gpu=[203832:mlxcel-server]
2026-10-09T00:14:29+0900 sample 823: clean gpu=[203832:mlxcel-server]
2026-10-09T00:14:30+0900 sample 824: clean gpu=[203832:mlxcel-server]
2026-10-09T00:14:32+0900 sample 825: clean gpu=[203832:mlxcel-server]
2026-10-09T00:14:33+0900 sample 826: clean gpu=[203832:mlxcel-server]
2026-10-09T00:14:35+0900 sample 827: clean gpu=[203832:mlxcel-server]
2026-10-09T00:14:36+0900 sample 828: clean gpu=[203832:mlxcel-server]
2026-10-09T00:14:38+0900 sample 829: clean gpu=[203832:mlxcel-server]
2026-10-09T00:14:39+0900 sample 830: clean gpu=[203832:mlxcel-server]
2026-10-09T00:14:41+0900 sample 831: clean gpu=[203832:mlxcel-server]
2026-10-09T00:14:42+0900 sample 832: clean gpu=[203832:mlxcel-server]
2026-10-09T00:14:44+0900 sample 833: clean gpu=[203832:mlxcel-server]
2026-10-09T00:14:45+0900 sample 834: clean gpu=[203832:mlxcel-server]
2026-10-09T00:14:47+0900 sample 835: clean gpu=[203832:mlxcel-server]
2026-10-09T00:14:48+0900 sample 836: clean gpu=[203832:mlxcel-server]
2026-10-09T00:14:50+0900 sample 837: clean gpu=[203832:mlxcel-server]
2026-10-09T00:14:51+0900 sample 838: clean gpu=[203832:mlxcel-server]
2026-10-09T00:14:53+0900 sample 839: clean gpu=[203832:mlxcel-server]
2026-10-09T00:14:54+0900 sample 840: clean gpu=[203832:mlxcel-server]
2026-10-09T00:14:56+0900 sample 841: clean gpu=[203832:mlxcel-server]
2026-10-09T00:14:57+0900 sample 842: clean gpu=[203832:mlxcel-server]
2026-10-09T00:14:59+0900 sample 843: clean gpu=[203832:mlxcel-server]
2026-10-09T00:15:00+0900 sample 844: clean gpu=[203832:mlxcel-server]
2026-10-09T00:15:02+0900 sample 845: clean gpu=[203832:mlxcel-server]
2026-10-09T00:15:03+0900 sample 846: clean gpu=[203832:mlxcel-server]
2026-10-09T00:15:05+0900 sample 847: clean gpu=[203832:mlxcel-server]
2026-10-09T00:15:06+0900 sample 848: clean gpu=[203832:mlxcel-server]
2026-10-09T00:15:08+0900 sample 849: clean gpu=[203832:mlxcel-server]
2026-10-09T00:15:10+0900 sample 850: clean gpu=[203832:mlxcel-server]
2026-10-09T00:15:11+0900 sample 851: clean gpu=[203832:mlxcel-server]
2026-10-09T00:15:13+0900 sample 852: clean gpu=[203832:mlxcel-server]
2026-10-09T00:15:14+0900 sample 853: clean gpu=[203832:mlxcel-server]
2026-10-09T00:15:16+0900 sample 854: clean gpu=[203832:mlxcel-server]
2026-10-09T00:15:17+0900 sample 855: clean gpu=[203832:mlxcel-server]
2026-10-09T00:15:19+0900 sample 856: clean gpu=[203832:mlxcel-server]
2026-10-09T00:15:20+0900 sample 857: clean gpu=[203832:mlxcel-server]
2026-10-09T00:15:22+0900 sample 858: clean gpu=[203832:mlxcel-server]
2026-10-09T00:15:23+0900 sample 859: clean gpu=[203832:mlxcel-server]
2026-10-09T00:15:25+0900 sample 860: clean gpu=[203832:mlxcel-server]
2026-10-09T00:15:26+0900 sample 861: clean gpu=[203832:mlxcel-server]
2026-10-09T00:15:28+0900 sample 862: clean gpu=[203832:mlxcel-server]
2026-10-09T00:15:29+0900 sample 863: clean gpu=[203832:mlxcel-server]
2026-10-09T00:15:31+0900 sample 864: clean gpu=[203832:mlxcel-server]
2026-10-09T00:15:32+0900 sample 865: clean gpu=[203832:mlxcel-server]
2026-10-09T00:15:34+0900 sample 866: clean gpu=[203832:mlxcel-server]
2026-10-09T00:15:35+0900 sample 867: clean gpu=[203832:mlxcel-server]
2026-10-09T00:15:36+0900 sample 868: clean gpu=[203832:mlxcel-server]
2026-10-09T00:15:38+0900 sample 869: clean gpu=[203832:mlxcel-server]
2026-10-09T00:15:39+0900 sample 870: clean gpu=[203832:mlxcel-server]
2026-10-09T00:15:41+0900 sample 871: clean gpu=[203832:mlxcel-server]
2026-10-09T00:15:42+0900 sample 872: clean gpu=[203832:mlxcel-server]
2026-10-09T00:15:44+0900 sample 873: clean gpu=[203832:mlxcel-server]
2026-10-09T00:15:45+0900 sample 874: clean gpu=[203832:mlxcel-server]
2026-10-09T00:15:47+0900 sample 875: clean gpu=[203832:mlxcel-server]
2026-10-09T00:15:48+0900 sample 876: clean gpu=[203832:mlxcel-server]
2026-10-09T00:15:50+0900 sample 877: clean gpu=[203832:mlxcel-server]
2026-10-09T00:15:51+0900 sample 878: clean gpu=[203832:mlxcel-server]
2026-10-09T00:15:53+0900 sample 879: clean gpu=[203832:mlxcel-server]
2026-10-09T00:15:54+0900 sample 880: clean gpu=[203832:mlxcel-server]
2026-10-09T00:15:56+0900 sample 881: clean gpu=[203832:mlxcel-server]
2026-10-09T00:15:57+0900 sample 882: clean gpu=[203832:mlxcel-server]
2026-10-09T00:15:59+0900 sample 883: clean gpu=[203832:mlxcel-server]
2026-10-09T00:16:00+0900 sample 884: clean gpu=[203832:mlxcel-server]
2026-10-09T00:16:02+0900 sample 885: clean gpu=[203832:mlxcel-server]
2026-10-09T00:16:03+0900 sample 886: clean gpu=[203832:mlxcel-server]
2026-10-09T00:16:05+0900 sample 887: clean gpu=[203832:mlxcel-server]
2026-10-09T00:16:06+0900 sample 888: clean gpu=[203832:mlxcel-server]
2026-10-09T00:16:08+0900 sample 889: clean gpu=[203832:mlxcel-server]
2026-10-09T00:16:09+0900 sample 890: clean gpu=[203832:mlxcel-server]
2026-10-09T00:16:11+0900 sample 891: clean gpu=[203832:mlxcel-server]
2026-10-09T00:16:12+0900 sample 892: clean gpu=[203832:mlxcel-server]
2026-10-09T00:16:14+0900 sample 893: clean gpu=[203832:mlxcel-server]
2026-10-09T00:16:15+0900 sample 894: clean gpu=[203832:mlxcel-server]
2026-10-09T00:16:17+0900 sample 895: clean gpu=[203832:mlxcel-server]
2026-10-09T00:16:18+0900 sample 896: clean gpu=[203832:mlxcel-server]
2026-10-09T00:16:20+0900 sample 897: clean gpu=[203832:mlxcel-server]
2026-10-09T00:16:21+0900 sample 898: clean gpu=[203832:mlxcel-server]
2026-10-09T00:16:23+0900 sample 899: clean gpu=[203832:mlxcel-server]
2026-10-09T00:16:24+0900 sample 900: clean gpu=[203832:mlxcel-server]
2026-10-09T00:16:26+0900 sample 901: clean gpu=[203832:mlxcel-server]
2026-10-09T00:16:27+0900 sample 902: clean gpu=[203832:mlxcel-server]
2026-10-09T00:16:29+0900 sample 903: clean gpu=[203832:mlxcel-server]
2026-10-09T00:16:30+0900 sample 904: clean gpu=[203832:mlxcel-server]
2026-10-09T00:16:32+0900 sample 905: clean gpu=[203832:mlxcel-server]
2026-10-09T00:16:33+0900 sample 906: clean gpu=[203832:mlxcel-server]
2026-10-09T00:16:34+0900 sample 907: clean gpu=[203832:mlxcel-server]
2026-10-09T00:16:36+0900 sample 908: clean gpu=[203832:mlxcel-server]
2026-10-09T00:16:37+0900 sample 909: clean gpu=[203832:mlxcel-server]
2026-10-09T00:16:39+0900 sample 910: clean gpu=[203832:mlxcel-server]
2026-10-09T00:16:40+0900 sample 911: clean gpu=[203832:mlxcel-server]
2026-10-09T00:16:42+0900 sample 912: clean gpu=[203832:mlxcel-server]
2026-10-09T00:16:43+0900 sample 913: clean gpu=[203832:mlxcel-server]
2026-10-09T00:16:45+0900 sample 914: clean gpu=[203832:mlxcel-server]
2026-10-09T00:16:46+0900 sample 915: clean gpu=[203832:mlxcel-server]
2026-10-09T00:16:48+0900 sample 916: clean gpu=[203832:mlxcel-server]
2026-10-09T00:16:49+0900 sample 917: clean gpu=[203832:mlxcel-server]
2026-10-09T00:16:51+0900 sample 918: clean gpu=[203832:mlxcel-server]
2026-10-09T00:16:52+0900 sample 919: clean gpu=[203832:mlxcel-server]
2026-10-09T00:16:54+0900 sample 920: clean gpu=[203832:mlxcel-server]
2026-10-09T00:16:55+0900 sample 921: clean gpu=[203832:mlxcel-server]
2026-10-09T00:16:57+0900 sample 922: clean gpu=[203832:mlxcel-server]
2026-10-09T00:16:58+0900 sample 923: clean gpu=[203832:mlxcel-server]
2026-10-09T00:17:00+0900 sample 924: clean gpu=[203832:mlxcel-server]
2026-10-09T00:17:01+0900 sample 925: clean gpu=[203832:mlxcel-server]
2026-10-09T00:17:03+0900 sample 926: clean gpu=[203832:mlxcel-server]
2026-10-09T00:17:04+0900 sample 927: clean gpu=[203832:mlxcel-server]
2026-10-09T00:17:06+0900 sample 928: clean gpu=[203832:mlxcel-server]
2026-10-09T00:17:07+0900 sample 929: clean gpu=[203832:mlxcel-server]
2026-10-09T00:17:09+0900 sample 930: clean gpu=[203832:mlxcel-server]
2026-10-09T00:17:10+0900 sample 931: clean gpu=[203832:mlxcel-server]
2026-10-09T00:17:12+0900 sample 932: clean gpu=[203832:mlxcel-server]
2026-10-09T00:17:13+0900 sample 933: clean gpu=[203832:mlxcel-server]
2026-10-09T00:17:15+0900 sample 934: clean gpu=[203832:mlxcel-server]
2026-10-09T00:17:16+0900 sample 935: clean gpu=[203832:mlxcel-server]
2026-10-09T00:17:18+0900 sample 936: clean gpu=[203832:mlxcel-server]
2026-10-09T00:17:19+0900 sample 937: clean gpu=[203832:mlxcel-server]
2026-10-09T00:17:21+0900 sample 938: clean gpu=[203832:mlxcel-server]
2026-10-09T00:17:22+0900 sample 939: clean gpu=[203832:mlxcel-server]
2026-10-09T00:17:24+0900 sample 940: clean gpu=[203832:mlxcel-server]
2026-10-09T00:17:25+0900 sample 941: clean gpu=[203832:mlxcel-server]
2026-10-09T00:17:27+0900 sample 942: clean gpu=[203832:mlxcel-server]
2026-10-09T00:17:28+0900 sample 943: clean gpu=[203832:mlxcel-server]
2026-10-09T00:17:29+0900 sample 944: clean gpu=[203832:mlxcel-server]
2026-10-09T00:17:31+0900 sample 945: clean gpu=[203832:mlxcel-server]
2026-10-09T00:17:32+0900 sample 946: clean gpu=[203832:mlxcel-server]
2026-10-09T00:17:34+0900 sample 947: clean gpu=[203832:mlxcel-server]
2026-10-09T00:17:35+0900 sample 948: clean gpu=[203832:mlxcel-server]
2026-10-09T00:17:37+0900 sample 949: clean gpu=[203832:mlxcel-server]
2026-10-09T00:17:38+0900 sample 950: clean gpu=[203832:mlxcel-server]
2026-10-09T00:17:40+0900 sample 951: clean gpu=[203832:mlxcel-server]
2026-10-09T00:17:41+0900 sample 952: clean gpu=[203832:mlxcel-server]
2026-10-09T00:17:43+0900 sample 953: clean gpu=[203832:mlxcel-server]
2026-10-09T00:17:44+0900 sample 954: clean gpu=[203832:mlxcel-server]
2026-10-09T00:17:46+0900 sample 955: clean gpu=[203832:mlxcel-server]
2026-10-09T00:17:47+0900 sample 956: clean gpu=[203832:mlxcel-server]
2026-10-09T00:17:49+0900 sample 957: clean gpu=[203832:mlxcel-server]
2026-10-09T00:17:50+0900 sample 958: clean gpu=[203832:mlxcel-server]
2026-10-09T00:17:52+0900 sample 959: clean gpu=[203832:mlxcel-server]
2026-10-09T00:17:53+0900 sample 960: clean gpu=[203832:mlxcel-server]
2026-10-09T00:17:55+0900 sample 961: clean gpu=[203832:mlxcel-server]
2026-10-09T00:17:56+0900 sample 962: clean gpu=[203832:mlxcel-server]
2026-10-09T00:17:58+0900 sample 963: clean gpu=[203832:mlxcel-server]
2026-10-09T00:17:59+0900 sample 964: clean gpu=[203832:mlxcel-server]
2026-10-09T00:18:00+0900 sample 965: clean gpu=[203832:mlxcel-server]
2026-10-09T00:18:02+0900 sample 966: clean gpu=[203832:mlxcel-server]
2026-10-09T00:18:03+0900 sample 967: clean gpu=[203832:mlxcel-server]
2026-10-09T00:18:05+0900 sample 968: clean gpu=[203832:mlxcel-server]
2026-10-09T00:18:06+0900 sample 969: clean gpu=[203832:mlxcel-server]
2026-10-09T00:18:08+0900 sample 970: clean gpu=[203832:mlxcel-server]
2026-10-09T00:18:09+0900 sample 971: clean gpu=[203832:mlxcel-server]
2026-10-09T00:18:11+0900 sample 972: clean gpu=[203832:mlxcel-server]
2026-10-09T00:18:12+0900 sample 973: clean gpu=[203832:mlxcel-server]
2026-10-09T00:18:14+0900 sample 974: clean gpu=[203832:mlxcel-server]
2026-10-09T00:18:15+0900 sample 975: clean gpu=[203832:mlxcel-server]
2026-10-09T00:18:17+0900 sample 976: clean gpu=[203832:mlxcel-server]
2026-10-09T00:18:18+0900 sample 977: clean gpu=[203832:mlxcel-server]
2026-10-09T00:18:20+0900 sample 978: clean gpu=[203832:mlxcel-server]
2026-10-09T00:18:21+0900 sample 979: clean gpu=[203832:mlxcel-server]
2026-10-09T00:18:23+0900 sample 980: clean gpu=[203832:mlxcel-server]
2026-10-09T00:18:24+0900 sample 981: clean gpu=[203832:mlxcel-server]
2026-10-09T00:18:26+0900 sample 982: clean gpu=[203832:mlxcel-server]
2026-10-09T00:18:27+0900 sample 983: clean gpu=[203832:mlxcel-server]
2026-10-09T00:18:29+0900 sample 984: clean gpu=[203832:mlxcel-server]
2026-10-09T00:18:30+0900 sample 985: clean gpu=[203832:mlxcel-server]
2026-10-09T00:18:32+0900 sample 986: clean gpu=[203832:mlxcel-server]
2026-10-09T00:18:33+0900 sample 987: clean gpu=[203832:mlxcel-server]
2026-10-09T00:18:34+0900 sample 988: clean gpu=[203832:mlxcel-server]
2026-10-09T00:18:36+0900 sample 989: clean gpu=[203832:mlxcel-server]
2026-10-09T00:18:37+0900 sample 990: clean gpu=[203832:mlxcel-server]
2026-10-09T00:18:39+0900 sample 991: clean gpu=[203832:mlxcel-server]
2026-10-09T00:18:40+0900 sample 992: clean gpu=[203832:mlxcel-server]
2026-10-09T00:18:42+0900 sample 993: clean gpu=[203832:mlxcel-server]
2026-10-09T00:18:43+0900 sample 994: clean gpu=[771557:mlxcel-server]
2026-10-09T00:18:45+0900 sample 995: clean gpu=[771557:mlxcel-server]
2026-10-09T00:18:46+0900 sample 996: clean gpu=[771557:mlxcel-server]
2026-10-09T00:18:48+0900 sample 997: clean gpu=[771557:mlxcel-server]
2026-10-09T00:18:49+0900 sample 998: clean gpu=[771557:mlxcel-server]
2026-10-09T00:18:51+0900 sample 999: clean gpu=[771557:mlxcel-server]
2026-10-09T00:18:52+0900 sample 1000: clean gpu=[771557:mlxcel-server]
2026-10-09T00:18:54+0900 sample 1001: clean gpu=[771557:mlxcel-server]
2026-10-09T00:18:55+0900 sample 1002: clean gpu=[771557:mlxcel-server]
2026-10-09T00:18:57+0900 sample 1003: clean gpu=[771557:mlxcel-server]
2026-10-09T00:18:58+0900 sample 1004: clean gpu=[771557:mlxcel-server]
2026-10-09T00:19:00+0900 sample 1005: clean gpu=[771557:mlxcel-server]
2026-10-09T00:19:01+0900 sample 1006: clean gpu=[771557:mlxcel-server]
2026-10-09T00:19:03+0900 sample 1007: clean gpu=[771557:mlxcel-server]
2026-10-09T00:19:04+0900 sample 1008: clean gpu=[771557:mlxcel-server]
2026-10-09T00:19:06+0900 sample 1009: clean gpu=[771557:mlxcel-server]
2026-10-09T00:19:07+0900 sample 1010: clean gpu=[771557:mlxcel-server]
2026-10-09T00:19:09+0900 sample 1011: clean gpu=[771557:mlxcel-server]
2026-10-09T00:19:10+0900 sample 1012: clean gpu=[771557:mlxcel-server]
2026-10-09T00:19:12+0900 sample 1013: clean gpu=[771557:mlxcel-server]
2026-10-09T00:19:13+0900 sample 1014: clean gpu=[771557:mlxcel-server]
2026-10-09T00:19:15+0900 sample 1015: clean gpu=[771557:mlxcel-server]
2026-10-09T00:19:16+0900 sample 1016: clean gpu=[771557:mlxcel-server]
2026-10-09T00:19:18+0900 sample 1017: clean gpu=[771557:mlxcel-server]
2026-10-09T00:19:19+0900 sample 1018: clean gpu=[771557:mlxcel-server]
2026-10-09T00:19:21+0900 sample 1019: clean gpu=[771557:mlxcel-server]
2026-10-09T00:19:22+0900 sample 1020: clean gpu=[771557:mlxcel-server]
2026-10-09T00:19:24+0900 sample 1021: clean gpu=[771557:mlxcel-server]
2026-10-09T00:19:25+0900 sample 1022: clean gpu=[771557:mlxcel-server]
2026-10-09T00:19:27+0900 sample 1023: clean gpu=[771557:mlxcel-server]
2026-10-09T00:19:28+0900 sample 1024: clean gpu=[771557:mlxcel-server]
2026-10-09T00:19:30+0900 sample 1025: clean gpu=[771557:mlxcel-server]
2026-10-09T00:19:31+0900 sample 1026: clean gpu=[771557:mlxcel-server]
2026-10-09T00:19:33+0900 sample 1027: clean gpu=[771557:mlxcel-server]
2026-10-09T00:19:35+0900 sample 1028: clean gpu=[771557:mlxcel-server]
2026-10-09T00:19:36+0900 sample 1029: clean gpu=[771557:mlxcel-server]
2026-10-09T00:19:38+0900 sample 1030: clean gpu=[771557:mlxcel-server]
2026-10-09T00:19:39+0900 sample 1031: clean gpu=[771557:mlxcel-server]
2026-10-09T00:19:41+0900 sample 1032: clean gpu=[771557:mlxcel-server]
2026-10-09T00:19:42+0900 sample 1033: clean gpu=[771557:mlxcel-server]
2026-10-09T00:19:44+0900 sample 1034: clean gpu=[771557:mlxcel-server]
2026-10-09T00:19:45+0900 sample 1035: clean gpu=[771557:mlxcel-server]
2026-10-09T00:19:47+0900 sample 1036: clean gpu=[771557:mlxcel-server]
2026-10-09T00:19:48+0900 sample 1037: clean gpu=[771557:mlxcel-server]
2026-10-09T00:19:50+0900 sample 1038: clean gpu=[771557:mlxcel-server]
2026-10-09T00:19:51+0900 sample 1039: clean gpu=[771557:mlxcel-server]
2026-10-09T00:19:53+0900 sample 1040: clean gpu=[771557:mlxcel-server]
2026-10-09T00:19:54+0900 sample 1041: clean gpu=[771557:mlxcel-server]
2026-10-09T00:19:56+0900 sample 1042: clean gpu=[771557:mlxcel-server]
2026-10-09T00:19:57+0900 sample 1043: clean gpu=[771557:mlxcel-server]
2026-10-09T00:19:59+0900 sample 1044: clean gpu=[771557:mlxcel-server]
2026-10-09T00:20:00+0900 sample 1045: clean gpu=[771557:mlxcel-server]
2026-10-09T00:20:02+0900 sample 1046: clean gpu=[771557:mlxcel-server]
2026-10-09T00:20:03+0900 sample 1047: clean gpu=[771557:mlxcel-server]
2026-10-09T00:20:05+0900 sample 1048: clean gpu=[771557:mlxcel-server]
2026-10-09T00:20:06+0900 sample 1049: clean gpu=[771557:mlxcel-server]
2026-10-09T00:20:08+0900 sample 1050: clean gpu=[771557:mlxcel-server]
2026-10-09T00:20:09+0900 sample 1051: clean gpu=[771557:mlxcel-server]
2026-10-09T00:20:11+0900 sample 1052: clean gpu=[771557:mlxcel-server]
2026-10-09T00:20:13+0900 sample 1053: clean gpu=[771557:mlxcel-server]
2026-10-09T00:20:14+0900 sample 1054: clean gpu=[771557:mlxcel-server]
2026-10-09T00:20:16+0900 sample 1055: clean gpu=[771557:mlxcel-server]
2026-10-09T00:20:17+0900 sample 1056: clean gpu=[771557:mlxcel-server]
2026-10-09T00:20:19+0900 sample 1057: clean gpu=[771557:mlxcel-server]
2026-10-09T00:20:20+0900 sample 1058: clean gpu=[771557:mlxcel-server]
2026-10-09T00:20:22+0900 sample 1059: clean gpu=[771557:mlxcel-server]
2026-10-09T00:20:23+0900 sample 1060: clean gpu=[771557:mlxcel-server]
2026-10-09T00:20:25+0900 sample 1061: clean gpu=[771557:mlxcel-server]
2026-10-09T00:20:26+0900 sample 1062: clean gpu=[771557:mlxcel-server]
2026-10-09T00:20:28+0900 sample 1063: clean gpu=[771557:mlxcel-server]
2026-10-09T00:20:29+0900 sample 1064: clean gpu=[771557:mlxcel-server]
2026-10-09T00:20:31+0900 sample 1065: clean gpu=[771557:mlxcel-server]
2026-10-09T00:20:32+0900 sample 1066: clean gpu=[771557:mlxcel-server]
2026-10-09T00:20:34+0900 sample 1067: clean gpu=[771557:mlxcel-server]
2026-10-09T00:20:35+0900 sample 1068: clean gpu=[771557:mlxcel-server]
2026-10-09T00:20:37+0900 sample 1069: clean gpu=[771557:mlxcel-server]
2026-10-09T00:20:38+0900 sample 1070: clean gpu=[771557:mlxcel-server]
2026-10-09T00:20:40+0900 sample 1071: clean gpu=[771557:mlxcel-server]
2026-10-09T00:20:41+0900 sample 1072: clean gpu=[771557:mlxcel-server]
2026-10-09T00:20:43+0900 sample 1073: clean gpu=[771557:mlxcel-server]
2026-10-09T00:20:44+0900 sample 1074: clean gpu=[771557:mlxcel-server]
2026-10-09T00:20:46+0900 sample 1075: clean gpu=[771557:mlxcel-server]
2026-10-09T00:20:47+0900 sample 1076: clean gpu=[771557:mlxcel-server]
2026-10-09T00:20:49+0900 sample 1077: clean gpu=[771557:mlxcel-server]
2026-10-09T00:20:50+0900 sample 1078: clean gpu=[771557:mlxcel-server]
2026-10-09T00:20:52+0900 sample 1079: clean gpu=[771557:mlxcel-server]
2026-10-09T00:20:53+0900 sample 1080: clean gpu=[771557:mlxcel-server]
2026-10-09T00:20:55+0900 sample 1081: clean gpu=[771557:mlxcel-server]
2026-10-09T00:20:56+0900 sample 1082: clean gpu=[771557:mlxcel-server]
2026-10-09T00:20:58+0900 sample 1083: clean gpu=[771557:mlxcel-server]
2026-10-09T00:20:59+0900 sample 1084: clean gpu=[771557:mlxcel-server]
2026-10-09T00:21:00+0900 sample 1085: clean gpu=[771557:mlxcel-server]
2026-10-09T00:21:02+0900 sample 1086: clean gpu=[771557:mlxcel-server]
2026-10-09T00:21:03+0900 sample 1087: clean gpu=[771557:mlxcel-server]
2026-10-09T00:21:05+0900 sample 1088: clean gpu=[771557:mlxcel-server]
2026-10-09T00:21:06+0900 sample 1089: clean gpu=[771557:mlxcel-server]
2026-10-09T00:21:08+0900 sample 1090: clean gpu=[771557:mlxcel-server]
2026-10-09T00:21:09+0900 sample 1091: clean gpu=[771557:mlxcel-server]
2026-10-09T00:21:11+0900 sample 1092: clean gpu=[771557:mlxcel-server]
2026-10-09T00:21:12+0900 sample 1093: clean gpu=[771557:mlxcel-server]
2026-10-09T00:21:14+0900 sample 1094: clean gpu=[771557:mlxcel-server]
2026-10-09T00:21:15+0900 sample 1095: clean gpu=[771557:mlxcel-server]
2026-10-09T00:21:17+0900 sample 1096: clean gpu=[771557:mlxcel-server]
2026-10-09T00:21:18+0900 sample 1097: clean gpu=[771557:mlxcel-server]
2026-10-09T00:21:20+0900 sample 1098: clean gpu=[771557:mlxcel-server]
2026-10-09T00:21:21+0900 sample 1099: clean gpu=[771557:mlxcel-server]
2026-10-09T00:21:23+0900 sample 1100: clean gpu=[771557:mlxcel-server]
2026-10-09T00:21:24+0900 sample 1101: clean gpu=[771557:mlxcel-server]
2026-10-09T00:21:26+0900 sample 1102: clean gpu=[771557:mlxcel-server]
2026-10-09T00:21:27+0900 sample 1103: clean gpu=[771557:mlxcel-server]
2026-10-09T00:21:29+0900 sample 1104: clean gpu=[771557:mlxcel-server]
2026-10-09T00:21:30+0900 sample 1105: clean gpu=[771557:mlxcel-server]
2026-10-09T00:21:32+0900 sample 1106: clean gpu=[771557:mlxcel-server]
2026-10-09T00:21:33+0900 sample 1107: clean gpu=[771557:mlxcel-server]
2026-10-09T00:21:34+0900 sample 1108: clean gpu=[771557:mlxcel-server]
2026-10-09T00:21:36+0900 sample 1109: clean gpu=[771557:mlxcel-server]
2026-10-09T00:21:37+0900 sample 1110: clean gpu=[771557:mlxcel-server]
2026-10-09T00:21:38+0900 monitor: 1110 samples
2026-10-09T00:21:38+0900 attempt 1: REJECTED (contended), exit 0; rerunning
2026-10-09T00:21:38+0900 waiting for 60s of idle GPU and no compiler
2026-10-09T00:23:08+0900 idle for 60s: kfd proc empty and no compiler in every 1 Hz sample
2026-10-09T00:23:08+0900 attempt 2/6: start: <meas>/run_s3.sh <meas>/s3
2026-10-09T00:23:09+0900 sample 1: clean gpu=[]
2026-10-09T00:23:10+0900 sample 2: clean gpu=[938452:rocm_qmm_batche]
2026-10-09T00:23:12+0900 sample 3: clean gpu=[938452:rocm_qmm_batche]
2026-10-09T00:23:13+0900 sample 4: clean gpu=[938452:rocm_qmm_batche]
2026-10-09T00:23:15+0900 sample 5: clean gpu=[938452:rocm_qmm_batche]
2026-10-09T00:23:16+0900 sample 6: clean gpu=[938452:rocm_qmm_batche]
2026-10-09T00:23:18+0900 sample 7: clean gpu=[938452:rocm_qmm_batche]
2026-10-09T00:23:19+0900 sample 8: clean gpu=[938452:rocm_qmm_batche]
2026-10-09T00:23:21+0900 sample 9: clean gpu=[938452:rocm_qmm_batche]
2026-10-09T00:23:22+0900 sample 10: clean gpu=[938452:rocm_qmm_batche]
2026-10-09T00:23:24+0900 sample 11: clean gpu=[938452:rocm_qmm_batche]
2026-10-09T00:23:25+0900 sample 12: clean gpu=[938452:rocm_qmm_batche]
2026-10-09T00:23:27+0900 sample 13: clean gpu=[938452:rocm_qmm_batche]
2026-10-09T00:23:28+0900 sample 14: clean gpu=[938452:rocm_qmm_batche]
2026-10-09T00:23:30+0900 sample 15: clean gpu=[938452:rocm_qmm_batche]
2026-10-09T00:23:31+0900 sample 16: clean gpu=[938452:rocm_qmm_batche]
2026-10-09T00:23:33+0900 sample 17: clean gpu=[938452:rocm_qmm_batche]
2026-10-09T00:23:34+0900 sample 18: clean gpu=[938452:rocm_qmm_batche]
2026-10-09T00:23:36+0900 sample 19: clean gpu=[938452:rocm_qmm_batche]
2026-10-09T00:23:37+0900 sample 20: clean gpu=[938452:rocm_qmm_batche]
2026-10-09T00:23:39+0900 sample 21: clean gpu=[938452:rocm_qmm_batche]
2026-10-09T00:23:40+0900 sample 22: clean gpu=[938452:rocm_qmm_batche]
2026-10-09T00:23:42+0900 sample 23: clean gpu=[938452:rocm_qmm_batche]
2026-10-09T00:23:43+0900 sample 24: clean gpu=[938452:rocm_qmm_batche]
2026-10-09T00:23:45+0900 sample 25: clean gpu=[938452:rocm_qmm_batche]
2026-10-09T00:23:46+0900 sample 26: clean gpu=[938452:rocm_qmm_batche]
2026-10-09T00:23:48+0900 sample 27: clean gpu=[938452:rocm_qmm_batche]
2026-10-09T00:23:49+0900 sample 28: clean gpu=[938452:rocm_qmm_batche]
2026-10-09T00:23:51+0900 sample 29: clean gpu=[938452:rocm_qmm_batche]
2026-10-09T00:23:52+0900 sample 30: clean gpu=[938452:rocm_qmm_batche]
2026-10-09T00:23:54+0900 sample 31: clean gpu=[938452:rocm_qmm_batche]
2026-10-09T00:23:55+0900 sample 32: clean gpu=[938452:rocm_qmm_batche]
2026-10-09T00:23:57+0900 sample 33: clean gpu=[938452:rocm_qmm_batche]
2026-10-09T00:23:58+0900 sample 34: clean gpu=[938452:rocm_qmm_batche]
2026-10-09T00:24:00+0900 sample 35: clean gpu=[938452:rocm_qmm_batche]
2026-10-09T00:24:01+0900 sample 36: clean gpu=[938452:rocm_qmm_batche]
2026-10-09T00:24:03+0900 sample 37: clean gpu=[938452:rocm_qmm_batche]
2026-10-09T00:24:04+0900 sample 38: clean gpu=[938452:rocm_qmm_batche]
2026-10-09T00:24:06+0900 sample 39: clean gpu=[938452:rocm_qmm_batche]
2026-10-09T00:24:07+0900 sample 40: clean gpu=[938452:rocm_qmm_batche]
2026-10-09T00:24:09+0900 sample 41: clean gpu=[938452:rocm_qmm_batche]
2026-10-09T00:24:10+0900 sample 42: clean gpu=[938452:rocm_qmm_batche]
2026-10-09T00:24:12+0900 sample 43: clean gpu=[938452:rocm_qmm_batche]
2026-10-09T00:24:13+0900 sample 44: clean gpu=[938452:rocm_qmm_batche]
2026-10-09T00:24:15+0900 sample 45: clean gpu=[938452:rocm_qmm_batche]
2026-10-09T00:24:16+0900 sample 46: clean gpu=[938452:rocm_qmm_batche]
2026-10-09T00:24:18+0900 sample 47: clean gpu=[938452:rocm_qmm_batche]
2026-10-09T00:24:19+0900 sample 48: clean gpu=[938452:rocm_qmm_batche]
2026-10-09T00:24:21+0900 sample 49: clean gpu=[938452:rocm_qmm_batche]
2026-10-09T00:24:22+0900 sample 50: clean gpu=[938452:rocm_qmm_batche]
2026-10-09T00:24:24+0900 sample 51: clean gpu=[938452:rocm_qmm_batche]
2026-10-09T00:24:25+0900 sample 52: clean gpu=[938452:rocm_qmm_batche]
2026-10-09T00:24:27+0900 sample 53: clean gpu=[938452:rocm_qmm_batche]
2026-10-09T00:24:28+0900 sample 54: clean gpu=[938452:rocm_qmm_batche]
2026-10-09T00:24:30+0900 sample 55: clean gpu=[938452:rocm_qmm_batche]
2026-10-09T00:24:31+0900 sample 56: clean gpu=[938452:rocm_qmm_batche]
2026-10-09T00:24:33+0900 sample 57: clean gpu=[938452:rocm_qmm_batche]
2026-10-09T00:24:34+0900 sample 58: clean gpu=[938452:rocm_qmm_batche]
2026-10-09T00:24:36+0900 sample 59: clean gpu=[938452:rocm_qmm_batche]
2026-10-09T00:24:37+0900 sample 60: clean gpu=[938452:rocm_qmm_batche]
2026-10-09T00:24:39+0900 sample 61: clean gpu=[938452:rocm_qmm_batche]
2026-10-09T00:24:40+0900 sample 62: clean gpu=[938452:rocm_qmm_batche]
2026-10-09T00:24:42+0900 sample 63: clean gpu=[938452:rocm_qmm_batche]
2026-10-09T00:24:43+0900 sample 64: clean gpu=[938452:rocm_qmm_batche]
2026-10-09T00:24:45+0900 sample 65: clean gpu=[938452:rocm_qmm_batche]
2026-10-09T00:24:46+0900 sample 66: clean gpu=[938452:rocm_qmm_batche]
2026-10-09T00:24:48+0900 sample 67: clean gpu=[938452:rocm_qmm_batche]
2026-10-09T00:24:49+0900 sample 68: clean gpu=[938452:rocm_qmm_batche]
2026-10-09T00:24:51+0900 sample 69: clean gpu=[938452:rocm_qmm_batche]
2026-10-09T00:24:52+0900 sample 70: clean gpu=[938452:rocm_qmm_batche]
2026-10-09T00:24:54+0900 sample 71: clean gpu=[938452:rocm_qmm_batche]
2026-10-09T00:24:55+0900 sample 72: clean gpu=[938452:rocm_qmm_batche]
2026-10-09T00:24:57+0900 sample 73: clean gpu=[938452:rocm_qmm_batche]
2026-10-09T00:24:58+0900 sample 74: clean gpu=[938452:rocm_qmm_batche]
2026-10-09T00:25:00+0900 sample 75: clean gpu=[938452:rocm_qmm_batche]
2026-10-09T00:25:01+0900 sample 76: clean gpu=[938452:rocm_qmm_batche]
2026-10-09T00:25:03+0900 sample 77: clean gpu=[938452:rocm_qmm_batche]
2026-10-09T00:25:04+0900 sample 78: clean gpu=[938452:rocm_qmm_batche]
2026-10-09T00:25:06+0900 sample 79: clean gpu=[938452:rocm_qmm_batche]
2026-10-09T00:25:07+0900 sample 80: clean gpu=[938452:rocm_qmm_batche]
2026-10-09T00:25:09+0900 sample 81: clean gpu=[938452:rocm_qmm_batche]
2026-10-09T00:25:10+0900 sample 82: clean gpu=[938452:rocm_qmm_batche]
2026-10-09T00:25:12+0900 sample 83: clean gpu=[938452:rocm_qmm_batche]
2026-10-09T00:25:13+0900 sample 84: clean gpu=[938452:rocm_qmm_batche]
2026-10-09T00:25:15+0900 sample 85: clean gpu=[938452:rocm_qmm_batche]
2026-10-09T00:25:16+0900 sample 86: clean gpu=[938452:rocm_qmm_batche]
2026-10-09T00:25:18+0900 sample 87: clean gpu=[938452:rocm_qmm_batche]
2026-10-09T00:25:19+0900 sample 88: clean gpu=[938452:rocm_qmm_batche]
2026-10-09T00:25:21+0900 sample 89: clean gpu=[938452:rocm_qmm_batche]
2026-10-09T00:25:22+0900 sample 90: clean gpu=[938452:rocm_qmm_batche]
2026-10-09T00:25:24+0900 sample 91: clean gpu=[938452:rocm_qmm_batche]
2026-10-09T00:25:25+0900 sample 92: clean gpu=[938452:rocm_qmm_batche]
2026-10-09T00:25:27+0900 sample 93: clean gpu=[938452:rocm_qmm_batche]
2026-10-09T00:25:28+0900 sample 94: clean gpu=[938452:rocm_qmm_batche]
2026-10-09T00:25:30+0900 sample 95: clean gpu=[938452:rocm_qmm_batche]
2026-10-09T00:25:31+0900 sample 96: clean gpu=[938452:rocm_qmm_batche]
2026-10-09T00:25:33+0900 sample 97: clean gpu=[938452:rocm_qmm_batche]
2026-10-09T00:25:34+0900 sample 98: clean gpu=[938452:rocm_qmm_batche]
2026-10-09T00:25:36+0900 sample 99: clean gpu=[938452:rocm_qmm_batche]
2026-10-09T00:25:37+0900 sample 100: clean gpu=[938452:rocm_qmm_batche]
2026-10-09T00:25:39+0900 sample 101: clean gpu=[938452:rocm_qmm_batche]
2026-10-09T00:25:40+0900 sample 102: clean gpu=[938452:rocm_qmm_batche]
2026-10-09T00:25:42+0900 sample 103: clean gpu=[938452:rocm_qmm_batche]
2026-10-09T00:25:43+0900 sample 104: clean gpu=[938452:rocm_qmm_batche]
2026-10-09T00:25:45+0900 sample 105: clean gpu=[938452:rocm_qmm_batche]
2026-10-09T00:25:46+0900 sample 106: clean gpu=[938452:rocm_qmm_batche]
2026-10-09T00:25:48+0900 sample 107: clean gpu=[938452:rocm_qmm_batche]
2026-10-09T00:25:49+0900 sample 108: clean gpu=[938452:rocm_qmm_batche]
2026-10-09T00:25:51+0900 sample 109: clean gpu=[938452:rocm_qmm_batche]
2026-10-09T00:25:52+0900 sample 110: clean gpu=[938452:rocm_qmm_batche]
2026-10-09T00:25:54+0900 sample 111: clean gpu=[938452:rocm_qmm_batche]
2026-10-09T00:25:55+0900 sample 112: clean gpu=[938452:rocm_qmm_batche]
2026-10-09T00:25:57+0900 sample 113: clean gpu=[938452:rocm_qmm_batche]
2026-10-09T00:25:58+0900 sample 114: clean gpu=[938452:rocm_qmm_batche]
2026-10-09T00:26:00+0900 sample 115: clean gpu=[938452:rocm_qmm_batche]
2026-10-09T00:26:01+0900 sample 116: clean gpu=[938452:rocm_qmm_batche]
2026-10-09T00:26:03+0900 sample 117: clean gpu=[938452:rocm_qmm_batche]
2026-10-09T00:26:04+0900 sample 118: clean gpu=[938452:rocm_qmm_batche]
2026-10-09T00:26:06+0900 sample 119: clean gpu=[938452:rocm_qmm_batche]
2026-10-09T00:26:07+0900 sample 120: clean gpu=[938452:rocm_qmm_batche]
2026-10-09T00:26:09+0900 sample 121: clean gpu=[938452:rocm_qmm_batche]
2026-10-09T00:26:10+0900 sample 122: clean gpu=[938452:rocm_qmm_batche]
2026-10-09T00:26:12+0900 sample 123: clean gpu=[938452:rocm_qmm_batche]
2026-10-09T00:26:13+0900 sample 124: clean gpu=[938452:rocm_qmm_batche]
2026-10-09T00:26:15+0900 sample 125: clean gpu=[938452:rocm_qmm_batche]
2026-10-09T00:26:16+0900 sample 126: clean gpu=[938452:rocm_qmm_batche]
2026-10-09T00:26:18+0900 sample 127: clean gpu=[938452:rocm_qmm_batche]
2026-10-09T00:26:19+0900 sample 128: clean gpu=[938452:rocm_qmm_batche]
2026-10-09T00:26:21+0900 sample 129: clean gpu=[938452:rocm_qmm_batche]
2026-10-09T00:26:22+0900 sample 130: clean gpu=[938452:rocm_qmm_batche]
2026-10-09T00:26:24+0900 sample 131: clean gpu=[938452:rocm_qmm_batche]
2026-10-09T00:26:25+0900 sample 132: clean gpu=[938452:rocm_qmm_batche]
2026-10-09T00:26:27+0900 sample 133: clean gpu=[938452:rocm_qmm_batche]
2026-10-09T00:26:28+0900 sample 134: clean gpu=[938452:rocm_qmm_batche]
2026-10-09T00:26:30+0900 sample 135: clean gpu=[938452:rocm_qmm_batche]
2026-10-09T00:26:31+0900 sample 136: clean gpu=[938452:rocm_qmm_batche]
2026-10-09T00:26:33+0900 sample 137: clean gpu=[938452:rocm_qmm_batche]
2026-10-09T00:26:34+0900 sample 138: clean gpu=[938452:rocm_qmm_batche]
2026-10-09T00:26:36+0900 sample 139: clean gpu=[938452:rocm_qmm_batche]
2026-10-09T00:26:37+0900 sample 140: clean gpu=[938452:rocm_qmm_batche]
2026-10-09T00:26:39+0900 sample 141: clean gpu=[938452:rocm_qmm_batche]
2026-10-09T00:26:40+0900 sample 142: clean gpu=[938452:rocm_qmm_batche]
2026-10-09T00:26:42+0900 sample 143: clean gpu=[938452:rocm_qmm_batche]
2026-10-09T00:26:43+0900 sample 144: clean gpu=[938452:rocm_qmm_batche]
2026-10-09T00:26:45+0900 sample 145: clean gpu=[938452:rocm_qmm_batche]
2026-10-09T00:26:46+0900 sample 146: clean gpu=[1074755:qmm_batch_rows_]
2026-10-09T00:26:48+0900 sample 147: clean gpu=[1074755:qmm_batch_rows_]
2026-10-09T00:26:49+0900 sample 148: clean gpu=[1074755:qmm_batch_rows_]
2026-10-09T00:26:51+0900 sample 149: clean gpu=[1074755:qmm_batch_rows_]
2026-10-09T00:26:52+0900 sample 150: clean gpu=[1078594:qmm_batch_rows_]
2026-10-09T00:26:54+0900 sample 151: clean gpu=[1078594:qmm_batch_rows_]
2026-10-09T00:26:55+0900 sample 152: clean gpu=[1078594:qmm_batch_rows_]
2026-10-09T00:26:57+0900 sample 153: clean gpu=[1078594:qmm_batch_rows_]
2026-10-09T00:26:58+0900 sample 154: clean gpu=[]
2026-10-09T00:27:00+0900 sample 155: clean gpu=[1082351:qmm_batch_rows_]
2026-10-09T00:27:01+0900 sample 156: clean gpu=[1082351:qmm_batch_rows_]
2026-10-09T00:27:03+0900 sample 157: clean gpu=[1082351:qmm_batch_rows_]
2026-10-09T00:27:04+0900 sample 158: clean gpu=[1082351:qmm_batch_rows_]
2026-10-09T00:27:06+0900 sample 159: clean gpu=[1087019:qmm_batch_rows_]
2026-10-09T00:27:07+0900 sample 160: clean gpu=[1087019:qmm_batch_rows_]
2026-10-09T00:27:09+0900 sample 161: clean gpu=[1087019:qmm_batch_rows_]
2026-10-09T00:27:10+0900 sample 162: clean gpu=[1087019:qmm_batch_rows_]
2026-10-09T00:27:12+0900 sample 163: clean gpu=[1087019:qmm_batch_rows_]
2026-10-09T00:27:13+0900 sample 164: clean gpu=[1087019:qmm_batch_rows_]
2026-10-09T00:27:15+0900 sample 165: clean gpu=[1092061:profile_batched]
2026-10-09T00:27:16+0900 sample 166: clean gpu=[1092061:profile_batched]
2026-10-09T00:27:18+0900 sample 167: clean gpu=[1092061:profile_batched]
2026-10-09T00:27:19+0900 sample 168: clean gpu=[1092061:profile_batched]
2026-10-09T00:27:21+0900 sample 169: clean gpu=[1092061:profile_batched]
2026-10-09T00:27:22+0900 sample 170: clean gpu=[1092061:profile_batched]
2026-10-09T00:27:24+0900 sample 171: clean gpu=[1092061:profile_batched]
2026-10-09T00:27:25+0900 sample 172: clean gpu=[1092061:profile_batched]
2026-10-09T00:27:27+0900 sample 173: clean gpu=[1092061:profile_batched]
2026-10-09T00:27:28+0900 sample 174: clean gpu=[1092061:profile_batched]
2026-10-09T00:27:30+0900 sample 175: clean gpu=[1092061:profile_batched]
2026-10-09T00:27:31+0900 sample 176: clean gpu=[1092061:profile_batched]
2026-10-09T00:27:33+0900 sample 177: clean gpu=[1092061:profile_batched]
2026-10-09T00:27:34+0900 sample 178: clean gpu=[1092061:profile_batched]
2026-10-09T00:27:36+0900 sample 179: clean gpu=[1092061:profile_batched]
2026-10-09T00:27:37+0900 sample 180: clean gpu=[1092061:profile_batched]
2026-10-09T00:27:39+0900 sample 181: clean gpu=[1092061:profile_batched]
2026-10-09T00:27:40+0900 sample 182: clean gpu=[1092061:profile_batched]
2026-10-09T00:27:42+0900 sample 183: clean gpu=[1092061:profile_batched]
2026-10-09T00:27:43+0900 sample 184: clean gpu=[1092061:profile_batched]
2026-10-09T00:27:45+0900 sample 185: clean gpu=[1092061:profile_batched]
2026-10-09T00:27:46+0900 sample 186: clean gpu=[1092061:profile_batched]
2026-10-09T00:27:48+0900 sample 187: clean gpu=[1092061:profile_batched]
2026-10-09T00:27:49+0900 sample 188: clean gpu=[1092061:profile_batched]
2026-10-09T00:27:51+0900 sample 189: clean gpu=[1092061:profile_batched]
2026-10-09T00:27:52+0900 sample 190: clean gpu=[1092061:profile_batched]
2026-10-09T00:27:54+0900 sample 191: clean gpu=[1092061:profile_batched]
2026-10-09T00:27:55+0900 sample 192: clean gpu=[1092061:profile_batched]
2026-10-09T00:27:57+0900 sample 193: clean gpu=[1092061:profile_batched]
2026-10-09T00:27:58+0900 sample 194: clean gpu=[1092061:profile_batched]
2026-10-09T00:28:00+0900 sample 195: clean gpu=[1092061:profile_batched]
2026-10-09T00:28:01+0900 sample 196: clean gpu=[1092061:profile_batched]
2026-10-09T00:28:03+0900 sample 197: clean gpu=[1092061:profile_batched]
2026-10-09T00:28:04+0900 sample 198: clean gpu=[1092061:profile_batched]
2026-10-09T00:28:06+0900 sample 199: clean gpu=[1092061:profile_batched]
2026-10-09T00:28:07+0900 sample 200: clean gpu=[1092061:profile_batched]
2026-10-09T00:28:09+0900 sample 201: clean gpu=[1092061:profile_batched]
2026-10-09T00:28:10+0900 sample 202: clean gpu=[1092061:profile_batched]
2026-10-09T00:28:12+0900 sample 203: clean gpu=[1092061:profile_batched]
2026-10-09T00:28:13+0900 sample 204: clean gpu=[1092061:profile_batched]
2026-10-09T00:28:15+0900 sample 205: clean gpu=[1092061:profile_batched]
2026-10-09T00:28:16+0900 sample 206: clean gpu=[1092061:profile_batched]
2026-10-09T00:28:18+0900 sample 207: clean gpu=[1092061:profile_batched]
2026-10-09T00:28:19+0900 sample 208: clean gpu=[1092061:profile_batched]
2026-10-09T00:28:21+0900 sample 209: clean gpu=[1092061:profile_batched]
2026-10-09T00:28:22+0900 sample 210: clean gpu=[1092061:profile_batched]
2026-10-09T00:28:24+0900 sample 211: clean gpu=[1092061:profile_batched]
2026-10-09T00:28:25+0900 sample 212: clean gpu=[1092061:profile_batched]
2026-10-09T00:28:27+0900 sample 213: clean gpu=[1092061:profile_batched]
2026-10-09T00:28:28+0900 sample 214: clean gpu=[1092061:profile_batched]
2026-10-09T00:28:30+0900 sample 215: clean gpu=[1092061:profile_batched]
2026-10-09T00:28:31+0900 sample 216: clean gpu=[1092061:profile_batched]
2026-10-09T00:28:33+0900 sample 217: clean gpu=[1092061:profile_batched]
2026-10-09T00:28:34+0900 sample 218: clean gpu=[1092061:profile_batched]
2026-10-09T00:28:36+0900 sample 219: clean gpu=[1092061:profile_batched]
2026-10-09T00:28:37+0900 sample 220: clean gpu=[1092061:profile_batched]
2026-10-09T00:28:39+0900 sample 221: clean gpu=[1092061:profile_batched]
2026-10-09T00:28:41+0900 sample 222: clean gpu=[1092061:profile_batched]
2026-10-09T00:28:42+0900 sample 223: clean gpu=[1092061:profile_batched]
2026-10-09T00:28:44+0900 sample 224: clean gpu=[1092061:profile_batched]
2026-10-09T00:28:46+0900 sample 225: clean gpu=[1092061:profile_batched]
2026-10-09T00:28:47+0900 sample 226: clean gpu=[1092061:profile_batched]
2026-10-09T00:28:49+0900 sample 227: clean gpu=[1092061:profile_batched]
2026-10-09T00:28:50+0900 sample 228: clean gpu=[1092061:profile_batched]
2026-10-09T00:28:52+0900 sample 229: clean gpu=[1092061:profile_batched]
2026-10-09T00:28:53+0900 sample 230: clean gpu=[1092061:profile_batched]
2026-10-09T00:28:55+0900 sample 231: clean gpu=[1092061:profile_batched]
2026-10-09T00:28:56+0900 sample 232: clean gpu=[1092061:profile_batched]
2026-10-09T00:28:58+0900 sample 233: clean gpu=[1092061:profile_batched]
2026-10-09T00:28:59+0900 sample 234: clean gpu=[1092061:profile_batched]
2026-10-09T00:29:01+0900 sample 235: clean gpu=[1092061:profile_batched]
2026-10-09T00:29:02+0900 sample 236: clean gpu=[1092061:profile_batched]
2026-10-09T00:29:04+0900 sample 237: clean gpu=[1092061:profile_batched]
2026-10-09T00:29:06+0900 sample 238: clean gpu=[1092061:profile_batched]
2026-10-09T00:29:07+0900 sample 239: clean gpu=[1092061:profile_batched]
2026-10-09T00:29:09+0900 sample 240: clean gpu=[1092061:profile_batched]
2026-10-09T00:29:10+0900 sample 241: clean gpu=[1092061:profile_batched]
2026-10-09T00:29:12+0900 sample 242: clean gpu=[1092061:profile_batched]
2026-10-09T00:29:13+0900 sample 243: clean gpu=[1092061:profile_batched]
2026-10-09T00:29:15+0900 sample 244: clean gpu=[1092061:profile_batched]
2026-10-09T00:29:16+0900 sample 245: clean gpu=[1092061:profile_batched]
2026-10-09T00:29:18+0900 sample 246: clean gpu=[1092061:profile_batched]
2026-10-09T00:29:19+0900 sample 247: clean gpu=[1092061:profile_batched]
2026-10-09T00:29:21+0900 sample 248: clean gpu=[1092061:profile_batched]
2026-10-09T00:29:22+0900 sample 249: clean gpu=[1092061:profile_batched]
2026-10-09T00:29:24+0900 sample 250: clean gpu=[1092061:profile_batched]
2026-10-09T00:29:26+0900 sample 251: clean gpu=[1092061:profile_batched]
2026-10-09T00:29:27+0900 sample 252: clean gpu=[1092061:profile_batched]
2026-10-09T00:29:29+0900 sample 253: clean gpu=[1092061:profile_batched]
2026-10-09T00:29:30+0900 sample 254: clean gpu=[1092061:profile_batched]
2026-10-09T00:29:32+0900 sample 255: clean gpu=[1092061:profile_batched]
2026-10-09T00:29:33+0900 sample 256: clean gpu=[1092061:profile_batched]
2026-10-09T00:29:35+0900 sample 257: clean gpu=[1092061:profile_batched]
2026-10-09T00:29:36+0900 sample 258: clean gpu=[1092061:profile_batched]
2026-10-09T00:29:38+0900 sample 259: clean gpu=[1092061:profile_batched]
2026-10-09T00:29:39+0900 sample 260: clean gpu=[1092061:profile_batched]
2026-10-09T00:29:41+0900 sample 261: clean gpu=[1092061:profile_batched]
2026-10-09T00:29:42+0900 sample 262: clean gpu=[1092061:profile_batched]
2026-10-09T00:29:44+0900 sample 263: clean gpu=[1092061:profile_batched]
2026-10-09T00:29:45+0900 sample 264: clean gpu=[1092061:profile_batched]
2026-10-09T00:29:47+0900 sample 265: clean gpu=[1092061:profile_batched]
2026-10-09T00:29:49+0900 sample 266: clean gpu=[1092061:profile_batched]
2026-10-09T00:29:50+0900 sample 267: clean gpu=[1092061:profile_batched]
2026-10-09T00:29:52+0900 sample 268: clean gpu=[1092061:profile_batched]
2026-10-09T00:29:54+0900 sample 269: clean gpu=[1092061:profile_batched]
2026-10-09T00:29:56+0900 sample 270: clean gpu=[1092061:profile_batched]
2026-10-09T00:29:57+0900 sample 271: clean gpu=[1092061:profile_batched]
2026-10-09T00:29:59+0900 sample 272: clean gpu=[1092061:profile_batched]
2026-10-09T00:30:01+0900 sample 273: clean gpu=[1092061:profile_batched]
2026-10-09T00:30:02+0900 sample 274: clean gpu=[1092061:profile_batched]
2026-10-09T00:30:04+0900 sample 275: clean gpu=[1092061:profile_batched]
2026-10-09T00:30:06+0900 sample 276: clean gpu=[1092061:profile_batched]
2026-10-09T00:30:07+0900 sample 277: clean gpu=[1199234:profile_batched]
2026-10-09T00:30:09+0900 sample 278: clean gpu=[1199234:profile_batched]
2026-10-09T00:30:10+0900 sample 279: clean gpu=[1199234:profile_batched]
2026-10-09T00:30:12+0900 sample 280: clean gpu=[1199234:profile_batched]
2026-10-09T00:30:13+0900 sample 281: clean gpu=[1199234:profile_batched]
2026-10-09T00:30:15+0900 sample 282: clean gpu=[1199234:profile_batched]
2026-10-09T00:30:16+0900 sample 283: clean gpu=[1199234:profile_batched]
2026-10-09T00:30:18+0900 sample 284: clean gpu=[1199234:profile_batched]
2026-10-09T00:30:19+0900 sample 285: clean gpu=[1199234:profile_batched]
2026-10-09T00:30:21+0900 sample 286: clean gpu=[1199234:profile_batched]
2026-10-09T00:30:22+0900 sample 287: clean gpu=[1199234:profile_batched]
2026-10-09T00:30:24+0900 sample 288: clean gpu=[1199234:profile_batched]
2026-10-09T00:30:25+0900 sample 289: clean gpu=[1199234:profile_batched]
2026-10-09T00:30:27+0900 sample 290: clean gpu=[1199234:profile_batched]
2026-10-09T00:30:28+0900 sample 291: clean gpu=[1199234:profile_batched]
2026-10-09T00:30:30+0900 sample 292: clean gpu=[1199234:profile_batched]
2026-10-09T00:30:31+0900 sample 293: clean gpu=[1199234:profile_batched]
2026-10-09T00:30:33+0900 sample 294: clean gpu=[1199234:profile_batched]
2026-10-09T00:30:34+0900 sample 295: clean gpu=[1199234:profile_batched]
2026-10-09T00:30:36+0900 sample 296: clean gpu=[1199234:profile_batched]
2026-10-09T00:30:37+0900 sample 297: clean gpu=[1199234:profile_batched]
2026-10-09T00:30:39+0900 sample 298: clean gpu=[1199234:profile_batched]
2026-10-09T00:30:40+0900 sample 299: clean gpu=[1199234:profile_batched]
2026-10-09T00:30:42+0900 sample 300: clean gpu=[1199234:profile_batched]
2026-10-09T00:30:44+0900 sample 301: clean gpu=[1199234:profile_batched]
2026-10-09T00:30:45+0900 sample 302: clean gpu=[1199234:profile_batched]
2026-10-09T00:30:47+0900 sample 303: clean gpu=[1199234:profile_batched]
2026-10-09T00:30:48+0900 sample 304: clean gpu=[1199234:profile_batched]
2026-10-09T00:30:50+0900 sample 305: clean gpu=[1199234:profile_batched]
2026-10-09T00:30:51+0900 sample 306: clean gpu=[1199234:profile_batched]
2026-10-09T00:30:53+0900 sample 307: clean gpu=[1199234:profile_batched]
2026-10-09T00:30:54+0900 sample 308: clean gpu=[1199234:profile_batched]
2026-10-09T00:30:56+0900 sample 309: clean gpu=[1199234:profile_batched]
2026-10-09T00:30:57+0900 sample 310: clean gpu=[1199234:profile_batched]
2026-10-09T00:30:59+0900 sample 311: clean gpu=[1199234:profile_batched]
2026-10-09T00:31:00+0900 sample 312: clean gpu=[1199234:profile_batched]
2026-10-09T00:31:02+0900 sample 313: clean gpu=[1199234:profile_batched]
2026-10-09T00:31:03+0900 sample 314: clean gpu=[1199234:profile_batched]
2026-10-09T00:31:05+0900 sample 315: clean gpu=[1199234:profile_batched]
2026-10-09T00:31:06+0900 sample 316: clean gpu=[1199234:profile_batched]
2026-10-09T00:31:08+0900 sample 317: clean gpu=[1199234:profile_batched]
2026-10-09T00:31:10+0900 sample 318: clean gpu=[1199234:profile_batched]
2026-10-09T00:31:11+0900 sample 319: clean gpu=[1199234:profile_batched]
2026-10-09T00:31:13+0900 sample 320: clean gpu=[1199234:profile_batched]
2026-10-09T00:31:14+0900 sample 321: clean gpu=[1199234:profile_batched]
2026-10-09T00:31:16+0900 sample 322: clean gpu=[1199234:profile_batched]
2026-10-09T00:31:17+0900 sample 323: clean gpu=[1199234:profile_batched]
2026-10-09T00:31:19+0900 sample 324: clean gpu=[1199234:profile_batched]
2026-10-09T00:31:20+0900 sample 325: clean gpu=[1199234:profile_batched]
2026-10-09T00:31:22+0900 sample 326: clean gpu=[1199234:profile_batched]
2026-10-09T00:31:23+0900 sample 327: clean gpu=[1199234:profile_batched]
2026-10-09T00:31:25+0900 sample 328: clean gpu=[1199234:profile_batched]
2026-10-09T00:31:26+0900 sample 329: clean gpu=[1199234:profile_batched]
2026-10-09T00:31:28+0900 sample 330: clean gpu=[1199234:profile_batched]
2026-10-09T00:31:29+0900 sample 331: clean gpu=[1199234:profile_batched]
2026-10-09T00:31:31+0900 sample 332: clean gpu=[1199234:profile_batched]
2026-10-09T00:31:32+0900 sample 333: clean gpu=[1199234:profile_batched]
2026-10-09T00:31:34+0900 sample 334: clean gpu=[1199234:profile_batched]
2026-10-09T00:31:36+0900 sample 335: clean gpu=[1199234:profile_batched]
2026-10-09T00:31:37+0900 sample 336: clean gpu=[1199234:profile_batched]
2026-10-09T00:31:39+0900 sample 337: clean gpu=[1199234:profile_batched]
2026-10-09T00:31:40+0900 sample 338: clean gpu=[1199234:profile_batched]
2026-10-09T00:31:42+0900 sample 339: clean gpu=[1199234:profile_batched]
2026-10-09T00:31:43+0900 sample 340: clean gpu=[1199234:profile_batched]
2026-10-09T00:31:45+0900 sample 341: clean gpu=[1199234:profile_batched]
2026-10-09T00:31:46+0900 sample 342: clean gpu=[1199234:profile_batched]
2026-10-09T00:31:48+0900 sample 343: clean gpu=[1199234:profile_batched]
2026-10-09T00:31:49+0900 sample 344: clean gpu=[1199234:profile_batched]
2026-10-09T00:31:51+0900 sample 345: clean gpu=[1199234:profile_batched]
2026-10-09T00:31:52+0900 sample 346: clean gpu=[1199234:profile_batched]
2026-10-09T00:31:54+0900 sample 347: clean gpu=[1199234:profile_batched]
2026-10-09T00:31:55+0900 sample 348: clean gpu=[1199234:profile_batched]
2026-10-09T00:31:57+0900 sample 349: clean gpu=[1199234:profile_batched]
2026-10-09T00:31:58+0900 sample 350: clean gpu=[1199234:profile_batched]
2026-10-09T00:32:00+0900 sample 351: clean gpu=[1199234:profile_batched]
2026-10-09T00:32:02+0900 sample 352: clean gpu=[1199234:profile_batched]
2026-10-09T00:32:04+0900 sample 353: clean gpu=[1199234:profile_batched]
2026-10-09T00:32:05+0900 sample 354: clean gpu=[1199234:profile_batched]
2026-10-09T00:32:07+0900 sample 355: clean gpu=[1199234:profile_batched]
2026-10-09T00:32:09+0900 sample 356: clean gpu=[1199234:profile_batched]
2026-10-09T00:32:10+0900 sample 357: clean gpu=[1199234:profile_batched]
2026-10-09T00:32:12+0900 sample 358: clean gpu=[1199234:profile_batched]
2026-10-09T00:32:14+0900 sample 359: clean gpu=[1199234:profile_batched]
2026-10-09T00:32:15+0900 sample 360: clean gpu=[1199234:profile_batched]
2026-10-09T00:32:17+0900 sample 361: clean gpu=[1199234:profile_batched]
2026-10-09T00:32:19+0900 sample 362: clean gpu=[1199234:profile_batched]
2026-10-09T00:32:20+0900 sample 363: clean gpu=[1199234:profile_batched]
2026-10-09T00:32:22+0900 sample 364: clean gpu=[1199234:profile_batched]
2026-10-09T00:32:24+0900 sample 365: clean gpu=[1199234:profile_batched]
2026-10-09T00:32:26+0900 sample 366: clean gpu=[1199234:profile_batched]
2026-10-09T00:32:27+0900 sample 367: clean gpu=[1199234:profile_batched]
2026-10-09T00:32:29+0900 sample 368: clean gpu=[1199234:profile_batched]
2026-10-09T00:32:31+0900 sample 369: clean gpu=[1199234:profile_batched]
2026-10-09T00:32:32+0900 sample 370: clean gpu=[1199234:profile_batched]
2026-10-09T00:32:34+0900 sample 371: clean gpu=[1199234:profile_batched]
2026-10-09T00:32:35+0900 sample 372: clean gpu=[1199234:profile_batched]
2026-10-09T00:32:37+0900 sample 373: clean gpu=[1199234:profile_batched]
2026-10-09T00:32:39+0900 sample 374: clean gpu=[1199234:profile_batched]
2026-10-09T00:32:40+0900 sample 375: clean gpu=[1199234:profile_batched]
2026-10-09T00:32:42+0900 sample 376: clean gpu=[1199234:profile_batched]
2026-10-09T00:32:43+0900 sample 377: clean gpu=[1199234:profile_batched]
2026-10-09T00:32:45+0900 sample 378: clean gpu=[1295938:profile_batched]
2026-10-09T00:32:46+0900 sample 379: clean gpu=[1295938:profile_batched]
2026-10-09T00:32:48+0900 sample 380: clean gpu=[1295938:profile_batched]
2026-10-09T00:32:50+0900 sample 381: clean gpu=[1295938:profile_batched]
2026-10-09T00:32:51+0900 sample 382: clean gpu=[1295938:profile_batched]
2026-10-09T00:32:53+0900 sample 383: clean gpu=[1295938:profile_batched]
2026-10-09T00:32:54+0900 sample 384: clean gpu=[1295938:profile_batched]
2026-10-09T00:32:56+0900 sample 385: clean gpu=[1303105:mlxcel-bench-de]
2026-10-09T00:32:58+0900 sample 386: clean gpu=[1303105:mlxcel-bench-de]
2026-10-09T00:32:59+0900 sample 387: clean gpu=[1303105:mlxcel-bench-de]
2026-10-09T00:33:01+0900 sample 388: clean gpu=[1303105:mlxcel-bench-de]
2026-10-09T00:33:02+0900 sample 389: clean gpu=[1307013:mlxcel-bench-de]
2026-10-09T00:33:04+0900 sample 390: clean gpu=[1307013:mlxcel-bench-de]
2026-10-09T00:33:05+0900 sample 391: clean gpu=[1307013:mlxcel-bench-de]
2026-10-09T00:33:07+0900 sample 392: clean gpu=[1307013:mlxcel-bench-de]
2026-10-09T00:33:08+0900 sample 393: clean gpu=[1310924:mlxcel-bench-de]
2026-10-09T00:33:10+0900 sample 394: clean gpu=[1310924:mlxcel-bench-de]
2026-10-09T00:33:11+0900 sample 395: clean gpu=[1310924:mlxcel-bench-de]
2026-10-09T00:33:13+0900 sample 396: clean gpu=[1310924:mlxcel-bench-de]
2026-10-09T00:33:15+0900 sample 397: clean gpu=[1310924:mlxcel-bench-de]
2026-10-09T00:33:16+0900 sample 398: clean gpu=[1315148:mlxcel-bench-de]
2026-10-09T00:33:18+0900 sample 399: clean gpu=[1315148:mlxcel-bench-de]
2026-10-09T00:33:19+0900 sample 400: clean gpu=[1315148:mlxcel-bench-de]
2026-10-09T00:33:21+0900 sample 401: clean gpu=[1315148:mlxcel-bench-de]
2026-10-09T00:33:22+0900 sample 402: clean gpu=[1319262:mlxcel-bench-de]
2026-10-09T00:33:24+0900 sample 403: clean gpu=[1319262:mlxcel-bench-de]
2026-10-09T00:33:25+0900 sample 404: clean gpu=[1319262:mlxcel-bench-de]
2026-10-09T00:33:27+0900 sample 405: clean gpu=[1319262:mlxcel-bench-de]
2026-10-09T00:33:28+0900 sample 406: clean gpu=[1323513:mlxcel-bench-de]
2026-10-09T00:33:30+0900 sample 407: clean gpu=[1323513:mlxcel-bench-de]
2026-10-09T00:33:31+0900 sample 408: clean gpu=[1323513:mlxcel-bench-de]
2026-10-09T00:33:33+0900 sample 409: clean gpu=[1323513:mlxcel-bench-de]
2026-10-09T00:33:35+0900 sample 410: clean gpu=[1327624:mlxcel-server]
2026-10-09T00:33:36+0900 sample 411: clean gpu=[1327624:mlxcel-server]
2026-10-09T00:33:38+0900 sample 412: clean gpu=[1327624:mlxcel-server]
2026-10-09T00:33:39+0900 sample 413: clean gpu=[1327624:mlxcel-server]
2026-10-09T00:33:41+0900 sample 414: clean gpu=[1327624:mlxcel-server]
2026-10-09T00:33:42+0900 sample 415: clean gpu=[1327624:mlxcel-server]
2026-10-09T00:33:44+0900 sample 416: clean gpu=[1327624:mlxcel-server]
2026-10-09T00:33:45+0900 sample 417: clean gpu=[1327624:mlxcel-server]
2026-10-09T00:33:47+0900 sample 418: clean gpu=[1327624:mlxcel-server]
2026-10-09T00:33:48+0900 sample 419: clean gpu=[1327624:mlxcel-server]
2026-10-09T00:33:50+0900 sample 420: clean gpu=[1327624:mlxcel-server]
2026-10-09T00:33:51+0900 sample 421: clean gpu=[1327624:mlxcel-server]
2026-10-09T00:33:53+0900 sample 422: clean gpu=[1327624:mlxcel-server]
2026-10-09T00:33:54+0900 sample 423: clean gpu=[1327624:mlxcel-server]
2026-10-09T00:33:56+0900 sample 424: clean gpu=[1327624:mlxcel-server]
2026-10-09T00:33:57+0900 sample 425: clean gpu=[1327624:mlxcel-server]
2026-10-09T00:33:59+0900 sample 426: clean gpu=[1327624:mlxcel-server]
2026-10-09T00:34:00+0900 sample 427: clean gpu=[1327624:mlxcel-server]
2026-10-09T00:34:02+0900 sample 428: clean gpu=[1327624:mlxcel-server]
2026-10-09T00:34:04+0900 sample 429: clean gpu=[1327624:mlxcel-server]
2026-10-09T00:34:05+0900 sample 430: clean gpu=[1327624:mlxcel-server]
2026-10-09T00:34:07+0900 sample 431: clean gpu=[1327624:mlxcel-server]
2026-10-09T00:34:08+0900 sample 432: clean gpu=[1327624:mlxcel-server]
2026-10-09T00:34:10+0900 sample 433: clean gpu=[1327624:mlxcel-server]
2026-10-09T00:34:11+0900 sample 434: clean gpu=[1327624:mlxcel-server]
2026-10-09T00:34:13+0900 sample 435: clean gpu=[1327624:mlxcel-server]
2026-10-09T00:34:14+0900 sample 436: clean gpu=[1327624:mlxcel-server]
2026-10-09T00:34:16+0900 sample 437: clean gpu=[1327624:mlxcel-server]
2026-10-09T00:34:17+0900 sample 438: clean gpu=[1327624:mlxcel-server]
2026-10-09T00:34:19+0900 sample 439: clean gpu=[1327624:mlxcel-server]
2026-10-09T00:34:20+0900 sample 440: clean gpu=[1327624:mlxcel-server]
2026-10-09T00:34:22+0900 sample 441: clean gpu=[1327624:mlxcel-server]
2026-10-09T00:34:23+0900 sample 442: clean gpu=[1327624:mlxcel-server]
2026-10-09T00:34:25+0900 sample 443: clean gpu=[1327624:mlxcel-server]
2026-10-09T00:34:26+0900 sample 444: clean gpu=[1327624:mlxcel-server]
2026-10-09T00:34:28+0900 sample 445: clean gpu=[1327624:mlxcel-server]
2026-10-09T00:34:29+0900 sample 446: clean gpu=[1327624:mlxcel-server]
2026-10-09T00:34:31+0900 sample 447: clean gpu=[1327624:mlxcel-server]
2026-10-09T00:34:32+0900 sample 448: clean gpu=[1327624:mlxcel-server]
2026-10-09T00:34:34+0900 sample 449: clean gpu=[1327624:mlxcel-server]
2026-10-09T00:34:35+0900 sample 450: clean gpu=[1327624:mlxcel-server]
2026-10-09T00:34:37+0900 sample 451: clean gpu=[1327624:mlxcel-server]
2026-10-09T00:34:38+0900 sample 452: clean gpu=[1327624:mlxcel-server]
2026-10-09T00:34:40+0900 sample 453: clean gpu=[1327624:mlxcel-server]
2026-10-09T00:34:41+0900 sample 454: clean gpu=[1327624:mlxcel-server]
2026-10-09T00:34:43+0900 sample 455: clean gpu=[1327624:mlxcel-server]
2026-10-09T00:34:44+0900 sample 456: clean gpu=[1327624:mlxcel-server]
2026-10-09T00:34:46+0900 sample 457: clean gpu=[1327624:mlxcel-server]
2026-10-09T00:34:47+0900 sample 458: clean gpu=[1327624:mlxcel-server]
2026-10-09T00:34:49+0900 sample 459: clean gpu=[1327624:mlxcel-server]
2026-10-09T00:34:50+0900 sample 460: clean gpu=[1327624:mlxcel-server]
2026-10-09T00:34:52+0900 sample 461: clean gpu=[1327624:mlxcel-server]
2026-10-09T00:34:53+0900 sample 462: clean gpu=[1327624:mlxcel-server]
2026-10-09T00:34:55+0900 sample 463: clean gpu=[1327624:mlxcel-server]
2026-10-09T00:34:56+0900 sample 464: clean gpu=[1327624:mlxcel-server]
2026-10-09T00:34:58+0900 sample 465: clean gpu=[1327624:mlxcel-server]
2026-10-09T00:34:59+0900 sample 466: clean gpu=[1327624:mlxcel-server]
2026-10-09T00:35:00+0900 sample 467: clean gpu=[1327624:mlxcel-server]
2026-10-09T00:35:02+0900 sample 468: clean gpu=[1327624:mlxcel-server]
2026-10-09T00:35:03+0900 sample 469: clean gpu=[1327624:mlxcel-server]
2026-10-09T00:35:05+0900 sample 470: clean gpu=[1327624:mlxcel-server]
2026-10-09T00:35:06+0900 sample 471: clean gpu=[1327624:mlxcel-server]
2026-10-09T00:35:08+0900 sample 472: clean gpu=[1327624:mlxcel-server]
2026-10-09T00:35:09+0900 sample 473: clean gpu=[1327624:mlxcel-server]
2026-10-09T00:35:11+0900 sample 474: clean gpu=[1327624:mlxcel-server]
2026-10-09T00:35:12+0900 sample 475: clean gpu=[1327624:mlxcel-server]
2026-10-09T00:35:14+0900 sample 476: clean gpu=[1327624:mlxcel-server]
2026-10-09T00:35:15+0900 sample 477: clean gpu=[1327624:mlxcel-server]
2026-10-09T00:35:17+0900 sample 478: clean gpu=[1327624:mlxcel-server]
2026-10-09T00:35:18+0900 sample 479: clean gpu=[1327624:mlxcel-server]
2026-10-09T00:35:20+0900 sample 480: clean gpu=[1327624:mlxcel-server]
2026-10-09T00:35:21+0900 sample 481: clean gpu=[1327624:mlxcel-server]
2026-10-09T00:35:23+0900 sample 482: clean gpu=[1327624:mlxcel-server]
2026-10-09T00:35:24+0900 sample 483: clean gpu=[1327624:mlxcel-server]
2026-10-09T00:35:26+0900 sample 484: clean gpu=[1327624:mlxcel-server]
2026-10-09T00:35:27+0900 sample 485: clean gpu=[1327624:mlxcel-server]
2026-10-09T00:35:29+0900 sample 486: clean gpu=[1327624:mlxcel-server]
2026-10-09T00:35:30+0900 sample 487: clean gpu=[1327624:mlxcel-server]
2026-10-09T00:35:32+0900 sample 488: clean gpu=[1327624:mlxcel-server]
2026-10-09T00:35:33+0900 sample 489: clean gpu=[1327624:mlxcel-server]
2026-10-09T00:35:35+0900 sample 490: clean gpu=[1327624:mlxcel-server]
2026-10-09T00:35:36+0900 sample 491: clean gpu=[1327624:mlxcel-server]
2026-10-09T00:35:38+0900 sample 492: clean gpu=[1327624:mlxcel-server]
2026-10-09T00:35:39+0900 sample 493: clean gpu=[1327624:mlxcel-server]
2026-10-09T00:35:41+0900 sample 494: clean gpu=[1327624:mlxcel-server]
2026-10-09T00:35:42+0900 sample 495: clean gpu=[1327624:mlxcel-server]
2026-10-09T00:35:44+0900 sample 496: clean gpu=[1327624:mlxcel-server]
2026-10-09T00:35:45+0900 sample 497: clean gpu=[1327624:mlxcel-server]
2026-10-09T00:35:47+0900 sample 498: clean gpu=[1327624:mlxcel-server]
2026-10-09T00:35:48+0900 sample 499: clean gpu=[1327624:mlxcel-server]
2026-10-09T00:35:50+0900 sample 500: clean gpu=[1327624:mlxcel-server]
2026-10-09T00:35:51+0900 sample 501: clean gpu=[1327624:mlxcel-server]
2026-10-09T00:35:53+0900 sample 502: clean gpu=[1327624:mlxcel-server]
2026-10-09T00:35:54+0900 sample 503: clean gpu=[1327624:mlxcel-server]
2026-10-09T00:35:56+0900 sample 504: clean gpu=[1327624:mlxcel-server]
2026-10-09T00:35:57+0900 sample 505: clean gpu=[1327624:mlxcel-server]
2026-10-09T00:35:59+0900 sample 506: clean gpu=[1327624:mlxcel-server]
2026-10-09T00:36:00+0900 sample 507: clean gpu=[1327624:mlxcel-server]
2026-10-09T00:36:02+0900 sample 508: clean gpu=[1327624:mlxcel-server]
2026-10-09T00:36:03+0900 sample 509: clean gpu=[1327624:mlxcel-server]
2026-10-09T00:36:05+0900 sample 510: clean gpu=[1327624:mlxcel-server]
2026-10-09T00:36:06+0900 sample 511: clean gpu=[1327624:mlxcel-server]
2026-10-09T00:36:08+0900 sample 512: clean gpu=[1327624:mlxcel-server]
2026-10-09T00:36:09+0900 sample 513: clean gpu=[1327624:mlxcel-server]
2026-10-09T00:36:11+0900 sample 514: clean gpu=[1327624:mlxcel-server]
2026-10-09T00:36:12+0900 sample 515: clean gpu=[1327624:mlxcel-server]
2026-10-09T00:36:14+0900 sample 516: clean gpu=[1327624:mlxcel-server]
2026-10-09T00:36:15+0900 sample 517: clean gpu=[1327624:mlxcel-server]
2026-10-09T00:36:17+0900 sample 518: clean gpu=[1327624:mlxcel-server]
2026-10-09T00:36:18+0900 sample 519: clean gpu=[1327624:mlxcel-server]
2026-10-09T00:36:20+0900 sample 520: clean gpu=[1327624:mlxcel-server]
2026-10-09T00:36:21+0900 sample 521: clean gpu=[1327624:mlxcel-server]
2026-10-09T00:36:22+0900 sample 522: clean gpu=[1327624:mlxcel-server]
2026-10-09T00:36:24+0900 sample 523: clean gpu=[1327624:mlxcel-server]
2026-10-09T00:36:25+0900 sample 524: clean gpu=[1327624:mlxcel-server]
2026-10-09T00:36:27+0900 sample 525: clean gpu=[1327624:mlxcel-server]
2026-10-09T00:36:28+0900 sample 526: clean gpu=[1327624:mlxcel-server]
2026-10-09T00:36:30+0900 sample 527: clean gpu=[1327624:mlxcel-server]
2026-10-09T00:36:31+0900 sample 528: clean gpu=[1327624:mlxcel-server]
2026-10-09T00:36:33+0900 sample 529: clean gpu=[1327624:mlxcel-server]
2026-10-09T00:36:34+0900 sample 530: clean gpu=[1327624:mlxcel-server]
2026-10-09T00:36:36+0900 sample 531: clean gpu=[1327624:mlxcel-server]
2026-10-09T00:36:37+0900 sample 532: clean gpu=[1327624:mlxcel-server]
2026-10-09T00:36:39+0900 sample 533: clean gpu=[1327624:mlxcel-server]
2026-10-09T00:36:40+0900 sample 534: clean gpu=[1327624:mlxcel-server]
2026-10-09T00:36:42+0900 sample 535: clean gpu=[1327624:mlxcel-server]
2026-10-09T00:36:43+0900 sample 536: clean gpu=[1327624:mlxcel-server]
2026-10-09T00:36:45+0900 sample 537: clean gpu=[1327624:mlxcel-server]
2026-10-09T00:36:46+0900 sample 538: clean gpu=[1327624:mlxcel-server]
2026-10-09T00:36:48+0900 sample 539: clean gpu=[1327624:mlxcel-server]
2026-10-09T00:36:49+0900 sample 540: clean gpu=[1327624:mlxcel-server]
2026-10-09T00:36:51+0900 sample 541: clean gpu=[1327624:mlxcel-server]
2026-10-09T00:36:52+0900 sample 542: clean gpu=[1327624:mlxcel-server]
2026-10-09T00:36:54+0900 sample 543: clean gpu=[1327624:mlxcel-server]
2026-10-09T00:36:55+0900 sample 544: clean gpu=[1327624:mlxcel-server]
2026-10-09T00:36:57+0900 sample 545: clean gpu=[1327624:mlxcel-server]
2026-10-09T00:36:58+0900 sample 546: clean gpu=[1327624:mlxcel-server]
2026-10-09T00:37:00+0900 sample 547: clean gpu=[1327624:mlxcel-server]
2026-10-09T00:37:01+0900 sample 548: clean gpu=[1327624:mlxcel-server]
2026-10-09T00:37:03+0900 sample 549: clean gpu=[1327624:mlxcel-server]
2026-10-09T00:37:04+0900 sample 550: clean gpu=[1327624:mlxcel-server]
2026-10-09T00:37:06+0900 sample 551: clean gpu=[1327624:mlxcel-server]
2026-10-09T00:37:07+0900 sample 552: clean gpu=[1327624:mlxcel-server]
2026-10-09T00:37:09+0900 sample 553: clean gpu=[1327624:mlxcel-server]
2026-10-09T00:37:10+0900 sample 554: clean gpu=[1327624:mlxcel-server]
2026-10-09T00:37:12+0900 sample 555: clean gpu=[1327624:mlxcel-server]
2026-10-09T00:37:13+0900 sample 556: clean gpu=[1327624:mlxcel-server]
2026-10-09T00:37:15+0900 sample 557: clean gpu=[1327624:mlxcel-server]
2026-10-09T00:37:17+0900 sample 558: clean gpu=[1327624:mlxcel-server]
2026-10-09T00:37:18+0900 sample 559: clean gpu=[1327624:mlxcel-server]
2026-10-09T00:37:19+0900 sample 560: clean gpu=[1327624:mlxcel-server]
2026-10-09T00:37:21+0900 sample 561: clean gpu=[1327624:mlxcel-server]
2026-10-09T00:37:23+0900 sample 562: clean gpu=[1327624:mlxcel-server]
2026-10-09T00:37:24+0900 sample 563: clean gpu=[1327624:mlxcel-server]
2026-10-09T00:37:26+0900 sample 564: clean gpu=[1327624:mlxcel-server]
2026-10-09T00:37:27+0900 sample 565: clean gpu=[1327624:mlxcel-server]
2026-10-09T00:37:29+0900 sample 566: clean gpu=[1327624:mlxcel-server]
2026-10-09T00:37:30+0900 sample 567: clean gpu=[1327624:mlxcel-server]
2026-10-09T00:37:32+0900 sample 568: clean gpu=[1327624:mlxcel-server]
2026-10-09T00:37:33+0900 sample 569: clean gpu=[1327624:mlxcel-server]
2026-10-09T00:37:34+0900 sample 570: clean gpu=[1327624:mlxcel-server]
2026-10-09T00:37:36+0900 sample 571: clean gpu=[1327624:mlxcel-server]
2026-10-09T00:37:37+0900 sample 572: clean gpu=[1327624:mlxcel-server]
2026-10-09T00:37:39+0900 sample 573: clean gpu=[1327624:mlxcel-server]
2026-10-09T00:37:40+0900 sample 574: clean gpu=[1327624:mlxcel-server]
2026-10-09T00:37:42+0900 sample 575: clean gpu=[1327624:mlxcel-server]
2026-10-09T00:37:43+0900 sample 576: clean gpu=[1327624:mlxcel-server]
2026-10-09T00:37:45+0900 sample 577: clean gpu=[1327624:mlxcel-server]
2026-10-09T00:37:46+0900 sample 578: clean gpu=[1327624:mlxcel-server]
2026-10-09T00:37:48+0900 sample 579: clean gpu=[1327624:mlxcel-server]
2026-10-09T00:37:49+0900 sample 580: clean gpu=[1327624:mlxcel-server]
2026-10-09T00:37:51+0900 sample 581: clean gpu=[1327624:mlxcel-server]
2026-10-09T00:37:52+0900 sample 582: clean gpu=[1327624:mlxcel-server]
2026-10-09T00:37:54+0900 sample 583: clean gpu=[1327624:mlxcel-server]
2026-10-09T00:37:55+0900 sample 584: clean gpu=[1327624:mlxcel-server]
2026-10-09T00:37:57+0900 sample 585: clean gpu=[1327624:mlxcel-server]
2026-10-09T00:37:58+0900 sample 586: clean gpu=[1327624:mlxcel-server]
2026-10-09T00:38:00+0900 sample 587: clean gpu=[1327624:mlxcel-server]
2026-10-09T00:38:01+0900 sample 588: clean gpu=[1327624:mlxcel-server]
2026-10-09T00:38:03+0900 sample 589: clean gpu=[1327624:mlxcel-server]
2026-10-09T00:38:04+0900 sample 590: clean gpu=[1327624:mlxcel-server]
2026-10-09T00:38:06+0900 sample 591: clean gpu=[1327624:mlxcel-server]
2026-10-09T00:38:07+0900 sample 592: clean gpu=[1327624:mlxcel-server]
2026-10-09T00:38:09+0900 sample 593: clean gpu=[1327624:mlxcel-server]
2026-10-09T00:38:10+0900 sample 594: clean gpu=[1327624:mlxcel-server]
2026-10-09T00:38:12+0900 sample 595: clean gpu=[1327624:mlxcel-server]
2026-10-09T00:38:13+0900 sample 596: clean gpu=[1327624:mlxcel-server]
2026-10-09T00:38:14+0900 sample 597: clean gpu=[1327624:mlxcel-server]
2026-10-09T00:38:16+0900 sample 598: clean gpu=[1327624:mlxcel-server]
2026-10-09T00:38:17+0900 sample 599: clean gpu=[1327624:mlxcel-server]
2026-10-09T00:38:19+0900 sample 600: clean gpu=[1327624:mlxcel-server]
2026-10-09T00:38:20+0900 sample 601: clean gpu=[1327624:mlxcel-server]
2026-10-09T00:38:22+0900 sample 602: clean gpu=[1327624:mlxcel-server]
2026-10-09T00:38:23+0900 sample 603: clean gpu=[1327624:mlxcel-server]
2026-10-09T00:38:25+0900 sample 604: clean gpu=[1327624:mlxcel-server]
2026-10-09T00:38:26+0900 sample 605: clean gpu=[1327624:mlxcel-server]
2026-10-09T00:38:28+0900 sample 606: clean gpu=[1327624:mlxcel-server]
2026-10-09T00:38:29+0900 sample 607: clean gpu=[1327624:mlxcel-server]
2026-10-09T00:38:31+0900 sample 608: clean gpu=[1327624:mlxcel-server]
2026-10-09T00:38:32+0900 sample 609: clean gpu=[1327624:mlxcel-server]
2026-10-09T00:38:34+0900 sample 610: clean gpu=[1327624:mlxcel-server]
2026-10-09T00:38:35+0900 sample 611: clean gpu=[1327624:mlxcel-server]
2026-10-09T00:38:37+0900 sample 612: clean gpu=[1327624:mlxcel-server]
2026-10-09T00:38:38+0900 sample 613: clean gpu=[1327624:mlxcel-server]
2026-10-09T00:38:40+0900 sample 614: clean gpu=[1327624:mlxcel-server]
2026-10-09T00:38:41+0900 sample 615: clean gpu=[1327624:mlxcel-server]
2026-10-09T00:38:43+0900 sample 616: clean gpu=[1327624:mlxcel-server]
2026-10-09T00:38:45+0900 sample 617: clean gpu=[1327624:mlxcel-server]
2026-10-09T00:38:46+0900 sample 618: clean gpu=[1327624:mlxcel-server]
2026-10-09T00:38:47+0900 sample 619: clean gpu=[1327624:mlxcel-server]
2026-10-09T00:38:49+0900 sample 620: clean gpu=[1327624:mlxcel-server]
2026-10-09T00:38:50+0900 sample 621: clean gpu=[1327624:mlxcel-server]
2026-10-09T00:38:52+0900 sample 622: clean gpu=[1327624:mlxcel-server]
2026-10-09T00:38:53+0900 sample 623: clean gpu=[1327624:mlxcel-server]
2026-10-09T00:38:55+0900 sample 624: clean gpu=[1327624:mlxcel-server]
2026-10-09T00:38:56+0900 sample 625: clean gpu=[1327624:mlxcel-server]
2026-10-09T00:38:58+0900 sample 626: clean gpu=[1327624:mlxcel-server]
2026-10-09T00:38:59+0900 sample 627: clean gpu=[1327624:mlxcel-server]
2026-10-09T00:39:01+0900 sample 628: clean gpu=[1327624:mlxcel-server]
2026-10-09T00:39:02+0900 sample 629: clean gpu=[1327624:mlxcel-server]
2026-10-09T00:39:04+0900 sample 630: clean gpu=[1327624:mlxcel-server]
2026-10-09T00:39:05+0900 sample 631: clean gpu=[1327624:mlxcel-server]
2026-10-09T00:39:07+0900 sample 632: clean gpu=[1327624:mlxcel-server]
2026-10-09T00:39:08+0900 sample 633: clean gpu=[1327624:mlxcel-server]
2026-10-09T00:39:10+0900 sample 634: clean gpu=[1327624:mlxcel-server]
2026-10-09T00:39:11+0900 sample 635: clean gpu=[1327624:mlxcel-server]
2026-10-09T00:39:13+0900 sample 636: clean gpu=[1327624:mlxcel-server]
2026-10-09T00:39:14+0900 sample 637: clean gpu=[1327624:mlxcel-server]
2026-10-09T00:39:16+0900 sample 638: clean gpu=[1327624:mlxcel-server]
2026-10-09T00:39:17+0900 sample 639: clean gpu=[1327624:mlxcel-server]
2026-10-09T00:39:19+0900 sample 640: clean gpu=[1327624:mlxcel-server]
2026-10-09T00:39:20+0900 sample 641: clean gpu=[1327624:mlxcel-server]
2026-10-09T00:39:21+0900 sample 642: clean gpu=[1327624:mlxcel-server]
2026-10-09T00:39:23+0900 sample 643: clean gpu=[1327624:mlxcel-server]
2026-10-09T00:39:24+0900 sample 644: clean gpu=[1327624:mlxcel-server]
2026-10-09T00:39:26+0900 sample 645: clean gpu=[1327624:mlxcel-server]
2026-10-09T00:39:27+0900 sample 646: clean gpu=[1327624:mlxcel-server]
2026-10-09T00:39:29+0900 sample 647: clean gpu=[1327624:mlxcel-server]
2026-10-09T00:39:30+0900 sample 648: clean gpu=[1327624:mlxcel-server]
2026-10-09T00:39:32+0900 sample 649: clean gpu=[1327624:mlxcel-server]
2026-10-09T00:39:33+0900 sample 650: clean gpu=[1327624:mlxcel-server]
2026-10-09T00:39:35+0900 sample 651: clean gpu=[1327624:mlxcel-server]
2026-10-09T00:39:36+0900 sample 652: clean gpu=[1327624:mlxcel-server]
2026-10-09T00:39:38+0900 sample 653: clean gpu=[1327624:mlxcel-server]
2026-10-09T00:39:39+0900 sample 654: clean gpu=[1327624:mlxcel-server]
2026-10-09T00:39:41+0900 sample 655: clean gpu=[1327624:mlxcel-server]
2026-10-09T00:39:42+0900 sample 656: clean gpu=[1327624:mlxcel-server]
2026-10-09T00:39:43+0900 sample 657: clean gpu=[1327624:mlxcel-server]
2026-10-09T00:39:45+0900 sample 658: clean gpu=[1327624:mlxcel-server]
2026-10-09T00:39:46+0900 sample 659: clean gpu=[1327624:mlxcel-server]
2026-10-09T00:39:48+0900 sample 660: clean gpu=[1327624:mlxcel-server]
2026-10-09T00:39:49+0900 sample 661: clean gpu=[1327624:mlxcel-server]
2026-10-09T00:39:51+0900 sample 662: clean gpu=[1327624:mlxcel-server]
2026-10-09T00:39:52+0900 sample 663: clean gpu=[1327624:mlxcel-server]
2026-10-09T00:39:54+0900 sample 664: clean gpu=[1327624:mlxcel-server]
2026-10-09T00:39:55+0900 sample 665: clean gpu=[1327624:mlxcel-server]
2026-10-09T00:39:57+0900 sample 666: clean gpu=[1327624:mlxcel-server]
2026-10-09T00:39:58+0900 sample 667: clean gpu=[1327624:mlxcel-server]
2026-10-09T00:40:00+0900 sample 668: clean gpu=[1327624:mlxcel-server]
2026-10-09T00:40:01+0900 sample 669: clean gpu=[1327624:mlxcel-server]
2026-10-09T00:40:03+0900 sample 670: clean gpu=[1327624:mlxcel-server]
2026-10-09T00:40:04+0900 sample 671: clean gpu=[1327624:mlxcel-server]
2026-10-09T00:40:06+0900 sample 672: clean gpu=[1327624:mlxcel-server]
2026-10-09T00:40:07+0900 sample 673: clean gpu=[1327624:mlxcel-server]
2026-10-09T00:40:09+0900 sample 674: clean gpu=[1327624:mlxcel-server]
2026-10-09T00:40:10+0900 sample 675: clean gpu=[1327624:mlxcel-server]
2026-10-09T00:40:12+0900 sample 676: clean gpu=[1327624:mlxcel-server]
2026-10-09T00:40:13+0900 sample 677: clean gpu=[1327624:mlxcel-server]
2026-10-09T00:40:15+0900 sample 678: clean gpu=[1327624:mlxcel-server]
2026-10-09T00:40:16+0900 sample 679: clean gpu=[1327624:mlxcel-server]
2026-10-09T00:40:17+0900 sample 680: clean gpu=[1327624:mlxcel-server]
2026-10-09T00:40:19+0900 sample 681: clean gpu=[1327624:mlxcel-server]
2026-10-09T00:40:20+0900 sample 682: clean gpu=[1327624:mlxcel-server]
2026-10-09T00:40:22+0900 sample 683: clean gpu=[1327624:mlxcel-server]
2026-10-09T00:40:23+0900 sample 684: clean gpu=[1327624:mlxcel-server]
2026-10-09T00:40:25+0900 sample 685: clean gpu=[1327624:mlxcel-server]
2026-10-09T00:40:26+0900 sample 686: clean gpu=[1327624:mlxcel-server]
2026-10-09T00:40:28+0900 sample 687: clean gpu=[1327624:mlxcel-server]
2026-10-09T00:40:29+0900 sample 688: clean gpu=[1327624:mlxcel-server]
2026-10-09T00:40:31+0900 sample 689: clean gpu=[1327624:mlxcel-server]
2026-10-09T00:40:32+0900 sample 690: clean gpu=[1327624:mlxcel-server]
2026-10-09T00:40:34+0900 sample 691: clean gpu=[1327624:mlxcel-server]
2026-10-09T00:40:35+0900 sample 692: clean gpu=[1327624:mlxcel-server]
2026-10-09T00:40:37+0900 sample 693: clean gpu=[1327624:mlxcel-server]
2026-10-09T00:40:38+0900 sample 694: clean gpu=[1327624:mlxcel-server]
2026-10-09T00:40:40+0900 sample 695: clean gpu=[1327624:mlxcel-server]
2026-10-09T00:40:41+0900 sample 696: clean gpu=[1327624:mlxcel-server]
2026-10-09T00:40:42+0900 sample 697: clean gpu=[1327624:mlxcel-server]
2026-10-09T00:40:44+0900 sample 698: clean gpu=[1327624:mlxcel-server]
2026-10-09T00:40:45+0900 sample 699: clean gpu=[1327624:mlxcel-server]
2026-10-09T00:40:47+0900 sample 700: clean gpu=[1327624:mlxcel-server]
2026-10-09T00:40:48+0900 sample 701: clean gpu=[1327624:mlxcel-server]
2026-10-09T00:40:50+0900 sample 702: clean gpu=[1327624:mlxcel-server]
2026-10-09T00:40:51+0900 sample 703: clean gpu=[1327624:mlxcel-server]
2026-10-09T00:40:53+0900 sample 704: clean gpu=[1327624:mlxcel-server]
2026-10-09T00:40:54+0900 sample 705: clean gpu=[1327624:mlxcel-server]
2026-10-09T00:40:56+0900 sample 706: clean gpu=[1327624:mlxcel-server]
2026-10-09T00:40:57+0900 sample 707: clean gpu=[1327624:mlxcel-server]
2026-10-09T00:40:59+0900 sample 708: clean gpu=[1327624:mlxcel-server]
2026-10-09T00:41:00+0900 sample 709: clean gpu=[1327624:mlxcel-server]
2026-10-09T00:41:02+0900 sample 710: clean gpu=[1327624:mlxcel-server]
2026-10-09T00:41:03+0900 sample 711: clean gpu=[1327624:mlxcel-server]
2026-10-09T00:41:05+0900 sample 712: clean gpu=[1327624:mlxcel-server]
2026-10-09T00:41:06+0900 sample 713: clean gpu=[1327624:mlxcel-server]
2026-10-09T00:41:08+0900 sample 714: clean gpu=[1327624:mlxcel-server]
2026-10-09T00:41:09+0900 sample 715: clean gpu=[1327624:mlxcel-server]
2026-10-09T00:41:11+0900 sample 716: clean gpu=[1327624:mlxcel-server]
2026-10-09T00:41:12+0900 sample 717: clean gpu=[1327624:mlxcel-server]
2026-10-09T00:41:13+0900 sample 718: clean gpu=[1327624:mlxcel-server]
2026-10-09T00:41:15+0900 sample 719: clean gpu=[1327624:mlxcel-server]
2026-10-09T00:41:16+0900 sample 720: clean gpu=[1327624:mlxcel-server]
2026-10-09T00:41:18+0900 sample 721: clean gpu=[1327624:mlxcel-server]
2026-10-09T00:41:19+0900 sample 722: clean gpu=[1327624:mlxcel-server]
2026-10-09T00:41:21+0900 sample 723: clean gpu=[1327624:mlxcel-server]
2026-10-09T00:41:22+0900 sample 724: clean gpu=[1327624:mlxcel-server]
2026-10-09T00:41:24+0900 sample 725: clean gpu=[1327624:mlxcel-server]
2026-10-09T00:41:25+0900 sample 726: clean gpu=[1327624:mlxcel-server]
2026-10-09T00:41:27+0900 sample 727: clean gpu=[1327624:mlxcel-server]
2026-10-09T00:41:28+0900 sample 728: clean gpu=[1327624:mlxcel-server]
2026-10-09T00:41:30+0900 sample 729: clean gpu=[1327624:mlxcel-server]
2026-10-09T00:41:31+0900 sample 730: clean gpu=[1327624:mlxcel-server]
2026-10-09T00:41:33+0900 sample 731: clean gpu=[1327624:mlxcel-server]
2026-10-09T00:41:34+0900 sample 732: clean gpu=[1327624:mlxcel-server]
2026-10-09T00:41:36+0900 sample 733: clean gpu=[1327624:mlxcel-server]
2026-10-09T00:41:37+0900 sample 734: clean gpu=[1327624:mlxcel-server]
2026-10-09T00:41:39+0900 sample 735: clean gpu=[1327624:mlxcel-server]
2026-10-09T00:41:40+0900 sample 736: clean gpu=[1327624:mlxcel-server]
2026-10-09T00:41:41+0900 sample 737: clean gpu=[1327624:mlxcel-server]
2026-10-09T00:41:43+0900 sample 738: clean gpu=[1327624:mlxcel-server]
2026-10-09T00:41:44+0900 sample 739: clean gpu=[1327624:mlxcel-server]
2026-10-09T00:41:46+0900 sample 740: clean gpu=[1327624:mlxcel-server]
2026-10-09T00:41:47+0900 sample 741: clean gpu=[1327624:mlxcel-server]
2026-10-09T00:41:49+0900 sample 742: clean gpu=[1327624:mlxcel-server]
2026-10-09T00:41:50+0900 sample 743: clean gpu=[1327624:mlxcel-server]
2026-10-09T00:41:52+0900 sample 744: clean gpu=[1327624:mlxcel-server]
2026-10-09T00:41:53+0900 sample 745: clean gpu=[1327624:mlxcel-server]
2026-10-09T00:41:55+0900 sample 746: clean gpu=[1327624:mlxcel-server]
2026-10-09T00:41:56+0900 sample 747: clean gpu=[1327624:mlxcel-server]
2026-10-09T00:41:58+0900 sample 748: clean gpu=[1327624:mlxcel-server]
2026-10-09T00:41:59+0900 sample 749: clean gpu=[1327624:mlxcel-server]
2026-10-09T00:42:00+0900 sample 750: clean gpu=[1327624:mlxcel-server]
2026-10-09T00:42:02+0900 sample 751: clean gpu=[1327624:mlxcel-server]
2026-10-09T00:42:03+0900 sample 752: clean gpu=[1327624:mlxcel-server]
2026-10-09T00:42:05+0900 sample 753: clean gpu=[1327624:mlxcel-server]
2026-10-09T00:42:06+0900 sample 754: clean gpu=[1327624:mlxcel-server]
2026-10-09T00:42:08+0900 sample 755: clean gpu=[1327624:mlxcel-server]
2026-10-09T00:42:09+0900 sample 756: clean gpu=[1327624:mlxcel-server]
2026-10-09T00:42:11+0900 sample 757: clean gpu=[1327624:mlxcel-server]
2026-10-09T00:42:12+0900 sample 758: clean gpu=[1327624:mlxcel-server]
2026-10-09T00:42:14+0900 sample 759: clean gpu=[1327624:mlxcel-server]
2026-10-09T00:42:15+0900 sample 760: clean gpu=[1327624:mlxcel-server]
2026-10-09T00:42:17+0900 sample 761: clean gpu=[1327624:mlxcel-server]
2026-10-09T00:42:18+0900 sample 762: clean gpu=[1327624:mlxcel-server]
2026-10-09T00:42:20+0900 sample 763: clean gpu=[1327624:mlxcel-server]
2026-10-09T00:42:21+0900 sample 764: clean gpu=[1327624:mlxcel-server]
2026-10-09T00:42:23+0900 sample 765: clean gpu=[1327624:mlxcel-server]
2026-10-09T00:42:24+0900 sample 766: clean gpu=[1327624:mlxcel-server]
2026-10-09T00:42:26+0900 sample 767: clean gpu=[1327624:mlxcel-server]
2026-10-09T00:42:27+0900 sample 768: clean gpu=[1327624:mlxcel-server]
2026-10-09T00:42:28+0900 sample 769: clean gpu=[1327624:mlxcel-server]
2026-10-09T00:42:30+0900 sample 770: clean gpu=[1327624:mlxcel-server]
2026-10-09T00:42:31+0900 sample 771: clean gpu=[1327624:mlxcel-server]
2026-10-09T00:42:33+0900 sample 772: clean gpu=[1327624:mlxcel-server]
2026-10-09T00:42:34+0900 sample 773: clean gpu=[1327624:mlxcel-server]
2026-10-09T00:42:36+0900 sample 774: clean gpu=[1327624:mlxcel-server]
2026-10-09T00:42:37+0900 sample 775: clean gpu=[1327624:mlxcel-server]
2026-10-09T00:42:39+0900 sample 776: clean gpu=[1327624:mlxcel-server]
2026-10-09T00:42:40+0900 sample 777: clean gpu=[1327624:mlxcel-server]
2026-10-09T00:42:42+0900 sample 778: clean gpu=[1327624:mlxcel-server]
2026-10-09T00:42:43+0900 sample 779: clean gpu=[1327624:mlxcel-server]
2026-10-09T00:42:45+0900 sample 780: clean gpu=[1327624:mlxcel-server]
2026-10-09T00:42:46+0900 sample 781: clean gpu=[1327624:mlxcel-server]
2026-10-09T00:42:48+0900 sample 782: clean gpu=[1327624:mlxcel-server]
2026-10-09T00:42:49+0900 sample 783: clean gpu=[1327624:mlxcel-server]
2026-10-09T00:42:51+0900 sample 784: clean gpu=[1327624:mlxcel-server]
2026-10-09T00:42:52+0900 sample 785: clean gpu=[1327624:mlxcel-server]
2026-10-09T00:42:53+0900 sample 786: clean gpu=[1327624:mlxcel-server]
2026-10-09T00:42:55+0900 sample 787: clean gpu=[1327624:mlxcel-server]
2026-10-09T00:42:56+0900 sample 788: clean gpu=[1327624:mlxcel-server]
2026-10-09T00:42:58+0900 sample 789: clean gpu=[1327624:mlxcel-server]
2026-10-09T00:42:59+0900 sample 790: clean gpu=[1327624:mlxcel-server]
2026-10-09T00:43:01+0900 sample 791: clean gpu=[1327624:mlxcel-server]
2026-10-09T00:43:02+0900 sample 792: clean gpu=[1327624:mlxcel-server]
2026-10-09T00:43:04+0900 sample 793: clean gpu=[1327624:mlxcel-server]
2026-10-09T00:43:05+0900 sample 794: clean gpu=[1327624:mlxcel-server]
2026-10-09T00:43:07+0900 sample 795: clean gpu=[1327624:mlxcel-server]
2026-10-09T00:43:08+0900 sample 796: clean gpu=[1327624:mlxcel-server]
2026-10-09T00:43:10+0900 sample 797: clean gpu=[1327624:mlxcel-server]
2026-10-09T00:43:11+0900 sample 798: clean gpu=[1327624:mlxcel-server]
2026-10-09T00:43:13+0900 sample 799: clean gpu=[1327624:mlxcel-server]
2026-10-09T00:43:14+0900 sample 800: clean gpu=[1327624:mlxcel-server]
2026-10-09T00:43:16+0900 sample 801: clean gpu=[1327624:mlxcel-server]
2026-10-09T00:43:17+0900 sample 802: clean gpu=[1327624:mlxcel-server]
2026-10-09T00:43:18+0900 sample 803: clean gpu=[1327624:mlxcel-server]
2026-10-09T00:43:20+0900 sample 804: clean gpu=[1327624:mlxcel-server]
2026-10-09T00:43:21+0900 sample 805: clean gpu=[1327624:mlxcel-server]
2026-10-09T00:43:23+0900 sample 806: clean gpu=[1327624:mlxcel-server]
2026-10-09T00:43:24+0900 sample 807: clean gpu=[1327624:mlxcel-server]
2026-10-09T00:43:26+0900 sample 808: clean gpu=[1327624:mlxcel-server]
2026-10-09T00:43:27+0900 sample 809: clean gpu=[1327624:mlxcel-server]
2026-10-09T00:43:29+0900 sample 810: clean gpu=[1327624:mlxcel-server]
2026-10-09T00:43:30+0900 sample 811: clean gpu=[1327624:mlxcel-server]
2026-10-09T00:43:32+0900 sample 812: clean gpu=[1327624:mlxcel-server]
2026-10-09T00:43:33+0900 sample 813: clean gpu=[1327624:mlxcel-server]
2026-10-09T00:43:35+0900 sample 814: clean gpu=[1327624:mlxcel-server]
2026-10-09T00:43:36+0900 sample 815: clean gpu=[1327624:mlxcel-server]
2026-10-09T00:43:38+0900 sample 816: clean gpu=[1327624:mlxcel-server]
2026-10-09T00:43:39+0900 sample 817: clean gpu=[1327624:mlxcel-server]
2026-10-09T00:43:41+0900 sample 818: clean gpu=[1327624:mlxcel-server]
2026-10-09T00:43:42+0900 sample 819: clean gpu=[1327624:mlxcel-server]
2026-10-09T00:43:44+0900 sample 820: clean gpu=[1327624:mlxcel-server]
2026-10-09T00:43:45+0900 sample 821: clean gpu=[1327624:mlxcel-server]
2026-10-09T00:43:47+0900 sample 822: clean gpu=[1327624:mlxcel-server]
2026-10-09T00:43:48+0900 sample 823: clean gpu=[1327624:mlxcel-server]
2026-10-09T00:43:50+0900 sample 824: clean gpu=[1327624:mlxcel-server]
2026-10-09T00:43:51+0900 sample 825: clean gpu=[1327624:mlxcel-server]
2026-10-09T00:43:53+0900 sample 826: clean gpu=[1327624:mlxcel-server]
2026-10-09T00:43:54+0900 sample 827: clean gpu=[1327624:mlxcel-server]
2026-10-09T00:43:56+0900 sample 828: clean gpu=[1327624:mlxcel-server]
2026-10-09T00:43:57+0900 sample 829: clean gpu=[1327624:mlxcel-server]
2026-10-09T00:43:59+0900 sample 830: clean gpu=[1327624:mlxcel-server]
2026-10-09T00:44:00+0900 sample 831: clean gpu=[1327624:mlxcel-server]
2026-10-09T00:44:02+0900 sample 832: clean gpu=[1327624:mlxcel-server]
2026-10-09T00:44:03+0900 sample 833: clean gpu=[1327624:mlxcel-server]
2026-10-09T00:44:04+0900 sample 834: clean gpu=[1327624:mlxcel-server]
2026-10-09T00:44:06+0900 sample 835: clean gpu=[1327624:mlxcel-server]
2026-10-09T00:44:07+0900 sample 836: clean gpu=[1327624:mlxcel-server]
2026-10-09T00:44:09+0900 sample 837: clean gpu=[1327624:mlxcel-server]
2026-10-09T00:44:10+0900 sample 838: clean gpu=[1327624:mlxcel-server]
2026-10-09T00:44:12+0900 sample 839: clean gpu=[1327624:mlxcel-server]
2026-10-09T00:44:13+0900 sample 840: clean gpu=[1327624:mlxcel-server]
2026-10-09T00:44:15+0900 sample 841: clean gpu=[1327624:mlxcel-server]
2026-10-09T00:44:16+0900 sample 842: clean gpu=[1327624:mlxcel-server]
2026-10-09T00:44:18+0900 sample 843: clean gpu=[1327624:mlxcel-server]
2026-10-09T00:44:19+0900 sample 844: clean gpu=[1327624:mlxcel-server]
2026-10-09T00:44:21+0900 sample 845: clean gpu=[1327624:mlxcel-server]
2026-10-09T00:44:22+0900 sample 846: clean gpu=[1327624:mlxcel-server]
2026-10-09T00:44:24+0900 sample 847: clean gpu=[1327624:mlxcel-server]
2026-10-09T00:44:25+0900 sample 848: clean gpu=[1327624:mlxcel-server]
2026-10-09T00:44:26+0900 sample 849: clean gpu=[1327624:mlxcel-server]
2026-10-09T00:44:28+0900 sample 850: clean gpu=[1327624:mlxcel-server]
2026-10-09T00:44:29+0900 sample 851: clean gpu=[1327624:mlxcel-server]
2026-10-09T00:44:31+0900 sample 852: clean gpu=[1327624:mlxcel-server]
2026-10-09T00:44:32+0900 sample 853: clean gpu=[1327624:mlxcel-server]
2026-10-09T00:44:34+0900 sample 854: clean gpu=[1327624:mlxcel-server]
2026-10-09T00:44:35+0900 sample 855: clean gpu=[1327624:mlxcel-server]
2026-10-09T00:44:37+0900 sample 856: clean gpu=[1327624:mlxcel-server]
2026-10-09T00:44:38+0900 sample 857: clean gpu=[1327624:mlxcel-server]
2026-10-09T00:44:40+0900 sample 858: clean gpu=[1327624:mlxcel-server]
2026-10-09T00:44:41+0900 sample 859: clean gpu=[1327624:mlxcel-server]
2026-10-09T00:44:43+0900 sample 860: clean gpu=[1327624:mlxcel-server]
2026-10-09T00:44:44+0900 sample 861: clean gpu=[1327624:mlxcel-server]
2026-10-09T00:44:46+0900 sample 862: clean gpu=[1327624:mlxcel-server]
2026-10-09T00:44:47+0900 sample 863: clean gpu=[1327624:mlxcel-server]
2026-10-09T00:44:48+0900 sample 864: clean gpu=[1327624:mlxcel-server]
2026-10-09T00:44:50+0900 sample 865: clean gpu=[1327624:mlxcel-server]
2026-10-09T00:44:51+0900 sample 866: clean gpu=[1327624:mlxcel-server]
2026-10-09T00:44:53+0900 sample 867: clean gpu=[1327624:mlxcel-server]
2026-10-09T00:44:54+0900 sample 868: clean gpu=[1327624:mlxcel-server]
2026-10-09T00:44:56+0900 sample 869: clean gpu=[1327624:mlxcel-server]
2026-10-09T00:44:57+0900 sample 870: clean gpu=[1327624:mlxcel-server]
2026-10-09T00:44:59+0900 sample 871: clean gpu=[1327624:mlxcel-server]
2026-10-09T00:45:00+0900 sample 872: clean gpu=[1327624:mlxcel-server]
2026-10-09T00:45:02+0900 sample 873: clean gpu=[1327624:mlxcel-server]
2026-10-09T00:45:03+0900 sample 874: clean gpu=[1327624:mlxcel-server]
2026-10-09T00:45:05+0900 sample 875: clean gpu=[1327624:mlxcel-server]
2026-10-09T00:45:06+0900 sample 876: clean gpu=[1327624:mlxcel-server]
2026-10-09T00:45:08+0900 sample 877: clean gpu=[1327624:mlxcel-server]
2026-10-09T00:45:09+0900 sample 878: clean gpu=[1327624:mlxcel-server]
2026-10-09T00:45:11+0900 sample 879: clean gpu=[1327624:mlxcel-server]
2026-10-09T00:45:12+0900 sample 880: clean gpu=[1327624:mlxcel-server]
2026-10-09T00:45:13+0900 sample 881: clean gpu=[1327624:mlxcel-server]
2026-10-09T00:45:15+0900 sample 882: clean gpu=[1327624:mlxcel-server]
2026-10-09T00:45:16+0900 sample 883: clean gpu=[1327624:mlxcel-server]
2026-10-09T00:45:18+0900 sample 884: clean gpu=[1327624:mlxcel-server]
2026-10-09T00:45:19+0900 sample 885: clean gpu=[1327624:mlxcel-server]
2026-10-09T00:45:21+0900 sample 886: clean gpu=[1327624:mlxcel-server]
2026-10-09T00:45:22+0900 sample 887: clean gpu=[1327624:mlxcel-server]
2026-10-09T00:45:24+0900 sample 888: clean gpu=[1327624:mlxcel-server]
2026-10-09T00:45:25+0900 sample 889: clean gpu=[1327624:mlxcel-server]
2026-10-09T00:45:27+0900 sample 890: clean gpu=[1327624:mlxcel-server]
2026-10-09T00:45:28+0900 sample 891: clean gpu=[1327624:mlxcel-server]
2026-10-09T00:45:30+0900 sample 892: clean gpu=[1327624:mlxcel-server]
2026-10-09T00:45:31+0900 sample 893: clean gpu=[1327624:mlxcel-server]
2026-10-09T00:45:33+0900 sample 894: clean gpu=[1327624:mlxcel-server]
2026-10-09T00:45:34+0900 sample 895: clean gpu=[1327624:mlxcel-server]
2026-10-09T00:45:35+0900 sample 896: clean gpu=[1327624:mlxcel-server]
2026-10-09T00:45:37+0900 sample 897: clean gpu=[1327624:mlxcel-server]
2026-10-09T00:45:38+0900 sample 898: clean gpu=[1327624:mlxcel-server]
2026-10-09T00:45:40+0900 sample 899: clean gpu=[1327624:mlxcel-server]
2026-10-09T00:45:41+0900 sample 900: clean gpu=[1327624:mlxcel-server]
2026-10-09T00:45:43+0900 sample 901: clean gpu=[1327624:mlxcel-server]
2026-10-09T00:45:44+0900 sample 902: clean gpu=[1327624:mlxcel-server]
2026-10-09T00:45:46+0900 sample 903: clean gpu=[1327624:mlxcel-server]
2026-10-09T00:45:47+0900 sample 904: clean gpu=[1327624:mlxcel-server]
2026-10-09T00:45:49+0900 sample 905: clean gpu=[1327624:mlxcel-server]
2026-10-09T00:45:50+0900 sample 906: clean gpu=[1327624:mlxcel-server]
2026-10-09T00:45:52+0900 sample 907: clean gpu=[1327624:mlxcel-server]
2026-10-09T00:45:53+0900 sample 908: clean gpu=[1327624:mlxcel-server]
2026-10-09T00:45:55+0900 sample 909: clean gpu=[1327624:mlxcel-server]
2026-10-09T00:45:56+0900 sample 910: clean gpu=[1327624:mlxcel-server]
2026-10-09T00:45:58+0900 sample 911: clean gpu=[1327624:mlxcel-server]
2026-10-09T00:45:59+0900 sample 912: clean gpu=[1327624:mlxcel-server]
2026-10-09T00:46:00+0900 sample 913: clean gpu=[1327624:mlxcel-server]
2026-10-09T00:46:02+0900 sample 914: clean gpu=[1327624:mlxcel-server]
2026-10-09T00:46:03+0900 sample 915: clean gpu=[1327624:mlxcel-server]
2026-10-09T00:46:05+0900 sample 916: clean gpu=[1327624:mlxcel-server]
2026-10-09T00:46:06+0900 sample 917: clean gpu=[1327624:mlxcel-server]
2026-10-09T00:46:08+0900 sample 918: clean gpu=[1327624:mlxcel-server]
2026-10-09T00:46:09+0900 sample 919: clean gpu=[1327624:mlxcel-server]
2026-10-09T00:46:11+0900 sample 920: clean gpu=[1327624:mlxcel-server]
2026-10-09T00:46:12+0900 sample 921: clean gpu=[1327624:mlxcel-server]
2026-10-09T00:46:14+0900 sample 922: clean gpu=[1327624:mlxcel-server]
2026-10-09T00:46:15+0900 sample 923: clean gpu=[1327624:mlxcel-server]
2026-10-09T00:46:17+0900 sample 924: clean gpu=[1327624:mlxcel-server]
2026-10-09T00:46:18+0900 sample 925: clean gpu=[1327624:mlxcel-server]
2026-10-09T00:46:20+0900 sample 926: clean gpu=[1327624:mlxcel-server]
2026-10-09T00:46:21+0900 sample 927: clean gpu=[1327624:mlxcel-server]
2026-10-09T00:46:23+0900 sample 928: clean gpu=[1327624:mlxcel-server]
2026-10-09T00:46:24+0900 sample 929: clean gpu=[1327624:mlxcel-server]
2026-10-09T00:46:25+0900 sample 930: clean gpu=[1327624:mlxcel-server]
2026-10-09T00:46:27+0900 sample 931: clean gpu=[1327624:mlxcel-server]
2026-10-09T00:46:28+0900 sample 932: clean gpu=[1327624:mlxcel-server]
2026-10-09T00:46:30+0900 sample 933: clean gpu=[1327624:mlxcel-server]
2026-10-09T00:46:31+0900 sample 934: clean gpu=[1327624:mlxcel-server]
2026-10-09T00:46:33+0900 sample 935: clean gpu=[1327624:mlxcel-server]
2026-10-09T00:46:34+0900 sample 936: clean gpu=[1327624:mlxcel-server]
2026-10-09T00:46:36+0900 sample 937: clean gpu=[1327624:mlxcel-server]
2026-10-09T00:46:37+0900 sample 938: clean gpu=[1327624:mlxcel-server]
2026-10-09T00:46:39+0900 sample 939: clean gpu=[1327624:mlxcel-server]
2026-10-09T00:46:40+0900 sample 940: clean gpu=[1327624:mlxcel-server]
2026-10-09T00:46:42+0900 sample 941: clean gpu=[1327624:mlxcel-server]
2026-10-09T00:46:43+0900 sample 942: clean gpu=[1327624:mlxcel-server]
2026-10-09T00:46:45+0900 sample 943: clean gpu=[1327624:mlxcel-server]
2026-10-09T00:46:46+0900 sample 944: clean gpu=[1327624:mlxcel-server]
2026-10-09T00:46:48+0900 sample 945: clean gpu=[1327624:mlxcel-server]
2026-10-09T00:46:49+0900 sample 946: clean gpu=[1327624:mlxcel-server]
2026-10-09T00:46:51+0900 sample 947: clean gpu=[1327624:mlxcel-server]
2026-10-09T00:46:52+0900 sample 948: clean gpu=[1327624:mlxcel-server]
2026-10-09T00:46:53+0900 sample 949: clean gpu=[1327624:mlxcel-server]
2026-10-09T00:46:55+0900 sample 950: clean gpu=[1327624:mlxcel-server]
2026-10-09T00:46:56+0900 sample 951: clean gpu=[1327624:mlxcel-server]
2026-10-09T00:46:58+0900 sample 952: clean gpu=[1327624:mlxcel-server]
2026-10-09T00:46:59+0900 sample 953: clean gpu=[1327624:mlxcel-server]
2026-10-09T00:47:01+0900 sample 954: clean gpu=[1327624:mlxcel-server]
2026-10-09T00:47:02+0900 sample 955: clean gpu=[1327624:mlxcel-server]
2026-10-09T00:47:04+0900 sample 956: clean gpu=[1327624:mlxcel-server]
2026-10-09T00:47:05+0900 sample 957: clean gpu=[1327624:mlxcel-server]
2026-10-09T00:47:07+0900 sample 958: clean gpu=[1327624:mlxcel-server]
2026-10-09T00:47:08+0900 sample 959: clean gpu=[1327624:mlxcel-server]
2026-10-09T00:47:10+0900 sample 960: clean gpu=[1327624:mlxcel-server]
2026-10-09T00:47:11+0900 sample 961: clean gpu=[1327624:mlxcel-server]
2026-10-09T00:47:13+0900 sample 962: clean gpu=[1327624:mlxcel-server]
2026-10-09T00:47:14+0900 sample 963: clean gpu=[1327624:mlxcel-server]
2026-10-09T00:47:16+0900 sample 964: clean gpu=[1327624:mlxcel-server]
2026-10-09T00:47:17+0900 sample 965: clean gpu=[1327624:mlxcel-server]
2026-10-09T00:47:19+0900 sample 966: clean gpu=[1327624:mlxcel-server]
2026-10-09T00:47:20+0900 sample 967: clean gpu=[1327624:mlxcel-server]
2026-10-09T00:47:21+0900 sample 968: clean gpu=[1327624:mlxcel-server]
2026-10-09T00:47:23+0900 sample 969: clean gpu=[1327624:mlxcel-server]
2026-10-09T00:47:24+0900 sample 970: clean gpu=[1327624:mlxcel-server]
2026-10-09T00:47:26+0900 sample 971: clean gpu=[1327624:mlxcel-server]
2026-10-09T00:47:27+0900 sample 972: clean gpu=[1327624:mlxcel-server]
2026-10-09T00:47:29+0900 sample 973: clean gpu=[1327624:mlxcel-server]
2026-10-09T00:47:30+0900 sample 974: clean gpu=[1327624:mlxcel-server]
2026-10-09T00:47:32+0900 sample 975: clean gpu=[1327624:mlxcel-server]
2026-10-09T00:47:33+0900 sample 976: clean gpu=[1327624:mlxcel-server]
2026-10-09T00:47:35+0900 sample 977: clean gpu=[1327624:mlxcel-server]
2026-10-09T00:47:36+0900 sample 978: clean gpu=[1327624:mlxcel-server]
2026-10-09T00:47:38+0900 sample 979: clean gpu=[1327624:mlxcel-server]
2026-10-09T00:47:39+0900 sample 980: clean gpu=[1327624:mlxcel-server]
2026-10-09T00:47:41+0900 sample 981: clean gpu=[1327624:mlxcel-server]
2026-10-09T00:47:42+0900 sample 982: clean gpu=[1327624:mlxcel-server]
2026-10-09T00:47:44+0900 sample 983: clean gpu=[1327624:mlxcel-server]
2026-10-09T00:47:45+0900 sample 984: clean gpu=[1327624:mlxcel-server]
2026-10-09T00:47:47+0900 sample 985: clean gpu=[1327624:mlxcel-server]
2026-10-09T00:47:48+0900 sample 986: clean gpu=[1327624:mlxcel-server]
2026-10-09T00:47:49+0900 sample 987: clean gpu=[1327624:mlxcel-server]
2026-10-09T00:47:51+0900 sample 988: clean gpu=[1327624:mlxcel-server]
2026-10-09T00:47:52+0900 sample 989: clean gpu=[1327624:mlxcel-server]
2026-10-09T00:47:54+0900 sample 990: clean gpu=[1327624:mlxcel-server]
2026-10-09T00:47:55+0900 sample 991: clean gpu=[1327624:mlxcel-server]
2026-10-09T00:47:57+0900 sample 992: clean gpu=[1327624:mlxcel-server]
2026-10-09T00:47:58+0900 sample 993: clean gpu=[1327624:mlxcel-server]
2026-10-09T00:48:00+0900 sample 994: clean gpu=[1327624:mlxcel-server]
2026-10-09T00:48:01+0900 sample 995: clean gpu=[1327624:mlxcel-server]
2026-10-09T00:48:03+0900 sample 996: clean gpu=[1327624:mlxcel-server]
2026-10-09T00:48:04+0900 sample 997: clean gpu=[1327624:mlxcel-server]
2026-10-09T00:48:06+0900 sample 998: clean gpu=[1327624:mlxcel-server]
2026-10-09T00:48:07+0900 sample 999: clean gpu=[1327624:mlxcel-server]
2026-10-09T00:48:08+0900 sample 1000: clean gpu=[1327624:mlxcel-server]
2026-10-09T00:48:10+0900 sample 1001: clean gpu=[1327624:mlxcel-server]
2026-10-09T00:48:11+0900 sample 1002: clean gpu=[1327624:mlxcel-server]
2026-10-09T00:48:13+0900 sample 1003: clean gpu=[1327624:mlxcel-server]
2026-10-09T00:48:14+0900 sample 1004: clean gpu=[1327624:mlxcel-server]
2026-10-09T00:48:16+0900 sample 1005: clean gpu=[1327624:mlxcel-server]
2026-10-09T00:48:17+0900 sample 1006: clean gpu=[1327624:mlxcel-server]
2026-10-09T00:48:19+0900 sample 1007: clean gpu=[1327624:mlxcel-server]
2026-10-09T00:48:20+0900 sample 1008: clean gpu=[1327624:mlxcel-server]
2026-10-09T00:48:22+0900 sample 1009: clean gpu=[1327624:mlxcel-server]
2026-10-09T00:48:23+0900 sample 1010: clean gpu=[1327624:mlxcel-server]
2026-10-09T00:48:24+0900 sample 1011: clean gpu=[1327624:mlxcel-server]
2026-10-09T00:48:26+0900 sample 1012: clean gpu=[1327624:mlxcel-server]
2026-10-09T00:48:27+0900 sample 1013: clean gpu=[1327624:mlxcel-server]
2026-10-09T00:48:29+0900 sample 1014: clean gpu=[1327624:mlxcel-server]
2026-10-09T00:48:30+0900 sample 1015: clean gpu=[1327624:mlxcel-server]
2026-10-09T00:48:32+0900 sample 1016: clean gpu=[1327624:mlxcel-server]
2026-10-09T00:48:33+0900 sample 1017: clean gpu=[1327624:mlxcel-server]
2026-10-09T00:48:35+0900 sample 1018: clean gpu=[1327624:mlxcel-server]
2026-10-09T00:48:36+0900 sample 1019: clean gpu=[1327624:mlxcel-server]
2026-10-09T00:48:38+0900 sample 1020: clean gpu=[1327624:mlxcel-server]
2026-10-09T00:48:39+0900 sample 1021: clean gpu=[1327624:mlxcel-server]
2026-10-09T00:48:41+0900 sample 1022: clean gpu=[1327624:mlxcel-server]
2026-10-09T00:48:42+0900 sample 1023: clean gpu=[1327624:mlxcel-server]
2026-10-09T00:48:44+0900 sample 1024: clean gpu=[1327624:mlxcel-server]
2026-10-09T00:48:45+0900 sample 1025: clean gpu=[1327624:mlxcel-server]
2026-10-09T00:48:46+0900 sample 1026: clean gpu=[1327624:mlxcel-server]
2026-10-09T00:48:48+0900 sample 1027: clean gpu=[1327624:mlxcel-server]
2026-10-09T00:48:49+0900 sample 1028: clean gpu=[1327624:mlxcel-server]
2026-10-09T00:48:51+0900 sample 1029: clean gpu=[1327624:mlxcel-server]
2026-10-09T00:48:52+0900 sample 1030: clean gpu=[1327624:mlxcel-server]
2026-10-09T00:48:54+0900 sample 1031: clean gpu=[1327624:mlxcel-server]
2026-10-09T00:48:55+0900 sample 1032: clean gpu=[1327624:mlxcel-server]
2026-10-09T00:48:57+0900 sample 1033: clean gpu=[1327624:mlxcel-server]
2026-10-09T00:48:58+0900 sample 1034: clean gpu=[1327624:mlxcel-server]
2026-10-09T00:49:00+0900 sample 1035: clean gpu=[1327624:mlxcel-server]
2026-10-09T00:49:01+0900 sample 1036: clean gpu=[1327624:mlxcel-server]
2026-10-09T00:49:02+0900 sample 1037: clean gpu=[1327624:mlxcel-server]
2026-10-09T00:49:04+0900 sample 1038: clean gpu=[1327624:mlxcel-server]
2026-10-09T00:49:05+0900 sample 1039: clean gpu=[1327624:mlxcel-server]
2026-10-09T00:49:07+0900 sample 1040: clean gpu=[1327624:mlxcel-server]
2026-10-09T00:49:08+0900 sample 1041: clean gpu=[1327624:mlxcel-server]
2026-10-09T00:49:10+0900 sample 1042: clean gpu=[1327624:mlxcel-server]
2026-10-09T00:49:11+0900 sample 1043: clean gpu=[1327624:mlxcel-server]
2026-10-09T00:49:13+0900 sample 1044: clean gpu=[1327624:mlxcel-server]
2026-10-09T00:49:14+0900 sample 1045: clean gpu=[1327624:mlxcel-server]
2026-10-09T00:49:16+0900 sample 1046: clean gpu=[1327624:mlxcel-server]
2026-10-09T00:49:17+0900 sample 1047: clean gpu=[1919258:mlxcel-server]
2026-10-09T00:49:19+0900 sample 1048: clean gpu=[1919258:mlxcel-server]
2026-10-09T00:49:20+0900 sample 1049: clean gpu=[1919258:mlxcel-server]
2026-10-09T00:49:21+0900 sample 1050: clean gpu=[1919258:mlxcel-server]
2026-10-09T00:49:23+0900 sample 1051: clean gpu=[1919258:mlxcel-server]
2026-10-09T00:49:24+0900 sample 1052: clean gpu=[1919258:mlxcel-server]
2026-10-09T00:49:26+0900 sample 1053: clean gpu=[1919258:mlxcel-server]
2026-10-09T00:49:27+0900 sample 1054: clean gpu=[1919258:mlxcel-server]
2026-10-09T00:49:29+0900 sample 1055: clean gpu=[1919258:mlxcel-server]
2026-10-09T00:49:30+0900 sample 1056: clean gpu=[1919258:mlxcel-server]
2026-10-09T00:49:32+0900 sample 1057: clean gpu=[1919258:mlxcel-server]
2026-10-09T00:49:33+0900 sample 1058: clean gpu=[1919258:mlxcel-server]
2026-10-09T00:49:35+0900 sample 1059: clean gpu=[1919258:mlxcel-server]
2026-10-09T00:49:36+0900 sample 1060: clean gpu=[1919258:mlxcel-server]
2026-10-09T00:49:38+0900 sample 1061: clean gpu=[1919258:mlxcel-server]
2026-10-09T00:49:39+0900 sample 1062: clean gpu=[1919258:mlxcel-server]
2026-10-09T00:49:41+0900 sample 1063: clean gpu=[1919258:mlxcel-server]
2026-10-09T00:49:42+0900 sample 1064: clean gpu=[1919258:mlxcel-server]
2026-10-09T00:49:44+0900 sample 1065: clean gpu=[1919258:mlxcel-server]
2026-10-09T00:49:45+0900 sample 1066: clean gpu=[1919258:mlxcel-server]
2026-10-09T00:49:47+0900 sample 1067: clean gpu=[1919258:mlxcel-server]
2026-10-09T00:49:48+0900 sample 1068: clean gpu=[1919258:mlxcel-server]
2026-10-09T00:49:50+0900 sample 1069: clean gpu=[1919258:mlxcel-server]
2026-10-09T00:49:51+0900 sample 1070: clean gpu=[1919258:mlxcel-server]
2026-10-09T00:49:53+0900 sample 1071: clean gpu=[1919258:mlxcel-server]
2026-10-09T00:49:54+0900 sample 1072: clean gpu=[1919258:mlxcel-server]
2026-10-09T00:49:56+0900 sample 1073: clean gpu=[1919258:mlxcel-server]
2026-10-09T00:49:57+0900 sample 1074: clean gpu=[1919258:mlxcel-server]
2026-10-09T00:49:59+0900 sample 1075: clean gpu=[1919258:mlxcel-server]
2026-10-09T00:50:00+0900 sample 1076: clean gpu=[1919258:mlxcel-server]
2026-10-09T00:50:02+0900 sample 1077: clean gpu=[1919258:mlxcel-server]
2026-10-09T00:50:03+0900 sample 1078: clean gpu=[1919258:mlxcel-server]
2026-10-09T00:50:05+0900 sample 1079: clean gpu=[1919258:mlxcel-server]
2026-10-09T00:50:06+0900 sample 1080: clean gpu=[1919258:mlxcel-server]
2026-10-09T00:50:08+0900 sample 1081: clean gpu=[1919258:mlxcel-server]
2026-10-09T00:50:09+0900 sample 1082: clean gpu=[1919258:mlxcel-server]
2026-10-09T00:50:11+0900 sample 1083: clean gpu=[1919258:mlxcel-server]
2026-10-09T00:50:12+0900 sample 1084: clean gpu=[1919258:mlxcel-server]
2026-10-09T00:50:14+0900 sample 1085: clean gpu=[1919258:mlxcel-server]
2026-10-09T00:50:15+0900 sample 1086: clean gpu=[1919258:mlxcel-server]
2026-10-09T00:50:17+0900 sample 1087: clean gpu=[1919258:mlxcel-server]
2026-10-09T00:50:18+0900 sample 1088: clean gpu=[1919258:mlxcel-server]
2026-10-09T00:50:20+0900 sample 1089: clean gpu=[1919258:mlxcel-server]
2026-10-09T00:50:21+0900 sample 1090: clean gpu=[1919258:mlxcel-server]
2026-10-09T00:50:23+0900 sample 1091: clean gpu=[1919258:mlxcel-server]
2026-10-09T00:50:24+0900 sample 1092: clean gpu=[1919258:mlxcel-server]
2026-10-09T00:50:26+0900 sample 1093: clean gpu=[1919258:mlxcel-server]
2026-10-09T00:50:27+0900 sample 1094: clean gpu=[1919258:mlxcel-server]
2026-10-09T00:50:29+0900 sample 1095: clean gpu=[1919258:mlxcel-server]
2026-10-09T00:50:30+0900 sample 1096: clean gpu=[1919258:mlxcel-server]
2026-10-09T00:50:32+0900 sample 1097: clean gpu=[1919258:mlxcel-server]
2026-10-09T00:50:33+0900 sample 1098: clean gpu=[1919258:mlxcel-server]
2026-10-09T00:50:35+0900 sample 1099: clean gpu=[1919258:mlxcel-server]
2026-10-09T00:50:36+0900 sample 1100: clean gpu=[1919258:mlxcel-server]
2026-10-09T00:50:38+0900 sample 1101: clean gpu=[1919258:mlxcel-server]
2026-10-09T00:50:39+0900 sample 1102: clean gpu=[1919258:mlxcel-server]
2026-10-09T00:50:41+0900 sample 1103: clean gpu=[1919258:mlxcel-server]
2026-10-09T00:50:43+0900 sample 1104: clean gpu=[1919258:mlxcel-server]
2026-10-09T00:50:44+0900 sample 1105: clean gpu=[1919258:mlxcel-server]
2026-10-09T00:50:46+0900 sample 1106: clean gpu=[1919258:mlxcel-server]
2026-10-09T00:50:47+0900 sample 1107: clean gpu=[1919258:mlxcel-server]
2026-10-09T00:50:49+0900 sample 1108: clean gpu=[1919258:mlxcel-server]
2026-10-09T00:50:50+0900 sample 1109: clean gpu=[1919258:mlxcel-server]
2026-10-09T00:50:52+0900 sample 1110: clean gpu=[1919258:mlxcel-server]
2026-10-09T00:50:53+0900 sample 1111: clean gpu=[1919258:mlxcel-server]
2026-10-09T00:50:55+0900 sample 1112: clean gpu=[1919258:mlxcel-server]
2026-10-09T00:50:56+0900 sample 1113: clean gpu=[1919258:mlxcel-server]
2026-10-09T00:50:58+0900 sample 1114: clean gpu=[1919258:mlxcel-server]
2026-10-09T00:50:59+0900 sample 1115: clean gpu=[1919258:mlxcel-server]
2026-10-09T00:51:01+0900 sample 1116: clean gpu=[1919258:mlxcel-server]
2026-10-09T00:51:02+0900 sample 1117: clean gpu=[1919258:mlxcel-server]
2026-10-09T00:51:04+0900 sample 1118: clean gpu=[1919258:mlxcel-server]
2026-10-09T00:51:05+0900 sample 1119: clean gpu=[1919258:mlxcel-server]
2026-10-09T00:51:07+0900 sample 1120: clean gpu=[1919258:mlxcel-server]
2026-10-09T00:51:08+0900 sample 1121: clean gpu=[1919258:mlxcel-server]
2026-10-09T00:51:10+0900 sample 1122: clean gpu=[1919258:mlxcel-server]
2026-10-09T00:51:11+0900 sample 1123: clean gpu=[1919258:mlxcel-server]
2026-10-09T00:51:13+0900 sample 1124: clean gpu=[1919258:mlxcel-server]
2026-10-09T00:51:14+0900 sample 1125: clean gpu=[1919258:mlxcel-server]
2026-10-09T00:51:16+0900 sample 1126: clean gpu=[1919258:mlxcel-server]
2026-10-09T00:51:17+0900 sample 1127: clean gpu=[1919258:mlxcel-server]
2026-10-09T00:51:19+0900 sample 1128: clean gpu=[1919258:mlxcel-server]
2026-10-09T00:51:20+0900 sample 1129: clean gpu=[1919258:mlxcel-server]
2026-10-09T00:51:22+0900 sample 1130: clean gpu=[1919258:mlxcel-server]
2026-10-09T00:51:23+0900 sample 1131: clean gpu=[1919258:mlxcel-server]
2026-10-09T00:51:25+0900 sample 1132: clean gpu=[1919258:mlxcel-server]
2026-10-09T00:51:26+0900 sample 1133: clean gpu=[1919258:mlxcel-server]
2026-10-09T00:51:28+0900 sample 1134: clean gpu=[1919258:mlxcel-server]
2026-10-09T00:51:29+0900 sample 1135: clean gpu=[1919258:mlxcel-server]
2026-10-09T00:51:31+0900 sample 1136: clean gpu=[1919258:mlxcel-server]
2026-10-09T00:51:32+0900 sample 1137: clean gpu=[1919258:mlxcel-server]
2026-10-09T00:51:33+0900 sample 1138: clean gpu=[1919258:mlxcel-server]
2026-10-09T00:51:35+0900 sample 1139: clean gpu=[1919258:mlxcel-server]
2026-10-09T00:51:36+0900 sample 1140: clean gpu=[1919258:mlxcel-server]
2026-10-09T00:51:38+0900 sample 1141: clean gpu=[1919258:mlxcel-server]
2026-10-09T00:51:39+0900 sample 1142: clean gpu=[1919258:mlxcel-server]
2026-10-09T00:51:41+0900 sample 1143: clean gpu=[1919258:mlxcel-server]
2026-10-09T00:51:42+0900 sample 1144: clean gpu=[1919258:mlxcel-server]
2026-10-09T00:51:44+0900 sample 1145: clean gpu=[1919258:mlxcel-server]
2026-10-09T00:51:45+0900 sample 1146: clean gpu=[1919258:mlxcel-server]
2026-10-09T00:51:47+0900 sample 1147: clean gpu=[1919258:mlxcel-server]
2026-10-09T00:51:48+0900 sample 1148: clean gpu=[1919258:mlxcel-server]
2026-10-09T00:51:50+0900 sample 1149: clean gpu=[1919258:mlxcel-server]
2026-10-09T00:51:51+0900 sample 1150: clean gpu=[1919258:mlxcel-server]
2026-10-09T00:51:53+0900 sample 1151: clean gpu=[1919258:mlxcel-server]
2026-10-09T00:51:54+0900 sample 1152: clean gpu=[1919258:mlxcel-server]
2026-10-09T00:51:56+0900 sample 1153: clean gpu=[1919258:mlxcel-server]
2026-10-09T00:51:57+0900 sample 1154: clean gpu=[1919258:mlxcel-server]
2026-10-09T00:51:59+0900 sample 1155: clean gpu=[1919258:mlxcel-server]
2026-10-09T00:52:00+0900 sample 1156: clean gpu=[1919258:mlxcel-server]
2026-10-09T00:52:02+0900 sample 1157: clean gpu=[1919258:mlxcel-server]
2026-10-09T00:52:03+0900 sample 1158: clean gpu=[1919258:mlxcel-server]
2026-10-09T00:52:05+0900 sample 1159: clean gpu=[1919258:mlxcel-server]
2026-10-09T00:52:06+0900 sample 1160: clean gpu=[1919258:mlxcel-server]
2026-10-09T00:52:08+0900 sample 1161: clean gpu=[1919258:mlxcel-server]
2026-10-09T00:52:09+0900 sample 1162: clean gpu=[1919258:mlxcel-server]
2026-10-09T00:52:11+0900 sample 1163: clean gpu=[1919258:mlxcel-server]
2026-10-09T00:52:12+0900 sample 1164: clean gpu=[1919258:mlxcel-server]
2026-10-09T00:52:13+0900 sample 1165: clean gpu=[1919258:mlxcel-server]
2026-10-09T00:52:15+0900 monitor: 1165 samples
2026-10-09T00:52:15+0900 attempt 2: CLEAN, exit 0
