2026-10-09T00:55:56+0900 waiting for guard lock /tmp/mlxcel-rocm-gpu-guard.lock
2026-10-09T03:05:07+0900 caught SIGTERM: stopping command and monitor
2026-10-09T03:41:49+0900 waiting for guard lock /tmp/mlxcel-rocm-gpu-guard.lock
2026-10-09T04:04:49+0900 acquired guard lock /tmp/mlxcel-rocm-gpu-guard.lock after 1380s
2026-10-09T04:04:49+0900 waiting for 60s of idle GPU and no compiler
2026-10-09T04:06:18+0900 idle for 60s: kfd proc empty and no compiler in every 1 Hz sample
2026-10-09T04:06:18+0900 attempt 1/6: start: <meas>/run_s5.sh <meas>/s5
2026-10-09T04:06:18+0900 sample 1: clean gpu=[]
2026-10-09T04:06:20+0900 sample 2: clean gpu=[3048862:rocm_qmm_batche]
2026-10-09T04:06:21+0900 sample 3: clean gpu=[3048862:rocm_qmm_batche]
2026-10-09T04:06:23+0900 sample 4: clean gpu=[3048862:rocm_qmm_batche]
2026-10-09T04:06:24+0900 sample 5: clean gpu=[3048862:rocm_qmm_batche]
2026-10-09T04:06:26+0900 sample 6: clean gpu=[3048862:rocm_qmm_batche]
2026-10-09T04:06:27+0900 sample 7: clean gpu=[3048862:rocm_qmm_batche]
2026-10-09T04:06:29+0900 sample 8: clean gpu=[3048862:rocm_qmm_batche]
2026-10-09T04:06:30+0900 sample 9: clean gpu=[3048862:rocm_qmm_batche]
2026-10-09T04:06:32+0900 sample 10: clean gpu=[3048862:rocm_qmm_batche]
2026-10-09T04:06:33+0900 sample 11: clean gpu=[3048862:rocm_qmm_batche]
2026-10-09T04:06:35+0900 sample 12: clean gpu=[3048862:rocm_qmm_batche]
2026-10-09T04:06:36+0900 sample 13: clean gpu=[3048862:rocm_qmm_batche]
2026-10-09T04:06:38+0900 sample 14: clean gpu=[3048862:rocm_qmm_batche]
2026-10-09T04:06:39+0900 sample 15: clean gpu=[3048862:rocm_qmm_batche]
2026-10-09T04:06:41+0900 sample 16: clean gpu=[3048862:rocm_qmm_batche]
2026-10-09T04:06:42+0900 sample 17: clean gpu=[3048862:rocm_qmm_batche]
2026-10-09T04:06:44+0900 sample 18: clean gpu=[3048862:rocm_qmm_batche]
2026-10-09T04:06:46+0900 sample 19: clean gpu=[3048862:rocm_qmm_batche]
2026-10-09T04:06:47+0900 sample 20: clean gpu=[3048862:rocm_qmm_batche]
2026-10-09T04:06:49+0900 sample 21: clean gpu=[3048862:rocm_qmm_batche]
2026-10-09T04:06:50+0900 sample 22: clean gpu=[3048862:rocm_qmm_batche]
2026-10-09T04:06:52+0900 sample 23: clean gpu=[3048862:rocm_qmm_batche]
2026-10-09T04:06:53+0900 sample 24: clean gpu=[3048862:rocm_qmm_batche]
2026-10-09T04:06:55+0900 sample 25: clean gpu=[3048862:rocm_qmm_batche]
2026-10-09T04:06:56+0900 sample 26: clean gpu=[3048862:rocm_qmm_batche]
2026-10-09T04:06:58+0900 sample 27: clean gpu=[3048862:rocm_qmm_batche]
2026-10-09T04:06:59+0900 sample 28: clean gpu=[3048862:rocm_qmm_batche]
2026-10-09T04:07:01+0900 sample 29: clean gpu=[3048862:rocm_qmm_batche]
2026-10-09T04:07:02+0900 sample 30: clean gpu=[3048862:rocm_qmm_batche]
2026-10-09T04:07:04+0900 sample 31: clean gpu=[3048862:rocm_qmm_batche]
2026-10-09T04:07:05+0900 sample 32: clean gpu=[3048862:rocm_qmm_batche]
2026-10-09T04:07:07+0900 sample 33: clean gpu=[3048862:rocm_qmm_batche]
2026-10-09T04:07:08+0900 sample 34: clean gpu=[3048862:rocm_qmm_batche]
2026-10-09T04:07:10+0900 sample 35: clean gpu=[3048862:rocm_qmm_batche]
2026-10-09T04:07:11+0900 sample 36: clean gpu=[3048862:rocm_qmm_batche]
2026-10-09T04:07:13+0900 sample 37: clean gpu=[3048862:rocm_qmm_batche]
2026-10-09T04:07:14+0900 sample 38: clean gpu=[3048862:rocm_qmm_batche]
2026-10-09T04:07:16+0900 sample 39: clean gpu=[3048862:rocm_qmm_batche]
2026-10-09T04:07:17+0900 sample 40: clean gpu=[3048862:rocm_qmm_batche]
2026-10-09T04:07:19+0900 sample 41: clean gpu=[3048862:rocm_qmm_batche]
2026-10-09T04:07:20+0900 sample 42: clean gpu=[3048862:rocm_qmm_batche]
2026-10-09T04:07:22+0900 sample 43: clean gpu=[3048862:rocm_qmm_batche]
2026-10-09T04:07:23+0900 sample 44: clean gpu=[3048862:rocm_qmm_batche]
2026-10-09T04:07:25+0900 sample 45: clean gpu=[3048862:rocm_qmm_batche]
2026-10-09T04:07:26+0900 sample 46: clean gpu=[3048862:rocm_qmm_batche]
2026-10-09T04:07:27+0900 sample 47: clean gpu=[3048862:rocm_qmm_batche]
2026-10-09T04:07:29+0900 sample 48: clean gpu=[3048862:rocm_qmm_batche]
2026-10-09T04:07:31+0900 sample 49: clean gpu=[3048862:rocm_qmm_batche]
2026-10-09T04:07:32+0900 sample 50: clean gpu=[3048862:rocm_qmm_batche]
2026-10-09T04:07:34+0900 sample 51: clean gpu=[3048862:rocm_qmm_batche]
2026-10-09T04:07:35+0900 sample 52: clean gpu=[3048862:rocm_qmm_batche]
2026-10-09T04:07:37+0900 sample 53: clean gpu=[3048862:rocm_qmm_batche]
2026-10-09T04:07:38+0900 sample 54: clean gpu=[3048862:rocm_qmm_batche]
2026-10-09T04:07:40+0900 sample 55: clean gpu=[3048862:rocm_qmm_batche]
2026-10-09T04:07:41+0900 sample 56: clean gpu=[3048862:rocm_qmm_batche]
2026-10-09T04:07:43+0900 sample 57: clean gpu=[3048862:rocm_qmm_batche]
2026-10-09T04:07:44+0900 sample 58: clean gpu=[3102732:rocm_qmm_dequan,3102768:rocm_qmm_dequan]
2026-10-09T04:07:46+0900 sample 59: clean gpu=[3102732:rocm_qmm_dequan,3102768:rocm_qmm_dequan]
2026-10-09T04:07:47+0900 sample 60: clean gpu=[3102732:rocm_qmm_dequan,3102768:rocm_qmm_dequan]
2026-10-09T04:07:48+0900 sample 61: clean gpu=[3102732:rocm_qmm_dequan,3102768:rocm_qmm_dequan]
2026-10-09T04:07:50+0900 sample 62: clean gpu=[3102732:rocm_qmm_dequan,3102768:rocm_qmm_dequan]
2026-10-09T04:07:52+0900 sample 63: clean gpu=[3102732:rocm_qmm_dequan,3102768:rocm_qmm_dequan]
2026-10-09T04:07:53+0900 sample 64: clean gpu=[3102732:rocm_qmm_dequan,3102768:rocm_qmm_dequan]
2026-10-09T04:07:55+0900 sample 65: clean gpu=[3102732:rocm_qmm_dequan,3102768:rocm_qmm_dequan]
2026-10-09T04:07:56+0900 sample 66: clean gpu=[3102732:rocm_qmm_dequan,3110464:rocm_qmm_dequan]
2026-10-09T04:07:58+0900 sample 67: clean gpu=[3102732:rocm_qmm_dequan,3111453:rocm_qmm_dequan]
2026-10-09T04:07:59+0900 sample 68: clean gpu=[3102732:rocm_qmm_dequan,3112426:rocm_qmm_dequan]
2026-10-09T04:08:01+0900 sample 69: clean gpu=[3113435:qmm_batch_rows_]
2026-10-09T04:08:02+0900 sample 70: clean gpu=[3113435:qmm_batch_rows_]
2026-10-09T04:08:04+0900 sample 71: clean gpu=[3113435:qmm_batch_rows_]
2026-10-09T04:08:05+0900 sample 72: clean gpu=[3113435:qmm_batch_rows_]
2026-10-09T04:08:07+0900 sample 73: clean gpu=[3113435:qmm_batch_rows_]
2026-10-09T04:08:08+0900 sample 74: clean gpu=[3117840:qmm_batch_rows_]
2026-10-09T04:08:10+0900 sample 75: clean gpu=[3117840:qmm_batch_rows_]
2026-10-09T04:08:11+0900 sample 76: clean gpu=[3117840:qmm_batch_rows_]
2026-10-09T04:08:13+0900 sample 77: clean gpu=[3117840:qmm_batch_rows_]
2026-10-09T04:08:14+0900 sample 78: clean gpu=[3122042:qmm_batch_rows_]
2026-10-09T04:08:16+0900 sample 79: clean gpu=[3122042:qmm_batch_rows_]
2026-10-09T04:08:17+0900 sample 80: clean gpu=[3122042:qmm_batch_rows_]
2026-10-09T04:08:19+0900 sample 81: clean gpu=[3122042:qmm_batch_rows_]
2026-10-09T04:08:20+0900 sample 82: clean gpu=[3122042:qmm_batch_rows_]
2026-10-09T04:08:22+0900 sample 83: clean gpu=[3126814:qmm_batch_rows_]
2026-10-09T04:08:23+0900 sample 84: clean gpu=[3126814:qmm_batch_rows_]
2026-10-09T04:08:25+0900 sample 85: clean gpu=[3126814:qmm_batch_rows_]
2026-10-09T04:08:27+0900 sample 86: clean gpu=[3126814:qmm_batch_rows_]
2026-10-09T04:08:28+0900 sample 87: clean gpu=[3130718:profile_batched]
2026-10-09T04:08:29+0900 sample 88: clean gpu=[3130718:profile_batched]
2026-10-09T04:08:31+0900 sample 89: clean gpu=[3130718:profile_batched]
2026-10-09T04:08:32+0900 sample 90: clean gpu=[3130718:profile_batched]
2026-10-09T04:08:34+0900 sample 91: clean gpu=[3130718:profile_batched]
2026-10-09T04:08:35+0900 sample 92: clean gpu=[3130718:profile_batched]
2026-10-09T04:08:37+0900 sample 93: clean gpu=[3130718:profile_batched]
2026-10-09T04:08:38+0900 sample 94: clean gpu=[3130718:profile_batched]
2026-10-09T04:08:40+0900 sample 95: clean gpu=[3130718:profile_batched]
2026-10-09T04:08:41+0900 sample 96: clean gpu=[3130718:profile_batched]
2026-10-09T04:08:43+0900 sample 97: clean gpu=[3130718:profile_batched]
2026-10-09T04:08:44+0900 sample 98: clean gpu=[3130718:profile_batched]
2026-10-09T04:08:46+0900 sample 99: clean gpu=[3130718:profile_batched]
2026-10-09T04:08:47+0900 sample 100: clean gpu=[3130718:profile_batched]
2026-10-09T04:08:49+0900 sample 101: clean gpu=[3130718:profile_batched]
2026-10-09T04:08:50+0900 sample 102: clean gpu=[3130718:profile_batched]
2026-10-09T04:08:52+0900 sample 103: clean gpu=[3130718:profile_batched]
2026-10-09T04:08:53+0900 sample 104: clean gpu=[3130718:profile_batched]
2026-10-09T04:08:55+0900 sample 105: clean gpu=[3130718:profile_batched]
2026-10-09T04:08:56+0900 sample 106: clean gpu=[3130718:profile_batched]
2026-10-09T04:08:58+0900 sample 107: clean gpu=[3130718:profile_batched]
2026-10-09T04:08:59+0900 sample 108: clean gpu=[3130718:profile_batched]
2026-10-09T04:09:01+0900 sample 109: clean gpu=[3130718:profile_batched]
2026-10-09T04:09:02+0900 sample 110: clean gpu=[3130718:profile_batched]
2026-10-09T04:09:03+0900 sample 111: clean gpu=[3153523:profile_batched]
2026-10-09T04:09:05+0900 sample 112: clean gpu=[3153523:profile_batched]
2026-10-09T04:09:06+0900 sample 113: clean gpu=[3153523:profile_batched]
2026-10-09T04:09:08+0900 sample 114: clean gpu=[3153523:profile_batched]
2026-10-09T04:09:09+0900 sample 115: clean gpu=[3153523:profile_batched]
2026-10-09T04:09:11+0900 sample 116: clean gpu=[3153523:profile_batched]
2026-10-09T04:09:12+0900 sample 117: clean gpu=[3153523:profile_batched]
2026-10-09T04:09:14+0900 sample 118: clean gpu=[3153523:profile_batched]
2026-10-09T04:09:15+0900 sample 119: clean gpu=[3153523:profile_batched]
2026-10-09T04:09:17+0900 sample 120: clean gpu=[3153523:profile_batched]
2026-10-09T04:09:18+0900 sample 121: clean gpu=[3153523:profile_batched]
2026-10-09T04:09:20+0900 sample 122: clean gpu=[3153523:profile_batched]
2026-10-09T04:09:21+0900 sample 123: clean gpu=[3153523:profile_batched]
2026-10-09T04:09:22+0900 sample 124: clean gpu=[3153523:profile_batched]
2026-10-09T04:09:24+0900 sample 125: clean gpu=[3153523:profile_batched]
2026-10-09T04:09:25+0900 sample 126: clean gpu=[3153523:profile_batched]
2026-10-09T04:09:27+0900 sample 127: clean gpu=[3153523:profile_batched]
2026-10-09T04:09:28+0900 sample 128: clean gpu=[3153523:profile_batched]
2026-10-09T04:09:30+0900 sample 129: clean gpu=[3153523:profile_batched]
2026-10-09T04:09:31+0900 sample 130: clean gpu=[3153523:profile_batched]
2026-10-09T04:09:33+0900 sample 131: clean gpu=[3153523:profile_batched]
2026-10-09T04:09:34+0900 sample 132: clean gpu=[3173614:profile_batched]
2026-10-09T04:09:36+0900 sample 133: clean gpu=[3173614:profile_batched]
2026-10-09T04:09:37+0900 sample 134: clean gpu=[3173614:profile_batched]
2026-10-09T04:09:39+0900 sample 135: clean gpu=[3173614:profile_batched]
2026-10-09T04:09:40+0900 sample 136: clean gpu=[3173614:profile_batched]
2026-10-09T04:09:42+0900 sample 137: clean gpu=[3173614:profile_batched]
2026-10-09T04:09:43+0900 sample 138: clean gpu=[3173614:profile_batched]
2026-10-09T04:09:45+0900 sample 139: clean gpu=[3173614:profile_batched]
2026-10-09T04:09:46+0900 sample 140: clean gpu=[3173614:profile_batched]
2026-10-09T04:09:48+0900 sample 141: clean gpu=[3173614:profile_batched]
2026-10-09T04:09:49+0900 sample 142: clean gpu=[3173614:profile_batched]
2026-10-09T04:09:51+0900 sample 143: clean gpu=[3173614:profile_batched]
2026-10-09T04:09:52+0900 sample 144: clean gpu=[3173614:profile_batched]
2026-10-09T04:09:54+0900 sample 145: clean gpu=[3173614:profile_batched]
2026-10-09T04:09:55+0900 sample 146: clean gpu=[3173614:profile_batched]
2026-10-09T04:09:57+0900 sample 147: clean gpu=[3173614:profile_batched]
2026-10-09T04:09:58+0900 sample 148: clean gpu=[3173614:profile_batched]
2026-10-09T04:10:00+0900 sample 149: clean gpu=[3173614:profile_batched]
2026-10-09T04:10:01+0900 sample 150: clean gpu=[3173614:profile_batched]
2026-10-09T04:10:03+0900 sample 151: clean gpu=[3173614:profile_batched]
2026-10-09T04:10:04+0900 sample 152: clean gpu=[3173614:profile_batched]
2026-10-09T04:10:06+0900 sample 153: clean gpu=[3173614:profile_batched]
2026-10-09T04:10:07+0900 sample 154: clean gpu=[3173614:profile_batched]
2026-10-09T04:10:08+0900 sample 155: clean gpu=[3195728:profile_batched]
2026-10-09T04:10:10+0900 sample 156: clean gpu=[3195728:profile_batched]
2026-10-09T04:10:12+0900 sample 157: clean gpu=[3195728:profile_batched]
2026-10-09T04:10:13+0900 sample 158: clean gpu=[3195728:profile_batched]
2026-10-09T04:10:15+0900 sample 159: clean gpu=[3195728:profile_batched]
2026-10-09T04:10:16+0900 sample 160: clean gpu=[3195728:profile_batched]
2026-10-09T04:10:18+0900 sample 161: clean gpu=[3195728:profile_batched]
2026-10-09T04:10:19+0900 sample 162: clean gpu=[3195728:profile_batched]
2026-10-09T04:10:21+0900 sample 163: clean gpu=[3195728:profile_batched]
2026-10-09T04:10:22+0900 sample 164: clean gpu=[3195728:profile_batched]
2026-10-09T04:10:24+0900 sample 165: clean gpu=[3195728:profile_batched]
2026-10-09T04:10:25+0900 sample 166: clean gpu=[3195728:profile_batched]
2026-10-09T04:10:27+0900 sample 167: clean gpu=[3195728:profile_batched]
2026-10-09T04:10:28+0900 sample 168: clean gpu=[3195728:profile_batched]
2026-10-09T04:10:30+0900 sample 169: clean gpu=[3195728:profile_batched]
2026-10-09T04:10:31+0900 sample 170: clean gpu=[3195728:profile_batched]
2026-10-09T04:10:33+0900 sample 171: clean gpu=[3195728:profile_batched]
2026-10-09T04:10:34+0900 sample 172: clean gpu=[3195728:profile_batched]
2026-10-09T04:10:36+0900 sample 173: clean gpu=[3195728:profile_batched]
2026-10-09T04:10:37+0900 sample 174: clean gpu=[3195728:profile_batched]
2026-10-09T04:10:39+0900 sample 175: clean gpu=[3215002:profile_batched]
2026-10-09T04:10:40+0900 sample 176: clean gpu=[3215002:profile_batched]
2026-10-09T04:10:42+0900 sample 177: clean gpu=[3215002:profile_batched]
2026-10-09T04:10:43+0900 sample 178: clean gpu=[3215002:profile_batched]
2026-10-09T04:10:45+0900 sample 179: clean gpu=[3215002:profile_batched]
2026-10-09T04:10:46+0900 sample 180: clean gpu=[3215002:profile_batched]
2026-10-09T04:10:48+0900 sample 181: clean gpu=[3215002:profile_batched]
2026-10-09T04:10:49+0900 sample 182: clean gpu=[3215002:profile_batched]
2026-10-09T04:10:51+0900 sample 183: clean gpu=[3215002:profile_batched]
2026-10-09T04:10:52+0900 sample 184: clean gpu=[3215002:profile_batched]
2026-10-09T04:10:54+0900 sample 185: clean gpu=[3215002:profile_batched]
2026-10-09T04:10:55+0900 sample 186: clean gpu=[3215002:profile_batched]
2026-10-09T04:10:57+0900 sample 187: clean gpu=[3215002:profile_batched]
2026-10-09T04:10:58+0900 sample 188: clean gpu=[3215002:profile_batched]
2026-10-09T04:10:59+0900 sample 189: clean gpu=[3215002:profile_batched]
2026-10-09T04:11:01+0900 sample 190: clean gpu=[3215002:profile_batched]
2026-10-09T04:11:02+0900 sample 191: clean gpu=[3215002:profile_batched]
2026-10-09T04:11:04+0900 sample 192: clean gpu=[3215002:profile_batched]
2026-10-09T04:11:05+0900 sample 193: clean gpu=[3215002:profile_batched]
2026-10-09T04:11:07+0900 sample 194: clean gpu=[3215002:profile_batched]
2026-10-09T04:11:08+0900 sample 195: clean gpu=[3215002:profile_batched]
2026-10-09T04:11:10+0900 sample 196: clean gpu=[3215002:profile_batched]
2026-10-09T04:11:11+0900 sample 197: clean gpu=[3215002:profile_batched]
2026-10-09T04:11:13+0900 sample 198: clean gpu=[3215002:profile_batched]
2026-10-09T04:11:14+0900 sample 199: clean gpu=[3215002:profile_batched]
2026-10-09T04:11:16+0900 sample 200: clean gpu=[3215002:profile_batched]
2026-10-09T04:11:17+0900 sample 201: clean gpu=[3215002:profile_batched]
2026-10-09T04:11:19+0900 sample 202: clean gpu=[3215002:profile_batched]
2026-10-09T04:11:20+0900 sample 203: clean gpu=[3215002:profile_batched]
2026-10-09T04:11:22+0900 sample 204: clean gpu=[3215002:profile_batched]
2026-10-09T04:11:23+0900 sample 205: clean gpu=[3215002:profile_batched]
2026-10-09T04:11:25+0900 sample 206: clean gpu=[3215002:profile_batched]
2026-10-09T04:11:26+0900 sample 207: clean gpu=[3215002:profile_batched]
2026-10-09T04:11:28+0900 sample 208: clean gpu=[3215002:profile_batched]
2026-10-09T04:11:29+0900 sample 209: clean gpu=[3215002:profile_batched]
2026-10-09T04:11:31+0900 sample 210: clean gpu=[3215002:profile_batched]
2026-10-09T04:11:32+0900 sample 211: clean gpu=[3215002:profile_batched]
2026-10-09T04:11:34+0900 sample 212: clean gpu=[3215002:profile_batched]
2026-10-09T04:11:35+0900 sample 213: clean gpu=[3215002:profile_batched]
2026-10-09T04:11:37+0900 sample 214: clean gpu=[3215002:profile_batched]
2026-10-09T04:11:38+0900 sample 215: clean gpu=[3215002:profile_batched]
2026-10-09T04:11:40+0900 sample 216: clean gpu=[3215002:profile_batched]
2026-10-09T04:11:41+0900 sample 217: clean gpu=[3215002:profile_batched]
2026-10-09T04:11:43+0900 sample 218: clean gpu=[3215002:profile_batched]
2026-10-09T04:11:44+0900 sample 219: clean gpu=[3215002:profile_batched]
2026-10-09T04:11:46+0900 sample 220: clean gpu=[3215002:profile_batched]
2026-10-09T04:11:47+0900 sample 221: clean gpu=[3215002:profile_batched]
2026-10-09T04:11:49+0900 sample 222: clean gpu=[3215002:profile_batched]
2026-10-09T04:11:50+0900 sample 223: clean gpu=[3215002:profile_batched]
2026-10-09T04:11:52+0900 sample 224: clean gpu=[3215002:profile_batched]
2026-10-09T04:11:53+0900 sample 225: clean gpu=[3215002:profile_batched]
2026-10-09T04:11:55+0900 sample 226: clean gpu=[3215002:profile_batched]
2026-10-09T04:11:56+0900 sample 227: clean gpu=[3215002:profile_batched]
2026-10-09T04:11:58+0900 sample 228: clean gpu=[3215002:profile_batched]
2026-10-09T04:11:59+0900 sample 229: clean gpu=[3215002:profile_batched]
2026-10-09T04:12:00+0900 sample 230: clean gpu=[3215002:profile_batched]
2026-10-09T04:12:02+0900 sample 231: clean gpu=[3215002:profile_batched]
2026-10-09T04:12:03+0900 sample 232: clean gpu=[3215002:profile_batched]
2026-10-09T04:12:05+0900 sample 233: clean gpu=[3215002:profile_batched]
2026-10-09T04:12:06+0900 sample 234: clean gpu=[3215002:profile_batched]
2026-10-09T04:12:08+0900 sample 235: clean gpu=[3215002:profile_batched]
2026-10-09T04:12:09+0900 sample 236: clean gpu=[3215002:profile_batched]
2026-10-09T04:12:11+0900 sample 237: clean gpu=[3215002:profile_batched]
2026-10-09T04:12:12+0900 sample 238: clean gpu=[3215002:profile_batched]
2026-10-09T04:12:14+0900 sample 239: clean gpu=[3215002:profile_batched]
2026-10-09T04:12:15+0900 sample 240: clean gpu=[3215002:profile_batched]
2026-10-09T04:12:17+0900 sample 241: clean gpu=[3215002:profile_batched]
2026-10-09T04:12:18+0900 sample 242: clean gpu=[3215002:profile_batched]
2026-10-09T04:12:20+0900 sample 243: clean gpu=[3215002:profile_batched]
2026-10-09T04:12:21+0900 sample 244: clean gpu=[3215002:profile_batched]
2026-10-09T04:12:23+0900 sample 245: clean gpu=[3215002:profile_batched]
2026-10-09T04:12:24+0900 sample 246: clean gpu=[3215002:profile_batched]
2026-10-09T04:12:26+0900 sample 247: clean gpu=[3215002:profile_batched]
2026-10-09T04:12:27+0900 sample 248: clean gpu=[3215002:profile_batched]
2026-10-09T04:12:29+0900 sample 249: clean gpu=[3215002:profile_batched]
2026-10-09T04:12:30+0900 sample 250: clean gpu=[3215002:profile_batched]
2026-10-09T04:12:32+0900 sample 251: clean gpu=[3215002:profile_batched]
2026-10-09T04:12:33+0900 sample 252: clean gpu=[3215002:profile_batched]
2026-10-09T04:12:35+0900 sample 253: clean gpu=[3215002:profile_batched]
2026-10-09T04:12:36+0900 sample 254: clean gpu=[3215002:profile_batched]
2026-10-09T04:12:38+0900 sample 255: clean gpu=[3215002:profile_batched]
2026-10-09T04:12:39+0900 sample 256: clean gpu=[3215002:profile_batched]
2026-10-09T04:12:41+0900 sample 257: clean gpu=[3215002:profile_batched]
2026-10-09T04:12:42+0900 sample 258: clean gpu=[3215002:profile_batched]
2026-10-09T04:12:44+0900 sample 259: clean gpu=[3215002:profile_batched]
2026-10-09T04:12:45+0900 sample 260: clean gpu=[3215002:profile_batched]
2026-10-09T04:12:47+0900 sample 261: clean gpu=[3215002:profile_batched]
2026-10-09T04:12:48+0900 sample 262: clean gpu=[3215002:profile_batched]
2026-10-09T04:12:50+0900 sample 263: clean gpu=[3215002:profile_batched]
2026-10-09T04:12:51+0900 sample 264: clean gpu=[3215002:profile_batched]
2026-10-09T04:12:53+0900 sample 265: clean gpu=[3215002:profile_batched]
2026-10-09T04:12:54+0900 sample 266: clean gpu=[3215002:profile_batched]
2026-10-09T04:12:56+0900 sample 267: clean gpu=[3215002:profile_batched]
2026-10-09T04:12:57+0900 sample 268: clean gpu=[3215002:profile_batched]
2026-10-09T04:12:59+0900 sample 269: clean gpu=[3215002:profile_batched]
2026-10-09T04:13:00+0900 sample 270: clean gpu=[3215002:profile_batched]
2026-10-09T04:13:02+0900 sample 271: clean gpu=[3215002:profile_batched]
2026-10-09T04:13:03+0900 sample 272: clean gpu=[3215002:profile_batched]
2026-10-09T04:13:05+0900 sample 273: clean gpu=[3215002:profile_batched]
2026-10-09T04:13:06+0900 sample 274: clean gpu=[3215002:profile_batched]
2026-10-09T04:13:08+0900 sample 275: clean gpu=[3215002:profile_batched]
2026-10-09T04:13:09+0900 sample 276: clean gpu=[3215002:profile_batched]
2026-10-09T04:13:11+0900 sample 277: clean gpu=[3215002:profile_batched]
2026-10-09T04:13:12+0900 sample 278: clean gpu=[3215002:profile_batched]
2026-10-09T04:13:14+0900 sample 279: clean gpu=[3215002:profile_batched]
2026-10-09T04:13:15+0900 sample 280: clean gpu=[3215002:profile_batched]
2026-10-09T04:13:17+0900 sample 281: clean gpu=[3215002:profile_batched]
2026-10-09T04:13:18+0900 sample 282: clean gpu=[3215002:profile_batched]
2026-10-09T04:13:20+0900 sample 283: clean gpu=[3215002:profile_batched]
2026-10-09T04:13:21+0900 sample 284: clean gpu=[3215002:profile_batched]
2026-10-09T04:13:23+0900 sample 285: clean gpu=[3215002:profile_batched]
2026-10-09T04:13:24+0900 sample 286: clean gpu=[3215002:profile_batched]
2026-10-09T04:13:26+0900 sample 287: clean gpu=[3215002:profile_batched]
2026-10-09T04:13:27+0900 sample 288: clean gpu=[3215002:profile_batched]
2026-10-09T04:13:29+0900 sample 289: clean gpu=[3215002:profile_batched]
2026-10-09T04:13:30+0900 sample 290: clean gpu=[3215002:profile_batched]
2026-10-09T04:13:32+0900 sample 291: clean gpu=[3215002:profile_batched]
2026-10-09T04:13:33+0900 sample 292: clean gpu=[3215002:profile_batched]
2026-10-09T04:13:35+0900 sample 293: clean gpu=[3215002:profile_batched]
2026-10-09T04:13:36+0900 sample 294: clean gpu=[3215002:profile_batched]
2026-10-09T04:13:38+0900 sample 295: clean gpu=[3215002:profile_batched]
2026-10-09T04:13:39+0900 sample 296: clean gpu=[3215002:profile_batched]
2026-10-09T04:13:41+0900 sample 297: clean gpu=[3215002:profile_batched]
2026-10-09T04:13:42+0900 sample 298: clean gpu=[3215002:profile_batched]
2026-10-09T04:13:44+0900 sample 299: clean gpu=[3215002:profile_batched]
2026-10-09T04:13:45+0900 sample 300: clean gpu=[3215002:profile_batched]
2026-10-09T04:13:46+0900 sample 301: clean gpu=[3215002:profile_batched]
2026-10-09T04:13:48+0900 sample 302: clean gpu=[3215002:profile_batched]
2026-10-09T04:13:49+0900 sample 303: clean gpu=[3215002:profile_batched]
2026-10-09T04:13:51+0900 sample 304: clean gpu=[3215002:profile_batched]
2026-10-09T04:13:52+0900 sample 305: clean gpu=[3215002:profile_batched]
2026-10-09T04:13:54+0900 sample 306: clean gpu=[3215002:profile_batched]
2026-10-09T04:13:55+0900 sample 307: clean gpu=[3215002:profile_batched]
2026-10-09T04:13:57+0900 sample 308: clean gpu=[3215002:profile_batched]
2026-10-09T04:13:58+0900 sample 309: clean gpu=[3215002:profile_batched]
2026-10-09T04:14:00+0900 sample 310: clean gpu=[3215002:profile_batched]
2026-10-09T04:14:01+0900 sample 311: clean gpu=[3215002:profile_batched]
2026-10-09T04:14:03+0900 sample 312: clean gpu=[3215002:profile_batched]
2026-10-09T04:14:04+0900 sample 313: clean gpu=[3215002:profile_batched]
2026-10-09T04:14:06+0900 sample 314: clean gpu=[3215002:profile_batched]
2026-10-09T04:14:07+0900 sample 315: clean gpu=[3215002:profile_batched]
2026-10-09T04:14:09+0900 sample 316: clean gpu=[3215002:profile_batched]
2026-10-09T04:14:10+0900 sample 317: clean gpu=[3215002:profile_batched]
2026-10-09T04:14:12+0900 sample 318: clean gpu=[3215002:profile_batched]
2026-10-09T04:14:13+0900 sample 319: clean gpu=[3215002:profile_batched]
2026-10-09T04:14:15+0900 sample 320: clean gpu=[3215002:profile_batched]
2026-10-09T04:14:16+0900 sample 321: clean gpu=[3215002:profile_batched]
2026-10-09T04:14:18+0900 sample 322: clean gpu=[3215002:profile_batched]
2026-10-09T04:14:19+0900 sample 323: clean gpu=[3215002:profile_batched]
2026-10-09T04:14:21+0900 sample 324: clean gpu=[3215002:profile_batched]
2026-10-09T04:14:22+0900 sample 325: clean gpu=[3215002:profile_batched]
2026-10-09T04:14:24+0900 sample 326: clean gpu=[3215002:profile_batched]
2026-10-09T04:14:25+0900 sample 327: clean gpu=[3215002:profile_batched]
2026-10-09T04:14:27+0900 sample 328: clean gpu=[3215002:profile_batched]
2026-10-09T04:14:28+0900 sample 329: clean gpu=[3215002:profile_batched]
2026-10-09T04:14:29+0900 sample 330: clean gpu=[3215002:profile_batched]
2026-10-09T04:14:31+0900 sample 331: clean gpu=[3215002:profile_batched]
2026-10-09T04:14:32+0900 sample 332: clean gpu=[3215002:profile_batched]
2026-10-09T04:14:34+0900 sample 333: clean gpu=[3215002:profile_batched]
2026-10-09T04:14:35+0900 sample 334: clean gpu=[3215002:profile_batched]
2026-10-09T04:14:37+0900 sample 335: clean gpu=[3215002:profile_batched]
2026-10-09T04:14:38+0900 sample 336: clean gpu=[3215002:profile_batched]
2026-10-09T04:14:40+0900 sample 337: clean gpu=[3215002:profile_batched]
2026-10-09T04:14:41+0900 sample 338: clean gpu=[3215002:profile_batched]
2026-10-09T04:14:43+0900 sample 339: clean gpu=[3215002:profile_batched]
2026-10-09T04:14:44+0900 sample 340: clean gpu=[3215002:profile_batched]
2026-10-09T04:14:46+0900 sample 341: clean gpu=[3215002:profile_batched]
2026-10-09T04:14:47+0900 sample 342: clean gpu=[3215002:profile_batched]
2026-10-09T04:14:49+0900 sample 343: clean gpu=[3215002:profile_batched]
2026-10-09T04:14:50+0900 sample 344: clean gpu=[3215002:profile_batched]
2026-10-09T04:14:52+0900 sample 345: clean gpu=[3215002:profile_batched]
2026-10-09T04:14:53+0900 sample 346: clean gpu=[3215002:profile_batched]
2026-10-09T04:14:55+0900 sample 347: clean gpu=[3215002:profile_batched]
2026-10-09T04:14:56+0900 sample 348: clean gpu=[3215002:profile_batched]
2026-10-09T04:14:57+0900 sample 349: clean gpu=[3215002:profile_batched]
2026-10-09T04:14:59+0900 sample 350: clean gpu=[3215002:profile_batched]
2026-10-09T04:15:00+0900 sample 351: clean gpu=[3215002:profile_batched]
2026-10-09T04:15:02+0900 sample 352: clean gpu=[3215002:profile_batched]
2026-10-09T04:15:03+0900 sample 353: clean gpu=[3215002:profile_batched]
2026-10-09T04:15:05+0900 sample 354: clean gpu=[3215002:profile_batched]
2026-10-09T04:15:06+0900 sample 355: clean gpu=[3215002:profile_batched]
2026-10-09T04:15:08+0900 sample 356: clean gpu=[3215002:profile_batched]
2026-10-09T04:15:09+0900 sample 357: clean gpu=[3215002:profile_batched]
2026-10-09T04:15:11+0900 sample 358: clean gpu=[3215002:profile_batched]
2026-10-09T04:15:12+0900 sample 359: clean gpu=[3215002:profile_batched]
2026-10-09T04:15:14+0900 sample 360: clean gpu=[3215002:profile_batched]
2026-10-09T04:15:15+0900 sample 361: clean gpu=[3215002:profile_batched]
2026-10-09T04:15:17+0900 sample 362: clean gpu=[3215002:profile_batched]
2026-10-09T04:15:18+0900 sample 363: clean gpu=[3215002:profile_batched]
2026-10-09T04:15:20+0900 sample 364: clean gpu=[3215002:profile_batched]
2026-10-09T04:15:21+0900 sample 365: clean gpu=[3215002:profile_batched]
2026-10-09T04:15:23+0900 sample 366: clean gpu=[3215002:profile_batched]
2026-10-09T04:15:24+0900 sample 367: clean gpu=[3215002:profile_batched]
2026-10-09T04:15:26+0900 sample 368: clean gpu=[3215002:profile_batched]
2026-10-09T04:15:27+0900 sample 369: clean gpu=[3215002:profile_batched]
2026-10-09T04:15:29+0900 sample 370: clean gpu=[3215002:profile_batched]
2026-10-09T04:15:30+0900 sample 371: clean gpu=[3215002:profile_batched]
2026-10-09T04:15:32+0900 sample 372: clean gpu=[3215002:profile_batched]
2026-10-09T04:15:33+0900 sample 373: clean gpu=[3215002:profile_batched]
2026-10-09T04:15:34+0900 sample 374: clean gpu=[3215002:profile_batched]
2026-10-09T04:15:36+0900 sample 375: clean gpu=[3215002:profile_batched]
2026-10-09T04:15:37+0900 sample 376: clean gpu=[3215002:profile_batched]
2026-10-09T04:15:39+0900 sample 377: clean gpu=[3215002:profile_batched]
2026-10-09T04:15:40+0900 sample 378: clean gpu=[3215002:profile_batched]
2026-10-09T04:15:42+0900 sample 379: clean gpu=[3215002:profile_batched]
2026-10-09T04:15:43+0900 sample 380: clean gpu=[3215002:profile_batched]
2026-10-09T04:15:45+0900 sample 381: clean gpu=[3215002:profile_batched]
2026-10-09T04:15:46+0900 sample 382: clean gpu=[3215002:profile_batched]
2026-10-09T04:15:48+0900 sample 383: clean gpu=[3215002:profile_batched]
2026-10-09T04:15:49+0900 sample 384: clean gpu=[3215002:profile_batched]
2026-10-09T04:15:51+0900 sample 385: clean gpu=[3215002:profile_batched]
2026-10-09T04:15:52+0900 sample 386: clean gpu=[3215002:profile_batched]
2026-10-09T04:15:54+0900 sample 387: clean gpu=[3215002:profile_batched]
2026-10-09T04:15:55+0900 sample 388: clean gpu=[3215002:profile_batched]
2026-10-09T04:15:57+0900 sample 389: clean gpu=[3215002:profile_batched]
2026-10-09T04:15:58+0900 sample 390: clean gpu=[3215002:profile_batched]
2026-10-09T04:16:00+0900 sample 391: clean gpu=[3215002:profile_batched]
2026-10-09T04:16:01+0900 sample 392: clean gpu=[3215002:profile_batched]
2026-10-09T04:16:03+0900 sample 393: clean gpu=[3215002:profile_batched]
2026-10-09T04:16:04+0900 sample 394: clean gpu=[3215002:profile_batched]
2026-10-09T04:16:06+0900 sample 395: clean gpu=[3215002:profile_batched]
2026-10-09T04:16:07+0900 sample 396: clean gpu=[3215002:profile_batched]
2026-10-09T04:16:09+0900 sample 397: clean gpu=[3215002:profile_batched]
2026-10-09T04:16:10+0900 sample 398: clean gpu=[3426359:profile_batched]
2026-10-09T04:16:12+0900 sample 399: clean gpu=[3426359:profile_batched]
2026-10-09T04:16:13+0900 sample 400: clean gpu=[3426359:profile_batched]
2026-10-09T04:16:14+0900 sample 401: clean gpu=[3426359:profile_batched]
2026-10-09T04:16:16+0900 sample 402: clean gpu=[3426359:profile_batched]
2026-10-09T04:16:17+0900 sample 403: clean gpu=[3426359:profile_batched]
2026-10-09T04:16:19+0900 sample 404: clean gpu=[3426359:profile_batched]
2026-10-09T04:16:20+0900 sample 405: clean gpu=[3426359:profile_batched]
2026-10-09T04:16:22+0900 sample 406: clean gpu=[3426359:profile_batched]
2026-10-09T04:16:23+0900 sample 407: clean gpu=[3426359:profile_batched]
2026-10-09T04:16:25+0900 sample 408: clean gpu=[3426359:profile_batched]
2026-10-09T04:16:26+0900 sample 409: clean gpu=[3426359:profile_batched]
2026-10-09T04:16:28+0900 sample 410: clean gpu=[3426359:profile_batched]
2026-10-09T04:16:29+0900 sample 411: clean gpu=[3426359:profile_batched]
2026-10-09T04:16:31+0900 sample 412: clean gpu=[3426359:profile_batched]
2026-10-09T04:16:32+0900 sample 413: clean gpu=[3426359:profile_batched]
2026-10-09T04:16:34+0900 sample 414: clean gpu=[3426359:profile_batched]
2026-10-09T04:16:35+0900 sample 415: clean gpu=[3426359:profile_batched]
2026-10-09T04:16:37+0900 sample 416: clean gpu=[3426359:profile_batched]
2026-10-09T04:16:38+0900 sample 417: clean gpu=[3426359:profile_batched]
2026-10-09T04:16:40+0900 sample 418: clean gpu=[3426359:profile_batched]
2026-10-09T04:16:41+0900 sample 419: clean gpu=[3426359:profile_batched]
2026-10-09T04:16:43+0900 sample 420: clean gpu=[3426359:profile_batched]
2026-10-09T04:16:44+0900 sample 421: clean gpu=[3426359:profile_batched]
2026-10-09T04:16:45+0900 sample 422: clean gpu=[3426359:profile_batched]
2026-10-09T04:16:47+0900 sample 423: clean gpu=[3426359:profile_batched]
2026-10-09T04:16:48+0900 sample 424: clean gpu=[3426359:profile_batched]
2026-10-09T04:16:50+0900 sample 425: clean gpu=[3426359:profile_batched]
2026-10-09T04:16:51+0900 sample 426: clean gpu=[3426359:profile_batched]
2026-10-09T04:16:53+0900 sample 427: clean gpu=[3426359:profile_batched]
2026-10-09T04:16:54+0900 sample 428: clean gpu=[3426359:profile_batched]
2026-10-09T04:16:56+0900 sample 429: clean gpu=[3426359:profile_batched]
2026-10-09T04:16:57+0900 sample 430: clean gpu=[3426359:profile_batched]
2026-10-09T04:16:59+0900 sample 431: clean gpu=[3426359:profile_batched]
2026-10-09T04:17:00+0900 sample 432: clean gpu=[3426359:profile_batched]
2026-10-09T04:17:02+0900 sample 433: clean gpu=[3426359:profile_batched]
2026-10-09T04:17:03+0900 sample 434: clean gpu=[3426359:profile_batched]
2026-10-09T04:17:05+0900 sample 435: clean gpu=[3426359:profile_batched]
2026-10-09T04:17:06+0900 sample 436: clean gpu=[3426359:profile_batched]
2026-10-09T04:17:08+0900 sample 437: clean gpu=[3426359:profile_batched]
2026-10-09T04:17:09+0900 sample 438: clean gpu=[3426359:profile_batched]
2026-10-09T04:17:11+0900 sample 439: clean gpu=[3426359:profile_batched]
2026-10-09T04:17:12+0900 sample 440: clean gpu=[3426359:profile_batched]
2026-10-09T04:17:14+0900 sample 441: clean gpu=[3426359:profile_batched]
2026-10-09T04:17:15+0900 sample 442: clean gpu=[3426359:profile_batched]
2026-10-09T04:17:17+0900 sample 443: clean gpu=[3426359:profile_batched]
2026-10-09T04:17:18+0900 sample 444: clean gpu=[3426359:profile_batched]
2026-10-09T04:17:20+0900 sample 445: clean gpu=[3426359:profile_batched]
2026-10-09T04:17:21+0900 sample 446: clean gpu=[3426359:profile_batched]
2026-10-09T04:17:23+0900 sample 447: clean gpu=[3426359:profile_batched]
2026-10-09T04:17:24+0900 sample 448: clean gpu=[3426359:profile_batched]
2026-10-09T04:17:26+0900 sample 449: clean gpu=[3426359:profile_batched]
2026-10-09T04:17:27+0900 sample 450: clean gpu=[3426359:profile_batched]
2026-10-09T04:17:29+0900 sample 451: clean gpu=[3426359:profile_batched]
2026-10-09T04:17:30+0900 sample 452: clean gpu=[3426359:profile_batched]
2026-10-09T04:17:32+0900 sample 453: clean gpu=[3426359:profile_batched]
2026-10-09T04:17:33+0900 sample 454: clean gpu=[3426359:profile_batched]
2026-10-09T04:17:35+0900 sample 455: clean gpu=[3426359:profile_batched]
2026-10-09T04:17:36+0900 sample 456: clean gpu=[3426359:profile_batched]
2026-10-09T04:17:38+0900 sample 457: clean gpu=[3426359:profile_batched]
2026-10-09T04:17:39+0900 sample 458: clean gpu=[3426359:profile_batched]
2026-10-09T04:17:40+0900 sample 459: clean gpu=[3426359:profile_batched]
2026-10-09T04:17:42+0900 sample 460: clean gpu=[3426359:profile_batched]
2026-10-09T04:17:43+0900 sample 461: clean gpu=[3426359:profile_batched]
2026-10-09T04:17:45+0900 sample 462: clean gpu=[3426359:profile_batched]
2026-10-09T04:17:46+0900 sample 463: clean gpu=[3426359:profile_batched]
2026-10-09T04:17:48+0900 sample 464: clean gpu=[3426359:profile_batched]
2026-10-09T04:17:49+0900 sample 465: clean gpu=[3426359:profile_batched]
2026-10-09T04:17:51+0900 sample 466: clean gpu=[3426359:profile_batched]
2026-10-09T04:17:52+0900 sample 467: clean gpu=[3426359:profile_batched]
2026-10-09T04:17:54+0900 sample 468: clean gpu=[3426359:profile_batched]
2026-10-09T04:17:55+0900 sample 469: clean gpu=[3426359:profile_batched]
2026-10-09T04:17:57+0900 sample 470: clean gpu=[3426359:profile_batched]
2026-10-09T04:17:58+0900 sample 471: clean gpu=[3426359:profile_batched]
2026-10-09T04:18:00+0900 sample 472: clean gpu=[3426359:profile_batched]
2026-10-09T04:18:01+0900 sample 473: clean gpu=[3426359:profile_batched]
2026-10-09T04:18:03+0900 sample 474: clean gpu=[3426359:profile_batched]
2026-10-09T04:18:04+0900 sample 475: clean gpu=[3426359:profile_batched]
2026-10-09T04:18:06+0900 sample 476: clean gpu=[3426359:profile_batched]
2026-10-09T04:18:07+0900 sample 477: clean gpu=[3426359:profile_batched]
2026-10-09T04:18:09+0900 sample 478: clean gpu=[3426359:profile_batched]
2026-10-09T04:18:10+0900 sample 479: clean gpu=[3426359:profile_batched]
2026-10-09T04:18:12+0900 sample 480: clean gpu=[3426359:profile_batched]
2026-10-09T04:18:13+0900 sample 481: clean gpu=[3426359:profile_batched]
2026-10-09T04:18:14+0900 sample 482: clean gpu=[3426359:profile_batched]
2026-10-09T04:18:16+0900 sample 483: clean gpu=[3426359:profile_batched]
2026-10-09T04:18:17+0900 sample 484: clean gpu=[3426359:profile_batched]
2026-10-09T04:18:19+0900 sample 485: clean gpu=[3426359:profile_batched]
2026-10-09T04:18:20+0900 sample 486: clean gpu=[3426359:profile_batched]
2026-10-09T04:18:22+0900 sample 487: clean gpu=[3426359:profile_batched]
2026-10-09T04:18:23+0900 sample 488: clean gpu=[3426359:profile_batched]
2026-10-09T04:18:25+0900 sample 489: clean gpu=[3426359:profile_batched]
2026-10-09T04:18:26+0900 sample 490: clean gpu=[3426359:profile_batched]
2026-10-09T04:18:28+0900 sample 491: clean gpu=[3426359:profile_batched]
2026-10-09T04:18:29+0900 sample 492: clean gpu=[3426359:profile_batched]
2026-10-09T04:18:31+0900 sample 493: clean gpu=[3426359:profile_batched]
2026-10-09T04:18:32+0900 sample 494: clean gpu=[3426359:profile_batched]
2026-10-09T04:18:34+0900 sample 495: clean gpu=[3426359:profile_batched]
2026-10-09T04:18:35+0900 sample 496: clean gpu=[3426359:profile_batched]
2026-10-09T04:18:37+0900 sample 497: clean gpu=[3426359:profile_batched]
2026-10-09T04:18:38+0900 sample 498: clean gpu=[3426359:profile_batched]
2026-10-09T04:18:40+0900 sample 499: clean gpu=[3426359:profile_batched]
2026-10-09T04:18:41+0900 sample 500: clean gpu=[3426359:profile_batched]
2026-10-09T04:18:43+0900 sample 501: clean gpu=[3426359:profile_batched]
2026-10-09T04:18:44+0900 sample 502: clean gpu=[3426359:profile_batched]
2026-10-09T04:18:46+0900 sample 503: clean gpu=[3426359:profile_batched]
2026-10-09T04:18:47+0900 sample 504: clean gpu=[3426359:profile_batched]
2026-10-09T04:18:49+0900 sample 505: clean gpu=[3426359:profile_batched]
2026-10-09T04:18:50+0900 sample 506: clean gpu=[3426359:profile_batched]
2026-10-09T04:18:52+0900 sample 507: clean gpu=[3426359:profile_batched]
2026-10-09T04:18:53+0900 sample 508: clean gpu=[3426359:profile_batched]
2026-10-09T04:18:54+0900 sample 509: clean gpu=[3426359:profile_batched]
2026-10-09T04:18:56+0900 sample 510: clean gpu=[3426359:profile_batched]
2026-10-09T04:18:57+0900 sample 511: clean gpu=[3426359:profile_batched]
2026-10-09T04:18:59+0900 sample 512: clean gpu=[3426359:profile_batched]
2026-10-09T04:19:00+0900 sample 513: clean gpu=[3426359:profile_batched]
2026-10-09T04:19:02+0900 sample 514: clean gpu=[3426359:profile_batched]
2026-10-09T04:19:03+0900 sample 515: clean gpu=[3426359:profile_batched]
2026-10-09T04:19:05+0900 sample 516: clean gpu=[3426359:profile_batched]
2026-10-09T04:19:06+0900 sample 517: clean gpu=[3426359:profile_batched]
2026-10-09T04:19:08+0900 sample 518: clean gpu=[3426359:profile_batched]
2026-10-09T04:19:09+0900 sample 519: clean gpu=[3426359:profile_batched]
2026-10-09T04:19:11+0900 sample 520: clean gpu=[3426359:profile_batched]
2026-10-09T04:19:12+0900 sample 521: clean gpu=[3426359:profile_batched]
2026-10-09T04:19:14+0900 sample 522: clean gpu=[3426359:profile_batched]
2026-10-09T04:19:15+0900 sample 523: clean gpu=[3426359:profile_batched]
2026-10-09T04:19:17+0900 sample 524: clean gpu=[3426359:profile_batched]
2026-10-09T04:19:18+0900 sample 525: clean gpu=[3426359:profile_batched]
2026-10-09T04:19:20+0900 sample 526: clean gpu=[3426359:profile_batched]
2026-10-09T04:19:21+0900 sample 527: clean gpu=[3426359:profile_batched]
2026-10-09T04:19:23+0900 sample 528: clean gpu=[3426359:profile_batched]
2026-10-09T04:19:24+0900 sample 529: clean gpu=[3426359:profile_batched]
2026-10-09T04:19:26+0900 sample 530: clean gpu=[3426359:profile_batched]
2026-10-09T04:19:27+0900 sample 531: clean gpu=[3426359:profile_batched]
2026-10-09T04:19:28+0900 sample 532: clean gpu=[3426359:profile_batched]
2026-10-09T04:19:30+0900 sample 533: clean gpu=[3426359:profile_batched]
2026-10-09T04:19:31+0900 sample 534: clean gpu=[3426359:profile_batched]
2026-10-09T04:19:33+0900 sample 535: clean gpu=[3426359:profile_batched]
2026-10-09T04:19:34+0900 sample 536: clean gpu=[3426359:profile_batched]
2026-10-09T04:19:36+0900 sample 537: clean gpu=[3426359:profile_batched]
2026-10-09T04:19:37+0900 sample 538: clean gpu=[3426359:profile_batched]
2026-10-09T04:19:39+0900 sample 539: clean gpu=[3426359:profile_batched]
2026-10-09T04:19:40+0900 sample 540: clean gpu=[3426359:profile_batched]
2026-10-09T04:19:42+0900 sample 541: clean gpu=[3426359:profile_batched]
2026-10-09T04:19:43+0900 sample 542: clean gpu=[3426359:profile_batched]
2026-10-09T04:19:45+0900 sample 543: clean gpu=[3426359:profile_batched]
2026-10-09T04:19:46+0900 sample 544: clean gpu=[3426359:profile_batched]
2026-10-09T04:19:48+0900 sample 545: clean gpu=[3426359:profile_batched]
2026-10-09T04:19:49+0900 sample 546: clean gpu=[3426359:profile_batched]
2026-10-09T04:19:51+0900 sample 547: clean gpu=[3426359:profile_batched]
2026-10-09T04:19:52+0900 sample 548: clean gpu=[3426359:profile_batched]
2026-10-09T04:19:54+0900 sample 549: clean gpu=[3426359:profile_batched]
2026-10-09T04:19:55+0900 sample 550: clean gpu=[3426359:profile_batched]
2026-10-09T04:19:57+0900 sample 551: clean gpu=[3426359:profile_batched]
2026-10-09T04:19:58+0900 sample 552: clean gpu=[3426359:profile_batched]
2026-10-09T04:20:00+0900 sample 553: clean gpu=[3426359:profile_batched]
2026-10-09T04:20:01+0900 sample 554: clean gpu=[3426359:profile_batched]
2026-10-09T04:20:03+0900 sample 555: clean gpu=[3426359:profile_batched]
2026-10-09T04:20:04+0900 sample 556: clean gpu=[3426359:profile_batched]
2026-10-09T04:20:06+0900 sample 557: clean gpu=[3426359:profile_batched]
2026-10-09T04:20:07+0900 sample 558: clean gpu=[3426359:profile_batched]
2026-10-09T04:20:09+0900 sample 559: clean gpu=[3426359:profile_batched]
2026-10-09T04:20:10+0900 sample 560: clean gpu=[3426359:profile_batched]
2026-10-09T04:20:12+0900 sample 561: clean gpu=[3426359:profile_batched]
2026-10-09T04:20:13+0900 sample 562: clean gpu=[3426359:profile_batched]
2026-10-09T04:20:15+0900 sample 563: clean gpu=[3426359:profile_batched]
2026-10-09T04:20:16+0900 sample 564: clean gpu=[3426359:profile_batched]
2026-10-09T04:20:18+0900 sample 565: clean gpu=[3426359:profile_batched]
2026-10-09T04:20:19+0900 sample 566: clean gpu=[3426359:profile_batched]
2026-10-09T04:20:20+0900 sample 567: clean gpu=[3426359:profile_batched]
2026-10-09T04:20:22+0900 sample 568: clean gpu=[3426359:profile_batched]
2026-10-09T04:20:23+0900 sample 569: clean gpu=[3426359:profile_batched]
2026-10-09T04:20:25+0900 sample 570: clean gpu=[3426359:profile_batched]
2026-10-09T04:20:26+0900 sample 571: clean gpu=[3426359:profile_batched]
2026-10-09T04:20:28+0900 sample 572: clean gpu=[3426359:profile_batched]
2026-10-09T04:20:29+0900 sample 573: clean gpu=[3426359:profile_batched]
2026-10-09T04:20:31+0900 sample 574: clean gpu=[3426359:profile_batched]
2026-10-09T04:20:32+0900 sample 575: clean gpu=[3426359:profile_batched]
2026-10-09T04:20:34+0900 sample 576: clean gpu=[3426359:profile_batched]
2026-10-09T04:20:35+0900 sample 577: clean gpu=[3426359:profile_batched]
2026-10-09T04:20:37+0900 sample 578: clean gpu=[3426359:profile_batched]
2026-10-09T04:20:38+0900 sample 579: clean gpu=[3426359:profile_batched]
2026-10-09T04:20:40+0900 sample 580: clean gpu=[3426359:profile_batched]
2026-10-09T04:20:41+0900 sample 581: clean gpu=[3426359:profile_batched]
2026-10-09T04:20:43+0900 sample 582: clean gpu=[3426359:profile_batched]
2026-10-09T04:20:44+0900 sample 583: clean gpu=[3426359:profile_batched]
2026-10-09T04:20:46+0900 sample 584: clean gpu=[3426359:profile_batched]
2026-10-09T04:20:47+0900 sample 585: clean gpu=[3426359:profile_batched]
2026-10-09T04:20:49+0900 sample 586: clean gpu=[3426359:profile_batched]
2026-10-09T04:20:50+0900 sample 587: clean gpu=[3426359:profile_batched]
2026-10-09T04:20:51+0900 sample 588: clean gpu=[3426359:profile_batched]
2026-10-09T04:20:53+0900 sample 589: clean gpu=[3426359:profile_batched]
2026-10-09T04:20:54+0900 sample 590: clean gpu=[3426359:profile_batched]
2026-10-09T04:20:56+0900 sample 591: clean gpu=[3426359:profile_batched]
2026-10-09T04:20:57+0900 sample 592: clean gpu=[3426359:profile_batched]
2026-10-09T04:20:59+0900 sample 593: clean gpu=[3426359:profile_batched]
2026-10-09T04:21:00+0900 sample 594: clean gpu=[3426359:profile_batched]
2026-10-09T04:21:02+0900 sample 595: clean gpu=[3426359:profile_batched]
2026-10-09T04:21:03+0900 sample 596: clean gpu=[3426359:profile_batched]
2026-10-09T04:21:05+0900 sample 597: clean gpu=[3426359:profile_batched]
2026-10-09T04:21:06+0900 sample 598: clean gpu=[3426359:profile_batched]
2026-10-09T04:21:08+0900 sample 599: clean gpu=[3426359:profile_batched]
2026-10-09T04:21:09+0900 sample 600: clean gpu=[3426359:profile_batched]
2026-10-09T04:21:11+0900 sample 601: clean gpu=[3426359:profile_batched]
2026-10-09T04:21:12+0900 sample 602: clean gpu=[3426359:profile_batched]
2026-10-09T04:21:14+0900 sample 603: clean gpu=[3426359:profile_batched]
2026-10-09T04:21:15+0900 sample 604: clean gpu=[3426359:profile_batched]
2026-10-09T04:21:17+0900 sample 605: clean gpu=[3426359:profile_batched]
2026-10-09T04:21:18+0900 sample 606: clean gpu=[3426359:profile_batched]
2026-10-09T04:21:20+0900 sample 607: clean gpu=[3426359:profile_batched]
2026-10-09T04:21:21+0900 sample 608: clean gpu=[3426359:profile_batched]
2026-10-09T04:21:23+0900 sample 609: clean gpu=[3426359:profile_batched]
2026-10-09T04:21:24+0900 sample 610: clean gpu=[3426359:profile_batched]
2026-10-09T04:21:26+0900 sample 611: clean gpu=[3426359:profile_batched]
2026-10-09T04:21:27+0900 sample 612: clean gpu=[3426359:profile_batched]
2026-10-09T04:21:29+0900 sample 613: clean gpu=[3426359:profile_batched]
2026-10-09T04:21:30+0900 sample 614: clean gpu=[3426359:profile_batched]
2026-10-09T04:21:31+0900 sample 615: clean gpu=[3426359:profile_batched]
2026-10-09T04:21:33+0900 sample 616: clean gpu=[3426359:profile_batched]
2026-10-09T04:21:34+0900 sample 617: clean gpu=[3426359:profile_batched]
2026-10-09T04:21:36+0900 sample 618: clean gpu=[3426359:profile_batched]
2026-10-09T04:21:37+0900 sample 619: clean gpu=[3426359:profile_batched]
2026-10-09T04:21:39+0900 sample 620: clean gpu=[3426359:profile_batched]
2026-10-09T04:21:40+0900 sample 621: clean gpu=[3635557:profile_batched]
2026-10-09T04:21:42+0900 sample 622: clean gpu=[3635557:profile_batched]
2026-10-09T04:21:43+0900 sample 623: clean gpu=[3635557:profile_batched]
2026-10-09T04:21:45+0900 sample 624: clean gpu=[3635557:profile_batched]
2026-10-09T04:21:46+0900 sample 625: clean gpu=[3635557:profile_batched]
2026-10-09T04:21:48+0900 sample 626: clean gpu=[3635557:profile_batched]
2026-10-09T04:21:49+0900 sample 627: clean gpu=[3635557:profile_batched]
2026-10-09T04:21:50+0900 sample 628: clean gpu=[3635557:profile_batched]
2026-10-09T04:21:52+0900 sample 629: clean gpu=[3635557:profile_batched]
2026-10-09T04:21:53+0900 sample 630: clean gpu=[3635557:profile_batched]
2026-10-09T04:21:55+0900 sample 631: clean gpu=[3635557:profile_batched]
2026-10-09T04:21:56+0900 sample 632: clean gpu=[3635557:profile_batched]
2026-10-09T04:21:58+0900 sample 633: clean gpu=[3635557:profile_batched]
2026-10-09T04:21:59+0900 sample 634: clean gpu=[3635557:profile_batched]
2026-10-09T04:22:01+0900 sample 635: clean gpu=[3635557:profile_batched]
2026-10-09T04:22:02+0900 sample 636: clean gpu=[3635557:profile_batched]
2026-10-09T04:22:04+0900 sample 637: clean gpu=[3635557:profile_batched]
2026-10-09T04:22:05+0900 sample 638: clean gpu=[3635557:profile_batched]
2026-10-09T04:22:07+0900 sample 639: clean gpu=[3635557:profile_batched]
2026-10-09T04:22:08+0900 sample 640: clean gpu=[3635557:profile_batched]
2026-10-09T04:22:10+0900 sample 641: clean gpu=[3635557:profile_batched]
2026-10-09T04:22:11+0900 sample 642: clean gpu=[3635557:profile_batched]
2026-10-09T04:22:12+0900 sample 643: clean gpu=[3635557:profile_batched]
2026-10-09T04:22:14+0900 sample 644: clean gpu=[3635557:profile_batched]
2026-10-09T04:22:15+0900 sample 645: clean gpu=[3635557:profile_batched]
2026-10-09T04:22:17+0900 sample 646: clean gpu=[3635557:profile_batched]
2026-10-09T04:22:18+0900 sample 647: clean gpu=[3635557:profile_batched]
2026-10-09T04:22:20+0900 sample 648: clean gpu=[3635557:profile_batched]
2026-10-09T04:22:21+0900 sample 649: clean gpu=[3635557:profile_batched]
2026-10-09T04:22:23+0900 sample 650: clean gpu=[3635557:profile_batched]
2026-10-09T04:22:24+0900 sample 651: clean gpu=[3635557:profile_batched]
2026-10-09T04:22:26+0900 sample 652: clean gpu=[3635557:profile_batched]
2026-10-09T04:22:27+0900 sample 653: clean gpu=[3635557:profile_batched]
2026-10-09T04:22:29+0900 sample 654: clean gpu=[3635557:profile_batched]
2026-10-09T04:22:30+0900 sample 655: clean gpu=[3635557:profile_batched]
2026-10-09T04:22:32+0900 sample 656: clean gpu=[3635557:profile_batched]
2026-10-09T04:22:33+0900 sample 657: clean gpu=[3635557:profile_batched]
2026-10-09T04:22:34+0900 sample 658: clean gpu=[3635557:profile_batched]
2026-10-09T04:22:36+0900 sample 659: clean gpu=[3635557:profile_batched]
2026-10-09T04:22:37+0900 sample 660: clean gpu=[3635557:profile_batched]
2026-10-09T04:22:39+0900 sample 661: clean gpu=[3635557:profile_batched]
2026-10-09T04:22:40+0900 sample 662: clean gpu=[3635557:profile_batched]
2026-10-09T04:22:42+0900 sample 663: clean gpu=[3635557:profile_batched]
2026-10-09T04:22:43+0900 sample 664: clean gpu=[3635557:profile_batched]
2026-10-09T04:22:45+0900 sample 665: clean gpu=[3635557:profile_batched]
2026-10-09T04:22:46+0900 sample 666: clean gpu=[3635557:profile_batched]
2026-10-09T04:22:48+0900 sample 667: clean gpu=[3635557:profile_batched]
2026-10-09T04:22:49+0900 sample 668: clean gpu=[3635557:profile_batched]
2026-10-09T04:22:51+0900 sample 669: clean gpu=[3635557:profile_batched]
2026-10-09T04:22:52+0900 sample 670: clean gpu=[3635557:profile_batched]
2026-10-09T04:22:54+0900 sample 671: clean gpu=[3635557:profile_batched]
2026-10-09T04:22:55+0900 sample 672: clean gpu=[3635557:profile_batched]
2026-10-09T04:22:57+0900 sample 673: clean gpu=[3635557:profile_batched]
2026-10-09T04:22:58+0900 sample 674: clean gpu=[3635557:profile_batched]
2026-10-09T04:23:00+0900 sample 675: clean gpu=[3635557:profile_batched]
2026-10-09T04:23:01+0900 sample 676: clean gpu=[3635557:profile_batched]
2026-10-09T04:23:03+0900 sample 677: clean gpu=[3635557:profile_batched]
2026-10-09T04:23:04+0900 sample 678: clean gpu=[3635557:profile_batched]
2026-10-09T04:23:05+0900 sample 679: clean gpu=[3635557:profile_batched]
2026-10-09T04:23:07+0900 sample 680: clean gpu=[3635557:profile_batched]
2026-10-09T04:23:08+0900 sample 681: clean gpu=[3635557:profile_batched]
2026-10-09T04:23:10+0900 sample 682: clean gpu=[3635557:profile_batched]
2026-10-09T04:23:11+0900 sample 683: clean gpu=[3635557:profile_batched]
2026-10-09T04:23:13+0900 sample 684: clean gpu=[3635557:profile_batched]
2026-10-09T04:23:14+0900 sample 685: clean gpu=[3635557:profile_batched]
2026-10-09T04:23:16+0900 sample 686: clean gpu=[3635557:profile_batched]
2026-10-09T04:23:17+0900 sample 687: clean gpu=[3635557:profile_batched]
2026-10-09T04:23:19+0900 sample 688: clean gpu=[3635557:profile_batched]
2026-10-09T04:23:20+0900 sample 689: clean gpu=[3635557:profile_batched]
2026-10-09T04:23:22+0900 sample 690: clean gpu=[3635557:profile_batched]
2026-10-09T04:23:23+0900 sample 691: clean gpu=[3635557:profile_batched]
2026-10-09T04:23:25+0900 sample 692: clean gpu=[3635557:profile_batched]
2026-10-09T04:23:26+0900 sample 693: clean gpu=[3635557:profile_batched]
2026-10-09T04:23:28+0900 sample 694: clean gpu=[3635557:profile_batched]
2026-10-09T04:23:29+0900 sample 695: clean gpu=[3635557:profile_batched]
2026-10-09T04:23:31+0900 sample 696: clean gpu=[3635557:profile_batched]
2026-10-09T04:23:32+0900 sample 697: clean gpu=[3635557:profile_batched]
2026-10-09T04:23:34+0900 sample 698: clean gpu=[3635557:profile_batched]
2026-10-09T04:23:35+0900 sample 699: clean gpu=[3635557:profile_batched]
2026-10-09T04:23:37+0900 sample 700: clean gpu=[3635557:profile_batched]
2026-10-09T04:23:38+0900 sample 701: clean gpu=[3635557:profile_batched]
2026-10-09T04:23:40+0900 sample 702: clean gpu=[3635557:profile_batched]
2026-10-09T04:23:41+0900 sample 703: clean gpu=[3635557:profile_batched]
2026-10-09T04:23:43+0900 sample 704: clean gpu=[3635557:profile_batched]
2026-10-09T04:23:44+0900 sample 705: clean gpu=[3635557:profile_batched]
2026-10-09T04:23:46+0900 sample 706: clean gpu=[3635557:profile_batched]
2026-10-09T04:23:47+0900 sample 707: clean gpu=[3635557:profile_batched]
2026-10-09T04:23:48+0900 sample 708: clean gpu=[3635557:profile_batched]
2026-10-09T04:23:50+0900 sample 709: clean gpu=[3635557:profile_batched]
2026-10-09T04:23:51+0900 sample 710: clean gpu=[3635557:profile_batched]
2026-10-09T04:23:53+0900 sample 711: clean gpu=[3635557:profile_batched]
2026-10-09T04:23:54+0900 sample 712: clean gpu=[3635557:profile_batched]
2026-10-09T04:23:56+0900 sample 713: clean gpu=[3635557:profile_batched]
2026-10-09T04:23:57+0900 sample 714: clean gpu=[3635557:profile_batched]
2026-10-09T04:23:59+0900 sample 715: clean gpu=[3635557:profile_batched]
2026-10-09T04:24:00+0900 sample 716: clean gpu=[3635557:profile_batched]
2026-10-09T04:24:02+0900 sample 717: clean gpu=[3635557:profile_batched]
2026-10-09T04:24:03+0900 sample 718: clean gpu=[3635557:profile_batched]
2026-10-09T04:24:05+0900 sample 719: clean gpu=[3635557:profile_batched]
2026-10-09T04:24:06+0900 sample 720: clean gpu=[3635557:profile_batched]
2026-10-09T04:24:08+0900 sample 721: clean gpu=[3635557:profile_batched]
2026-10-09T04:24:09+0900 sample 722: clean gpu=[3635557:profile_batched]
2026-10-09T04:24:11+0900 sample 723: clean gpu=[3635557:profile_batched]
2026-10-09T04:24:12+0900 sample 724: clean gpu=[3635557:profile_batched]
2026-10-09T04:24:14+0900 sample 725: clean gpu=[3635557:profile_batched]
2026-10-09T04:24:15+0900 sample 726: clean gpu=[3635557:profile_batched]
2026-10-09T04:24:17+0900 sample 727: clean gpu=[3635557:profile_batched]
2026-10-09T04:24:18+0900 sample 728: clean gpu=[3635557:profile_batched]
2026-10-09T04:24:20+0900 sample 729: clean gpu=[3635557:profile_batched]
2026-10-09T04:24:21+0900 sample 730: clean gpu=[3635557:profile_batched]
2026-10-09T04:24:23+0900 sample 731: clean gpu=[3635557:profile_batched]
2026-10-09T04:24:24+0900 sample 732: clean gpu=[3635557:profile_batched]
2026-10-09T04:24:26+0900 sample 733: clean gpu=[3635557:profile_batched]
2026-10-09T04:24:27+0900 sample 734: clean gpu=[3635557:profile_batched]
2026-10-09T04:24:28+0900 sample 735: clean gpu=[3635557:profile_batched]
2026-10-09T04:24:30+0900 sample 736: clean gpu=[3635557:profile_batched]
2026-10-09T04:24:31+0900 sample 737: clean gpu=[3635557:profile_batched]
2026-10-09T04:24:33+0900 sample 738: clean gpu=[3635557:profile_batched]
2026-10-09T04:24:34+0900 sample 739: clean gpu=[3635557:profile_batched]
2026-10-09T04:24:36+0900 sample 740: clean gpu=[3635557:profile_batched]
2026-10-09T04:24:37+0900 sample 741: clean gpu=[3635557:profile_batched]
2026-10-09T04:24:39+0900 sample 742: clean gpu=[3635557:profile_batched]
2026-10-09T04:24:40+0900 sample 743: clean gpu=[3635557:profile_batched]
2026-10-09T04:24:42+0900 sample 744: clean gpu=[3635557:profile_batched]
2026-10-09T04:24:43+0900 sample 745: clean gpu=[3635557:profile_batched]
2026-10-09T04:24:45+0900 sample 746: clean gpu=[3635557:profile_batched]
2026-10-09T04:24:46+0900 sample 747: clean gpu=[3635557:profile_batched]
2026-10-09T04:24:48+0900 sample 748: clean gpu=[3635557:profile_batched]
2026-10-09T04:24:49+0900 sample 749: clean gpu=[3635557:profile_batched]
2026-10-09T04:24:51+0900 sample 750: clean gpu=[3635557:profile_batched]
2026-10-09T04:24:52+0900 sample 751: clean gpu=[3635557:profile_batched]
2026-10-09T04:24:53+0900 sample 752: clean gpu=[3635557:profile_batched]
2026-10-09T04:24:55+0900 sample 753: clean gpu=[3635557:profile_batched]
2026-10-09T04:24:56+0900 sample 754: clean gpu=[3635557:profile_batched]
2026-10-09T04:24:58+0900 sample 755: clean gpu=[3635557:profile_batched]
2026-10-09T04:24:59+0900 sample 756: clean gpu=[3635557:profile_batched]
2026-10-09T04:25:01+0900 sample 757: clean gpu=[3635557:profile_batched]
2026-10-09T04:25:02+0900 sample 758: clean gpu=[3635557:profile_batched]
2026-10-09T04:25:04+0900 sample 759: clean gpu=[3635557:profile_batched]
2026-10-09T04:25:05+0900 sample 760: clean gpu=[3635557:profile_batched]
2026-10-09T04:25:07+0900 sample 761: clean gpu=[3635557:profile_batched]
2026-10-09T04:25:08+0900 sample 762: clean gpu=[3635557:profile_batched]
2026-10-09T04:25:10+0900 sample 763: clean gpu=[3635557:profile_batched]
2026-10-09T04:25:11+0900 sample 764: clean gpu=[3635557:profile_batched]
2026-10-09T04:25:13+0900 sample 765: clean gpu=[3635557:profile_batched]
2026-10-09T04:25:14+0900 sample 766: clean gpu=[3635557:profile_batched]
2026-10-09T04:25:16+0900 sample 767: clean gpu=[3635557:profile_batched]
2026-10-09T04:25:17+0900 sample 768: clean gpu=[3635557:profile_batched]
2026-10-09T04:25:19+0900 sample 769: clean gpu=[3635557:profile_batched]
2026-10-09T04:25:20+0900 sample 770: clean gpu=[3635557:profile_batched]
2026-10-09T04:25:22+0900 sample 771: clean gpu=[3635557:profile_batched]
2026-10-09T04:25:23+0900 sample 772: clean gpu=[3635557:profile_batched]
2026-10-09T04:25:25+0900 sample 773: clean gpu=[3635557:profile_batched]
2026-10-09T04:25:26+0900 sample 774: clean gpu=[3635557:profile_batched]
2026-10-09T04:25:28+0900 sample 775: clean gpu=[3635557:profile_batched]
2026-10-09T04:25:29+0900 sample 776: clean gpu=[3635557:profile_batched]
2026-10-09T04:25:31+0900 sample 777: clean gpu=[3635557:profile_batched]
2026-10-09T04:25:32+0900 sample 778: clean gpu=[3635557:profile_batched]
2026-10-09T04:25:33+0900 sample 779: clean gpu=[3635557:profile_batched]
2026-10-09T04:25:35+0900 sample 780: clean gpu=[3635557:profile_batched]
2026-10-09T04:25:36+0900 sample 781: clean gpu=[3635557:profile_batched]
2026-10-09T04:25:38+0900 sample 782: clean gpu=[3635557:profile_batched]
2026-10-09T04:25:39+0900 sample 783: clean gpu=[3635557:profile_batched]
2026-10-09T04:25:41+0900 sample 784: clean gpu=[3635557:profile_batched]
2026-10-09T04:25:42+0900 sample 785: clean gpu=[3635557:profile_batched]
2026-10-09T04:25:44+0900 sample 786: clean gpu=[3635557:profile_batched]
2026-10-09T04:25:45+0900 sample 787: clean gpu=[3635557:profile_batched]
2026-10-09T04:25:47+0900 sample 788: clean gpu=[3635557:profile_batched]
2026-10-09T04:25:48+0900 sample 789: clean gpu=[3635557:profile_batched]
2026-10-09T04:25:50+0900 sample 790: clean gpu=[3635557:profile_batched]
2026-10-09T04:25:51+0900 sample 791: clean gpu=[3635557:profile_batched]
2026-10-09T04:25:53+0900 sample 792: clean gpu=[3635557:profile_batched]
2026-10-09T04:25:54+0900 sample 793: clean gpu=[3635557:profile_batched]
2026-10-09T04:25:56+0900 sample 794: clean gpu=[3635557:profile_batched]
2026-10-09T04:25:57+0900 sample 795: clean gpu=[3635557:profile_batched]
2026-10-09T04:25:59+0900 sample 796: clean gpu=[3635557:profile_batched]
2026-10-09T04:26:00+0900 sample 797: clean gpu=[3635557:profile_batched]
2026-10-09T04:26:02+0900 sample 798: clean gpu=[3635557:profile_batched]
2026-10-09T04:26:03+0900 sample 799: clean gpu=[3635557:profile_batched]
2026-10-09T04:26:05+0900 sample 800: clean gpu=[3635557:profile_batched]
2026-10-09T04:26:06+0900 sample 801: clean gpu=[3635557:profile_batched]
2026-10-09T04:26:08+0900 sample 802: clean gpu=[3635557:profile_batched]
2026-10-09T04:26:09+0900 sample 803: clean gpu=[3635557:profile_batched]
2026-10-09T04:26:11+0900 sample 804: clean gpu=[3635557:profile_batched]
2026-10-09T04:26:12+0900 sample 805: clean gpu=[3635557:profile_batched]
2026-10-09T04:26:14+0900 sample 806: clean gpu=[3635557:profile_batched]
2026-10-09T04:26:15+0900 sample 807: clean gpu=[3635557:profile_batched]
2026-10-09T04:26:17+0900 sample 808: clean gpu=[3635557:profile_batched]
2026-10-09T04:26:18+0900 sample 809: clean gpu=[3635557:profile_batched]
2026-10-09T04:26:20+0900 sample 810: clean gpu=[3635557:profile_batched]
2026-10-09T04:26:21+0900 sample 811: clean gpu=[3635557:profile_batched]
2026-10-09T04:26:23+0900 sample 812: clean gpu=[3635557:profile_batched]
2026-10-09T04:26:24+0900 sample 813: clean gpu=[3635557:profile_batched]
2026-10-09T04:26:26+0900 sample 814: clean gpu=[3635557:profile_batched]
2026-10-09T04:26:27+0900 sample 815: clean gpu=[3635557:profile_batched]
2026-10-09T04:26:29+0900 sample 816: clean gpu=[3635557:profile_batched]
2026-10-09T04:26:30+0900 sample 817: clean gpu=[3635557:profile_batched]
2026-10-09T04:26:32+0900 sample 818: clean gpu=[3635557:profile_batched]
2026-10-09T04:26:33+0900 sample 819: clean gpu=[3635557:profile_batched]
2026-10-09T04:26:34+0900 sample 820: clean gpu=[3635557:profile_batched]
2026-10-09T04:26:36+0900 sample 821: clean gpu=[3635557:profile_batched]
2026-10-09T04:26:37+0900 sample 822: clean gpu=[3635557:profile_batched]
2026-10-09T04:26:39+0900 sample 823: clean gpu=[3635557:profile_batched]
2026-10-09T04:26:40+0900 sample 824: clean gpu=[3635557:profile_batched]
2026-10-09T04:26:42+0900 sample 825: clean gpu=[3635557:profile_batched]
2026-10-09T04:26:43+0900 sample 826: clean gpu=[3635557:profile_batched]
2026-10-09T04:26:45+0900 sample 827: clean gpu=[3635557:profile_batched]
2026-10-09T04:26:46+0900 sample 828: clean gpu=[3635557:profile_batched]
2026-10-09T04:26:48+0900 sample 829: clean gpu=[3635557:profile_batched]
2026-10-09T04:26:49+0900 sample 830: clean gpu=[3635557:profile_batched]
2026-10-09T04:26:51+0900 sample 831: clean gpu=[3635557:profile_batched]
2026-10-09T04:26:52+0900 sample 832: clean gpu=[3635557:profile_batched]
2026-10-09T04:26:54+0900 sample 833: clean gpu=[3635557:profile_batched]
2026-10-09T04:26:55+0900 sample 834: clean gpu=[3635557:profile_batched]
2026-10-09T04:26:57+0900 sample 835: clean gpu=[3635557:profile_batched]
2026-10-09T04:26:58+0900 sample 836: clean gpu=[3635557:profile_batched]
2026-10-09T04:27:00+0900 sample 837: clean gpu=[3635557:profile_batched]
2026-10-09T04:27:01+0900 sample 838: clean gpu=[3635557:profile_batched]
2026-10-09T04:27:03+0900 sample 839: clean gpu=[3635557:profile_batched]
2026-10-09T04:27:04+0900 sample 840: clean gpu=[3635557:profile_batched]
2026-10-09T04:27:06+0900 sample 841: clean gpu=[3635557:profile_batched]
2026-10-09T04:27:07+0900 sample 842: clean gpu=[3843756:profile_batched]
2026-10-09T04:27:09+0900 sample 843: clean gpu=[3843756:profile_batched]
2026-10-09T04:27:10+0900 sample 844: clean gpu=[3843756:profile_batched]
2026-10-09T04:27:12+0900 sample 845: clean gpu=[3843756:profile_batched]
2026-10-09T04:27:13+0900 sample 846: clean gpu=[3843756:profile_batched]
2026-10-09T04:27:15+0900 sample 847: clean gpu=[3843756:profile_batched]
2026-10-09T04:27:16+0900 sample 848: clean gpu=[3843756:profile_batched]
2026-10-09T04:27:18+0900 sample 849: clean gpu=[3843756:profile_batched]
2026-10-09T04:27:19+0900 sample 850: clean gpu=[3843756:profile_batched]
2026-10-09T04:27:21+0900 sample 851: clean gpu=[3843756:profile_batched]
2026-10-09T04:27:22+0900 sample 852: clean gpu=[3843756:profile_batched]
2026-10-09T04:27:24+0900 sample 853: clean gpu=[3843756:profile_batched]
2026-10-09T04:27:25+0900 sample 854: clean gpu=[3843756:profile_batched]
2026-10-09T04:27:27+0900 sample 855: clean gpu=[3843756:profile_batched]
2026-10-09T04:27:28+0900 sample 856: clean gpu=[3843756:profile_batched]
2026-10-09T04:27:30+0900 sample 857: clean gpu=[3843756:profile_batched]
2026-10-09T04:27:31+0900 sample 858: clean gpu=[3843756:profile_batched]
2026-10-09T04:27:33+0900 sample 859: clean gpu=[3843756:profile_batched]
2026-10-09T04:27:34+0900 sample 860: clean gpu=[3843756:profile_batched]
2026-10-09T04:27:35+0900 sample 861: clean gpu=[3843756:profile_batched]
2026-10-09T04:27:37+0900 sample 862: clean gpu=[3843756:profile_batched]
2026-10-09T04:27:38+0900 sample 863: clean gpu=[3843756:profile_batched]
2026-10-09T04:27:40+0900 sample 864: clean gpu=[3843756:profile_batched]
2026-10-09T04:27:41+0900 sample 865: clean gpu=[3843756:profile_batched]
2026-10-09T04:27:43+0900 sample 866: clean gpu=[3843756:profile_batched]
2026-10-09T04:27:44+0900 sample 867: clean gpu=[3843756:profile_batched]
2026-10-09T04:27:46+0900 sample 868: clean gpu=[3843756:profile_batched]
2026-10-09T04:27:47+0900 sample 869: clean gpu=[3843756:profile_batched]
2026-10-09T04:27:49+0900 sample 870: clean gpu=[3843756:profile_batched]
2026-10-09T04:27:50+0900 sample 871: clean gpu=[3843756:profile_batched]
2026-10-09T04:27:52+0900 sample 872: clean gpu=[3843756:profile_batched]
2026-10-09T04:27:53+0900 sample 873: clean gpu=[3843756:profile_batched]
2026-10-09T04:27:55+0900 sample 874: clean gpu=[3843756:profile_batched]
2026-10-09T04:27:56+0900 sample 875: clean gpu=[3843756:profile_batched]
2026-10-09T04:27:58+0900 sample 876: clean gpu=[3843756:profile_batched]
2026-10-09T04:27:59+0900 sample 877: clean gpu=[3843756:profile_batched]
2026-10-09T04:28:01+0900 sample 878: clean gpu=[3843756:profile_batched]
2026-10-09T04:28:02+0900 sample 879: clean gpu=[3843756:profile_batched]
2026-10-09T04:28:04+0900 sample 880: clean gpu=[3843756:profile_batched]
2026-10-09T04:28:05+0900 sample 881: clean gpu=[3843756:profile_batched]
2026-10-09T04:28:07+0900 sample 882: clean gpu=[3843756:profile_batched]
2026-10-09T04:28:08+0900 sample 883: clean gpu=[3843756:profile_batched]
2026-10-09T04:28:10+0900 sample 884: clean gpu=[3843756:profile_batched]
2026-10-09T04:28:11+0900 sample 885: clean gpu=[3843756:profile_batched]
2026-10-09T04:28:13+0900 sample 886: clean gpu=[3843756:profile_batched]
2026-10-09T04:28:14+0900 sample 887: clean gpu=[3843756:profile_batched]
2026-10-09T04:28:16+0900 sample 888: clean gpu=[3843756:profile_batched]
2026-10-09T04:28:17+0900 sample 889: clean gpu=[3843756:profile_batched]
2026-10-09T04:28:19+0900 sample 890: clean gpu=[3843756:profile_batched]
2026-10-09T04:28:20+0900 sample 891: clean gpu=[3843756:profile_batched]
2026-10-09T04:28:22+0900 sample 892: clean gpu=[3843756:profile_batched]
2026-10-09T04:28:23+0900 sample 893: clean gpu=[3843756:profile_batched]
2026-10-09T04:28:24+0900 sample 894: clean gpu=[3843756:profile_batched]
2026-10-09T04:28:26+0900 sample 895: clean gpu=[3843756:profile_batched]
2026-10-09T04:28:27+0900 sample 896: clean gpu=[3843756:profile_batched]
2026-10-09T04:28:29+0900 sample 897: clean gpu=[3843756:profile_batched]
2026-10-09T04:28:30+0900 sample 898: clean gpu=[3843756:profile_batched]
2026-10-09T04:28:32+0900 sample 899: clean gpu=[3843756:profile_batched]
2026-10-09T04:28:33+0900 sample 900: clean gpu=[3843756:profile_batched]
2026-10-09T04:28:35+0900 sample 901: clean gpu=[3843756:profile_batched]
2026-10-09T04:28:36+0900 sample 902: clean gpu=[3843756:profile_batched]
2026-10-09T04:28:38+0900 sample 903: clean gpu=[3843756:profile_batched]
2026-10-09T04:28:39+0900 sample 904: clean gpu=[3843756:profile_batched]
2026-10-09T04:28:41+0900 sample 905: clean gpu=[3843756:profile_batched]
2026-10-09T04:28:42+0900 sample 906: clean gpu=[3843756:profile_batched]
2026-10-09T04:28:44+0900 sample 907: clean gpu=[3843756:profile_batched]
2026-10-09T04:28:45+0900 sample 908: clean gpu=[3843756:profile_batched]
2026-10-09T04:28:47+0900 sample 909: clean gpu=[3843756:profile_batched]
2026-10-09T04:28:48+0900 sample 910: clean gpu=[3843756:profile_batched]
2026-10-09T04:28:50+0900 sample 911: clean gpu=[3843756:profile_batched]
2026-10-09T04:28:51+0900 sample 912: clean gpu=[3843756:profile_batched]
2026-10-09T04:28:53+0900 sample 913: clean gpu=[3843756:profile_batched]
2026-10-09T04:28:54+0900 sample 914: clean gpu=[3843756:profile_batched]
2026-10-09T04:28:56+0900 sample 915: clean gpu=[3843756:profile_batched]
2026-10-09T04:28:57+0900 sample 916: clean gpu=[3843756:profile_batched]
2026-10-09T04:28:59+0900 sample 917: clean gpu=[3843756:profile_batched]
2026-10-09T04:29:00+0900 sample 918: clean gpu=[3843756:profile_batched]
2026-10-09T04:29:02+0900 sample 919: clean gpu=[3843756:profile_batched]
2026-10-09T04:29:03+0900 sample 920: clean gpu=[3843756:profile_batched]
2026-10-09T04:29:05+0900 sample 921: clean gpu=[3843756:profile_batched]
2026-10-09T04:29:06+0900 sample 922: clean gpu=[3843756:profile_batched]
2026-10-09T04:29:08+0900 sample 923: clean gpu=[3843756:profile_batched]
2026-10-09T04:29:09+0900 sample 924: clean gpu=[3843756:profile_batched]
2026-10-09T04:29:11+0900 sample 925: clean gpu=[3843756:profile_batched]
2026-10-09T04:29:12+0900 sample 926: clean gpu=[3843756:profile_batched]
2026-10-09T04:29:14+0900 sample 927: clean gpu=[3843756:profile_batched]
2026-10-09T04:29:15+0900 sample 928: clean gpu=[3843756:profile_batched]
2026-10-09T04:29:17+0900 sample 929: clean gpu=[3843756:profile_batched]
2026-10-09T04:29:18+0900 sample 930: clean gpu=[3843756:profile_batched]
2026-10-09T04:29:20+0900 sample 931: clean gpu=[3843756:profile_batched]
2026-10-09T04:29:21+0900 sample 932: clean gpu=[3843756:profile_batched]
2026-10-09T04:29:23+0900 sample 933: clean gpu=[3843756:profile_batched]
2026-10-09T04:29:24+0900 sample 934: clean gpu=[3843756:profile_batched]
2026-10-09T04:29:26+0900 sample 935: clean gpu=[3843756:profile_batched]
2026-10-09T04:29:27+0900 sample 936: clean gpu=[3843756:profile_batched]
2026-10-09T04:29:29+0900 sample 937: clean gpu=[3843756:profile_batched]
2026-10-09T04:29:30+0900 sample 938: clean gpu=[3843756:profile_batched]
2026-10-09T04:29:32+0900 sample 939: clean gpu=[3843756:profile_batched]
2026-10-09T04:29:33+0900 sample 940: clean gpu=[3843756:profile_batched]
2026-10-09T04:29:34+0900 sample 941: clean gpu=[3843756:profile_batched]
2026-10-09T04:29:36+0900 sample 942: clean gpu=[3843756:profile_batched]
2026-10-09T04:29:37+0900 sample 943: clean gpu=[3843756:profile_batched]
2026-10-09T04:29:39+0900 sample 944: clean gpu=[3843756:profile_batched]
2026-10-09T04:29:40+0900 sample 945: clean gpu=[3843756:profile_batched]
2026-10-09T04:29:42+0900 sample 946: clean gpu=[3843756:profile_batched]
2026-10-09T04:29:43+0900 sample 947: clean gpu=[3843756:profile_batched]
2026-10-09T04:29:45+0900 sample 948: clean gpu=[3843756:profile_batched]
2026-10-09T04:29:46+0900 sample 949: clean gpu=[3843756:profile_batched]
2026-10-09T04:29:48+0900 sample 950: clean gpu=[3843756:profile_batched]
2026-10-09T04:29:49+0900 sample 951: clean gpu=[3843756:profile_batched]
2026-10-09T04:29:51+0900 sample 952: clean gpu=[3843756:profile_batched]
2026-10-09T04:29:52+0900 sample 953: clean gpu=[3843756:profile_batched]
2026-10-09T04:29:54+0900 sample 954: clean gpu=[3843756:profile_batched]
2026-10-09T04:29:55+0900 sample 955: clean gpu=[3843756:profile_batched]
2026-10-09T04:29:57+0900 sample 956: clean gpu=[3843756:profile_batched]
2026-10-09T04:29:58+0900 sample 957: clean gpu=[3843756:profile_batched]
2026-10-09T04:30:00+0900 sample 958: clean gpu=[3843756:profile_batched]
2026-10-09T04:30:01+0900 sample 959: clean gpu=[3843756:profile_batched]
2026-10-09T04:30:03+0900 sample 960: clean gpu=[3843756:profile_batched]
2026-10-09T04:30:04+0900 sample 961: clean gpu=[3843756:profile_batched]
2026-10-09T04:30:06+0900 sample 962: clean gpu=[3843756:profile_batched]
2026-10-09T04:30:07+0900 sample 963: clean gpu=[3843756:profile_batched]
2026-10-09T04:30:09+0900 sample 964: clean gpu=[3843756:profile_batched]
2026-10-09T04:30:10+0900 sample 965: clean gpu=[3843756:profile_batched]
2026-10-09T04:30:12+0900 sample 966: clean gpu=[3843756:profile_batched]
2026-10-09T04:30:13+0900 sample 967: clean gpu=[3843756:profile_batched]
2026-10-09T04:30:15+0900 sample 968: clean gpu=[3843756:profile_batched]
2026-10-09T04:30:16+0900 sample 969: clean gpu=[3843756:profile_batched]
2026-10-09T04:30:18+0900 sample 970: clean gpu=[3843756:profile_batched]
2026-10-09T04:30:19+0900 sample 971: clean gpu=[3843756:profile_batched]
2026-10-09T04:30:21+0900 sample 972: clean gpu=[3843756:profile_batched]
2026-10-09T04:30:22+0900 sample 973: clean gpu=[3843756:profile_batched]
2026-10-09T04:30:23+0900 sample 974: clean gpu=[3843756:profile_batched]
2026-10-09T04:30:25+0900 sample 975: clean gpu=[3843756:profile_batched]
2026-10-09T04:30:26+0900 sample 976: clean gpu=[3843756:profile_batched]
2026-10-09T04:30:28+0900 sample 977: clean gpu=[3843756:profile_batched]
2026-10-09T04:30:29+0900 sample 978: clean gpu=[3843756:profile_batched]
2026-10-09T04:30:31+0900 sample 979: clean gpu=[3843756:profile_batched]
2026-10-09T04:30:32+0900 sample 980: clean gpu=[3843756:profile_batched]
2026-10-09T04:30:34+0900 sample 981: clean gpu=[3843756:profile_batched]
2026-10-09T04:30:35+0900 sample 982: clean gpu=[3843756:profile_batched]
2026-10-09T04:30:37+0900 sample 983: clean gpu=[3843756:profile_batched]
2026-10-09T04:30:38+0900 sample 984: clean gpu=[3843756:profile_batched]
2026-10-09T04:30:40+0900 sample 985: clean gpu=[3843756:profile_batched]
2026-10-09T04:30:41+0900 sample 986: clean gpu=[3843756:profile_batched]
2026-10-09T04:30:43+0900 sample 987: clean gpu=[3843756:profile_batched]
2026-10-09T04:30:44+0900 sample 988: clean gpu=[3843756:profile_batched]
2026-10-09T04:30:46+0900 sample 989: clean gpu=[3843756:profile_batched]
2026-10-09T04:30:47+0900 sample 990: clean gpu=[3843756:profile_batched]
2026-10-09T04:30:49+0900 sample 991: clean gpu=[3843756:profile_batched]
2026-10-09T04:30:50+0900 sample 992: clean gpu=[3843756:profile_batched]
2026-10-09T04:30:52+0900 sample 993: clean gpu=[3843756:profile_batched]
2026-10-09T04:30:53+0900 sample 994: clean gpu=[3843756:profile_batched]
2026-10-09T04:30:55+0900 sample 995: clean gpu=[3843756:profile_batched]
2026-10-09T04:30:56+0900 sample 996: clean gpu=[3843756:profile_batched]
2026-10-09T04:30:58+0900 sample 997: clean gpu=[3843756:profile_batched]
2026-10-09T04:30:59+0900 sample 998: clean gpu=[3843756:profile_batched]
2026-10-09T04:31:01+0900 sample 999: clean gpu=[3843756:profile_batched]
2026-10-09T04:31:02+0900 sample 1000: clean gpu=[3843756:profile_batched]
2026-10-09T04:31:03+0900 sample 1001: clean gpu=[3843756:profile_batched]
2026-10-09T04:31:05+0900 sample 1002: clean gpu=[3843756:profile_batched]
2026-10-09T04:31:06+0900 sample 1003: clean gpu=[3843756:profile_batched]
2026-10-09T04:31:08+0900 sample 1004: clean gpu=[3843756:profile_batched]
2026-10-09T04:31:09+0900 sample 1005: clean gpu=[3843756:profile_batched]
2026-10-09T04:31:11+0900 sample 1006: clean gpu=[3843756:profile_batched]
2026-10-09T04:31:12+0900 sample 1007: clean gpu=[3843756:profile_batched]
2026-10-09T04:31:14+0900 sample 1008: clean gpu=[3843756:profile_batched]
2026-10-09T04:31:15+0900 sample 1009: clean gpu=[3843756:profile_batched]
2026-10-09T04:31:17+0900 sample 1010: clean gpu=[3843756:profile_batched]
2026-10-09T04:31:18+0900 sample 1011: clean gpu=[3843756:profile_batched]
2026-10-09T04:31:20+0900 sample 1012: clean gpu=[3843756:profile_batched]
2026-10-09T04:31:21+0900 sample 1013: clean gpu=[3843756:profile_batched]
2026-10-09T04:31:23+0900 sample 1014: clean gpu=[3843756:profile_batched]
2026-10-09T04:31:24+0900 sample 1015: clean gpu=[3843756:profile_batched]
2026-10-09T04:31:26+0900 sample 1016: clean gpu=[3843756:profile_batched]
2026-10-09T04:31:27+0900 sample 1017: clean gpu=[3843756:profile_batched]
2026-10-09T04:31:29+0900 sample 1018: clean gpu=[3843756:profile_batched]
2026-10-09T04:31:30+0900 sample 1019: clean gpu=[3843756:profile_batched]
2026-10-09T04:31:32+0900 sample 1020: clean gpu=[3843756:profile_batched]
2026-10-09T04:31:33+0900 sample 1021: clean gpu=[3843756:profile_batched]
2026-10-09T04:31:35+0900 sample 1022: clean gpu=[3843756:profile_batched]
2026-10-09T04:31:36+0900 sample 1023: clean gpu=[3843756:profile_batched]
2026-10-09T04:31:38+0900 sample 1024: clean gpu=[3843756:profile_batched]
2026-10-09T04:31:39+0900 sample 1025: clean gpu=[3843756:profile_batched]
2026-10-09T04:31:41+0900 sample 1026: clean gpu=[3843756:profile_batched]
2026-10-09T04:31:42+0900 sample 1027: clean gpu=[3843756:profile_batched]
2026-10-09T04:31:44+0900 sample 1028: clean gpu=[3843756:profile_batched]
2026-10-09T04:31:45+0900 sample 1029: clean gpu=[3843756:profile_batched]
2026-10-09T04:31:47+0900 sample 1030: clean gpu=[3843756:profile_batched]
2026-10-09T04:31:48+0900 sample 1031: clean gpu=[3843756:profile_batched]
2026-10-09T04:31:50+0900 sample 1032: clean gpu=[3843756:profile_batched]
2026-10-09T04:31:51+0900 sample 1033: clean gpu=[3843756:profile_batched]
2026-10-09T04:31:53+0900 sample 1034: clean gpu=[3843756:profile_batched]
2026-10-09T04:31:54+0900 sample 1035: clean gpu=[3843756:profile_batched]
2026-10-09T04:31:56+0900 sample 1036: clean gpu=[3843756:profile_batched]
2026-10-09T04:31:57+0900 sample 1037: clean gpu=[3843756:profile_batched]
2026-10-09T04:31:59+0900 sample 1038: clean gpu=[3843756:profile_batched]
2026-10-09T04:32:00+0900 sample 1039: clean gpu=[3843756:profile_batched]
2026-10-09T04:32:02+0900 sample 1040: clean gpu=[3843756:profile_batched]
2026-10-09T04:32:03+0900 sample 1041: clean gpu=[3843756:profile_batched]
2026-10-09T04:32:05+0900 sample 1042: clean gpu=[3843756:profile_batched]
2026-10-09T04:32:06+0900 sample 1043: clean gpu=[3843756:profile_batched]
2026-10-09T04:32:07+0900 sample 1044: clean gpu=[3843756:profile_batched]
2026-10-09T04:32:09+0900 sample 1045: clean gpu=[3843756:profile_batched]
2026-10-09T04:32:10+0900 sample 1046: clean gpu=[3843756:profile_batched]
2026-10-09T04:32:12+0900 sample 1047: clean gpu=[3843756:profile_batched]
2026-10-09T04:32:13+0900 sample 1048: clean gpu=[3843756:profile_batched]
2026-10-09T04:32:15+0900 sample 1049: clean gpu=[3843756:profile_batched]
2026-10-09T04:32:16+0900 sample 1050: clean gpu=[3843756:profile_batched]
2026-10-09T04:32:18+0900 sample 1051: clean gpu=[3843756:profile_batched]
2026-10-09T04:32:19+0900 sample 1052: clean gpu=[3843756:profile_batched]
2026-10-09T04:32:21+0900 sample 1053: clean gpu=[3843756:profile_batched]
2026-10-09T04:32:22+0900 sample 1054: clean gpu=[3843756:profile_batched]
2026-10-09T04:32:24+0900 sample 1055: clean gpu=[3843756:profile_batched]
2026-10-09T04:32:25+0900 sample 1056: clean gpu=[3843756:profile_batched]
2026-10-09T04:32:27+0900 sample 1057: clean gpu=[3843756:profile_batched]
2026-10-09T04:32:28+0900 sample 1058: clean gpu=[3843756:profile_batched]
2026-10-09T04:32:30+0900 sample 1059: clean gpu=[3843756:profile_batched]
2026-10-09T04:32:31+0900 sample 1060: clean gpu=[3843756:profile_batched]
2026-10-09T04:32:33+0900 sample 1061: clean gpu=[3843756:profile_batched]
2026-10-09T04:32:34+0900 sample 1062: clean gpu=[3843756:profile_batched]
2026-10-09T04:32:36+0900 sample 1063: clean gpu=[3843756:profile_batched]
2026-10-09T04:32:37+0900 sample 1064: clean gpu=[3843756:profile_batched]
2026-10-09T04:32:39+0900 sample 1065: clean gpu=[4054808:profile_batched]
2026-10-09T04:32:40+0900 sample 1066: clean gpu=[4054808:profile_batched]
2026-10-09T04:32:42+0900 sample 1067: clean gpu=[4054808:profile_batched]
2026-10-09T04:32:44+0900 sample 1068: clean gpu=[4054808:profile_batched]
2026-10-09T04:32:45+0900 sample 1069: clean gpu=[4054808:profile_batched]
2026-10-09T04:32:47+0900 sample 1070: clean gpu=[4054808:profile_batched]
2026-10-09T04:32:48+0900 sample 1071: clean gpu=[4054808:profile_batched]
2026-10-09T04:32:50+0900 sample 1072: clean gpu=[4054808:profile_batched]
2026-10-09T04:32:51+0900 sample 1073: clean gpu=[4054808:profile_batched]
2026-10-09T04:32:53+0900 sample 1074: clean gpu=[4054808:profile_batched]
2026-10-09T04:32:54+0900 sample 1075: clean gpu=[4054808:profile_batched]
2026-10-09T04:32:56+0900 sample 1076: clean gpu=[4054808:profile_batched]
2026-10-09T04:32:57+0900 sample 1077: clean gpu=[4054808:profile_batched]
2026-10-09T04:32:59+0900 sample 1078: clean gpu=[4054808:profile_batched]
2026-10-09T04:33:00+0900 sample 1079: clean gpu=[4054808:profile_batched]
2026-10-09T04:33:02+0900 sample 1080: clean gpu=[4054808:profile_batched]
2026-10-09T04:33:03+0900 sample 1081: clean gpu=[4054808:profile_batched]
2026-10-09T04:33:05+0900 sample 1082: clean gpu=[4054808:profile_batched]
2026-10-09T04:33:06+0900 sample 1083: clean gpu=[4054808:profile_batched]
2026-10-09T04:33:08+0900 sample 1084: clean gpu=[4054808:profile_batched]
2026-10-09T04:33:09+0900 sample 1085: clean gpu=[4054808:profile_batched]
2026-10-09T04:33:11+0900 sample 1086: clean gpu=[4054808:profile_batched]
2026-10-09T04:33:12+0900 sample 1087: clean gpu=[4054808:profile_batched]
2026-10-09T04:33:14+0900 sample 1088: clean gpu=[4054808:profile_batched]
2026-10-09T04:33:15+0900 sample 1089: clean gpu=[4054808:profile_batched]
2026-10-09T04:33:17+0900 sample 1090: clean gpu=[4054808:profile_batched]
2026-10-09T04:33:18+0900 sample 1091: clean gpu=[4054808:profile_batched]
2026-10-09T04:33:20+0900 sample 1092: clean gpu=[4054808:profile_batched]
2026-10-09T04:33:21+0900 sample 1093: clean gpu=[4054808:profile_batched]
2026-10-09T04:33:23+0900 sample 1094: clean gpu=[4054808:profile_batched]
2026-10-09T04:33:24+0900 sample 1095: clean gpu=[4054808:profile_batched]
2026-10-09T04:33:26+0900 sample 1096: clean gpu=[4054808:profile_batched]
2026-10-09T04:33:27+0900 sample 1097: clean gpu=[4054808:profile_batched]
2026-10-09T04:33:29+0900 sample 1098: clean gpu=[4054808:profile_batched]
2026-10-09T04:33:30+0900 sample 1099: clean gpu=[4054808:profile_batched]
2026-10-09T04:33:32+0900 sample 1100: clean gpu=[4054808:profile_batched]
2026-10-09T04:33:33+0900 sample 1101: clean gpu=[4054808:profile_batched]
2026-10-09T04:33:35+0900 sample 1102: clean gpu=[4054808:profile_batched]
2026-10-09T04:33:36+0900 sample 1103: clean gpu=[4054808:profile_batched]
2026-10-09T04:33:38+0900 sample 1104: clean gpu=[4054808:profile_batched]
2026-10-09T04:33:39+0900 sample 1105: clean gpu=[4054808:profile_batched]
2026-10-09T04:33:41+0900 sample 1106: clean gpu=[4054808:profile_batched]
2026-10-09T04:33:42+0900 sample 1107: clean gpu=[4054808:profile_batched]
2026-10-09T04:33:44+0900 sample 1108: clean gpu=[4054808:profile_batched]
2026-10-09T04:33:45+0900 sample 1109: clean gpu=[4054808:profile_batched]
2026-10-09T04:33:47+0900 sample 1110: clean gpu=[4054808:profile_batched]
2026-10-09T04:33:48+0900 sample 1111: clean gpu=[4054808:profile_batched]
2026-10-09T04:33:50+0900 sample 1112: clean gpu=[4054808:profile_batched]
2026-10-09T04:33:51+0900 sample 1113: clean gpu=[4054808:profile_batched]
2026-10-09T04:33:53+0900 sample 1114: clean gpu=[4054808:profile_batched]
2026-10-09T04:33:54+0900 sample 1115: clean gpu=[4054808:profile_batched]
2026-10-09T04:33:56+0900 sample 1116: clean gpu=[4054808:profile_batched]
2026-10-09T04:33:57+0900 sample 1117: clean gpu=[4054808:profile_batched]
2026-10-09T04:33:58+0900 sample 1118: clean gpu=[4054808:profile_batched]
2026-10-09T04:34:00+0900 sample 1119: clean gpu=[4054808:profile_batched]
2026-10-09T04:34:01+0900 sample 1120: clean gpu=[4054808:profile_batched]
2026-10-09T04:34:03+0900 sample 1121: clean gpu=[4054808:profile_batched]
2026-10-09T04:34:05+0900 sample 1122: clean gpu=[4054808:profile_batched]
2026-10-09T04:34:07+0900 sample 1123: clean gpu=[4054808:profile_batched]
2026-10-09T04:34:08+0900 sample 1124: clean gpu=[4054808:profile_batched]
2026-10-09T04:34:10+0900 sample 1125: clean gpu=[4054808:profile_batched]
2026-10-09T04:34:11+0900 sample 1126: clean gpu=[4054808:profile_batched]
2026-10-09T04:34:13+0900 sample 1127: clean gpu=[4054808:profile_batched]
2026-10-09T04:34:14+0900 sample 1128: clean gpu=[4054808:profile_batched]
2026-10-09T04:34:16+0900 sample 1129: clean gpu=[4054808:profile_batched]
2026-10-09T04:34:17+0900 sample 1130: clean gpu=[4054808:profile_batched]
2026-10-09T04:34:19+0900 sample 1131: clean gpu=[4054808:profile_batched]
2026-10-09T04:34:20+0900 sample 1132: clean gpu=[4054808:profile_batched]
2026-10-09T04:34:22+0900 sample 1133: clean gpu=[4054808:profile_batched]
2026-10-09T04:34:23+0900 sample 1134: clean gpu=[4054808:profile_batched]
2026-10-09T04:34:25+0900 sample 1135: clean gpu=[4054808:profile_batched]
2026-10-09T04:34:26+0900 sample 1136: clean gpu=[4054808:profile_batched]
2026-10-09T04:34:28+0900 sample 1137: clean gpu=[4054808:profile_batched]
2026-10-09T04:34:29+0900 sample 1138: clean gpu=[4054808:profile_batched]
2026-10-09T04:34:31+0900 sample 1139: clean gpu=[4054808:profile_batched]
2026-10-09T04:34:32+0900 sample 1140: clean gpu=[4054808:profile_batched]
2026-10-09T04:34:34+0900 sample 1141: clean gpu=[4054808:profile_batched]
2026-10-09T04:34:35+0900 sample 1142: clean gpu=[4054808:profile_batched]
2026-10-09T04:34:37+0900 sample 1143: clean gpu=[4054808:profile_batched]
2026-10-09T04:34:38+0900 sample 1144: clean gpu=[4054808:profile_batched]
2026-10-09T04:34:40+0900 sample 1145: clean gpu=[4054808:profile_batched]
2026-10-09T04:34:41+0900 sample 1146: clean gpu=[4054808:profile_batched]
2026-10-09T04:34:43+0900 sample 1147: clean gpu=[4054808:profile_batched]
2026-10-09T04:34:44+0900 sample 1148: clean gpu=[4054808:profile_batched]
2026-10-09T04:34:46+0900 sample 1149: clean gpu=[4054808:profile_batched]
2026-10-09T04:34:47+0900 sample 1150: clean gpu=[4054808:profile_batched]
2026-10-09T04:34:49+0900 sample 1151: clean gpu=[4054808:profile_batched]
2026-10-09T04:34:50+0900 sample 1152: clean gpu=[4054808:profile_batched]
2026-10-09T04:34:52+0900 sample 1153: clean gpu=[4054808:profile_batched]
2026-10-09T04:34:53+0900 sample 1154: clean gpu=[4054808:profile_batched]
2026-10-09T04:34:55+0900 sample 1155: clean gpu=[4054808:profile_batched]
2026-10-09T04:34:56+0900 sample 1156: clean gpu=[4054808:profile_batched]
2026-10-09T04:34:58+0900 sample 1157: clean gpu=[4054808:profile_batched]
2026-10-09T04:34:59+0900 sample 1158: clean gpu=[4054808:profile_batched]
2026-10-09T04:35:01+0900 sample 1159: clean gpu=[4054808:profile_batched]
2026-10-09T04:35:02+0900 sample 1160: clean gpu=[4054808:profile_batched]
2026-10-09T04:35:04+0900 sample 1161: clean gpu=[4054808:profile_batched]
2026-10-09T04:35:05+0900 sample 1162: clean gpu=[4054808:profile_batched]
2026-10-09T04:35:07+0900 sample 1163: clean gpu=[4054808:profile_batched]
2026-10-09T04:35:08+0900 sample 1164: clean gpu=[4054808:profile_batched]
2026-10-09T04:35:10+0900 sample 1165: clean gpu=[4054808:profile_batched]
2026-10-09T04:35:11+0900 sample 1166: clean gpu=[4054808:profile_batched]
2026-10-09T04:35:13+0900 sample 1167: clean gpu=[4054808:profile_batched]
2026-10-09T04:35:14+0900 sample 1168: clean gpu=[4054808:profile_batched]
2026-10-09T04:35:16+0900 sample 1169: clean gpu=[4054808:profile_batched]
2026-10-09T04:35:18+0900 sample 1170: clean gpu=[4054808:profile_batched]
2026-10-09T04:35:19+0900 sample 1171: clean gpu=[4054808:profile_batched]
2026-10-09T04:35:21+0900 sample 1172: clean gpu=[4054808:profile_batched]
2026-10-09T04:35:23+0900 sample 1173: clean gpu=[4054808:profile_batched]
2026-10-09T04:35:25+0900 sample 1174: clean gpu=[4054808:profile_batched]
2026-10-09T04:35:27+0900 sample 1175: clean gpu=[4054808:profile_batched]
2026-10-09T04:35:28+0900 sample 1176: clean gpu=[4054808:profile_batched]
2026-10-09T04:35:30+0900 sample 1177: clean gpu=[4054808:profile_batched]
2026-10-09T04:35:31+0900 sample 1178: clean gpu=[4054808:profile_batched]
2026-10-09T04:35:33+0900 sample 1179: clean gpu=[4054808:profile_batched]
2026-10-09T04:35:34+0900 sample 1180: clean gpu=[]
2026-10-09T04:35:36+0900 sample 1181: clean gpu=[4162988:profile_batched]
2026-10-09T04:35:37+0900 sample 1182: clean gpu=[4162988:profile_batched]
2026-10-09T04:35:39+0900 sample 1183: clean gpu=[4165140:profile_batched]
2026-10-09T04:35:40+0900 sample 1184: clean gpu=[4165140:profile_batched]
2026-10-09T04:35:42+0900 sample 1185: clean gpu=[4165140:profile_batched]
2026-10-09T04:35:43+0900 sample 1186: clean gpu=[4165140:profile_batched]
2026-10-09T04:35:45+0900 sample 1187: clean gpu=[4165140:profile_batched]
2026-10-09T04:35:46+0900 sample 1188: clean gpu=[4165140:profile_batched]
2026-10-09T04:35:48+0900 sample 1189: clean gpu=[4165140:profile_batched]
2026-10-09T04:35:49+0900 sample 1190: clean gpu=[4165140:profile_batched]
2026-10-09T04:35:51+0900 sample 1191: clean gpu=[4173381:profile_batched]
2026-10-09T04:35:52+0900 sample 1192: clean gpu=[4173381:profile_batched]
2026-10-09T04:35:54+0900 sample 1193: clean gpu=[4173381:profile_batched]
2026-10-09T04:35:55+0900 sample 1194: clean gpu=[4173381:profile_batched]
2026-10-09T04:35:57+0900 sample 1195: clean gpu=[4173381:profile_batched]
2026-10-09T04:35:58+0900 sample 1196: clean gpu=[4173381:profile_batched]
2026-10-09T04:36:00+0900 sample 1197: clean gpu=[4173381:profile_batched]
2026-10-09T04:36:01+0900 sample 1198: clean gpu=[4173381:profile_batched]
2026-10-09T04:36:03+0900 sample 1199: clean gpu=[4173381:profile_batched]
2026-10-09T04:36:04+0900 sample 1200: clean gpu=[4173381:profile_batched]
2026-10-09T04:36:06+0900 sample 1201: clean gpu=[4173381:profile_batched]
2026-10-09T04:36:07+0900 sample 1202: clean gpu=[4173381:profile_batched]
2026-10-09T04:36:09+0900 sample 1203: clean gpu=[4173381:profile_batched]
2026-10-09T04:36:10+0900 sample 1204: clean gpu=[4173381:profile_batched]
2026-10-09T04:36:12+0900 sample 1205: clean gpu=[4173381:profile_batched]
2026-10-09T04:36:13+0900 sample 1206: clean gpu=[4173381:profile_batched]
2026-10-09T04:36:15+0900 sample 1207: clean gpu=[4173381:profile_batched]
2026-10-09T04:36:16+0900 sample 1208: clean gpu=[4173381:profile_batched]
2026-10-09T04:36:18+0900 sample 1209: clean gpu=[4173381:profile_batched]
2026-10-09T04:36:19+0900 sample 1210: clean gpu=[4173381:profile_batched]
2026-10-09T04:36:21+0900 sample 1211: clean gpu=[4173381:profile_batched]
2026-10-09T04:36:22+0900 sample 1212: clean gpu=[4173381:profile_batched]
2026-10-09T04:36:23+0900 sample 1213: clean gpu=[4173381:profile_batched]
2026-10-09T04:36:25+0900 sample 1214: clean gpu=[4173381:profile_batched]
2026-10-09T04:36:27+0900 sample 1215: clean gpu=[4173381:profile_batched]
2026-10-09T04:36:28+0900 sample 1216: clean gpu=[4173381:profile_batched]
2026-10-09T04:36:30+0900 sample 1217: clean gpu=[4173381:profile_batched]
2026-10-09T04:36:31+0900 sample 1218: clean gpu=[4173381:profile_batched]
2026-10-09T04:36:32+0900 sample 1219: clean gpu=[4173381:profile_batched]
2026-10-09T04:36:34+0900 sample 1220: clean gpu=[4173381:profile_batched]
2026-10-09T04:36:36+0900 sample 1221: clean gpu=[4173381:profile_batched]
2026-10-09T04:36:37+0900 sample 1222: clean gpu=[4173381:profile_batched]
2026-10-09T04:36:39+0900 sample 1223: clean gpu=[4173381:profile_batched]
2026-10-09T04:36:40+0900 sample 1224: clean gpu=[4173381:profile_batched]
2026-10-09T04:36:42+0900 sample 1225: clean gpu=[4173381:profile_batched]
2026-10-09T04:36:43+0900 sample 1226: clean gpu=[4173381:profile_batched]
2026-10-09T04:36:45+0900 sample 1227: clean gpu=[4173381:profile_batched]
2026-10-09T04:36:46+0900 sample 1228: clean gpu=[4173381:profile_batched]
2026-10-09T04:36:48+0900 sample 1229: clean gpu=[4173381:profile_batched]
2026-10-09T04:36:49+0900 sample 1230: clean gpu=[4173381:profile_batched]
2026-10-09T04:36:51+0900 sample 1231: clean gpu=[4173381:profile_batched]
2026-10-09T04:36:52+0900 sample 1232: clean gpu=[4173381:profile_batched]
2026-10-09T04:36:54+0900 sample 1233: clean gpu=[4173381:profile_batched]
2026-10-09T04:36:55+0900 sample 1234: clean gpu=[4173381:profile_batched]
2026-10-09T04:36:57+0900 sample 1235: clean gpu=[4173381:profile_batched]
2026-10-09T04:36:58+0900 sample 1236: clean gpu=[4173381:profile_batched]
2026-10-09T04:37:00+0900 sample 1237: clean gpu=[4173381:profile_batched]
2026-10-09T04:37:01+0900 sample 1238: clean gpu=[4173381:profile_batched]
2026-10-09T04:37:03+0900 sample 1239: clean gpu=[4173381:profile_batched]
2026-10-09T04:37:04+0900 sample 1240: clean gpu=[4173381:profile_batched]
2026-10-09T04:37:06+0900 sample 1241: clean gpu=[4173381:profile_batched]
2026-10-09T04:37:07+0900 sample 1242: clean gpu=[4173381:profile_batched]
2026-10-09T04:37:09+0900 sample 1243: clean gpu=[4173381:profile_batched]
2026-10-09T04:37:10+0900 sample 1244: clean gpu=[4173381:profile_batched]
2026-10-09T04:37:12+0900 sample 1245: clean gpu=[4173381:profile_batched]
2026-10-09T04:37:13+0900 sample 1246: clean gpu=[4173381:profile_batched]
2026-10-09T04:37:15+0900 sample 1247: clean gpu=[4173381:profile_batched]
2026-10-09T04:37:16+0900 sample 1248: clean gpu=[4173381:profile_batched]
2026-10-09T04:37:18+0900 sample 1249: clean gpu=[4173381:profile_batched]
2026-10-09T04:37:19+0900 sample 1250: clean gpu=[4173381:profile_batched]
2026-10-09T04:37:21+0900 sample 1251: clean gpu=[4173381:profile_batched]
2026-10-09T04:37:22+0900 sample 1252: clean gpu=[4173381:profile_batched]
2026-10-09T04:37:24+0900 sample 1253: clean gpu=[4173381:profile_batched]
2026-10-09T04:37:25+0900 sample 1254: clean gpu=[4173381:profile_batched]
2026-10-09T04:37:27+0900 sample 1255: clean gpu=[4173381:profile_batched]
2026-10-09T04:37:28+0900 sample 1256: clean gpu=[4173381:profile_batched]
2026-10-09T04:37:30+0900 sample 1257: clean gpu=[4173381:profile_batched]
2026-10-09T04:37:31+0900 sample 1258: clean gpu=[4173381:profile_batched]
2026-10-09T04:37:33+0900 sample 1259: clean gpu=[4173381:profile_batched]
2026-10-09T04:37:34+0900 sample 1260: clean gpu=[4173381:profile_batched]
2026-10-09T04:37:36+0900 sample 1261: clean gpu=[4173381:profile_batched]
2026-10-09T04:37:37+0900 sample 1262: clean gpu=[4173381:profile_batched]
2026-10-09T04:37:39+0900 sample 1263: clean gpu=[4173381:profile_batched]
2026-10-09T04:37:40+0900 sample 1264: clean gpu=[4173381:profile_batched]
2026-10-09T04:37:42+0900 sample 1265: clean gpu=[4173381:profile_batched]
2026-10-09T04:37:43+0900 sample 1266: clean gpu=[4173381:profile_batched]
2026-10-09T04:37:45+0900 sample 1267: clean gpu=[4173381:profile_batched]
2026-10-09T04:37:46+0900 sample 1268: clean gpu=[4173381:profile_batched]
2026-10-09T04:37:48+0900 sample 1269: clean gpu=[4173381:profile_batched]
2026-10-09T04:37:49+0900 sample 1270: clean gpu=[4173381:profile_batched]
2026-10-09T04:37:51+0900 sample 1271: clean gpu=[4173381:profile_batched]
2026-10-09T04:37:52+0900 sample 1272: clean gpu=[4173381:profile_batched]
2026-10-09T04:37:53+0900 sample 1273: clean gpu=[4173381:profile_batched]
2026-10-09T04:37:55+0900 sample 1274: clean gpu=[4173381:profile_batched]
2026-10-09T04:37:56+0900 sample 1275: clean gpu=[4173381:profile_batched]
2026-10-09T04:37:58+0900 sample 1276: clean gpu=[4173381:profile_batched]
2026-10-09T04:37:59+0900 sample 1277: clean gpu=[4173381:profile_batched]
2026-10-09T04:38:01+0900 sample 1278: clean gpu=[4173381:profile_batched]
2026-10-09T04:38:02+0900 sample 1279: clean gpu=[4173381:profile_batched]
2026-10-09T04:38:04+0900 sample 1280: clean gpu=[4173381:profile_batched]
2026-10-09T04:38:05+0900 sample 1281: clean gpu=[4173381:profile_batched]
2026-10-09T04:38:07+0900 sample 1282: clean gpu=[4173381:profile_batched]
2026-10-09T04:38:08+0900 sample 1283: clean gpu=[4173381:profile_batched]
2026-10-09T04:38:10+0900 sample 1284: clean gpu=[4173381:profile_batched]
2026-10-09T04:38:11+0900 sample 1285: clean gpu=[4173381:profile_batched]
2026-10-09T04:38:13+0900 sample 1286: clean gpu=[4173381:profile_batched]
2026-10-09T04:38:14+0900 sample 1287: clean gpu=[4173381:profile_batched]
2026-10-09T04:38:16+0900 sample 1288: clean gpu=[4173381:profile_batched]
2026-10-09T04:38:17+0900 sample 1289: clean gpu=[4173381:profile_batched]
2026-10-09T04:38:19+0900 sample 1290: clean gpu=[4173381:profile_batched]
2026-10-09T04:38:20+0900 sample 1291: clean gpu=[4173381:profile_batched]
2026-10-09T04:38:22+0900 sample 1292: clean gpu=[4173381:profile_batched]
2026-10-09T04:38:23+0900 sample 1293: clean gpu=[4173381:profile_batched]
2026-10-09T04:38:25+0900 sample 1294: clean gpu=[4173381:profile_batched]
2026-10-09T04:38:26+0900 sample 1295: clean gpu=[4173381:profile_batched]
2026-10-09T04:38:28+0900 sample 1296: clean gpu=[4173381:profile_batched]
2026-10-09T04:38:29+0900 sample 1297: clean gpu=[4173381:profile_batched]
2026-10-09T04:38:31+0900 sample 1298: clean gpu=[4173381:profile_batched]
2026-10-09T04:38:32+0900 sample 1299: clean gpu=[4173381:profile_batched]
2026-10-09T04:38:34+0900 sample 1300: clean gpu=[4173381:profile_batched]
2026-10-09T04:38:35+0900 sample 1301: clean gpu=[4173381:profile_batched]
2026-10-09T04:38:37+0900 sample 1302: clean gpu=[4173381:profile_batched]
2026-10-09T04:38:39+0900 sample 1303: clean gpu=[4173381:profile_batched]
2026-10-09T04:38:40+0900 sample 1304: clean gpu=[4173381:profile_batched]
2026-10-09T04:38:42+0900 sample 1305: clean gpu=[4173381:profile_batched]
2026-10-09T04:38:43+0900 sample 1306: clean gpu=[4173381:profile_batched]
2026-10-09T04:38:45+0900 sample 1307: clean gpu=[4173381:profile_batched]
2026-10-09T04:38:46+0900 sample 1308: clean gpu=[4173381:profile_batched]
2026-10-09T04:38:48+0900 sample 1309: clean gpu=[4173381:profile_batched]
2026-10-09T04:38:49+0900 sample 1310: clean gpu=[4173381:profile_batched]
2026-10-09T04:38:51+0900 sample 1311: clean gpu=[4173381:profile_batched]
2026-10-09T04:38:52+0900 sample 1312: clean gpu=[4173381:profile_batched]
2026-10-09T04:38:54+0900 sample 1313: clean gpu=[4173381:profile_batched]
2026-10-09T04:38:55+0900 sample 1314: clean gpu=[4173381:profile_batched]
2026-10-09T04:38:56+0900 sample 1315: clean gpu=[4173381:profile_batched]
2026-10-09T04:38:58+0900 sample 1316: clean gpu=[4173381:profile_batched]
2026-10-09T04:38:59+0900 sample 1317: clean gpu=[4173381:profile_batched]
2026-10-09T04:39:01+0900 sample 1318: clean gpu=[4173381:profile_batched]
2026-10-09T04:39:02+0900 sample 1319: clean gpu=[4173381:profile_batched]
2026-10-09T04:39:04+0900 sample 1320: clean gpu=[4173381:profile_batched]
2026-10-09T04:39:05+0900 sample 1321: clean gpu=[4173381:profile_batched]
2026-10-09T04:39:07+0900 sample 1322: clean gpu=[4173381:profile_batched]
2026-10-09T04:39:08+0900 sample 1323: clean gpu=[4173381:profile_batched]
2026-10-09T04:39:10+0900 sample 1324: clean gpu=[4173381:profile_batched]
2026-10-09T04:39:11+0900 sample 1325: clean gpu=[4173381:profile_batched]
2026-10-09T04:39:13+0900 sample 1326: clean gpu=[4173381:profile_batched]
2026-10-09T04:39:14+0900 sample 1327: clean gpu=[4173381:profile_batched]
2026-10-09T04:39:16+0900 sample 1328: clean gpu=[4173381:profile_batched]
2026-10-09T04:39:17+0900 sample 1329: clean gpu=[4173381:profile_batched]
2026-10-09T04:39:19+0900 sample 1330: clean gpu=[4173381:profile_batched]
2026-10-09T04:39:20+0900 sample 1331: clean gpu=[4173381:profile_batched]
2026-10-09T04:39:22+0900 sample 1332: clean gpu=[4173381:profile_batched]
2026-10-09T04:39:23+0900 sample 1333: clean gpu=[4173381:profile_batched]
2026-10-09T04:39:25+0900 sample 1334: clean gpu=[4173381:profile_batched]
2026-10-09T04:39:26+0900 sample 1335: clean gpu=[4173381:profile_batched]
2026-10-09T04:39:28+0900 sample 1336: clean gpu=[4173381:profile_batched]
2026-10-09T04:39:29+0900 sample 1337: clean gpu=[4173381:profile_batched]
2026-10-09T04:39:31+0900 sample 1338: clean gpu=[4173381:profile_batched]
2026-10-09T04:39:32+0900 sample 1339: clean gpu=[4173381:profile_batched]
2026-10-09T04:39:34+0900 sample 1340: clean gpu=[4173381:profile_batched]
2026-10-09T04:39:35+0900 sample 1341: clean gpu=[4173381:profile_batched]
2026-10-09T04:39:37+0900 sample 1342: clean gpu=[4173381:profile_batched]
2026-10-09T04:39:39+0900 sample 1343: clean gpu=[4173381:profile_batched]
2026-10-09T04:39:40+0900 sample 1344: clean gpu=[4173381:profile_batched]
2026-10-09T04:39:42+0900 sample 1345: clean gpu=[4173381:profile_batched]
2026-10-09T04:39:43+0900 sample 1346: clean gpu=[4173381:profile_batched]
2026-10-09T04:39:45+0900 sample 1347: clean gpu=[4173381:profile_batched]
2026-10-09T04:39:46+0900 sample 1348: clean gpu=[4173381:profile_batched]
2026-10-09T04:39:48+0900 sample 1349: clean gpu=[4173381:profile_batched]
2026-10-09T04:39:49+0900 sample 1350: clean gpu=[4173381:profile_batched]
2026-10-09T04:39:51+0900 sample 1351: clean gpu=[4173381:profile_batched]
2026-10-09T04:39:52+0900 sample 1352: clean gpu=[4173381:profile_batched]
2026-10-09T04:39:54+0900 sample 1353: clean gpu=[4173381:profile_batched]
2026-10-09T04:39:55+0900 sample 1354: clean gpu=[4173381:profile_batched]
2026-10-09T04:39:57+0900 sample 1355: clean gpu=[4173381:profile_batched]
2026-10-09T04:39:58+0900 sample 1356: clean gpu=[4173381:profile_batched]
2026-10-09T04:40:00+0900 sample 1357: clean gpu=[4173381:profile_batched]
2026-10-09T04:40:01+0900 sample 1358: clean gpu=[4173381:profile_batched]
2026-10-09T04:40:03+0900 sample 1359: clean gpu=[4173381:profile_batched]
2026-10-09T04:40:04+0900 sample 1360: clean gpu=[4173381:profile_batched]
2026-10-09T04:40:06+0900 sample 1361: clean gpu=[4173381:profile_batched]
2026-10-09T04:40:07+0900 sample 1362: clean gpu=[4173381:profile_batched]
2026-10-09T04:40:09+0900 sample 1363: clean gpu=[4173381:profile_batched]
2026-10-09T04:40:10+0900 sample 1364: clean gpu=[4173381:profile_batched]
2026-10-09T04:40:12+0900 sample 1365: clean gpu=[4173381:profile_batched]
2026-10-09T04:40:13+0900 sample 1366: clean gpu=[4173381:profile_batched]
2026-10-09T04:40:14+0900 sample 1367: clean gpu=[4173381:profile_batched]
2026-10-09T04:40:16+0900 sample 1368: clean gpu=[4173381:profile_batched]
2026-10-09T04:40:17+0900 sample 1369: clean gpu=[4173381:profile_batched]
2026-10-09T04:40:19+0900 sample 1370: clean gpu=[4173381:profile_batched]
2026-10-09T04:40:20+0900 sample 1371: clean gpu=[4173381:profile_batched]
2026-10-09T04:40:22+0900 sample 1372: clean gpu=[4173381:profile_batched]
2026-10-09T04:40:23+0900 sample 1373: clean gpu=[4173381:profile_batched]
2026-10-09T04:40:25+0900 sample 1374: clean gpu=[4173381:profile_batched]
2026-10-09T04:40:26+0900 sample 1375: clean gpu=[4173381:profile_batched]
2026-10-09T04:40:28+0900 sample 1376: clean gpu=[4173381:profile_batched]
2026-10-09T04:40:29+0900 sample 1377: clean gpu=[4173381:profile_batched]
2026-10-09T04:40:31+0900 sample 1378: clean gpu=[4173381:profile_batched]
2026-10-09T04:40:32+0900 sample 1379: clean gpu=[4173381:profile_batched]
2026-10-09T04:40:34+0900 sample 1380: clean gpu=[4173381:profile_batched]
2026-10-09T04:40:35+0900 sample 1381: clean gpu=[4173381:profile_batched]
2026-10-09T04:40:37+0900 sample 1382: clean gpu=[4173381:profile_batched]
2026-10-09T04:40:38+0900 sample 1383: clean gpu=[4173381:profile_batched]
2026-10-09T04:40:40+0900 sample 1384: clean gpu=[4173381:profile_batched]
2026-10-09T04:40:41+0900 sample 1385: clean gpu=[4173381:profile_batched]
2026-10-09T04:40:43+0900 sample 1386: clean gpu=[4173381:profile_batched]
2026-10-09T04:40:44+0900 sample 1387: clean gpu=[4173381:profile_batched]
2026-10-09T04:40:46+0900 sample 1388: clean gpu=[4173381:profile_batched]
2026-10-09T04:40:47+0900 sample 1389: clean gpu=[4173381:profile_batched]
2026-10-09T04:40:49+0900 sample 1390: clean gpu=[4173381:profile_batched]
2026-10-09T04:40:50+0900 sample 1391: clean gpu=[4173381:profile_batched]
2026-10-09T04:40:52+0900 sample 1392: clean gpu=[4173381:profile_batched]
2026-10-09T04:40:53+0900 sample 1393: clean gpu=[4173381:profile_batched]
2026-10-09T04:40:55+0900 sample 1394: clean gpu=[4173381:profile_batched]
2026-10-09T04:40:56+0900 sample 1395: clean gpu=[4173381:profile_batched]
2026-10-09T04:40:57+0900 sample 1396: clean gpu=[4173381:profile_batched]
2026-10-09T04:40:59+0900 sample 1397: clean gpu=[4173381:profile_batched]
2026-10-09T04:41:00+0900 sample 1398: clean gpu=[4173381:profile_batched]
2026-10-09T04:41:02+0900 sample 1399: clean gpu=[4173381:profile_batched]
2026-10-09T04:41:03+0900 sample 1400: clean gpu=[4173381:profile_batched]
2026-10-09T04:41:05+0900 sample 1401: clean gpu=[4173381:profile_batched]
2026-10-09T04:41:06+0900 sample 1402: clean gpu=[4173381:profile_batched]
2026-10-09T04:41:08+0900 sample 1403: clean gpu=[4173381:profile_batched]
2026-10-09T04:41:09+0900 sample 1404: clean gpu=[4173381:profile_batched]
2026-10-09T04:41:11+0900 sample 1405: clean gpu=[4173381:profile_batched]
2026-10-09T04:41:12+0900 sample 1406: clean gpu=[4173381:profile_batched]
2026-10-09T04:41:13+0900 sample 1407: clean gpu=[4173381:profile_batched]
2026-10-09T04:41:15+0900 sample 1408: clean gpu=[4173381:profile_batched]
2026-10-09T04:41:16+0900 sample 1409: clean gpu=[4173381:profile_batched]
2026-10-09T04:41:18+0900 sample 1410: clean gpu=[4173381:profile_batched]
2026-10-09T04:41:19+0900 sample 1411: clean gpu=[4173381:profile_batched]
2026-10-09T04:41:21+0900 sample 1412: clean gpu=[4173381:profile_batched]
2026-10-09T04:41:22+0900 sample 1413: clean gpu=[4173381:profile_batched]
2026-10-09T04:41:24+0900 sample 1414: clean gpu=[4173381:profile_batched]
2026-10-09T04:41:25+0900 sample 1415: clean gpu=[4173381:profile_batched]
2026-10-09T04:41:27+0900 sample 1416: clean gpu=[4173381:profile_batched]
2026-10-09T04:41:28+0900 sample 1417: clean gpu=[4173381:profile_batched]
2026-10-09T04:41:30+0900 sample 1418: clean gpu=[4173381:profile_batched]
2026-10-09T04:41:31+0900 sample 1419: clean gpu=[4173381:profile_batched]
2026-10-09T04:41:33+0900 sample 1420: clean gpu=[4173381:profile_batched]
2026-10-09T04:41:34+0900 sample 1421: clean gpu=[4173381:profile_batched]
2026-10-09T04:41:35+0900 sample 1422: clean gpu=[4173381:profile_batched]
2026-10-09T04:41:37+0900 sample 1423: clean gpu=[4173381:profile_batched]
2026-10-09T04:41:38+0900 sample 1424: clean gpu=[4173381:profile_batched]
2026-10-09T04:41:40+0900 sample 1425: clean gpu=[4173381:profile_batched]
2026-10-09T04:41:41+0900 sample 1426: clean gpu=[4173381:profile_batched]
2026-10-09T04:41:43+0900 sample 1427: clean gpu=[4173381:profile_batched]
2026-10-09T04:41:44+0900 sample 1428: clean gpu=[4173381:profile_batched]
2026-10-09T04:41:46+0900 sample 1429: clean gpu=[4173381:profile_batched]
2026-10-09T04:41:47+0900 sample 1430: clean gpu=[4173381:profile_batched]
2026-10-09T04:41:49+0900 sample 1431: clean gpu=[4173381:profile_batched]
2026-10-09T04:41:50+0900 sample 1432: clean gpu=[4173381:profile_batched]
2026-10-09T04:41:51+0900 sample 1433: clean gpu=[4173381:profile_batched]
2026-10-09T04:41:53+0900 sample 1434: clean gpu=[4173381:profile_batched]
2026-10-09T04:41:54+0900 sample 1435: clean gpu=[4173381:profile_batched]
2026-10-09T04:41:56+0900 sample 1436: clean gpu=[4173381:profile_batched]
2026-10-09T04:41:57+0900 sample 1437: clean gpu=[4173381:profile_batched]
2026-10-09T04:41:59+0900 sample 1438: clean gpu=[4173381:profile_batched]
2026-10-09T04:42:00+0900 sample 1439: clean gpu=[4173381:profile_batched]
2026-10-09T04:42:02+0900 sample 1440: clean gpu=[4173381:profile_batched]
2026-10-09T04:42:03+0900 sample 1441: clean gpu=[4173381:profile_batched]
2026-10-09T04:42:05+0900 sample 1442: clean gpu=[4173381:profile_batched]
2026-10-09T04:42:06+0900 sample 1443: clean gpu=[4173381:profile_batched]
2026-10-09T04:42:08+0900 sample 1444: clean gpu=[4173381:profile_batched]
2026-10-09T04:42:09+0900 sample 1445: clean gpu=[4173381:profile_batched]
2026-10-09T04:42:11+0900 sample 1446: clean gpu=[4173381:profile_batched]
2026-10-09T04:42:12+0900 sample 1447: clean gpu=[4173381:profile_batched]
2026-10-09T04:42:13+0900 sample 1448: clean gpu=[4173381:profile_batched]
2026-10-09T04:42:15+0900 sample 1449: clean gpu=[4173381:profile_batched]
2026-10-09T04:42:16+0900 sample 1450: clean gpu=[4173381:profile_batched]
2026-10-09T04:42:18+0900 sample 1451: clean gpu=[4173381:profile_batched]
2026-10-09T04:42:19+0900 sample 1452: clean gpu=[4173381:profile_batched]
2026-10-09T04:42:21+0900 sample 1453: clean gpu=[4173381:profile_batched]
2026-10-09T04:42:22+0900 sample 1454: clean gpu=[4173381:profile_batched]
2026-10-09T04:42:24+0900 sample 1455: clean gpu=[4173381:profile_batched]
2026-10-09T04:42:25+0900 sample 1456: clean gpu=[4173381:profile_batched]
2026-10-09T04:42:27+0900 sample 1457: clean gpu=[4173381:profile_batched]
2026-10-09T04:42:28+0900 sample 1458: clean gpu=[4173381:profile_batched]
2026-10-09T04:42:30+0900 sample 1459: clean gpu=[4173381:profile_batched]
2026-10-09T04:42:31+0900 sample 1460: clean gpu=[4173381:profile_batched]
2026-10-09T04:42:32+0900 sample 1461: clean gpu=[4173381:profile_batched]
2026-10-09T04:42:34+0900 sample 1462: clean gpu=[4173381:profile_batched]
2026-10-09T04:42:35+0900 sample 1463: clean gpu=[4173381:profile_batched]
2026-10-09T04:42:37+0900 sample 1464: clean gpu=[4173381:profile_batched]
2026-10-09T04:42:38+0900 sample 1465: clean gpu=[4173381:profile_batched]
2026-10-09T04:42:40+0900 sample 1466: clean gpu=[4173381:profile_batched]
2026-10-09T04:42:41+0900 sample 1467: clean gpu=[4173381:profile_batched]
2026-10-09T04:42:43+0900 sample 1468: clean gpu=[4173381:profile_batched]
2026-10-09T04:42:44+0900 sample 1469: clean gpu=[4173381:profile_batched]
2026-10-09T04:42:46+0900 sample 1470: clean gpu=[4173381:profile_batched]
2026-10-09T04:42:47+0900 sample 1471: clean gpu=[4173381:profile_batched]
2026-10-09T04:42:48+0900 sample 1472: clean gpu=[4173381:profile_batched]
2026-10-09T04:42:50+0900 sample 1473: clean gpu=[4173381:profile_batched]
2026-10-09T04:42:51+0900 sample 1474: clean gpu=[4173381:profile_batched]
2026-10-09T04:42:53+0900 sample 1475: clean gpu=[4173381:profile_batched]
2026-10-09T04:42:54+0900 sample 1476: clean gpu=[4173381:profile_batched]
2026-10-09T04:42:56+0900 sample 1477: clean gpu=[4173381:profile_batched]
2026-10-09T04:42:57+0900 sample 1478: clean gpu=[4173381:profile_batched]
2026-10-09T04:42:59+0900 sample 1479: clean gpu=[4173381:profile_batched]
2026-10-09T04:43:00+0900 sample 1480: clean gpu=[4173381:profile_batched]
2026-10-09T04:43:02+0900 sample 1481: clean gpu=[4173381:profile_batched]
2026-10-09T04:43:03+0900 sample 1482: clean gpu=[4173381:profile_batched]
2026-10-09T04:43:05+0900 sample 1483: clean gpu=[4173381:profile_batched]
2026-10-09T04:43:06+0900 sample 1484: clean gpu=[4173381:profile_batched]
2026-10-09T04:43:08+0900 sample 1485: clean gpu=[4173381:profile_batched]
2026-10-09T04:43:09+0900 sample 1486: clean gpu=[4173381:profile_batched]
2026-10-09T04:43:10+0900 sample 1487: clean gpu=[4173381:profile_batched]
2026-10-09T04:43:12+0900 sample 1488: clean gpu=[4173381:profile_batched]
2026-10-09T04:43:13+0900 sample 1489: clean gpu=[4173381:profile_batched]
2026-10-09T04:43:15+0900 sample 1490: clean gpu=[4173381:profile_batched]
2026-10-09T04:43:16+0900 sample 1491: clean gpu=[4173381:profile_batched]
2026-10-09T04:43:18+0900 sample 1492: clean gpu=[4173381:profile_batched]
2026-10-09T04:43:19+0900 sample 1493: clean gpu=[4173381:profile_batched]
2026-10-09T04:43:21+0900 sample 1494: clean gpu=[4173381:profile_batched]
2026-10-09T04:43:22+0900 sample 1495: clean gpu=[4173381:profile_batched]
2026-10-09T04:43:24+0900 sample 1496: clean gpu=[4173381:profile_batched]
2026-10-09T04:43:25+0900 sample 1497: clean gpu=[4173381:profile_batched]
2026-10-09T04:43:27+0900 sample 1498: clean gpu=[4173381:profile_batched]
2026-10-09T04:43:28+0900 sample 1499: clean gpu=[4173381:profile_batched]
2026-10-09T04:43:29+0900 sample 1500: clean gpu=[4173381:profile_batched]
2026-10-09T04:43:31+0900 sample 1501: clean gpu=[4173381:profile_batched]
2026-10-09T04:43:32+0900 sample 1502: clean gpu=[4173381:profile_batched]
2026-10-09T04:43:34+0900 sample 1503: clean gpu=[4173381:profile_batched]
2026-10-09T04:43:35+0900 sample 1504: clean gpu=[4173381:profile_batched]
2026-10-09T04:43:37+0900 sample 1505: clean gpu=[4173381:profile_batched]
2026-10-09T04:43:38+0900 sample 1506: clean gpu=[4173381:profile_batched]
2026-10-09T04:43:40+0900 sample 1507: clean gpu=[4173381:profile_batched]
2026-10-09T04:43:41+0900 sample 1508: clean gpu=[4173381:profile_batched]
2026-10-09T04:43:43+0900 sample 1509: clean gpu=[4173381:profile_batched]
2026-10-09T04:43:44+0900 sample 1510: clean gpu=[4173381:profile_batched]
2026-10-09T04:43:45+0900 sample 1511: clean gpu=[4173381:profile_batched]
2026-10-09T04:43:47+0900 sample 1512: clean gpu=[4173381:profile_batched]
2026-10-09T04:43:48+0900 sample 1513: clean gpu=[4173381:profile_batched]
2026-10-09T04:43:50+0900 sample 1514: clean gpu=[4173381:profile_batched]
2026-10-09T04:43:51+0900 sample 1515: clean gpu=[4173381:profile_batched]
2026-10-09T04:43:53+0900 sample 1516: clean gpu=[4173381:profile_batched]
2026-10-09T04:43:54+0900 sample 1517: clean gpu=[4173381:profile_batched]
2026-10-09T04:43:56+0900 sample 1518: clean gpu=[4173381:profile_batched]
2026-10-09T04:43:57+0900 sample 1519: clean gpu=[4173381:profile_batched]
2026-10-09T04:43:58+0900 sample 1520: clean gpu=[4173381:profile_batched]
2026-10-09T04:44:00+0900 sample 1521: clean gpu=[4173381:profile_batched]
2026-10-09T04:44:01+0900 sample 1522: clean gpu=[4173381:profile_batched]
2026-10-09T04:44:03+0900 sample 1523: clean gpu=[4173381:profile_batched]
2026-10-09T04:44:04+0900 sample 1524: clean gpu=[4173381:profile_batched]
2026-10-09T04:44:06+0900 sample 1525: clean gpu=[4173381:profile_batched]
2026-10-09T04:44:07+0900 sample 1526: clean gpu=[4173381:profile_batched]
2026-10-09T04:44:09+0900 sample 1527: clean gpu=[4173381:profile_batched]
2026-10-09T04:44:10+0900 sample 1528: clean gpu=[4173381:profile_batched]
2026-10-09T04:44:11+0900 sample 1529: clean gpu=[4173381:profile_batched]
2026-10-09T04:44:13+0900 sample 1530: clean gpu=[4173381:profile_batched]
2026-10-09T04:44:14+0900 sample 1531: clean gpu=[4173381:profile_batched]
2026-10-09T04:44:16+0900 sample 1532: clean gpu=[4173381:profile_batched]
2026-10-09T04:44:17+0900 sample 1533: clean gpu=[4173381:profile_batched]
2026-10-09T04:44:19+0900 sample 1534: clean gpu=[4173381:profile_batched]
2026-10-09T04:44:20+0900 sample 1535: clean gpu=[4173381:profile_batched]
2026-10-09T04:44:22+0900 sample 1536: clean gpu=[4173381:profile_batched]
2026-10-09T04:44:23+0900 sample 1537: clean gpu=[4173381:profile_batched]
2026-10-09T04:44:25+0900 sample 1538: clean gpu=[4173381:profile_batched]
2026-10-09T04:44:26+0900 sample 1539: clean gpu=[4173381:profile_batched]
2026-10-09T04:44:27+0900 sample 1540: clean gpu=[4173381:profile_batched]
2026-10-09T04:44:29+0900 sample 1541: clean gpu=[4173381:profile_batched]
2026-10-09T04:44:30+0900 sample 1542: clean gpu=[4173381:profile_batched]
2026-10-09T04:44:32+0900 sample 1543: clean gpu=[4173381:profile_batched]
2026-10-09T04:44:33+0900 sample 1544: clean gpu=[4173381:profile_batched]
2026-10-09T04:44:35+0900 sample 1545: clean gpu=[4173381:profile_batched]
2026-10-09T04:44:36+0900 sample 1546: clean gpu=[4173381:profile_batched]
2026-10-09T04:44:38+0900 sample 1547: clean gpu=[4173381:profile_batched]
2026-10-09T04:44:39+0900 sample 1548: clean gpu=[4173381:profile_batched]
2026-10-09T04:44:41+0900 sample 1549: clean gpu=[4173381:profile_batched]
2026-10-09T04:44:42+0900 sample 1550: clean gpu=[4173381:profile_batched]
2026-10-09T04:44:43+0900 sample 1551: clean gpu=[4173381:profile_batched]
2026-10-09T04:44:45+0900 sample 1552: clean gpu=[4173381:profile_batched]
2026-10-09T04:44:46+0900 sample 1553: clean gpu=[4173381:profile_batched]
2026-10-09T04:44:48+0900 sample 1554: clean gpu=[4173381:profile_batched]
2026-10-09T04:44:49+0900 sample 1555: clean gpu=[4173381:profile_batched]
2026-10-09T04:44:51+0900 sample 1556: clean gpu=[4173381:profile_batched]
2026-10-09T04:44:52+0900 sample 1557: clean gpu=[4173381:profile_batched]
2026-10-09T04:44:53+0900 sample 1558: clean gpu=[4173381:profile_batched]
2026-10-09T04:44:55+0900 sample 1559: clean gpu=[4173381:profile_batched]
2026-10-09T04:44:56+0900 sample 1560: clean gpu=[4173381:profile_batched]
2026-10-09T04:44:58+0900 sample 1561: clean gpu=[4173381:profile_batched]
2026-10-09T04:44:59+0900 sample 1562: clean gpu=[4173381:profile_batched]
2026-10-09T04:45:01+0900 sample 1563: clean gpu=[4173381:profile_batched]
2026-10-09T04:45:02+0900 sample 1564: clean gpu=[4173381:profile_batched]
2026-10-09T04:45:03+0900 sample 1565: clean gpu=[4173381:profile_batched]
2026-10-09T04:45:05+0900 sample 1566: clean gpu=[4173381:profile_batched]
2026-10-09T04:45:06+0900 sample 1567: clean gpu=[4173381:profile_batched]
2026-10-09T04:45:08+0900 sample 1568: clean gpu=[4173381:profile_batched]
2026-10-09T04:45:09+0900 sample 1569: clean gpu=[4173381:profile_batched]
2026-10-09T04:45:11+0900 sample 1570: clean gpu=[4173381:profile_batched]
2026-10-09T04:45:12+0900 sample 1571: clean gpu=[4173381:profile_batched]
2026-10-09T04:45:14+0900 sample 1572: clean gpu=[4173381:profile_batched]
2026-10-09T04:45:15+0900 sample 1573: clean gpu=[4173381:profile_batched]
2026-10-09T04:45:17+0900 sample 1574: clean gpu=[4173381:profile_batched]
2026-10-09T04:45:18+0900 sample 1575: clean gpu=[4173381:profile_batched]
2026-10-09T04:45:20+0900 sample 1576: clean gpu=[4173381:profile_batched]
2026-10-09T04:45:21+0900 sample 1577: clean gpu=[4173381:profile_batched]
2026-10-09T04:45:23+0900 sample 1578: clean gpu=[4173381:profile_batched]
2026-10-09T04:45:24+0900 sample 1579: clean gpu=[4173381:profile_batched]
2026-10-09T04:45:26+0900 sample 1580: clean gpu=[4173381:profile_batched]
2026-10-09T04:45:27+0900 sample 1581: clean gpu=[4173381:profile_batched]
2026-10-09T04:45:28+0900 sample 1582: clean gpu=[4173381:profile_batched]
2026-10-09T04:45:30+0900 sample 1583: clean gpu=[4173381:profile_batched]
2026-10-09T04:45:31+0900 sample 1584: clean gpu=[4173381:profile_batched]
2026-10-09T04:45:33+0900 sample 1585: clean gpu=[4173381:profile_batched]
2026-10-09T04:45:34+0900 sample 1586: clean gpu=[4173381:profile_batched]
2026-10-09T04:45:36+0900 sample 1587: clean gpu=[4173381:profile_batched]
2026-10-09T04:45:37+0900 sample 1588: clean gpu=[4173381:profile_batched]
2026-10-09T04:45:39+0900 sample 1589: clean gpu=[4173381:profile_batched]
2026-10-09T04:45:40+0900 sample 1590: clean gpu=[4173381:profile_batched]
2026-10-09T04:45:42+0900 sample 1591: clean gpu=[4173381:profile_batched]
2026-10-09T04:45:43+0900 sample 1592: clean gpu=[4173381:profile_batched]
2026-10-09T04:45:44+0900 sample 1593: clean gpu=[4173381:profile_batched]
2026-10-09T04:45:46+0900 sample 1594: clean gpu=[4173381:profile_batched]
2026-10-09T04:45:47+0900 sample 1595: clean gpu=[4173381:profile_batched]
2026-10-09T04:45:49+0900 sample 1596: clean gpu=[4173381:profile_batched]
2026-10-09T04:45:50+0900 sample 1597: clean gpu=[4173381:profile_batched]
2026-10-09T04:45:52+0900 sample 1598: clean gpu=[4173381:profile_batched]
2026-10-09T04:45:53+0900 sample 1599: clean gpu=[4173381:profile_batched]
2026-10-09T04:45:55+0900 sample 1600: clean gpu=[4173381:profile_batched]
2026-10-09T04:45:56+0900 sample 1601: clean gpu=[4173381:profile_batched]
2026-10-09T04:45:57+0900 sample 1602: clean gpu=[4173381:profile_batched]
2026-10-09T04:45:59+0900 sample 1603: clean gpu=[4173381:profile_batched]
2026-10-09T04:46:00+0900 sample 1604: clean gpu=[4173381:profile_batched]
2026-10-09T04:46:02+0900 sample 1605: clean gpu=[4173381:profile_batched]
2026-10-09T04:46:03+0900 sample 1606: clean gpu=[4173381:profile_batched]
2026-10-09T04:46:04+0900 sample 1607: clean gpu=[4173381:profile_batched]
2026-10-09T04:46:06+0900 sample 1608: clean gpu=[4173381:profile_batched]
2026-10-09T04:46:07+0900 sample 1609: clean gpu=[4173381:profile_batched]
2026-10-09T04:46:09+0900 sample 1610: clean gpu=[4173381:profile_batched]
2026-10-09T04:46:10+0900 sample 1611: clean gpu=[4173381:profile_batched]
2026-10-09T04:46:12+0900 sample 1612: clean gpu=[4173381:profile_batched]
2026-10-09T04:46:13+0900 sample 1613: clean gpu=[4173381:profile_batched]
2026-10-09T04:46:15+0900 sample 1614: clean gpu=[4173381:profile_batched]
2026-10-09T04:46:16+0900 sample 1615: clean gpu=[4173381:profile_batched]
2026-10-09T04:46:18+0900 sample 1616: clean gpu=[4173381:profile_batched]
2026-10-09T04:46:19+0900 sample 1617: clean gpu=[4173381:profile_batched]
2026-10-09T04:46:20+0900 sample 1618: clean gpu=[4173381:profile_batched]
2026-10-09T04:46:22+0900 sample 1619: clean gpu=[4173381:profile_batched]
2026-10-09T04:46:23+0900 sample 1620: clean gpu=[4173381:profile_batched]
2026-10-09T04:46:25+0900 sample 1621: clean gpu=[4173381:profile_batched]
2026-10-09T04:46:26+0900 sample 1622: clean gpu=[4173381:profile_batched]
2026-10-09T04:46:27+0900 sample 1623: clean gpu=[4173381:profile_batched]
2026-10-09T04:46:29+0900 sample 1624: clean gpu=[4173381:profile_batched]
2026-10-09T04:46:30+0900 sample 1625: clean gpu=[4173381:profile_batched]
2026-10-09T04:46:32+0900 sample 1626: clean gpu=[4173381:profile_batched]
2026-10-09T04:46:33+0900 sample 1627: clean gpu=[4173381:profile_batched]
2026-10-09T04:46:35+0900 sample 1628: clean gpu=[4173381:profile_batched]
2026-10-09T04:46:36+0900 sample 1629: clean gpu=[4173381:profile_batched]
2026-10-09T04:46:37+0900 sample 1630: clean gpu=[4173381:profile_batched]
2026-10-09T04:46:39+0900 sample 1631: clean gpu=[4173381:profile_batched]
2026-10-09T04:46:40+0900 sample 1632: clean gpu=[4173381:profile_batched]
2026-10-09T04:46:42+0900 sample 1633: clean gpu=[4173381:profile_batched]
2026-10-09T04:46:43+0900 sample 1634: clean gpu=[4173381:profile_batched]
2026-10-09T04:46:45+0900 sample 1635: clean gpu=[4173381:profile_batched]
2026-10-09T04:46:46+0900 sample 1636: clean gpu=[4173381:profile_batched]
2026-10-09T04:46:47+0900 sample 1637: clean gpu=[4173381:profile_batched]
2026-10-09T04:46:49+0900 sample 1638: clean gpu=[4173381:profile_batched]
2026-10-09T04:46:50+0900 sample 1639: clean gpu=[4173381:profile_batched]
2026-10-09T04:46:52+0900 sample 1640: clean gpu=[4173381:profile_batched]
2026-10-09T04:46:53+0900 sample 1641: clean gpu=[4173381:profile_batched]
2026-10-09T04:46:55+0900 sample 1642: clean gpu=[4173381:profile_batched]
2026-10-09T04:46:56+0900 sample 1643: clean gpu=[4173381:profile_batched]
2026-10-09T04:46:58+0900 sample 1644: clean gpu=[4173381:profile_batched]
2026-10-09T04:46:59+0900 sample 1645: clean gpu=[4173381:profile_batched]
2026-10-09T04:47:00+0900 sample 1646: clean gpu=[4173381:profile_batched]
2026-10-09T04:47:02+0900 sample 1647: clean gpu=[4173381:profile_batched]
2026-10-09T04:47:03+0900 sample 1648: clean gpu=[4173381:profile_batched]
2026-10-09T04:47:05+0900 sample 1649: clean gpu=[4173381:profile_batched]
2026-10-09T04:47:06+0900 sample 1650: clean gpu=[4173381:profile_batched]
2026-10-09T04:47:08+0900 sample 1651: clean gpu=[4173381:profile_batched]
2026-10-09T04:47:09+0900 sample 1652: clean gpu=[4173381:profile_batched]
2026-10-09T04:47:11+0900 sample 1653: clean gpu=[4173381:profile_batched]
2026-10-09T04:47:12+0900 sample 1654: clean gpu=[4173381:profile_batched]
2026-10-09T04:47:13+0900 sample 1655: clean gpu=[4173381:profile_batched]
2026-10-09T04:47:15+0900 sample 1656: clean gpu=[4173381:profile_batched]
2026-10-09T04:47:16+0900 sample 1657: clean gpu=[4173381:profile_batched]
2026-10-09T04:47:18+0900 sample 1658: clean gpu=[4173381:profile_batched]
2026-10-09T04:47:19+0900 sample 1659: clean gpu=[4173381:profile_batched]
2026-10-09T04:47:21+0900 sample 1660: clean gpu=[4173381:profile_batched]
2026-10-09T04:47:22+0900 sample 1661: clean gpu=[4173381:profile_batched]
2026-10-09T04:47:24+0900 sample 1662: clean gpu=[4173381:profile_batched]
2026-10-09T04:47:25+0900 sample 1663: clean gpu=[4173381:profile_batched]
2026-10-09T04:47:26+0900 sample 1664: clean gpu=[4173381:profile_batched]
2026-10-09T04:47:28+0900 sample 1665: clean gpu=[4173381:profile_batched]
2026-10-09T04:47:29+0900 sample 1666: clean gpu=[4173381:profile_batched]
2026-10-09T04:47:31+0900 sample 1667: clean gpu=[4173381:profile_batched]
2026-10-09T04:47:32+0900 sample 1668: clean gpu=[4173381:profile_batched]
2026-10-09T04:47:34+0900 sample 1669: clean gpu=[4173381:profile_batched]
2026-10-09T04:47:35+0900 sample 1670: clean gpu=[4173381:profile_batched]
2026-10-09T04:47:37+0900 sample 1671: clean gpu=[4173381:profile_batched]
2026-10-09T04:47:38+0900 sample 1672: clean gpu=[4173381:profile_batched]
2026-10-09T04:47:40+0900 sample 1673: clean gpu=[4173381:profile_batched]
2026-10-09T04:47:41+0900 sample 1674: clean gpu=[4173381:profile_batched]
2026-10-09T04:47:42+0900 sample 1675: clean gpu=[4173381:profile_batched]
2026-10-09T04:47:44+0900 sample 1676: clean gpu=[4173381:profile_batched]
2026-10-09T04:47:45+0900 sample 1677: clean gpu=[4173381:profile_batched]
2026-10-09T04:47:47+0900 sample 1678: clean gpu=[4173381:profile_batched]
2026-10-09T04:47:48+0900 sample 1679: clean gpu=[4173381:profile_batched]
2026-10-09T04:47:50+0900 sample 1680: clean gpu=[4173381:profile_batched]
2026-10-09T04:47:51+0900 sample 1681: clean gpu=[4173381:profile_batched]
2026-10-09T04:47:52+0900 sample 1682: clean gpu=[4173381:profile_batched]
2026-10-09T04:47:54+0900 sample 1683: clean gpu=[4173381:profile_batched]
2026-10-09T04:47:55+0900 sample 1684: clean gpu=[4173381:profile_batched]
2026-10-09T04:47:57+0900 sample 1685: clean gpu=[4173381:profile_batched]
2026-10-09T04:47:58+0900 sample 1686: clean gpu=[4173381:profile_batched]
2026-10-09T04:48:00+0900 sample 1687: clean gpu=[4173381:profile_batched]
2026-10-09T04:48:01+0900 sample 1688: clean gpu=[4173381:profile_batched]
2026-10-09T04:48:02+0900 sample 1689: clean gpu=[4173381:profile_batched]
2026-10-09T04:48:04+0900 sample 1690: clean gpu=[4173381:profile_batched]
2026-10-09T04:48:05+0900 sample 1691: clean gpu=[4173381:profile_batched]
2026-10-09T04:48:07+0900 sample 1692: clean gpu=[4173381:profile_batched]
2026-10-09T04:48:08+0900 sample 1693: clean gpu=[4173381:profile_batched]
2026-10-09T04:48:10+0900 sample 1694: clean gpu=[4173381:profile_batched]
2026-10-09T04:48:11+0900 sample 1695: clean gpu=[4173381:profile_batched]
2026-10-09T04:48:12+0900 sample 1696: clean gpu=[4173381:profile_batched]
2026-10-09T04:48:14+0900 sample 1697: clean gpu=[4173381:profile_batched]
2026-10-09T04:48:15+0900 sample 1698: clean gpu=[4173381:profile_batched]
2026-10-09T04:48:17+0900 sample 1699: clean gpu=[4173381:profile_batched]
2026-10-09T04:48:18+0900 sample 1700: clean gpu=[4173381:profile_batched]
2026-10-09T04:48:20+0900 sample 1701: clean gpu=[4173381:profile_batched]
2026-10-09T04:48:21+0900 sample 1702: clean gpu=[4173381:profile_batched]
2026-10-09T04:48:23+0900 sample 1703: clean gpu=[4173381:profile_batched]
2026-10-09T04:48:24+0900 sample 1704: clean gpu=[4173381:profile_batched]
2026-10-09T04:48:26+0900 sample 1705: clean gpu=[4173381:profile_batched]
2026-10-09T04:48:27+0900 sample 1706: clean gpu=[4173381:profile_batched]
2026-10-09T04:48:29+0900 sample 1707: clean gpu=[4173381:profile_batched]
2026-10-09T04:48:30+0900 sample 1708: clean gpu=[4173381:profile_batched]
2026-10-09T04:48:32+0900 sample 1709: clean gpu=[4173381:profile_batched]
2026-10-09T04:48:33+0900 sample 1710: clean gpu=[4173381:profile_batched]
2026-10-09T04:48:34+0900 sample 1711: clean gpu=[4173381:profile_batched]
2026-10-09T04:48:36+0900 sample 1712: clean gpu=[4173381:profile_batched]
2026-10-09T04:48:37+0900 sample 1713: clean gpu=[4173381:profile_batched]
2026-10-09T04:48:39+0900 sample 1714: clean gpu=[4173381:profile_batched]
2026-10-09T04:48:40+0900 sample 1715: clean gpu=[4173381:profile_batched]
2026-10-09T04:48:42+0900 sample 1716: clean gpu=[4173381:profile_batched]
2026-10-09T04:48:43+0900 sample 1717: clean gpu=[4173381:profile_batched]
2026-10-09T04:48:45+0900 sample 1718: clean gpu=[4173381:profile_batched]
2026-10-09T04:48:46+0900 sample 1719: clean gpu=[4173381:profile_batched]
2026-10-09T04:48:48+0900 sample 1720: clean gpu=[4173381:profile_batched]
2026-10-09T04:48:49+0900 sample 1721: clean gpu=[4173381:profile_batched]
2026-10-09T04:48:51+0900 sample 1722: clean gpu=[4173381:profile_batched]
2026-10-09T04:48:52+0900 sample 1723: clean gpu=[4173381:profile_batched]
2026-10-09T04:48:54+0900 sample 1724: clean gpu=[4173381:profile_batched]
2026-10-09T04:48:55+0900 sample 1725: clean gpu=[4173381:profile_batched]
2026-10-09T04:48:56+0900 sample 1726: clean gpu=[4173381:profile_batched]
2026-10-09T04:48:58+0900 sample 1727: clean gpu=[4173381:profile_batched]
2026-10-09T04:48:59+0900 sample 1728: clean gpu=[4173381:profile_batched]
2026-10-09T04:49:01+0900 sample 1729: clean gpu=[4173381:profile_batched]
2026-10-09T04:49:03+0900 sample 1730: clean gpu=[4173381:profile_batched]
2026-10-09T04:49:04+0900 sample 1731: clean gpu=[4173381:profile_batched]
2026-10-09T04:49:06+0900 sample 1732: clean gpu=[4173381:profile_batched]
2026-10-09T04:49:07+0900 sample 1733: clean gpu=[4173381:profile_batched]
2026-10-09T04:49:09+0900 sample 1734: clean gpu=[4173381:profile_batched]
2026-10-09T04:49:10+0900 sample 1735: clean gpu=[4173381:profile_batched]
2026-10-09T04:49:12+0900 sample 1736: clean gpu=[4173381:profile_batched]
2026-10-09T04:49:13+0900 sample 1737: clean gpu=[4173381:profile_batched]
2026-10-09T04:49:15+0900 sample 1738: clean gpu=[4173381:profile_batched]
2026-10-09T04:49:16+0900 sample 1739: clean gpu=[4173381:profile_batched]
2026-10-09T04:49:18+0900 sample 1740: clean gpu=[4173381:profile_batched]
2026-10-09T04:49:19+0900 sample 1741: clean gpu=[4173381:profile_batched]
2026-10-09T04:49:21+0900 sample 1742: clean gpu=[4173381:profile_batched]
2026-10-09T04:49:22+0900 sample 1743: clean gpu=[4173381:profile_batched]
2026-10-09T04:49:24+0900 sample 1744: clean gpu=[4173381:profile_batched]
2026-10-09T04:49:25+0900 sample 1745: clean gpu=[4173381:profile_batched]
2026-10-09T04:49:27+0900 sample 1746: clean gpu=[4173381:profile_batched]
2026-10-09T04:49:28+0900 sample 1747: clean gpu=[4173381:profile_batched]
2026-10-09T04:49:30+0900 sample 1748: clean gpu=[4173381:profile_batched]
2026-10-09T04:49:31+0900 sample 1749: clean gpu=[4173381:profile_batched]
2026-10-09T04:49:33+0900 sample 1750: clean gpu=[4173381:profile_batched]
2026-10-09T04:49:34+0900 sample 1751: clean gpu=[4173381:profile_batched]
2026-10-09T04:49:36+0900 sample 1752: clean gpu=[4173381:profile_batched]
2026-10-09T04:49:37+0900 sample 1753: clean gpu=[4173381:profile_batched]
2026-10-09T04:49:39+0900 sample 1754: clean gpu=[4173381:profile_batched]
2026-10-09T04:49:40+0900 sample 1755: clean gpu=[4173381:profile_batched]
2026-10-09T04:49:42+0900 sample 1756: clean gpu=[4173381:profile_batched]
2026-10-09T04:49:43+0900 sample 1757: clean gpu=[4173381:profile_batched]
2026-10-09T04:49:45+0900 sample 1758: clean gpu=[4173381:profile_batched]
2026-10-09T04:49:46+0900 sample 1759: clean gpu=[4173381:profile_batched]
2026-10-09T04:49:48+0900 sample 1760: clean gpu=[4173381:profile_batched]
2026-10-09T04:49:49+0900 sample 1761: clean gpu=[4173381:profile_batched]
2026-10-09T04:49:51+0900 sample 1762: clean gpu=[4173381:profile_batched]
2026-10-09T04:49:52+0900 sample 1763: clean gpu=[4173381:profile_batched]
2026-10-09T04:49:54+0900 sample 1764: clean gpu=[4173381:profile_batched]
2026-10-09T04:49:55+0900 sample 1765: clean gpu=[4173381:profile_batched]
2026-10-09T04:49:56+0900 sample 1766: clean gpu=[4173381:profile_batched]
2026-10-09T04:49:58+0900 sample 1767: clean gpu=[4173381:profile_batched]
2026-10-09T04:49:59+0900 sample 1768: clean gpu=[4173381:profile_batched]
2026-10-09T04:50:01+0900 sample 1769: clean gpu=[4173381:profile_batched]
2026-10-09T04:50:02+0900 sample 1770: clean gpu=[4173381:profile_batched]
2026-10-09T04:50:04+0900 sample 1771: clean gpu=[4173381:profile_batched]
2026-10-09T04:50:05+0900 sample 1772: clean gpu=[4173381:profile_batched]
2026-10-09T04:50:07+0900 sample 1773: clean gpu=[4173381:profile_batched]
2026-10-09T04:50:08+0900 sample 1774: clean gpu=[4173381:profile_batched]
2026-10-09T04:50:10+0900 sample 1775: clean gpu=[4173381:profile_batched]
2026-10-09T04:50:11+0900 sample 1776: clean gpu=[4173381:profile_batched]
2026-10-09T04:50:13+0900 sample 1777: clean gpu=[4173381:profile_batched]
2026-10-09T04:50:14+0900 sample 1778: clean gpu=[4173381:profile_batched]
2026-10-09T04:50:16+0900 sample 1779: clean gpu=[4173381:profile_batched]
2026-10-09T04:50:17+0900 sample 1780: clean gpu=[4173381:profile_batched]
2026-10-09T04:50:19+0900 sample 1781: clean gpu=[4173381:profile_batched]
2026-10-09T04:50:20+0900 sample 1782: clean gpu=[4173381:profile_batched]
2026-10-09T04:50:22+0900 sample 1783: clean gpu=[4173381:profile_batched]
2026-10-09T04:50:23+0900 sample 1784: clean gpu=[4173381:profile_batched]
2026-10-09T04:50:25+0900 sample 1785: clean gpu=[4173381:profile_batched]
2026-10-09T04:50:26+0900 sample 1786: clean gpu=[4173381:profile_batched]
2026-10-09T04:50:28+0900 sample 1787: clean gpu=[4173381:profile_batched]
2026-10-09T04:50:29+0900 sample 1788: clean gpu=[4173381:profile_batched]
2026-10-09T04:50:31+0900 sample 1789: clean gpu=[4173381:profile_batched]
2026-10-09T04:50:32+0900 sample 1790: clean gpu=[4173381:profile_batched]
2026-10-09T04:50:34+0900 sample 1791: clean gpu=[4173381:profile_batched]
2026-10-09T04:50:35+0900 sample 1792: clean gpu=[4173381:profile_batched]
2026-10-09T04:50:37+0900 sample 1793: clean gpu=[4173381:profile_batched]
2026-10-09T04:50:38+0900 sample 1794: clean gpu=[4173381:profile_batched]
2026-10-09T04:50:39+0900 sample 1795: clean gpu=[4173381:profile_batched]
2026-10-09T04:50:41+0900 sample 1796: clean gpu=[4173381:profile_batched]
2026-10-09T04:50:42+0900 sample 1797: clean gpu=[4173381:profile_batched]
2026-10-09T04:50:44+0900 sample 1798: clean gpu=[4173381:profile_batched]
2026-10-09T04:50:45+0900 sample 1799: clean gpu=[4173381:profile_batched]
2026-10-09T04:50:47+0900 sample 1800: clean gpu=[4173381:profile_batched]
2026-10-09T04:50:48+0900 sample 1801: clean gpu=[4173381:profile_batched]
2026-10-09T04:50:50+0900 sample 1802: clean gpu=[4173381:profile_batched]
2026-10-09T04:50:51+0900 sample 1803: clean gpu=[4173381:profile_batched]
2026-10-09T04:50:53+0900 sample 1804: clean gpu=[4173381:profile_batched]
2026-10-09T04:50:54+0900 sample 1805: clean gpu=[4173381:profile_batched]
2026-10-09T04:50:56+0900 sample 1806: clean gpu=[4173381:profile_batched]
2026-10-09T04:50:57+0900 sample 1807: clean gpu=[4173381:profile_batched]
2026-10-09T04:50:59+0900 sample 1808: clean gpu=[4173381:profile_batched]
2026-10-09T04:51:00+0900 sample 1809: clean gpu=[4173381:profile_batched]
2026-10-09T04:51:02+0900 sample 1810: clean gpu=[4173381:profile_batched]
2026-10-09T04:51:03+0900 sample 1811: clean gpu=[4173381:profile_batched]
2026-10-09T04:51:04+0900 sample 1812: clean gpu=[4173381:profile_batched]
2026-10-09T04:51:06+0900 sample 1813: clean gpu=[4173381:profile_batched]
2026-10-09T04:51:07+0900 sample 1814: clean gpu=[4173381:profile_batched]
2026-10-09T04:51:09+0900 sample 1815: clean gpu=[4173381:profile_batched]
2026-10-09T04:51:10+0900 sample 1816: clean gpu=[4173381:profile_batched]
2026-10-09T04:51:12+0900 sample 1817: clean gpu=[4173381:profile_batched]
2026-10-09T04:51:13+0900 sample 1818: clean gpu=[4173381:profile_batched]
2026-10-09T04:51:15+0900 sample 1819: clean gpu=[4173381:profile_batched]
2026-10-09T04:51:16+0900 sample 1820: clean gpu=[4173381:profile_batched]
2026-10-09T04:51:18+0900 sample 1821: clean gpu=[4173381:profile_batched]
2026-10-09T04:51:19+0900 sample 1822: clean gpu=[4173381:profile_batched]
2026-10-09T04:51:21+0900 sample 1823: clean gpu=[4173381:profile_batched]
2026-10-09T04:51:22+0900 sample 1824: clean gpu=[4173381:profile_batched]
2026-10-09T04:51:24+0900 sample 1825: clean gpu=[4173381:profile_batched]
2026-10-09T04:51:25+0900 sample 1826: clean gpu=[4173381:profile_batched]
2026-10-09T04:51:27+0900 sample 1827: clean gpu=[4173381:profile_batched]
2026-10-09T04:51:28+0900 sample 1828: clean gpu=[4173381:profile_batched]
2026-10-09T04:51:29+0900 sample 1829: clean gpu=[4173381:profile_batched]
2026-10-09T04:51:31+0900 sample 1830: clean gpu=[4173381:profile_batched]
2026-10-09T04:51:32+0900 sample 1831: clean gpu=[4173381:profile_batched]
2026-10-09T04:51:34+0900 sample 1832: clean gpu=[4173381:profile_batched]
2026-10-09T04:51:35+0900 sample 1833: clean gpu=[4173381:profile_batched]
2026-10-09T04:51:37+0900 sample 1834: clean gpu=[4173381:profile_batched]
2026-10-09T04:51:38+0900 sample 1835: clean gpu=[4173381:profile_batched]
2026-10-09T04:51:40+0900 sample 1836: clean gpu=[4173381:profile_batched]
2026-10-09T04:51:41+0900 sample 1837: clean gpu=[4173381:profile_batched]
2026-10-09T04:51:43+0900 sample 1838: clean gpu=[4173381:profile_batched]
2026-10-09T04:51:44+0900 sample 1839: clean gpu=[4173381:profile_batched]
2026-10-09T04:51:46+0900 sample 1840: clean gpu=[4173381:profile_batched]
2026-10-09T04:51:47+0900 sample 1841: clean gpu=[4173381:profile_batched]
2026-10-09T04:51:49+0900 sample 1842: clean gpu=[4173381:profile_batched]
2026-10-09T04:51:50+0900 sample 1843: clean gpu=[4173381:profile_batched]
2026-10-09T04:51:51+0900 sample 1844: clean gpu=[4173381:profile_batched]
2026-10-09T04:51:53+0900 sample 1845: clean gpu=[4173381:profile_batched]
2026-10-09T04:51:54+0900 sample 1846: clean gpu=[4173381:profile_batched]
2026-10-09T04:51:56+0900 sample 1847: clean gpu=[4173381:profile_batched]
2026-10-09T04:51:57+0900 sample 1848: clean gpu=[4173381:profile_batched]
2026-10-09T04:51:59+0900 sample 1849: clean gpu=[4173381:profile_batched]
2026-10-09T04:52:00+0900 sample 1850: clean gpu=[4173381:profile_batched]
2026-10-09T04:52:02+0900 sample 1851: clean gpu=[4173381:profile_batched]
2026-10-09T04:52:03+0900 sample 1852: clean gpu=[4173381:profile_batched]
2026-10-09T04:52:05+0900 sample 1853: clean gpu=[4173381:profile_batched]
2026-10-09T04:52:06+0900 sample 1854: clean gpu=[4173381:profile_batched]
2026-10-09T04:52:08+0900 sample 1855: clean gpu=[4173381:profile_batched]
2026-10-09T04:52:09+0900 sample 1856: clean gpu=[4173381:profile_batched]
2026-10-09T04:52:11+0900 sample 1857: clean gpu=[4173381:profile_batched]
2026-10-09T04:52:12+0900 sample 1858: clean gpu=[4173381:profile_batched]
2026-10-09T04:52:14+0900 sample 1859: clean gpu=[4173381:profile_batched]
2026-10-09T04:52:15+0900 sample 1860: clean gpu=[4173381:profile_batched]
2026-10-09T04:52:17+0900 sample 1861: clean gpu=[4173381:profile_batched]
2026-10-09T04:52:18+0900 sample 1862: clean gpu=[4173381:profile_batched]
2026-10-09T04:52:20+0900 sample 1863: clean gpu=[4173381:profile_batched]
2026-10-09T04:52:21+0900 sample 1864: clean gpu=[4173381:profile_batched]
2026-10-09T04:52:23+0900 sample 1865: clean gpu=[4173381:profile_batched]
2026-10-09T04:52:24+0900 sample 1866: clean gpu=[4173381:profile_batched]
2026-10-09T04:52:26+0900 sample 1867: clean gpu=[4173381:profile_batched]
2026-10-09T04:52:27+0900 sample 1868: clean gpu=[4173381:profile_batched]
2026-10-09T04:52:29+0900 sample 1869: clean gpu=[4173381:profile_batched]
2026-10-09T04:52:30+0900 sample 1870: clean gpu=[4173381:profile_batched]
2026-10-09T04:52:32+0900 sample 1871: clean gpu=[4173381:profile_batched]
2026-10-09T04:52:33+0900 sample 1872: clean gpu=[4173381:profile_batched]
2026-10-09T04:52:35+0900 sample 1873: clean gpu=[4173381:profile_batched]
2026-10-09T04:52:36+0900 sample 1874: clean gpu=[4173381:profile_batched]
2026-10-09T04:52:38+0900 sample 1875: clean gpu=[4173381:profile_batched]
2026-10-09T04:52:39+0900 sample 1876: clean gpu=[4173381:profile_batched]
2026-10-09T04:52:41+0900 sample 1877: clean gpu=[4173381:profile_batched]
2026-10-09T04:52:42+0900 sample 1878: clean gpu=[4173381:profile_batched]
2026-10-09T04:52:44+0900 sample 1879: clean gpu=[4173381:profile_batched]
2026-10-09T04:52:45+0900 sample 1880: clean gpu=[4173381:profile_batched]
2026-10-09T04:52:47+0900 sample 1881: clean gpu=[4173381:profile_batched]
2026-10-09T04:52:48+0900 sample 1882: clean gpu=[4173381:profile_batched]
2026-10-09T04:52:50+0900 sample 1883: clean gpu=[4173381:profile_batched]
2026-10-09T04:52:51+0900 sample 1884: clean gpu=[4173381:profile_batched]
2026-10-09T04:52:53+0900 sample 1885: clean gpu=[4173381:profile_batched]
2026-10-09T04:52:54+0900 sample 1886: clean gpu=[4173381:profile_batched]
2026-10-09T04:52:56+0900 sample 1887: clean gpu=[4173381:profile_batched]
2026-10-09T04:52:57+0900 sample 1888: clean gpu=[4173381:profile_batched]
2026-10-09T04:52:59+0900 sample 1889: clean gpu=[4173381:profile_batched]
2026-10-09T04:53:00+0900 sample 1890: clean gpu=[4173381:profile_batched]
2026-10-09T04:53:02+0900 sample 1891: clean gpu=[4173381:profile_batched]
2026-10-09T04:53:03+0900 sample 1892: clean gpu=[4173381:profile_batched]
2026-10-09T04:53:04+0900 sample 1893: clean gpu=[4173381:profile_batched]
2026-10-09T04:53:06+0900 sample 1894: clean gpu=[4173381:profile_batched]
2026-10-09T04:53:07+0900 sample 1895: clean gpu=[4173381:profile_batched]
2026-10-09T04:53:09+0900 sample 1896: clean gpu=[4173381:profile_batched]
2026-10-09T04:53:10+0900 sample 1897: clean gpu=[4173381:profile_batched]
2026-10-09T04:53:12+0900 sample 1898: clean gpu=[4173381:profile_batched]
2026-10-09T04:53:13+0900 sample 1899: clean gpu=[4173381:profile_batched]
2026-10-09T04:53:15+0900 sample 1900: clean gpu=[4173381:profile_batched]
2026-10-09T04:53:16+0900 sample 1901: clean gpu=[4173381:profile_batched]
2026-10-09T04:53:18+0900 sample 1902: clean gpu=[4173381:profile_batched]
2026-10-09T04:53:19+0900 sample 1903: clean gpu=[4173381:profile_batched]
2026-10-09T04:53:21+0900 sample 1904: clean gpu=[4173381:profile_batched]
2026-10-09T04:53:22+0900 sample 1905: clean gpu=[4173381:profile_batched]
2026-10-09T04:53:24+0900 sample 1906: clean gpu=[4173381:profile_batched]
2026-10-09T04:53:25+0900 sample 1907: clean gpu=[4173381:profile_batched]
2026-10-09T04:53:27+0900 sample 1908: clean gpu=[4173381:profile_batched]
2026-10-09T04:53:28+0900 sample 1909: clean gpu=[4173381:profile_batched]
2026-10-09T04:53:30+0900 sample 1910: clean gpu=[4173381:profile_batched]
2026-10-09T04:53:31+0900 sample 1911: clean gpu=[4173381:profile_batched]
2026-10-09T04:53:33+0900 sample 1912: clean gpu=[4173381:profile_batched]
2026-10-09T04:53:34+0900 sample 1913: clean gpu=[4173381:profile_batched]
2026-10-09T04:53:36+0900 sample 1914: clean gpu=[4173381:profile_batched]
2026-10-09T04:53:37+0900 sample 1915: clean gpu=[4173381:profile_batched]
2026-10-09T04:53:39+0900 sample 1916: clean gpu=[4173381:profile_batched]
2026-10-09T04:53:40+0900 sample 1917: clean gpu=[4173381:profile_batched]
2026-10-09T04:53:42+0900 sample 1918: clean gpu=[4173381:profile_batched]
2026-10-09T04:53:43+0900 sample 1919: clean gpu=[4173381:profile_batched]
2026-10-09T04:53:45+0900 sample 1920: clean gpu=[4173381:profile_batched]
2026-10-09T04:53:46+0900 sample 1921: clean gpu=[4173381:profile_batched]
2026-10-09T04:53:48+0900 sample 1922: clean gpu=[4173381:profile_batched]
2026-10-09T04:53:49+0900 sample 1923: clean gpu=[4173381:profile_batched]
2026-10-09T04:53:50+0900 sample 1924: clean gpu=[4173381:profile_batched]
2026-10-09T04:53:52+0900 sample 1925: clean gpu=[4173381:profile_batched]
2026-10-09T04:53:53+0900 sample 1926: clean gpu=[4173381:profile_batched]
2026-10-09T04:53:55+0900 sample 1927: clean gpu=[4173381:profile_batched]
2026-10-09T04:53:56+0900 sample 1928: clean gpu=[4173381:profile_batched]
2026-10-09T04:53:58+0900 sample 1929: clean gpu=[4173381:profile_batched]
2026-10-09T04:53:59+0900 sample 1930: clean gpu=[4173381:profile_batched]
2026-10-09T04:54:01+0900 sample 1931: clean gpu=[4173381:profile_batched]
2026-10-09T04:54:02+0900 sample 1932: clean gpu=[4173381:profile_batched]
2026-10-09T04:54:04+0900 sample 1933: clean gpu=[4173381:profile_batched]
2026-10-09T04:54:05+0900 sample 1934: clean gpu=[4173381:profile_batched]
2026-10-09T04:54:07+0900 sample 1935: clean gpu=[4173381:profile_batched]
2026-10-09T04:54:08+0900 sample 1936: clean gpu=[4173381:profile_batched]
2026-10-09T04:54:10+0900 sample 1937: clean gpu=[4173381:profile_batched]
2026-10-09T04:54:11+0900 sample 1938: clean gpu=[4173381:profile_batched]
2026-10-09T04:54:12+0900 sample 1939: clean gpu=[4173381:profile_batched]
2026-10-09T04:54:14+0900 sample 1940: clean gpu=[4173381:profile_batched]
2026-10-09T04:54:15+0900 sample 1941: clean gpu=[4173381:profile_batched]
2026-10-09T04:54:17+0900 sample 1942: clean gpu=[4173381:profile_batched]
2026-10-09T04:54:18+0900 sample 1943: clean gpu=[4173381:profile_batched]
2026-10-09T04:54:20+0900 sample 1944: clean gpu=[4173381:profile_batched]
2026-10-09T04:54:21+0900 sample 1945: clean gpu=[4173381:profile_batched]
2026-10-09T04:54:23+0900 sample 1946: clean gpu=[4173381:profile_batched]
2026-10-09T04:54:24+0900 sample 1947: clean gpu=[4173381:profile_batched]
2026-10-09T04:54:26+0900 sample 1948: clean gpu=[4173381:profile_batched]
2026-10-09T04:54:27+0900 sample 1949: clean gpu=[4173381:profile_batched]
2026-10-09T04:54:29+0900 sample 1950: clean gpu=[4173381:profile_batched]
2026-10-09T04:54:30+0900 sample 1951: clean gpu=[4173381:profile_batched]
2026-10-09T04:54:32+0900 sample 1952: clean gpu=[4173381:profile_batched]
2026-10-09T04:54:33+0900 sample 1953: clean gpu=[4173381:profile_batched]
2026-10-09T04:54:35+0900 sample 1954: clean gpu=[4173381:profile_batched]
2026-10-09T04:54:36+0900 sample 1955: clean gpu=[4173381:profile_batched]
2026-10-09T04:54:38+0900 sample 1956: clean gpu=[4173381:profile_batched]
2026-10-09T04:54:39+0900 sample 1957: clean gpu=[4173381:profile_batched]
2026-10-09T04:54:40+0900 sample 1958: clean gpu=[4173381:profile_batched]
2026-10-09T04:54:42+0900 sample 1959: clean gpu=[4173381:profile_batched]
2026-10-09T04:54:43+0900 sample 1960: clean gpu=[4173381:profile_batched]
2026-10-09T04:54:45+0900 sample 1961: clean gpu=[4173381:profile_batched]
2026-10-09T04:54:46+0900 sample 1962: clean gpu=[4173381:profile_batched]
2026-10-09T04:54:48+0900 sample 1963: clean gpu=[4173381:profile_batched]
2026-10-09T04:54:49+0900 sample 1964: clean gpu=[4173381:profile_batched]
2026-10-09T04:54:51+0900 sample 1965: clean gpu=[4173381:profile_batched]
2026-10-09T04:54:52+0900 sample 1966: clean gpu=[4173381:profile_batched]
2026-10-09T04:54:54+0900 sample 1967: clean gpu=[4173381:profile_batched]
2026-10-09T04:54:55+0900 sample 1968: clean gpu=[4173381:profile_batched]
2026-10-09T04:54:57+0900 sample 1969: clean gpu=[4173381:profile_batched]
2026-10-09T04:54:58+0900 sample 1970: clean gpu=[4173381:profile_batched]
2026-10-09T04:55:00+0900 sample 1971: clean gpu=[4173381:profile_batched]
2026-10-09T04:55:01+0900 sample 1972: clean gpu=[4173381:profile_batched]
2026-10-09T04:55:03+0900 sample 1973: clean gpu=[4173381:profile_batched]
2026-10-09T04:55:04+0900 sample 1974: clean gpu=[4173381:profile_batched]
2026-10-09T04:55:06+0900 sample 1975: clean gpu=[4173381:profile_batched]
2026-10-09T04:55:07+0900 sample 1976: clean gpu=[4173381:profile_batched]
2026-10-09T04:55:09+0900 sample 1977: clean gpu=[4173381:profile_batched]
2026-10-09T04:55:10+0900 sample 1978: clean gpu=[4173381:profile_batched]
2026-10-09T04:55:12+0900 sample 1979: clean gpu=[4173381:profile_batched]
2026-10-09T04:55:13+0900 sample 1980: clean gpu=[4173381:profile_batched]
2026-10-09T04:55:15+0900 sample 1981: clean gpu=[4173381:profile_batched]
2026-10-09T04:55:16+0900 sample 1982: clean gpu=[4173381:profile_batched]
2026-10-09T04:55:17+0900 sample 1983: clean gpu=[4173381:profile_batched]
2026-10-09T04:55:19+0900 sample 1984: clean gpu=[4173381:profile_batched]
2026-10-09T04:55:20+0900 sample 1985: clean gpu=[4173381:profile_batched]
2026-10-09T04:55:22+0900 sample 1986: clean gpu=[4173381:profile_batched]
2026-10-09T04:55:23+0900 sample 1987: clean gpu=[4173381:profile_batched]
2026-10-09T04:55:25+0900 sample 1988: clean gpu=[4173381:profile_batched]
2026-10-09T04:55:26+0900 sample 1989: clean gpu=[4173381:profile_batched]
2026-10-09T04:55:28+0900 sample 1990: clean gpu=[4173381:profile_batched]
2026-10-09T04:55:29+0900 sample 1991: clean gpu=[4173381:profile_batched]
2026-10-09T04:55:31+0900 sample 1992: clean gpu=[4173381:profile_batched]
2026-10-09T04:55:32+0900 sample 1993: clean gpu=[4173381:profile_batched]
2026-10-09T04:55:34+0900 sample 1994: clean gpu=[4173381:profile_batched]
2026-10-09T04:55:35+0900 sample 1995: clean gpu=[4173381:profile_batched]
2026-10-09T04:55:37+0900 sample 1996: clean gpu=[4173381:profile_batched]
2026-10-09T04:55:38+0900 sample 1997: clean gpu=[4173381:profile_batched]
2026-10-09T04:55:40+0900 sample 1998: clean gpu=[4173381:profile_batched]
2026-10-09T04:55:41+0900 sample 1999: clean gpu=[4173381:profile_batched]
2026-10-09T04:55:43+0900 sample 2000: clean gpu=[4173381:profile_batched]
2026-10-09T04:55:44+0900 sample 2001: clean gpu=[4173381:profile_batched]
2026-10-09T04:55:46+0900 sample 2002: clean gpu=[4173381:profile_batched]
2026-10-09T04:55:47+0900 sample 2003: clean gpu=[4173381:profile_batched]
2026-10-09T04:55:49+0900 sample 2004: clean gpu=[4173381:profile_batched]
2026-10-09T04:55:50+0900 sample 2005: clean gpu=[4173381:profile_batched]
2026-10-09T04:55:52+0900 sample 2006: clean gpu=[4173381:profile_batched]
2026-10-09T04:55:53+0900 sample 2007: clean gpu=[4173381:profile_batched]
2026-10-09T04:55:55+0900 sample 2008: clean gpu=[4173381:profile_batched]
2026-10-09T04:55:56+0900 sample 2009: clean gpu=[4173381:profile_batched]
2026-10-09T04:55:58+0900 sample 2010: clean gpu=[4173381:profile_batched]
2026-10-09T04:55:59+0900 sample 2011: clean gpu=[4173381:profile_batched]
2026-10-09T04:56:01+0900 sample 2012: clean gpu=[4173381:profile_batched]
2026-10-09T04:56:02+0900 sample 2013: clean gpu=[4173381:profile_batched]
2026-10-09T04:56:04+0900 sample 2014: clean gpu=[4173381:profile_batched]
2026-10-09T04:56:05+0900 sample 2015: clean gpu=[4173381:profile_batched]
2026-10-09T04:56:07+0900 sample 2016: clean gpu=[4173381:profile_batched]
2026-10-09T04:56:08+0900 sample 2017: clean gpu=[4173381:profile_batched]
2026-10-09T04:56:10+0900 sample 2018: clean gpu=[4173381:profile_batched]
2026-10-09T04:56:11+0900 sample 2019: clean gpu=[4173381:profile_batched]
2026-10-09T04:56:13+0900 sample 2020: clean gpu=[4173381:profile_batched]
2026-10-09T04:56:14+0900 sample 2021: clean gpu=[4173381:profile_batched]
2026-10-09T04:56:16+0900 sample 2022: clean gpu=[4173381:profile_batched]
2026-10-09T04:56:17+0900 sample 2023: clean gpu=[4173381:profile_batched]
2026-10-09T04:56:19+0900 sample 2024: clean gpu=[4173381:profile_batched]
2026-10-09T04:56:20+0900 sample 2025: clean gpu=[4173381:profile_batched]
2026-10-09T04:56:21+0900 sample 2026: clean gpu=[4173381:profile_batched]
2026-10-09T04:56:23+0900 sample 2027: clean gpu=[4173381:profile_batched]
2026-10-09T04:56:24+0900 sample 2028: clean gpu=[4173381:profile_batched]
2026-10-09T04:56:26+0900 sample 2029: clean gpu=[4173381:profile_batched]
2026-10-09T04:56:27+0900 sample 2030: clean gpu=[4173381:profile_batched]
2026-10-09T04:56:29+0900 sample 2031: clean gpu=[4173381:profile_batched]
2026-10-09T04:56:30+0900 sample 2032: clean gpu=[4173381:profile_batched]
2026-10-09T04:56:32+0900 sample 2033: clean gpu=[4173381:profile_batched]
2026-10-09T04:56:33+0900 sample 2034: clean gpu=[4173381:profile_batched]
2026-10-09T04:56:35+0900 sample 2035: clean gpu=[4173381:profile_batched]
2026-10-09T04:56:36+0900 sample 2036: clean gpu=[4173381:profile_batched]
2026-10-09T04:56:38+0900 sample 2037: clean gpu=[4173381:profile_batched]
2026-10-09T04:56:39+0900 sample 2038: clean gpu=[4173381:profile_batched]
2026-10-09T04:56:41+0900 sample 2039: clean gpu=[4173381:profile_batched]
2026-10-09T04:56:42+0900 sample 2040: clean gpu=[4173381:profile_batched]
2026-10-09T04:56:44+0900 sample 2041: clean gpu=[4173381:profile_batched]
2026-10-09T04:56:45+0900 sample 2042: clean gpu=[4173381:profile_batched]
2026-10-09T04:56:47+0900 sample 2043: clean gpu=[4173381:profile_batched]
2026-10-09T04:56:48+0900 sample 2044: clean gpu=[4173381:profile_batched]
2026-10-09T04:56:50+0900 sample 2045: clean gpu=[4173381:profile_batched]
2026-10-09T04:56:51+0900 sample 2046: clean gpu=[4173381:profile_batched]
2026-10-09T04:56:53+0900 sample 2047: clean gpu=[4173381:profile_batched]
2026-10-09T04:56:54+0900 sample 2048: clean gpu=[4173381:profile_batched]
2026-10-09T04:56:56+0900 sample 2049: clean gpu=[4173381:profile_batched]
2026-10-09T04:56:57+0900 sample 2050: clean gpu=[4173381:profile_batched]
2026-10-09T04:56:59+0900 sample 2051: clean gpu=[4173381:profile_batched]
2026-10-09T04:57:00+0900 sample 2052: clean gpu=[4173381:profile_batched]
2026-10-09T04:57:02+0900 sample 2053: clean gpu=[4173381:profile_batched]
2026-10-09T04:57:03+0900 sample 2054: clean gpu=[4173381:profile_batched]
2026-10-09T04:57:05+0900 sample 2055: clean gpu=[4173381:profile_batched]
2026-10-09T04:57:06+0900 sample 2056: clean gpu=[4173381:profile_batched]
2026-10-09T04:57:08+0900 sample 2057: clean gpu=[4173381:profile_batched]
2026-10-09T04:57:09+0900 sample 2058: clean gpu=[4173381:profile_batched]
2026-10-09T04:57:11+0900 sample 2059: clean gpu=[4173381:profile_batched]
2026-10-09T04:57:12+0900 sample 2060: clean gpu=[4173381:profile_batched]
2026-10-09T04:57:14+0900 sample 2061: clean gpu=[4173381:profile_batched]
2026-10-09T04:57:15+0900 sample 2062: clean gpu=[4173381:profile_batched]
2026-10-09T04:57:17+0900 sample 2063: clean gpu=[4173381:profile_batched]
2026-10-09T04:57:18+0900 sample 2064: clean gpu=[4173381:profile_batched]
2026-10-09T04:57:20+0900 sample 2065: clean gpu=[4173381:profile_batched]
2026-10-09T04:57:21+0900 sample 2066: clean gpu=[4173381:profile_batched]
2026-10-09T04:57:23+0900 sample 2067: clean gpu=[4173381:profile_batched]
2026-10-09T04:57:24+0900 sample 2068: clean gpu=[4173381:profile_batched]
2026-10-09T04:57:26+0900 sample 2069: clean gpu=[4173381:profile_batched]
2026-10-09T04:57:27+0900 sample 2070: clean gpu=[4173381:profile_batched]
2026-10-09T04:57:29+0900 sample 2071: clean gpu=[4173381:profile_batched]
2026-10-09T04:57:30+0900 sample 2072: clean gpu=[4173381:profile_batched]
2026-10-09T04:57:32+0900 sample 2073: clean gpu=[4173381:profile_batched]
2026-10-09T04:57:33+0900 sample 2074: clean gpu=[4173381:profile_batched]
2026-10-09T04:57:35+0900 sample 2075: clean gpu=[4173381:profile_batched]
2026-10-09T04:57:36+0900 sample 2076: clean gpu=[4173381:profile_batched]
2026-10-09T04:57:38+0900 sample 2077: clean gpu=[4173381:profile_batched]
2026-10-09T04:57:39+0900 sample 2078: clean gpu=[4173381:profile_batched]
2026-10-09T04:57:41+0900 sample 2079: clean gpu=[4173381:profile_batched]
2026-10-09T04:57:42+0900 sample 2080: clean gpu=[4173381:profile_batched]
2026-10-09T04:57:44+0900 sample 2081: clean gpu=[4173381:profile_batched]
2026-10-09T04:57:45+0900 sample 2082: clean gpu=[4173381:profile_batched]
2026-10-09T04:57:47+0900 sample 2083: clean gpu=[4173381:profile_batched]
2026-10-09T04:57:48+0900 sample 2084: clean gpu=[4173381:profile_batched]
2026-10-09T04:57:50+0900 sample 2085: clean gpu=[4173381:profile_batched]
2026-10-09T04:57:51+0900 sample 2086: clean gpu=[4173381:profile_batched]
2026-10-09T04:57:53+0900 sample 2087: clean gpu=[4173381:profile_batched]
2026-10-09T04:57:54+0900 sample 2088: clean gpu=[4173381:profile_batched]
2026-10-09T04:57:56+0900 sample 2089: clean gpu=[4173381:profile_batched]
2026-10-09T04:57:57+0900 sample 2090: clean gpu=[4173381:profile_batched]
2026-10-09T04:57:59+0900 sample 2091: clean gpu=[4173381:profile_batched]
2026-10-09T04:58:00+0900 sample 2092: clean gpu=[4173381:profile_batched]
2026-10-09T04:58:02+0900 sample 2093: clean gpu=[4173381:profile_batched]
2026-10-09T04:58:03+0900 sample 2094: clean gpu=[4173381:profile_batched]
2026-10-09T04:58:05+0900 sample 2095: clean gpu=[4173381:profile_batched]
2026-10-09T04:58:06+0900 sample 2096: clean gpu=[4173381:profile_batched]
2026-10-09T04:58:08+0900 sample 2097: clean gpu=[4173381:profile_batched]
2026-10-09T04:58:09+0900 sample 2098: clean gpu=[4173381:profile_batched]
2026-10-09T04:58:11+0900 sample 2099: clean gpu=[4173381:profile_batched]
2026-10-09T04:58:12+0900 sample 2100: clean gpu=[4173381:profile_batched]
2026-10-09T04:58:14+0900 sample 2101: clean gpu=[4173381:profile_batched]
2026-10-09T04:58:15+0900 sample 2102: clean gpu=[4173381:profile_batched]
2026-10-09T04:58:17+0900 sample 2103: clean gpu=[4173381:profile_batched]
2026-10-09T04:58:18+0900 sample 2104: clean gpu=[4173381:profile_batched]
2026-10-09T04:58:20+0900 sample 2105: clean gpu=[4173381:profile_batched]
2026-10-09T04:58:21+0900 sample 2106: clean gpu=[4173381:profile_batched]
2026-10-09T04:58:23+0900 sample 2107: clean gpu=[4173381:profile_batched]
2026-10-09T04:58:24+0900 sample 2108: clean gpu=[4173381:profile_batched]
2026-10-09T04:58:26+0900 sample 2109: clean gpu=[4173381:profile_batched]
2026-10-09T04:58:27+0900 sample 2110: clean gpu=[4173381:profile_batched]
2026-10-09T04:58:29+0900 sample 2111: clean gpu=[4173381:profile_batched]
2026-10-09T04:58:31+0900 sample 2112: clean gpu=[4173381:profile_batched]
2026-10-09T04:58:32+0900 sample 2113: clean gpu=[4173381:profile_batched]
2026-10-09T04:58:34+0900 sample 2114: clean gpu=[4173381:profile_batched]
2026-10-09T04:58:35+0900 sample 2115: clean gpu=[4173381:profile_batched]
2026-10-09T04:58:37+0900 sample 2116: clean gpu=[4173381:profile_batched]
2026-10-09T04:58:38+0900 sample 2117: clean gpu=[4173381:profile_batched]
2026-10-09T04:58:40+0900 sample 2118: clean gpu=[4173381:profile_batched]
2026-10-09T04:58:41+0900 sample 2119: clean gpu=[4173381:profile_batched]
2026-10-09T04:58:42+0900 sample 2120: clean gpu=[4173381:profile_batched]
2026-10-09T04:58:44+0900 sample 2121: clean gpu=[4173381:profile_batched]
2026-10-09T04:58:45+0900 sample 2122: clean gpu=[4173381:profile_batched]
2026-10-09T04:58:47+0900 sample 2123: clean gpu=[4173381:profile_batched]
2026-10-09T04:58:48+0900 sample 2124: clean gpu=[4173381:profile_batched]
2026-10-09T04:58:50+0900 sample 2125: clean gpu=[4173381:profile_batched]
2026-10-09T04:58:51+0900 sample 2126: clean gpu=[4173381:profile_batched]
2026-10-09T04:58:53+0900 sample 2127: clean gpu=[4173381:profile_batched]
2026-10-09T04:58:54+0900 sample 2128: clean gpu=[4173381:profile_batched]
2026-10-09T04:58:56+0900 sample 2129: clean gpu=[4173381:profile_batched]
2026-10-09T04:58:57+0900 sample 2130: clean gpu=[4173381:profile_batched]
2026-10-09T04:58:59+0900 sample 2131: clean gpu=[4173381:profile_batched]
2026-10-09T04:59:00+0900 sample 2132: clean gpu=[4173381:profile_batched]
2026-10-09T04:59:02+0900 sample 2133: clean gpu=[4173381:profile_batched]
2026-10-09T04:59:03+0900 sample 2134: clean gpu=[4173381:profile_batched]
2026-10-09T04:59:05+0900 sample 2135: clean gpu=[4173381:profile_batched]
2026-10-09T04:59:06+0900 sample 2136: clean gpu=[4173381:profile_batched]
2026-10-09T04:59:08+0900 sample 2137: clean gpu=[4173381:profile_batched]
2026-10-09T04:59:09+0900 sample 2138: clean gpu=[4173381:profile_batched]
2026-10-09T04:59:11+0900 sample 2139: clean gpu=[4173381:profile_batched]
2026-10-09T04:59:12+0900 sample 2140: clean gpu=[4173381:profile_batched]
2026-10-09T04:59:14+0900 sample 2141: clean gpu=[4173381:profile_batched]
2026-10-09T04:59:15+0900 sample 2142: clean gpu=[4173381:profile_batched]
2026-10-09T04:59:17+0900 sample 2143: clean gpu=[4173381:profile_batched]
2026-10-09T04:59:18+0900 sample 2144: clean gpu=[4173381:profile_batched]
2026-10-09T04:59:20+0900 sample 2145: clean gpu=[4173381:profile_batched]
2026-10-09T04:59:21+0900 sample 2146: clean gpu=[4173381:profile_batched]
2026-10-09T04:59:23+0900 sample 2147: clean gpu=[4173381:profile_batched]
2026-10-09T04:59:24+0900 sample 2148: clean gpu=[4173381:profile_batched]
2026-10-09T04:59:26+0900 sample 2149: clean gpu=[4173381:profile_batched]
2026-10-09T04:59:27+0900 sample 2150: clean gpu=[4173381:profile_batched]
2026-10-09T04:59:29+0900 sample 2151: clean gpu=[4173381:profile_batched]
2026-10-09T04:59:30+0900 sample 2152: clean gpu=[4173381:profile_batched]
2026-10-09T04:59:32+0900 sample 2153: clean gpu=[4173381:profile_batched]
2026-10-09T04:59:33+0900 sample 2154: clean gpu=[4173381:profile_batched]
2026-10-09T04:59:35+0900 sample 2155: clean gpu=[4173381:profile_batched]
2026-10-09T04:59:36+0900 sample 2156: clean gpu=[4173381:profile_batched]
2026-10-09T04:59:38+0900 sample 2157: clean gpu=[4173381:profile_batched]
2026-10-09T04:59:39+0900 sample 2158: clean gpu=[4173381:profile_batched]
2026-10-09T04:59:40+0900 sample 2159: clean gpu=[4173381:profile_batched]
2026-10-09T04:59:42+0900 sample 2160: clean gpu=[4173381:profile_batched]
2026-10-09T04:59:43+0900 sample 2161: clean gpu=[4173381:profile_batched]
2026-10-09T04:59:45+0900 sample 2162: clean gpu=[4173381:profile_batched]
2026-10-09T04:59:46+0900 sample 2163: clean gpu=[4173381:profile_batched]
2026-10-09T04:59:48+0900 sample 2164: clean gpu=[4173381:profile_batched]
2026-10-09T04:59:49+0900 sample 2165: clean gpu=[4173381:profile_batched]
2026-10-09T04:59:51+0900 sample 2166: clean gpu=[4173381:profile_batched]
2026-10-09T04:59:52+0900 sample 2167: clean gpu=[4173381:profile_batched]
2026-10-09T04:59:54+0900 sample 2168: clean gpu=[4173381:profile_batched]
2026-10-09T04:59:55+0900 sample 2169: clean gpu=[4173381:profile_batched]
2026-10-09T04:59:57+0900 sample 2170: clean gpu=[4173381:profile_batched]
2026-10-09T04:59:58+0900 sample 2171: clean gpu=[4173381:profile_batched]
2026-10-09T05:00:00+0900 sample 2172: clean gpu=[4173381:profile_batched]
2026-10-09T05:00:01+0900 sample 2173: clean gpu=[4173381:profile_batched]
2026-10-09T05:00:03+0900 sample 2174: clean gpu=[4173381:profile_batched]
2026-10-09T05:00:04+0900 sample 2175: clean gpu=[4173381:profile_batched]
2026-10-09T05:00:06+0900 sample 2176: clean gpu=[4173381:profile_batched]
2026-10-09T05:00:07+0900 sample 2177: clean gpu=[4173381:profile_batched]
2026-10-09T05:00:09+0900 sample 2178: clean gpu=[4173381:profile_batched]
2026-10-09T05:00:10+0900 sample 2179: clean gpu=[4173381:profile_batched]
2026-10-09T05:00:12+0900 sample 2180: clean gpu=[4173381:profile_batched]
2026-10-09T05:00:13+0900 sample 2181: clean gpu=[4173381:profile_batched]
2026-10-09T05:00:15+0900 sample 2182: clean gpu=[4173381:profile_batched]
2026-10-09T05:00:16+0900 sample 2183: clean gpu=[4173381:profile_batched]
2026-10-09T05:00:18+0900 sample 2184: clean gpu=[4173381:profile_batched]
2026-10-09T05:00:19+0900 sample 2185: clean gpu=[4173381:profile_batched]
2026-10-09T05:00:20+0900 sample 2186: clean gpu=[4173381:profile_batched]
2026-10-09T05:00:22+0900 sample 2187: clean gpu=[4173381:profile_batched]
2026-10-09T05:00:23+0900 sample 2188: clean gpu=[4173381:profile_batched]
2026-10-09T05:00:25+0900 sample 2189: clean gpu=[4173381:profile_batched]
2026-10-09T05:00:26+0900 sample 2190: clean gpu=[4173381:profile_batched]
2026-10-09T05:00:28+0900 sample 2191: clean gpu=[4173381:profile_batched]
2026-10-09T05:00:29+0900 sample 2192: clean gpu=[4173381:profile_batched]
2026-10-09T05:00:31+0900 sample 2193: clean gpu=[4173381:profile_batched]
2026-10-09T05:00:32+0900 sample 2194: clean gpu=[4173381:profile_batched]
2026-10-09T05:00:34+0900 sample 2195: clean gpu=[4173381:profile_batched]
2026-10-09T05:00:35+0900 sample 2196: clean gpu=[4173381:profile_batched]
2026-10-09T05:00:37+0900 sample 2197: clean gpu=[4173381:profile_batched]
2026-10-09T05:00:38+0900 sample 2198: clean gpu=[4173381:profile_batched]
2026-10-09T05:00:40+0900 sample 2199: clean gpu=[4173381:profile_batched]
2026-10-09T05:00:41+0900 sample 2200: clean gpu=[4173381:profile_batched]
2026-10-09T05:00:43+0900 sample 2201: clean gpu=[4173381:profile_batched]
2026-10-09T05:00:44+0900 sample 2202: clean gpu=[4173381:profile_batched]
2026-10-09T05:00:45+0900 sample 2203: clean gpu=[4173381:profile_batched]
2026-10-09T05:00:47+0900 sample 2204: clean gpu=[4173381:profile_batched]
2026-10-09T05:00:48+0900 sample 2205: clean gpu=[4173381:profile_batched]
2026-10-09T05:00:50+0900 sample 2206: clean gpu=[4173381:profile_batched]
2026-10-09T05:00:51+0900 sample 2207: clean gpu=[4173381:profile_batched]
2026-10-09T05:00:53+0900 sample 2208: clean gpu=[4173381:profile_batched]
2026-10-09T05:00:54+0900 sample 2209: clean gpu=[4173381:profile_batched]
2026-10-09T05:00:56+0900 sample 2210: clean gpu=[4173381:profile_batched]
2026-10-09T05:00:57+0900 sample 2211: clean gpu=[4173381:profile_batched]
2026-10-09T05:00:58+0900 sample 2212: clean gpu=[4173381:profile_batched]
2026-10-09T05:01:00+0900 sample 2213: clean gpu=[4173381:profile_batched]
2026-10-09T05:01:01+0900 sample 2214: clean gpu=[4173381:profile_batched]
2026-10-09T05:01:03+0900 sample 2215: clean gpu=[4173381:profile_batched]
2026-10-09T05:01:04+0900 sample 2216: clean gpu=[4173381:profile_batched]
2026-10-09T05:01:06+0900 sample 2217: clean gpu=[4173381:profile_batched]
2026-10-09T05:01:07+0900 sample 2218: clean gpu=[4173381:profile_batched]
2026-10-09T05:01:09+0900 sample 2219: clean gpu=[4173381:profile_batched]
2026-10-09T05:01:10+0900 sample 2220: clean gpu=[4173381:profile_batched]
2026-10-09T05:01:12+0900 sample 2221: clean gpu=[4173381:profile_batched]
2026-10-09T05:01:13+0900 sample 2222: clean gpu=[4173381:profile_batched]
2026-10-09T05:01:14+0900 sample 2223: clean gpu=[4173381:profile_batched]
2026-10-09T05:01:16+0900 sample 2224: clean gpu=[4173381:profile_batched]
2026-10-09T05:01:17+0900 sample 2225: clean gpu=[4173381:profile_batched]
2026-10-09T05:01:19+0900 sample 2226: clean gpu=[4173381:profile_batched]
2026-10-09T05:01:20+0900 sample 2227: clean gpu=[4173381:profile_batched]
2026-10-09T05:01:22+0900 sample 2228: clean gpu=[4173381:profile_batched]
2026-10-09T05:01:23+0900 sample 2229: clean gpu=[4173381:profile_batched]
2026-10-09T05:01:25+0900 sample 2230: clean gpu=[4173381:profile_batched]
2026-10-09T05:01:26+0900 sample 2231: clean gpu=[4173381:profile_batched]
2026-10-09T05:01:27+0900 sample 2232: clean gpu=[4173381:profile_batched]
2026-10-09T05:01:29+0900 sample 2233: clean gpu=[4173381:profile_batched]
2026-10-09T05:01:30+0900 sample 2234: clean gpu=[4173381:profile_batched]
2026-10-09T05:01:32+0900 sample 2235: clean gpu=[4173381:profile_batched]
2026-10-09T05:01:33+0900 sample 2236: clean gpu=[4173381:profile_batched]
2026-10-09T05:01:35+0900 sample 2237: clean gpu=[4173381:profile_batched]
2026-10-09T05:01:36+0900 sample 2238: clean gpu=[4173381:profile_batched]
2026-10-09T05:01:38+0900 sample 2239: clean gpu=[4173381:profile_batched]
2026-10-09T05:01:39+0900 sample 2240: clean gpu=[4173381:profile_batched]
2026-10-09T05:01:41+0900 sample 2241: clean gpu=[4173381:profile_batched]
2026-10-09T05:01:42+0900 sample 2242: clean gpu=[4173381:profile_batched]
2026-10-09T05:01:44+0900 sample 2243: clean gpu=[4173381:profile_batched]
2026-10-09T05:01:45+0900 sample 2244: clean gpu=[4173381:profile_batched]
2026-10-09T05:01:47+0900 sample 2245: clean gpu=[4173381:profile_batched]
2026-10-09T05:01:48+0900 sample 2246: clean gpu=[4173381:profile_batched]
2026-10-09T05:01:49+0900 sample 2247: clean gpu=[4173381:profile_batched]
2026-10-09T05:01:51+0900 sample 2248: clean gpu=[4173381:profile_batched]
2026-10-09T05:01:52+0900 sample 2249: clean gpu=[4173381:profile_batched]
2026-10-09T05:01:54+0900 sample 2250: clean gpu=[4173381:profile_batched]
2026-10-09T05:01:55+0900 sample 2251: clean gpu=[4173381:profile_batched]
2026-10-09T05:01:57+0900 sample 2252: clean gpu=[4173381:profile_batched]
2026-10-09T05:01:58+0900 sample 2253: clean gpu=[4173381:profile_batched]
2026-10-09T05:02:00+0900 sample 2254: clean gpu=[4173381:profile_batched]
2026-10-09T05:02:01+0900 sample 2255: clean gpu=[4173381:profile_batched]
2026-10-09T05:02:03+0900 sample 2256: clean gpu=[4173381:profile_batched]
2026-10-09T05:02:04+0900 sample 2257: clean gpu=[4173381:profile_batched]
2026-10-09T05:02:06+0900 sample 2258: clean gpu=[4173381:profile_batched]
2026-10-09T05:02:07+0900 sample 2259: clean gpu=[4173381:profile_batched]
2026-10-09T05:02:09+0900 sample 2260: clean gpu=[4173381:profile_batched]
2026-10-09T05:02:10+0900 sample 2261: clean gpu=[4173381:profile_batched]
2026-10-09T05:02:12+0900 sample 2262: clean gpu=[4173381:profile_batched]
2026-10-09T05:02:13+0900 sample 2263: clean gpu=[4173381:profile_batched]
2026-10-09T05:02:15+0900 sample 2264: clean gpu=[4173381:profile_batched]
2026-10-09T05:02:16+0900 sample 2265: clean gpu=[4173381:profile_batched]
2026-10-09T05:02:17+0900 sample 2266: clean gpu=[4173381:profile_batched]
2026-10-09T05:02:19+0900 sample 2267: clean gpu=[4173381:profile_batched]
2026-10-09T05:02:20+0900 sample 2268: clean gpu=[4173381:profile_batched]
2026-10-09T05:02:22+0900 sample 2269: clean gpu=[4173381:profile_batched]
2026-10-09T05:02:23+0900 sample 2270: clean gpu=[4173381:profile_batched]
2026-10-09T05:02:25+0900 sample 2271: clean gpu=[4173381:profile_batched]
2026-10-09T05:02:26+0900 sample 2272: clean gpu=[4173381:profile_batched]
2026-10-09T05:02:28+0900 sample 2273: clean gpu=[4173381:profile_batched]
2026-10-09T05:02:29+0900 sample 2274: clean gpu=[4173381:profile_batched]
2026-10-09T05:02:31+0900 sample 2275: clean gpu=[4173381:profile_batched]
2026-10-09T05:02:32+0900 sample 2276: clean gpu=[4173381:profile_batched]
2026-10-09T05:02:34+0900 sample 2277: clean gpu=[4173381:profile_batched]
2026-10-09T05:02:35+0900 sample 2278: clean gpu=[4173381:profile_batched]
2026-10-09T05:02:37+0900 sample 2279: clean gpu=[4173381:profile_batched]
2026-10-09T05:02:38+0900 sample 2280: clean gpu=[4173381:profile_batched]
2026-10-09T05:02:40+0900 sample 2281: clean gpu=[4173381:profile_batched]
2026-10-09T05:02:41+0900 sample 2282: clean gpu=[4173381:profile_batched]
2026-10-09T05:02:42+0900 sample 2283: clean gpu=[4173381:profile_batched]
2026-10-09T05:02:44+0900 sample 2284: clean gpu=[4173381:profile_batched]
2026-10-09T05:02:45+0900 sample 2285: clean gpu=[4173381:profile_batched]
2026-10-09T05:02:47+0900 sample 2286: clean gpu=[4173381:profile_batched]
2026-10-09T05:02:48+0900 sample 2287: clean gpu=[4173381:profile_batched]
2026-10-09T05:02:50+0900 sample 2288: clean gpu=[4173381:profile_batched]
2026-10-09T05:02:51+0900 sample 2289: clean gpu=[4173381:profile_batched]
2026-10-09T05:02:53+0900 sample 2290: clean gpu=[4173381:profile_batched]
2026-10-09T05:02:54+0900 sample 2291: clean gpu=[4173381:profile_batched]
2026-10-09T05:02:56+0900 sample 2292: clean gpu=[4173381:profile_batched]
2026-10-09T05:02:57+0900 sample 2293: clean gpu=[4173381:profile_batched]
2026-10-09T05:02:59+0900 sample 2294: clean gpu=[4173381:profile_batched]
2026-10-09T05:03:00+0900 sample 2295: clean gpu=[4173381:profile_batched]
2026-10-09T05:03:02+0900 sample 2296: clean gpu=[4173381:profile_batched]
2026-10-09T05:03:03+0900 sample 2297: clean gpu=[4173381:profile_batched]
2026-10-09T05:03:05+0900 sample 2298: clean gpu=[4173381:profile_batched]
2026-10-09T05:03:06+0900 sample 2299: clean gpu=[4173381:profile_batched]
2026-10-09T05:03:07+0900 sample 2300: clean gpu=[4173381:profile_batched]
2026-10-09T05:03:09+0900 sample 2301: clean gpu=[4173381:profile_batched]
2026-10-09T05:03:10+0900 sample 2302: clean gpu=[4173381:profile_batched]
2026-10-09T05:03:12+0900 sample 2303: clean gpu=[4173381:profile_batched]
2026-10-09T05:03:13+0900 sample 2304: clean gpu=[4173381:profile_batched]
2026-10-09T05:03:15+0900 sample 2305: clean gpu=[4173381:profile_batched]
2026-10-09T05:03:16+0900 sample 2306: clean gpu=[4173381:profile_batched]
2026-10-09T05:03:18+0900 sample 2307: clean gpu=[4173381:profile_batched]
2026-10-09T05:03:19+0900 sample 2308: clean gpu=[4173381:profile_batched]
2026-10-09T05:03:21+0900 sample 2309: clean gpu=[4173381:profile_batched]
2026-10-09T05:03:22+0900 sample 2310: clean gpu=[4173381:profile_batched]
2026-10-09T05:03:23+0900 sample 2311: clean gpu=[4173381:profile_batched]
2026-10-09T05:03:25+0900 sample 2312: clean gpu=[4173381:profile_batched]
2026-10-09T05:03:26+0900 sample 2313: clean gpu=[4173381:profile_batched]
2026-10-09T05:03:28+0900 sample 2314: clean gpu=[4173381:profile_batched]
2026-10-09T05:03:29+0900 sample 2315: clean gpu=[4173381:profile_batched]
2026-10-09T05:03:31+0900 sample 2316: clean gpu=[4173381:profile_batched]
2026-10-09T05:03:32+0900 sample 2317: clean gpu=[4173381:profile_batched]
2026-10-09T05:03:34+0900 sample 2318: clean gpu=[4173381:profile_batched]
2026-10-09T05:03:35+0900 sample 2319: clean gpu=[4173381:profile_batched]
2026-10-09T05:03:36+0900 sample 2320: clean gpu=[4173381:profile_batched]
2026-10-09T05:03:38+0900 sample 2321: clean gpu=[4173381:profile_batched]
2026-10-09T05:03:39+0900 sample 2322: clean gpu=[4173381:profile_batched]
2026-10-09T05:03:41+0900 sample 2323: clean gpu=[4173381:profile_batched]
2026-10-09T05:03:42+0900 sample 2324: clean gpu=[4173381:profile_batched]
2026-10-09T05:03:44+0900 sample 2325: clean gpu=[4173381:profile_batched]
2026-10-09T05:03:45+0900 sample 2326: clean gpu=[4173381:profile_batched]
2026-10-09T05:03:46+0900 sample 2327: clean gpu=[4173381:profile_batched]
2026-10-09T05:03:48+0900 sample 2328: clean gpu=[4173381:profile_batched]
2026-10-09T05:03:49+0900 sample 2329: clean gpu=[4173381:profile_batched]
2026-10-09T05:03:51+0900 sample 2330: clean gpu=[4173381:profile_batched]
2026-10-09T05:03:52+0900 sample 2331: clean gpu=[4173381:profile_batched]
2026-10-09T05:03:54+0900 sample 2332: clean gpu=[4173381:profile_batched]
2026-10-09T05:03:55+0900 sample 2333: clean gpu=[4173381:profile_batched]
2026-10-09T05:03:57+0900 sample 2334: clean gpu=[4173381:profile_batched]
2026-10-09T05:03:58+0900 sample 2335: clean gpu=[4173381:profile_batched]
2026-10-09T05:04:00+0900 sample 2336: clean gpu=[4173381:profile_batched]
2026-10-09T05:04:01+0900 sample 2337: clean gpu=[4173381:profile_batched]
2026-10-09T05:04:02+0900 sample 2338: clean gpu=[4173381:profile_batched]
2026-10-09T05:04:04+0900 sample 2339: clean gpu=[4173381:profile_batched]
2026-10-09T05:04:05+0900 sample 2340: clean gpu=[4173381:profile_batched]
2026-10-09T05:04:07+0900 sample 2341: clean gpu=[4173381:profile_batched]
2026-10-09T05:04:08+0900 sample 2342: clean gpu=[4173381:profile_batched]
2026-10-09T05:04:10+0900 sample 2343: clean gpu=[4173381:profile_batched]
2026-10-09T05:04:11+0900 sample 2344: clean gpu=[4173381:profile_batched]
2026-10-09T05:04:13+0900 sample 2345: clean gpu=[4173381:profile_batched]
2026-10-09T05:04:14+0900 sample 2346: clean gpu=[4173381:profile_batched]
2026-10-09T05:04:16+0900 sample 2347: clean gpu=[4173381:profile_batched]
2026-10-09T05:04:17+0900 sample 2348: clean gpu=[4173381:profile_batched]
2026-10-09T05:04:18+0900 sample 2349: clean gpu=[4173381:profile_batched]
2026-10-09T05:04:20+0900 sample 2350: clean gpu=[4173381:profile_batched]
2026-10-09T05:04:21+0900 sample 2351: clean gpu=[4173381:profile_batched]
2026-10-09T05:04:23+0900 sample 2352: clean gpu=[4173381:profile_batched]
2026-10-09T05:04:24+0900 sample 2353: clean gpu=[4173381:profile_batched]
2026-10-09T05:04:26+0900 sample 2354: clean gpu=[4173381:profile_batched]
2026-10-09T05:04:27+0900 sample 2355: clean gpu=[4173381:profile_batched]
2026-10-09T05:04:29+0900 sample 2356: clean gpu=[4173381:profile_batched]
2026-10-09T05:04:30+0900 sample 2357: clean gpu=[4173381:profile_batched]
2026-10-09T05:04:32+0900 sample 2358: clean gpu=[4173381:profile_batched]
2026-10-09T05:04:33+0900 sample 2359: clean gpu=[4173381:profile_batched]
2026-10-09T05:04:35+0900 sample 2360: clean gpu=[4173381:profile_batched]
2026-10-09T05:04:36+0900 sample 2361: clean gpu=[4173381:profile_batched]
2026-10-09T05:04:38+0900 sample 2362: clean gpu=[4173381:profile_batched]
2026-10-09T05:04:39+0900 sample 2363: clean gpu=[4173381:profile_batched]
2026-10-09T05:04:41+0900 sample 2364: clean gpu=[4173381:profile_batched]
2026-10-09T05:04:42+0900 sample 2365: clean gpu=[4173381:profile_batched]
2026-10-09T05:04:44+0900 sample 2366: clean gpu=[4173381:profile_batched]
2026-10-09T05:04:45+0900 sample 2367: clean gpu=[4173381:profile_batched]
2026-10-09T05:04:46+0900 sample 2368: clean gpu=[4173381:profile_batched]
2026-10-09T05:04:48+0900 sample 2369: clean gpu=[4173381:profile_batched]
2026-10-09T05:04:49+0900 sample 2370: clean gpu=[4173381:profile_batched]
2026-10-09T05:04:51+0900 sample 2371: clean gpu=[4173381:profile_batched]
2026-10-09T05:04:52+0900 sample 2372: clean gpu=[4173381:profile_batched]
2026-10-09T05:04:54+0900 sample 2373: clean gpu=[4173381:profile_batched]
2026-10-09T05:04:56+0900 sample 2374: clean gpu=[4173381:profile_batched]
2026-10-09T05:04:57+0900 sample 2375: clean gpu=[4173381:profile_batched]
2026-10-09T05:04:58+0900 sample 2376: clean gpu=[4173381:profile_batched]
2026-10-09T05:05:00+0900 sample 2377: clean gpu=[4173381:profile_batched]
2026-10-09T05:05:01+0900 sample 2378: clean gpu=[4173381:profile_batched]
2026-10-09T05:05:03+0900 sample 2379: clean gpu=[4173381:profile_batched]
2026-10-09T05:05:04+0900 sample 2380: clean gpu=[4173381:profile_batched]
2026-10-09T05:05:06+0900 sample 2381: clean gpu=[4173381:profile_batched]
2026-10-09T05:05:07+0900 sample 2382: clean gpu=[4173381:profile_batched]
2026-10-09T05:05:09+0900 sample 2383: clean gpu=[4173381:profile_batched]
2026-10-09T05:05:10+0900 sample 2384: clean gpu=[4173381:profile_batched]
2026-10-09T05:05:12+0900 sample 2385: clean gpu=[4173381:profile_batched]
2026-10-09T05:05:13+0900 sample 2386: clean gpu=[4173381:profile_batched]
2026-10-09T05:05:15+0900 sample 2387: clean gpu=[4173381:profile_batched]
2026-10-09T05:05:16+0900 sample 2388: clean gpu=[4173381:profile_batched]
2026-10-09T05:05:18+0900 sample 2389: clean gpu=[4173381:profile_batched]
2026-10-09T05:05:19+0900 sample 2390: clean gpu=[4173381:profile_batched]
2026-10-09T05:05:21+0900 sample 2391: clean gpu=[4173381:profile_batched]
2026-10-09T05:05:22+0900 sample 2392: clean gpu=[4173381:profile_batched]
2026-10-09T05:05:23+0900 sample 2393: clean gpu=[4173381:profile_batched]
2026-10-09T05:05:25+0900 sample 2394: clean gpu=[4173381:profile_batched]
2026-10-09T05:05:26+0900 sample 2395: clean gpu=[4173381:profile_batched]
2026-10-09T05:05:28+0900 sample 2396: clean gpu=[4173381:profile_batched]
2026-10-09T05:05:29+0900 sample 2397: clean gpu=[4173381:profile_batched]
2026-10-09T05:05:31+0900 sample 2398: clean gpu=[4173381:profile_batched]
2026-10-09T05:05:32+0900 sample 2399: clean gpu=[4173381:profile_batched]
2026-10-09T05:05:34+0900 sample 2400: clean gpu=[4173381:profile_batched]
2026-10-09T05:05:35+0900 sample 2401: clean gpu=[4173381:profile_batched]
2026-10-09T05:05:37+0900 sample 2402: clean gpu=[4173381:profile_batched]
2026-10-09T05:05:38+0900 sample 2403: clean gpu=[4173381:profile_batched]
2026-10-09T05:05:40+0900 sample 2404: clean gpu=[4173381:profile_batched]
2026-10-09T05:05:41+0900 sample 2405: clean gpu=[4173381:profile_batched]
2026-10-09T05:05:42+0900 sample 2406: clean gpu=[4173381:profile_batched]
2026-10-09T05:05:44+0900 sample 2407: clean gpu=[4173381:profile_batched]
2026-10-09T05:05:45+0900 sample 2408: clean gpu=[4173381:profile_batched]
2026-10-09T05:05:47+0900 sample 2409: clean gpu=[4173381:profile_batched]
2026-10-09T05:05:48+0900 sample 2410: clean gpu=[4173381:profile_batched]
2026-10-09T05:05:50+0900 sample 2411: clean gpu=[4173381:profile_batched]
2026-10-09T05:05:51+0900 sample 2412: clean gpu=[4173381:profile_batched]
2026-10-09T05:05:53+0900 sample 2413: clean gpu=[4173381:profile_batched]
2026-10-09T05:05:54+0900 sample 2414: clean gpu=[4173381:profile_batched]
2026-10-09T05:05:56+0900 sample 2415: clean gpu=[4173381:profile_batched]
2026-10-09T05:05:57+0900 sample 2416: clean gpu=[4173381:profile_batched]
2026-10-09T05:05:58+0900 sample 2417: clean gpu=[4173381:profile_batched]
2026-10-09T05:06:00+0900 sample 2418: clean gpu=[4173381:profile_batched]
2026-10-09T05:06:01+0900 sample 2419: clean gpu=[4173381:profile_batched]
2026-10-09T05:06:03+0900 sample 2420: clean gpu=[4173381:profile_batched]
2026-10-09T05:06:04+0900 sample 2421: clean gpu=[4173381:profile_batched]
2026-10-09T05:06:06+0900 sample 2422: clean gpu=[4173381:profile_batched]
2026-10-09T05:06:07+0900 sample 2423: clean gpu=[4173381:profile_batched]
2026-10-09T05:06:09+0900 sample 2424: clean gpu=[4173381:profile_batched]
2026-10-09T05:06:10+0900 sample 2425: clean gpu=[4173381:profile_batched]
2026-10-09T05:06:12+0900 sample 2426: clean gpu=[4173381:profile_batched]
2026-10-09T05:06:13+0900 sample 2427: clean gpu=[4173381:profile_batched]
2026-10-09T05:06:15+0900 sample 2428: clean gpu=[4173381:profile_batched]
2026-10-09T05:06:16+0900 sample 2429: clean gpu=[4173381:profile_batched]
2026-10-09T05:06:18+0900 sample 2430: clean gpu=[4173381:profile_batched]
2026-10-09T05:06:19+0900 sample 2431: clean gpu=[4173381:profile_batched]
2026-10-09T05:06:21+0900 sample 2432: clean gpu=[4173381:profile_batched]
2026-10-09T05:06:22+0900 sample 2433: clean gpu=[4173381:profile_batched]
2026-10-09T05:06:23+0900 sample 2434: clean gpu=[4173381:profile_batched]
2026-10-09T05:06:25+0900 sample 2435: clean gpu=[4173381:profile_batched]
2026-10-09T05:06:26+0900 sample 2436: clean gpu=[4173381:profile_batched]
2026-10-09T05:06:28+0900 sample 2437: clean gpu=[4173381:profile_batched]
2026-10-09T05:06:29+0900 sample 2438: clean gpu=[4173381:profile_batched]
2026-10-09T05:06:31+0900 sample 2439: clean gpu=[4173381:profile_batched]
2026-10-09T05:06:32+0900 sample 2440: clean gpu=[4173381:profile_batched]
2026-10-09T05:06:34+0900 sample 2441: clean gpu=[4173381:profile_batched]
2026-10-09T05:06:35+0900 sample 2442: clean gpu=[4173381:profile_batched]
2026-10-09T05:06:37+0900 sample 2443: clean gpu=[4173381:profile_batched]
2026-10-09T05:06:38+0900 sample 2444: clean gpu=[4173381:profile_batched]
2026-10-09T05:06:40+0900 sample 2445: clean gpu=[4173381:profile_batched]
2026-10-09T05:06:41+0900 sample 2446: clean gpu=[4173381:profile_batched]
2026-10-09T05:06:42+0900 sample 2447: clean gpu=[4173381:profile_batched]
2026-10-09T05:06:44+0900 sample 2448: clean gpu=[4173381:profile_batched]
2026-10-09T05:06:45+0900 sample 2449: clean gpu=[4173381:profile_batched]
2026-10-09T05:06:47+0900 sample 2450: clean gpu=[4173381:profile_batched]
2026-10-09T05:06:48+0900 sample 2451: clean gpu=[4173381:profile_batched]
2026-10-09T05:06:50+0900 sample 2452: clean gpu=[4173381:profile_batched]
2026-10-09T05:06:51+0900 sample 2453: clean gpu=[4173381:profile_batched]
2026-10-09T05:06:53+0900 sample 2454: clean gpu=[4173381:profile_batched]
2026-10-09T05:06:54+0900 sample 2455: clean gpu=[4173381:profile_batched]
2026-10-09T05:06:55+0900 sample 2456: clean gpu=[4173381:profile_batched]
2026-10-09T05:06:57+0900 sample 2457: clean gpu=[4173381:profile_batched]
2026-10-09T05:06:58+0900 sample 2458: clean gpu=[4173381:profile_batched]
2026-10-09T05:07:00+0900 sample 2459: clean gpu=[4173381:profile_batched]
2026-10-09T05:07:01+0900 sample 2460: clean gpu=[4173381:profile_batched]
2026-10-09T05:07:03+0900 sample 2461: clean gpu=[4173381:profile_batched]
2026-10-09T05:07:04+0900 sample 2462: clean gpu=[4173381:profile_batched]
2026-10-09T05:07:06+0900 sample 2463: clean gpu=[4173381:profile_batched]
2026-10-09T05:07:07+0900 sample 2464: clean gpu=[4173381:profile_batched]
2026-10-09T05:07:08+0900 sample 2465: clean gpu=[4173381:profile_batched]
2026-10-09T05:07:10+0900 sample 2466: clean gpu=[4173381:profile_batched]
2026-10-09T05:07:11+0900 sample 2467: clean gpu=[4173381:profile_batched]
2026-10-09T05:07:13+0900 sample 2468: clean gpu=[4173381:profile_batched]
2026-10-09T05:07:14+0900 sample 2469: clean gpu=[4173381:profile_batched]
2026-10-09T05:07:16+0900 sample 2470: clean gpu=[4173381:profile_batched]
2026-10-09T05:07:17+0900 sample 2471: clean gpu=[4173381:profile_batched]
2026-10-09T05:07:19+0900 sample 2472: clean gpu=[4173381:profile_batched]
2026-10-09T05:07:20+0900 sample 2473: clean gpu=[4173381:profile_batched]
2026-10-09T05:07:22+0900 sample 2474: clean gpu=[4173381:profile_batched]
2026-10-09T05:07:23+0900 sample 2475: clean gpu=[4173381:profile_batched]
2026-10-09T05:07:24+0900 sample 2476: clean gpu=[4173381:profile_batched]
2026-10-09T05:07:26+0900 sample 2477: clean gpu=[4173381:profile_batched]
2026-10-09T05:07:27+0900 sample 2478: clean gpu=[4173381:profile_batched]
2026-10-09T05:07:29+0900 sample 2479: clean gpu=[4173381:profile_batched]
2026-10-09T05:07:30+0900 sample 2480: clean gpu=[4173381:profile_batched]
2026-10-09T05:07:32+0900 sample 2481: clean gpu=[4173381:profile_batched]
2026-10-09T05:07:33+0900 sample 2482: clean gpu=[4173381:profile_batched]
2026-10-09T05:07:35+0900 sample 2483: clean gpu=[4173381:profile_batched]
2026-10-09T05:07:36+0900 sample 2484: clean gpu=[4173381:profile_batched]
2026-10-09T05:07:38+0900 sample 2485: clean gpu=[4173381:profile_batched]
2026-10-09T05:07:39+0900 sample 2486: clean gpu=[4173381:profile_batched]
2026-10-09T05:07:40+0900 sample 2487: clean gpu=[4173381:profile_batched]
2026-10-09T05:07:42+0900 sample 2488: clean gpu=[4173381:profile_batched]
2026-10-09T05:07:43+0900 sample 2489: clean gpu=[4173381:profile_batched]
2026-10-09T05:07:45+0900 sample 2490: clean gpu=[4173381:profile_batched]
2026-10-09T05:07:46+0900 sample 2491: clean gpu=[4173381:profile_batched]
2026-10-09T05:07:48+0900 sample 2492: clean gpu=[4173381:profile_batched]
2026-10-09T05:07:49+0900 sample 2493: clean gpu=[4173381:profile_batched]
2026-10-09T05:07:51+0900 sample 2494: clean gpu=[4173381:profile_batched]
2026-10-09T05:07:52+0900 sample 2495: clean gpu=[4173381:profile_batched]
2026-10-09T05:07:54+0900 sample 2496: clean gpu=[4173381:profile_batched]
2026-10-09T05:07:55+0900 sample 2497: clean gpu=[4173381:profile_batched]
2026-10-09T05:07:57+0900 sample 2498: clean gpu=[4173381:profile_batched]
2026-10-09T05:07:58+0900 sample 2499: clean gpu=[4173381:profile_batched]
2026-10-09T05:07:59+0900 sample 2500: clean gpu=[4173381:profile_batched]
2026-10-09T05:08:01+0900 sample 2501: clean gpu=[4173381:profile_batched]
2026-10-09T05:08:02+0900 sample 2502: clean gpu=[4173381:profile_batched]
2026-10-09T05:08:04+0900 sample 2503: clean gpu=[4173381:profile_batched]
2026-10-09T05:08:05+0900 sample 2504: clean gpu=[4173381:profile_batched]
2026-10-09T05:08:07+0900 sample 2505: clean gpu=[4173381:profile_batched]
2026-10-09T05:08:08+0900 sample 2506: clean gpu=[4173381:profile_batched]
2026-10-09T05:08:09+0900 sample 2507: clean gpu=[4173381:profile_batched]
2026-10-09T05:08:11+0900 sample 2508: clean gpu=[4173381:profile_batched]
2026-10-09T05:08:12+0900 sample 2509: clean gpu=[4173381:profile_batched]
2026-10-09T05:08:14+0900 sample 2510: clean gpu=[4173381:profile_batched]
2026-10-09T05:08:15+0900 sample 2511: clean gpu=[4173381:profile_batched]
2026-10-09T05:08:17+0900 sample 2512: clean gpu=[4173381:profile_batched]
2026-10-09T05:08:18+0900 sample 2513: clean gpu=[4173381:profile_batched]
2026-10-09T05:08:20+0900 sample 2514: clean gpu=[4173381:profile_batched]
2026-10-09T05:08:21+0900 sample 2515: clean gpu=[4173381:profile_batched]
2026-10-09T05:08:23+0900 sample 2516: clean gpu=[4173381:profile_batched]
2026-10-09T05:08:24+0900 sample 2517: clean gpu=[4173381:profile_batched]
2026-10-09T05:08:25+0900 sample 2518: clean gpu=[4173381:profile_batched]
2026-10-09T05:08:27+0900 sample 2519: clean gpu=[4173381:profile_batched]
2026-10-09T05:08:28+0900 sample 2520: clean gpu=[4173381:profile_batched]
2026-10-09T05:08:30+0900 sample 2521: clean gpu=[4173381:profile_batched]
2026-10-09T05:08:31+0900 sample 2522: clean gpu=[4173381:profile_batched]
2026-10-09T05:08:33+0900 sample 2523: clean gpu=[4173381:profile_batched]
2026-10-09T05:08:34+0900 sample 2524: clean gpu=[4173381:profile_batched]
2026-10-09T05:08:36+0900 sample 2525: clean gpu=[4173381:profile_batched]
2026-10-09T05:08:37+0900 sample 2526: clean gpu=[4173381:profile_batched]
2026-10-09T05:08:38+0900 sample 2527: clean gpu=[4173381:profile_batched]
2026-10-09T05:08:40+0900 sample 2528: clean gpu=[4173381:profile_batched]
2026-10-09T05:08:41+0900 sample 2529: clean gpu=[4173381:profile_batched]
2026-10-09T05:08:43+0900 sample 2530: clean gpu=[4173381:profile_batched]
2026-10-09T05:08:44+0900 sample 2531: clean gpu=[4173381:profile_batched]
2026-10-09T05:08:46+0900 sample 2532: clean gpu=[4173381:profile_batched]
2026-10-09T05:08:47+0900 sample 2533: clean gpu=[4173381:profile_batched]
2026-10-09T05:08:48+0900 sample 2534: clean gpu=[4173381:profile_batched]
2026-10-09T05:08:50+0900 sample 2535: clean gpu=[4173381:profile_batched]
2026-10-09T05:08:51+0900 sample 2536: clean gpu=[4173381:profile_batched]
2026-10-09T05:08:53+0900 sample 2537: clean gpu=[4173381:profile_batched]
2026-10-09T05:08:54+0900 sample 2538: clean gpu=[4173381:profile_batched]
2026-10-09T05:08:56+0900 sample 2539: clean gpu=[4173381:profile_batched]
2026-10-09T05:08:57+0900 sample 2540: clean gpu=[4173381:profile_batched]
2026-10-09T05:08:59+0900 sample 2541: clean gpu=[4173381:profile_batched]
2026-10-09T05:09:00+0900 sample 2542: clean gpu=[4173381:profile_batched]
2026-10-09T05:09:01+0900 sample 2543: clean gpu=[4173381:profile_batched]
2026-10-09T05:09:03+0900 sample 2544: clean gpu=[4173381:profile_batched]
2026-10-09T05:09:04+0900 sample 2545: clean gpu=[4173381:profile_batched]
2026-10-09T05:09:06+0900 sample 2546: clean gpu=[4173381:profile_batched]
2026-10-09T05:09:07+0900 sample 2547: clean gpu=[4173381:profile_batched]
2026-10-09T05:09:09+0900 sample 2548: clean gpu=[4173381:profile_batched]
2026-10-09T05:09:10+0900 sample 2549: clean gpu=[4173381:profile_batched]
2026-10-09T05:09:11+0900 sample 2550: clean gpu=[4173381:profile_batched]
2026-10-09T05:09:13+0900 sample 2551: clean gpu=[4173381:profile_batched]
2026-10-09T05:09:14+0900 sample 2552: clean gpu=[4173381:profile_batched]
2026-10-09T05:09:16+0900 sample 2553: clean gpu=[4173381:profile_batched]
2026-10-09T05:09:17+0900 sample 2554: clean gpu=[4173381:profile_batched]
2026-10-09T05:09:18+0900 sample 2555: clean gpu=[4173381:profile_batched]
2026-10-09T05:09:20+0900 sample 2556: clean gpu=[4173381:profile_batched]
2026-10-09T05:09:21+0900 sample 2557: clean gpu=[4173381:profile_batched]
2026-10-09T05:09:23+0900 sample 2558: clean gpu=[4173381:profile_batched]
2026-10-09T05:09:24+0900 sample 2559: clean gpu=[4173381:profile_batched]
2026-10-09T05:09:26+0900 sample 2560: clean gpu=[4173381:profile_batched]
2026-10-09T05:09:27+0900 sample 2561: clean gpu=[4173381:profile_batched]
2026-10-09T05:09:28+0900 sample 2562: clean gpu=[4173381:profile_batched]
2026-10-09T05:09:30+0900 sample 2563: clean gpu=[4173381:profile_batched]
2026-10-09T05:09:31+0900 sample 2564: clean gpu=[4173381:profile_batched]
2026-10-09T05:09:33+0900 sample 2565: clean gpu=[4173381:profile_batched]
2026-10-09T05:09:34+0900 sample 2566: clean gpu=[4173381:profile_batched]
2026-10-09T05:09:36+0900 sample 2567: clean gpu=[4173381:profile_batched]
2026-10-09T05:09:37+0900 sample 2568: clean gpu=[4173381:profile_batched]
2026-10-09T05:09:39+0900 sample 2569: clean gpu=[4173381:profile_batched]
2026-10-09T05:09:40+0900 sample 2570: clean gpu=[4173381:profile_batched]
2026-10-09T05:09:42+0900 sample 2571: clean gpu=[4173381:profile_batched]
2026-10-09T05:09:43+0900 sample 2572: clean gpu=[4173381:profile_batched]
2026-10-09T05:09:44+0900 sample 2573: clean gpu=[4173381:profile_batched]
2026-10-09T05:09:46+0900 sample 2574: clean gpu=[4173381:profile_batched]
2026-10-09T05:09:47+0900 sample 2575: clean gpu=[4173381:profile_batched]
2026-10-09T05:09:49+0900 sample 2576: clean gpu=[4173381:profile_batched]
2026-10-09T05:09:50+0900 sample 2577: clean gpu=[4173381:profile_batched]
2026-10-09T05:09:52+0900 sample 2578: clean gpu=[4173381:profile_batched]
2026-10-09T05:09:53+0900 sample 2579: clean gpu=[4173381:profile_batched]
2026-10-09T05:09:55+0900 sample 2580: clean gpu=[4173381:profile_batched]
2026-10-09T05:09:56+0900 sample 2581: clean gpu=[4173381:profile_batched]
2026-10-09T05:09:57+0900 sample 2582: clean gpu=[4173381:profile_batched]
2026-10-09T05:09:59+0900 sample 2583: clean gpu=[4173381:profile_batched]
2026-10-09T05:10:00+0900 sample 2584: clean gpu=[4173381:profile_batched]
2026-10-09T05:10:02+0900 sample 2585: clean gpu=[4173381:profile_batched]
2026-10-09T05:10:03+0900 sample 2586: clean gpu=[4173381:profile_batched]
2026-10-09T05:10:05+0900 sample 2587: clean gpu=[4173381:profile_batched]
2026-10-09T05:10:06+0900 sample 2588: clean gpu=[4173381:profile_batched]
2026-10-09T05:10:08+0900 sample 2589: clean gpu=[4173381:profile_batched]
2026-10-09T05:10:09+0900 sample 2590: clean gpu=[4173381:profile_batched]
2026-10-09T05:10:11+0900 sample 2591: clean gpu=[4173381:profile_batched]
2026-10-09T05:10:12+0900 sample 2592: clean gpu=[4173381:profile_batched]
2026-10-09T05:10:14+0900 sample 2593: clean gpu=[4173381:profile_batched]
2026-10-09T05:10:15+0900 sample 2594: clean gpu=[4173381:profile_batched]
2026-10-09T05:10:17+0900 sample 2595: clean gpu=[4173381:profile_batched]
2026-10-09T05:10:18+0900 sample 2596: clean gpu=[4173381:profile_batched]
2026-10-09T05:10:19+0900 sample 2597: clean gpu=[4173381:profile_batched]
2026-10-09T05:10:21+0900 sample 2598: clean gpu=[4173381:profile_batched]
2026-10-09T05:10:22+0900 sample 2599: clean gpu=[4173381:profile_batched]
2026-10-09T05:10:24+0900 sample 2600: clean gpu=[4173381:profile_batched]
2026-10-09T05:10:25+0900 sample 2601: clean gpu=[4173381:profile_batched]
2026-10-09T05:10:27+0900 sample 2602: clean gpu=[4173381:profile_batched]
2026-10-09T05:10:28+0900 sample 2603: clean gpu=[4173381:profile_batched]
2026-10-09T05:10:30+0900 sample 2604: clean gpu=[4173381:profile_batched]
2026-10-09T05:10:31+0900 sample 2605: clean gpu=[4173381:profile_batched]
2026-10-09T05:10:33+0900 sample 2606: clean gpu=[4173381:profile_batched]
2026-10-09T05:10:34+0900 sample 2607: clean gpu=[4173381:profile_batched]
2026-10-09T05:10:35+0900 sample 2608: clean gpu=[4173381:profile_batched]
2026-10-09T05:10:37+0900 sample 2609: clean gpu=[4173381:profile_batched]
2026-10-09T05:10:38+0900 sample 2610: clean gpu=[4173381:profile_batched]
2026-10-09T05:10:40+0900 sample 2611: clean gpu=[4173381:profile_batched]
2026-10-09T05:10:41+0900 sample 2612: clean gpu=[4173381:profile_batched]
2026-10-09T05:10:43+0900 sample 2613: clean gpu=[4173381:profile_batched]
2026-10-09T05:10:44+0900 sample 2614: clean gpu=[4173381:profile_batched]
2026-10-09T05:10:46+0900 sample 2615: clean gpu=[4173381:profile_batched]
2026-10-09T05:10:47+0900 sample 2616: clean gpu=[4173381:profile_batched]
2026-10-09T05:10:49+0900 sample 2617: clean gpu=[4173381:profile_batched]
2026-10-09T05:10:50+0900 sample 2618: clean gpu=[4173381:profile_batched]
2026-10-09T05:10:52+0900 sample 2619: clean gpu=[4173381:profile_batched]
2026-10-09T05:10:53+0900 sample 2620: clean gpu=[4173381:profile_batched]
2026-10-09T05:10:55+0900 sample 2621: clean gpu=[4173381:profile_batched]
2026-10-09T05:10:56+0900 sample 2622: clean gpu=[4173381:profile_batched]
2026-10-09T05:10:57+0900 sample 2623: clean gpu=[4173381:profile_batched]
2026-10-09T05:10:59+0900 sample 2624: clean gpu=[4173381:profile_batched]
2026-10-09T05:11:00+0900 sample 2625: clean gpu=[4173381:profile_batched]
2026-10-09T05:11:02+0900 sample 2626: clean gpu=[4173381:profile_batched]
2026-10-09T05:11:03+0900 sample 2627: clean gpu=[4173381:profile_batched]
2026-10-09T05:11:05+0900 sample 2628: clean gpu=[4173381:profile_batched]
2026-10-09T05:11:06+0900 sample 2629: clean gpu=[4173381:profile_batched]
2026-10-09T05:11:08+0900 sample 2630: clean gpu=[4173381:profile_batched]
2026-10-09T05:11:09+0900 sample 2631: clean gpu=[4173381:profile_batched]
2026-10-09T05:11:11+0900 sample 2632: clean gpu=[4173381:profile_batched]
2026-10-09T05:11:12+0900 sample 2633: clean gpu=[4173381:profile_batched]
2026-10-09T05:11:14+0900 sample 2634: clean gpu=[4173381:profile_batched]
2026-10-09T05:11:15+0900 sample 2635: clean gpu=[4173381:profile_batched]
2026-10-09T05:11:17+0900 sample 2636: clean gpu=[4173381:profile_batched]
2026-10-09T05:11:18+0900 sample 2637: clean gpu=[4173381:profile_batched]
2026-10-09T05:11:20+0900 sample 2638: clean gpu=[4173381:profile_batched]
2026-10-09T05:11:21+0900 sample 2639: clean gpu=[4173381:profile_batched]
2026-10-09T05:11:23+0900 sample 2640: clean gpu=[4173381:profile_batched]
2026-10-09T05:11:24+0900 sample 2641: clean gpu=[4173381:profile_batched]
2026-10-09T05:11:26+0900 sample 2642: clean gpu=[4173381:profile_batched]
2026-10-09T05:11:27+0900 sample 2643: clean gpu=[4173381:profile_batched]
2026-10-09T05:11:29+0900 sample 2644: clean gpu=[4173381:profile_batched]
2026-10-09T05:11:30+0900 sample 2645: clean gpu=[4173381:profile_batched]
2026-10-09T05:11:32+0900 sample 2646: clean gpu=[4173381:profile_batched]
2026-10-09T05:11:33+0900 sample 2647: clean gpu=[4173381:profile_batched]
2026-10-09T05:11:35+0900 sample 2648: clean gpu=[4173381:profile_batched]
2026-10-09T05:11:36+0900 sample 2649: clean gpu=[4173381:profile_batched]
2026-10-09T05:11:38+0900 sample 2650: clean gpu=[4173381:profile_batched]
2026-10-09T05:11:39+0900 sample 2651: clean gpu=[4173381:profile_batched]
2026-10-09T05:11:41+0900 sample 2652: clean gpu=[4173381:profile_batched]
2026-10-09T05:11:42+0900 sample 2653: clean gpu=[4173381:profile_batched]
2026-10-09T05:11:44+0900 sample 2654: clean gpu=[1280279:profile_batched]
2026-10-09T05:11:45+0900 sample 2655: clean gpu=[1280279:profile_batched]
2026-10-09T05:11:47+0900 sample 2656: clean gpu=[1280279:profile_batched]
2026-10-09T05:11:48+0900 sample 2657: clean gpu=[1280279:profile_batched]
2026-10-09T05:11:49+0900 sample 2658: clean gpu=[1280279:profile_batched]
2026-10-09T05:11:51+0900 sample 2659: clean gpu=[1280279:profile_batched]
2026-10-09T05:11:52+0900 sample 2660: clean gpu=[1280279:profile_batched]
2026-10-09T05:11:54+0900 sample 2661: clean gpu=[1280279:profile_batched]
2026-10-09T05:11:55+0900 sample 2662: clean gpu=[1280279:profile_batched]
2026-10-09T05:11:57+0900 sample 2663: clean gpu=[1280279:profile_batched]
2026-10-09T05:11:58+0900 sample 2664: clean gpu=[1280279:profile_batched]
2026-10-09T05:12:00+0900 sample 2665: clean gpu=[1280279:profile_batched]
2026-10-09T05:12:01+0900 sample 2666: clean gpu=[1291713:profile_batched]
2026-10-09T05:12:03+0900 sample 2667: clean gpu=[1291713:profile_batched]
2026-10-09T05:12:04+0900 sample 2668: clean gpu=[1291713:profile_batched]
2026-10-09T05:12:06+0900 sample 2669: clean gpu=[1291713:profile_batched]
2026-10-09T05:12:07+0900 sample 2670: clean gpu=[1291713:profile_batched]
2026-10-09T05:12:09+0900 sample 2671: clean gpu=[1291713:profile_batched]
2026-10-09T05:12:10+0900 sample 2672: clean gpu=[1291713:profile_batched]
2026-10-09T05:12:12+0900 sample 2673: clean gpu=[1291713:profile_batched]
2026-10-09T05:12:13+0900 sample 2674: clean gpu=[1291713:profile_batched]
2026-10-09T05:12:15+0900 sample 2675: clean gpu=[1291713:profile_batched]
2026-10-09T05:12:17+0900 sample 2676: clean gpu=[1291713:profile_batched]
2026-10-09T05:12:18+0900 sample 2677: clean gpu=[1291713:profile_batched]
2026-10-09T05:12:20+0900 sample 2678: clean gpu=[1291713:profile_batched]
2026-10-09T05:12:21+0900 sample 2679: clean gpu=[1291713:profile_batched]
2026-10-09T05:12:23+0900 sample 2680: clean gpu=[1291713:profile_batched]
2026-10-09T05:12:24+0900 sample 2681: clean gpu=[1291713:profile_batched]
2026-10-09T05:12:26+0900 sample 2682: clean gpu=[1291713:profile_batched]
2026-10-09T05:12:27+0900 sample 2683: clean gpu=[1291713:profile_batched]
2026-10-09T05:12:29+0900 sample 2684: clean gpu=[1291713:profile_batched]
2026-10-09T05:12:30+0900 sample 2685: clean gpu=[1291713:profile_batched]
2026-10-09T05:12:32+0900 sample 2686: clean gpu=[1291713:profile_batched]
2026-10-09T05:12:33+0900 sample 2687: clean gpu=[1291713:profile_batched]
2026-10-09T05:12:35+0900 sample 2688: clean gpu=[1291713:profile_batched]
2026-10-09T05:12:36+0900 sample 2689: clean gpu=[1291713:profile_batched]
2026-10-09T05:12:38+0900 sample 2690: clean gpu=[1291713:profile_batched]
2026-10-09T05:12:39+0900 sample 2691: clean gpu=[1291713:profile_batched]
2026-10-09T05:12:41+0900 sample 2692: clean gpu=[1291713:profile_batched]
2026-10-09T05:12:42+0900 sample 2693: clean gpu=[1291713:profile_batched]
2026-10-09T05:12:44+0900 sample 2694: clean gpu=[1291713:profile_batched]
2026-10-09T05:12:45+0900 sample 2695: clean gpu=[1291713:profile_batched]
2026-10-09T05:12:47+0900 sample 2696: clean gpu=[1291713:profile_batched]
2026-10-09T05:12:48+0900 sample 2697: clean gpu=[1291713:profile_batched]
2026-10-09T05:12:50+0900 sample 2698: clean gpu=[1291713:profile_batched]
2026-10-09T05:12:51+0900 sample 2699: clean gpu=[1291713:profile_batched]
2026-10-09T05:12:53+0900 sample 2700: clean gpu=[1291713:profile_batched]
2026-10-09T05:12:54+0900 sample 2701: clean gpu=[1291713:profile_batched]
2026-10-09T05:12:56+0900 sample 2702: clean gpu=[1291713:profile_batched]
2026-10-09T05:12:57+0900 sample 2703: clean gpu=[1291713:profile_batched]
2026-10-09T05:12:59+0900 sample 2704: clean gpu=[1291713:profile_batched]
2026-10-09T05:13:00+0900 sample 2705: clean gpu=[1291713:profile_batched]
2026-10-09T05:13:02+0900 sample 2706: clean gpu=[1291713:profile_batched]
2026-10-09T05:13:03+0900 sample 2707: clean gpu=[1291713:profile_batched]
2026-10-09T05:13:05+0900 sample 2708: clean gpu=[1291713:profile_batched]
2026-10-09T05:13:07+0900 sample 2709: clean gpu=[1291713:profile_batched]
2026-10-09T05:13:08+0900 sample 2710: clean gpu=[1291713:profile_batched]
2026-10-09T05:13:10+0900 sample 2711: clean gpu=[1291713:profile_batched]
2026-10-09T05:13:11+0900 sample 2712: clean gpu=[1291713:profile_batched]
2026-10-09T05:13:13+0900 sample 2713: clean gpu=[1291713:profile_batched]
2026-10-09T05:13:14+0900 sample 2714: clean gpu=[1291713:profile_batched]
2026-10-09T05:13:16+0900 sample 2715: clean gpu=[1291713:profile_batched]
2026-10-09T05:13:17+0900 sample 2716: clean gpu=[1291713:profile_batched]
2026-10-09T05:13:19+0900 sample 2717: clean gpu=[1291713:profile_batched]
2026-10-09T05:13:20+0900 sample 2718: clean gpu=[1291713:profile_batched]
2026-10-09T05:13:22+0900 sample 2719: clean gpu=[1291713:profile_batched]
2026-10-09T05:13:24+0900 sample 2720: clean gpu=[1291713:profile_batched]
2026-10-09T05:13:26+0900 sample 2721: clean gpu=[1291713:profile_batched]
2026-10-09T05:13:28+0900 sample 2722: clean gpu=[1291713:profile_batched]
2026-10-09T05:13:29+0900 sample 2723: clean gpu=[1291713:profile_batched]
2026-10-09T05:13:31+0900 sample 2724: clean gpu=[1291713:profile_batched]
2026-10-09T05:13:32+0900 sample 2725: clean gpu=[1291713:profile_batched]
2026-10-09T05:13:34+0900 sample 2726: clean gpu=[1349132:profile_batched]
2026-10-09T05:13:35+0900 sample 2727: clean gpu=[1349132:profile_batched]
2026-10-09T05:13:37+0900 sample 2728: clean gpu=[1349132:profile_batched]
2026-10-09T05:13:39+0900 sample 2729: clean gpu=[1349132:profile_batched]
2026-10-09T05:13:40+0900 sample 2730: clean gpu=[1349132:profile_batched]
2026-10-09T05:13:42+0900 sample 2731: clean gpu=[1349132:profile_batched]
2026-10-09T05:13:43+0900 sample 2732: clean gpu=[1349132:profile_batched]
2026-10-09T05:13:45+0900 sample 2733: clean gpu=[1349132:profile_batched]
2026-10-09T05:13:47+0900 sample 2734: clean gpu=[1349132:profile_batched]
2026-10-09T05:13:48+0900 sample 2735: clean gpu=[1349132:profile_batched]
2026-10-09T05:13:50+0900 sample 2736: clean gpu=[1349132:profile_batched]
2026-10-09T05:13:51+0900 sample 2737: clean gpu=[1349132:profile_batched]
2026-10-09T05:13:53+0900 sample 2738: clean gpu=[1349132:profile_batched]
2026-10-09T05:13:54+0900 sample 2739: clean gpu=[1349132:profile_batched]
2026-10-09T05:13:56+0900 sample 2740: clean gpu=[1349132:profile_batched]
2026-10-09T05:13:57+0900 sample 2741: clean gpu=[1349132:profile_batched]
2026-10-09T05:13:59+0900 sample 2742: clean gpu=[1349132:profile_batched]
2026-10-09T05:14:00+0900 sample 2743: clean gpu=[1349132:profile_batched]
2026-10-09T05:14:02+0900 sample 2744: clean gpu=[1349132:profile_batched]
2026-10-09T05:14:03+0900 sample 2745: clean gpu=[1349132:profile_batched]
2026-10-09T05:14:05+0900 sample 2746: clean gpu=[1349132:profile_batched]
2026-10-09T05:14:06+0900 sample 2747: clean gpu=[1349132:profile_batched]
2026-10-09T05:14:08+0900 sample 2748: clean gpu=[1349132:profile_batched]
2026-10-09T05:14:09+0900 sample 2749: clean gpu=[1349132:profile_batched]
2026-10-09T05:14:11+0900 sample 2750: clean gpu=[1349132:profile_batched]
2026-10-09T05:14:12+0900 sample 2751: clean gpu=[1349132:profile_batched]
2026-10-09T05:14:14+0900 sample 2752: clean gpu=[1349132:profile_batched]
2026-10-09T05:14:15+0900 sample 2753: clean gpu=[1349132:profile_batched]
2026-10-09T05:14:17+0900 sample 2754: clean gpu=[1349132:profile_batched]
2026-10-09T05:14:18+0900 sample 2755: clean gpu=[1349132:profile_batched]
2026-10-09T05:14:20+0900 sample 2756: clean gpu=[1349132:profile_batched]
2026-10-09T05:14:21+0900 sample 2757: clean gpu=[1349132:profile_batched]
2026-10-09T05:14:23+0900 sample 2758: clean gpu=[1349132:profile_batched]
2026-10-09T05:14:24+0900 sample 2759: clean gpu=[1349132:profile_batched]
2026-10-09T05:14:26+0900 sample 2760: clean gpu=[1349132:profile_batched]
2026-10-09T05:14:27+0900 sample 2761: clean gpu=[1349132:profile_batched]
2026-10-09T05:14:29+0900 sample 2762: clean gpu=[1349132:profile_batched]
2026-10-09T05:14:30+0900 sample 2763: clean gpu=[1349132:profile_batched]
2026-10-09T05:14:32+0900 sample 2764: clean gpu=[1349132:profile_batched]
2026-10-09T05:14:34+0900 sample 2765: clean gpu=[1349132:profile_batched]
2026-10-09T05:14:35+0900 sample 2766: clean gpu=[1349132:profile_batched]
2026-10-09T05:14:37+0900 sample 2767: clean gpu=[1349132:profile_batched]
2026-10-09T05:14:38+0900 sample 2768: clean gpu=[1349132:profile_batched]
2026-10-09T05:14:40+0900 sample 2769: clean gpu=[1349132:profile_batched]
2026-10-09T05:14:41+0900 sample 2770: clean gpu=[1349132:profile_batched]
2026-10-09T05:14:43+0900 sample 2771: clean gpu=[1349132:profile_batched]
2026-10-09T05:14:44+0900 sample 2772: clean gpu=[1349132:profile_batched]
2026-10-09T05:14:46+0900 sample 2773: clean gpu=[1349132:profile_batched]
2026-10-09T05:14:47+0900 sample 2774: clean gpu=[1349132:profile_batched]
2026-10-09T05:14:49+0900 sample 2775: clean gpu=[1349132:profile_batched]
2026-10-09T05:14:50+0900 sample 2776: clean gpu=[1349132:profile_batched]
2026-10-09T05:14:52+0900 sample 2777: clean gpu=[1349132:profile_batched]
2026-10-09T05:14:54+0900 sample 2778: clean gpu=[1349132:profile_batched]
2026-10-09T05:14:55+0900 sample 2779: clean gpu=[1349132:profile_batched]
2026-10-09T05:14:57+0900 sample 2780: clean gpu=[1349132:profile_batched]
2026-10-09T05:14:59+0900 sample 2781: clean gpu=[1349132:profile_batched]
2026-10-09T05:15:01+0900 sample 2782: clean gpu=[1349132:profile_batched]
2026-10-09T05:15:02+0900 sample 2783: clean gpu=[1349132:profile_batched]
2026-10-09T05:15:04+0900 sample 2784: clean gpu=[1349132:profile_batched]
2026-10-09T05:15:06+0900 sample 2785: clean gpu=[1349132:profile_batched]
2026-10-09T05:15:07+0900 sample 2786: clean gpu=[1406822:mlxcel-bench-de]
2026-10-09T05:15:09+0900 sample 2787: clean gpu=[1406822:mlxcel-bench-de]
2026-10-09T05:15:10+0900 sample 2788: clean gpu=[1406822:mlxcel-bench-de]
2026-10-09T05:15:12+0900 sample 2789: clean gpu=[1406822:mlxcel-bench-de]
2026-10-09T05:15:13+0900 sample 2790: clean gpu=[1410739:mlxcel-bench-de]
2026-10-09T05:15:15+0900 sample 2791: clean gpu=[1410739:mlxcel-bench-de]
2026-10-09T05:15:17+0900 sample 2792: clean gpu=[1410739:mlxcel-bench-de]
2026-10-09T05:15:18+0900 sample 2793: clean gpu=[1410739:mlxcel-bench-de]
2026-10-09T05:15:20+0900 sample 2794: clean gpu=[]
2026-10-09T05:15:21+0900 sample 2795: clean gpu=[1414663:mlxcel-bench-de]
2026-10-09T05:15:23+0900 sample 2796: clean gpu=[1414663:mlxcel-bench-de]
2026-10-09T05:15:24+0900 sample 2797: clean gpu=[1414663:mlxcel-bench-de]
2026-10-09T05:15:26+0900 sample 2798: clean gpu=[1414663:mlxcel-bench-de]
2026-10-09T05:15:27+0900 sample 2799: clean gpu=[1418937:mlxcel-bench-de]
2026-10-09T05:15:29+0900 sample 2800: clean gpu=[1418937:mlxcel-bench-de]
2026-10-09T05:15:30+0900 sample 2801: clean gpu=[1418937:mlxcel-bench-de]
2026-10-09T05:15:32+0900 sample 2802: clean gpu=[1418937:mlxcel-bench-de]
2026-10-09T05:15:33+0900 sample 2803: clean gpu=[1423192:mlxcel-bench-de]
2026-10-09T05:15:35+0900 sample 2804: clean gpu=[1423192:mlxcel-bench-de]
2026-10-09T05:15:36+0900 sample 2805: clean gpu=[1423192:mlxcel-bench-de]
2026-10-09T05:15:38+0900 sample 2806: clean gpu=[1423192:mlxcel-bench-de]
2026-10-09T05:15:40+0900 sample 2807: clean gpu=[1427421:mlxcel-bench-de]
2026-10-09T05:15:41+0900 sample 2808: clean gpu=[1427421:mlxcel-bench-de]
2026-10-09T05:15:43+0900 sample 2809: clean gpu=[1427421:mlxcel-bench-de]
2026-10-09T05:15:44+0900 sample 2810: clean gpu=[1427421:mlxcel-bench-de]
2026-10-09T05:15:46+0900 sample 2811: clean gpu=[1431369:mlxcel-server]
2026-10-09T05:15:47+0900 sample 2812: clean gpu=[1431369:mlxcel-server]
2026-10-09T05:15:49+0900 sample 2813: clean gpu=[1431369:mlxcel-server]
2026-10-09T05:15:50+0900 sample 2814: clean gpu=[1431369:mlxcel-server]
2026-10-09T05:15:52+0900 sample 2815: clean gpu=[1431369:mlxcel-server]
2026-10-09T05:15:53+0900 sample 2816: clean gpu=[1431369:mlxcel-server]
2026-10-09T05:15:55+0900 sample 2817: clean gpu=[1431369:mlxcel-server]
2026-10-09T05:15:56+0900 sample 2818: clean gpu=[1431369:mlxcel-server]
2026-10-09T05:15:58+0900 sample 2819: clean gpu=[1431369:mlxcel-server]
2026-10-09T05:15:59+0900 sample 2820: clean gpu=[1431369:mlxcel-server]
2026-10-09T05:16:01+0900 sample 2821: clean gpu=[1431369:mlxcel-server]
2026-10-09T05:16:02+0900 sample 2822: clean gpu=[1431369:mlxcel-server]
2026-10-09T05:16:04+0900 sample 2823: clean gpu=[1431369:mlxcel-server]
2026-10-09T05:16:05+0900 sample 2824: clean gpu=[1431369:mlxcel-server]
2026-10-09T05:16:07+0900 sample 2825: clean gpu=[1431369:mlxcel-server]
2026-10-09T05:16:08+0900 sample 2826: clean gpu=[1431369:mlxcel-server]
2026-10-09T05:16:10+0900 sample 2827: clean gpu=[1431369:mlxcel-server]
2026-10-09T05:16:12+0900 sample 2828: clean gpu=[1431369:mlxcel-server]
2026-10-09T05:16:13+0900 sample 2829: clean gpu=[1431369:mlxcel-server]
2026-10-09T05:16:15+0900 sample 2830: clean gpu=[1431369:mlxcel-server]
2026-10-09T05:16:16+0900 sample 2831: clean gpu=[1431369:mlxcel-server]
2026-10-09T05:16:18+0900 sample 2832: clean gpu=[1431369:mlxcel-server]
2026-10-09T05:16:19+0900 sample 2833: clean gpu=[1431369:mlxcel-server]
2026-10-09T05:16:21+0900 sample 2834: clean gpu=[1431369:mlxcel-server]
2026-10-09T05:16:22+0900 sample 2835: clean gpu=[1431369:mlxcel-server]
2026-10-09T05:16:24+0900 sample 2836: clean gpu=[1431369:mlxcel-server]
2026-10-09T05:16:25+0900 sample 2837: clean gpu=[1431369:mlxcel-server]
2026-10-09T05:16:27+0900 sample 2838: clean gpu=[1431369:mlxcel-server]
2026-10-09T05:16:28+0900 sample 2839: clean gpu=[1431369:mlxcel-server]
2026-10-09T05:16:30+0900 sample 2840: clean gpu=[1431369:mlxcel-server]
2026-10-09T05:16:32+0900 sample 2841: clean gpu=[1431369:mlxcel-server]
2026-10-09T05:16:33+0900 sample 2842: clean gpu=[1431369:mlxcel-server]
2026-10-09T05:16:35+0900 sample 2843: clean gpu=[1431369:mlxcel-server]
2026-10-09T05:16:36+0900 sample 2844: clean gpu=[1431369:mlxcel-server]
2026-10-09T05:16:38+0900 sample 2845: clean gpu=[1431369:mlxcel-server]
2026-10-09T05:16:39+0900 sample 2846: clean gpu=[1431369:mlxcel-server]
2026-10-09T05:16:41+0900 sample 2847: clean gpu=[1431369:mlxcel-server]
2026-10-09T05:16:42+0900 sample 2848: clean gpu=[1431369:mlxcel-server]
2026-10-09T05:16:44+0900 sample 2849: clean gpu=[1431369:mlxcel-server]
2026-10-09T05:16:45+0900 sample 2850: clean gpu=[1431369:mlxcel-server]
2026-10-09T05:16:47+0900 sample 2851: clean gpu=[1431369:mlxcel-server]
2026-10-09T05:16:48+0900 sample 2852: clean gpu=[1431369:mlxcel-server]
2026-10-09T05:16:50+0900 sample 2853: clean gpu=[1431369:mlxcel-server]
2026-10-09T05:16:51+0900 sample 2854: clean gpu=[1431369:mlxcel-server]
2026-10-09T05:16:53+0900 sample 2855: clean gpu=[1431369:mlxcel-server]
2026-10-09T05:16:54+0900 sample 2856: clean gpu=[1431369:mlxcel-server]
2026-10-09T05:16:56+0900 sample 2857: clean gpu=[1431369:mlxcel-server]
2026-10-09T05:16:57+0900 sample 2858: clean gpu=[1431369:mlxcel-server]
2026-10-09T05:16:59+0900 sample 2859: clean gpu=[1431369:mlxcel-server]
2026-10-09T05:17:00+0900 sample 2860: clean gpu=[1431369:mlxcel-server]
2026-10-09T05:17:02+0900 sample 2861: clean gpu=[1431369:mlxcel-server]
2026-10-09T05:17:03+0900 sample 2862: clean gpu=[1431369:mlxcel-server]
2026-10-09T05:17:05+0900 sample 2863: clean gpu=[1431369:mlxcel-server]
2026-10-09T05:17:06+0900 sample 2864: clean gpu=[1431369:mlxcel-server]
2026-10-09T05:17:08+0900 sample 2865: clean gpu=[1431369:mlxcel-server]
2026-10-09T05:17:09+0900 sample 2866: clean gpu=[1431369:mlxcel-server]
2026-10-09T05:17:11+0900 sample 2867: clean gpu=[1431369:mlxcel-server]
2026-10-09T05:17:12+0900 sample 2868: clean gpu=[1431369:mlxcel-server]
2026-10-09T05:17:14+0900 sample 2869: clean gpu=[1431369:mlxcel-server]
2026-10-09T05:17:15+0900 sample 2870: clean gpu=[1431369:mlxcel-server]
2026-10-09T05:17:17+0900 sample 2871: clean gpu=[1431369:mlxcel-server]
2026-10-09T05:17:18+0900 sample 2872: clean gpu=[1431369:mlxcel-server]
2026-10-09T05:17:20+0900 sample 2873: clean gpu=[1431369:mlxcel-server]
2026-10-09T05:17:21+0900 sample 2874: clean gpu=[1431369:mlxcel-server]
2026-10-09T05:17:22+0900 sample 2875: clean gpu=[1431369:mlxcel-server]
2026-10-09T05:17:24+0900 sample 2876: clean gpu=[1431369:mlxcel-server]
2026-10-09T05:17:25+0900 sample 2877: clean gpu=[1431369:mlxcel-server]
2026-10-09T05:17:27+0900 sample 2878: clean gpu=[1431369:mlxcel-server]
2026-10-09T05:17:28+0900 sample 2879: clean gpu=[1431369:mlxcel-server]
2026-10-09T05:17:30+0900 sample 2880: clean gpu=[1431369:mlxcel-server]
2026-10-09T05:17:31+0900 sample 2881: clean gpu=[1431369:mlxcel-server]
2026-10-09T05:17:33+0900 sample 2882: clean gpu=[1431369:mlxcel-server]
2026-10-09T05:17:34+0900 sample 2883: clean gpu=[1431369:mlxcel-server]
2026-10-09T05:17:36+0900 sample 2884: clean gpu=[1431369:mlxcel-server]
2026-10-09T05:17:37+0900 sample 2885: clean gpu=[1431369:mlxcel-server]
2026-10-09T05:17:39+0900 sample 2886: clean gpu=[1431369:mlxcel-server]
2026-10-09T05:17:40+0900 sample 2887: clean gpu=[1431369:mlxcel-server]
2026-10-09T05:17:42+0900 sample 2888: clean gpu=[1431369:mlxcel-server]
2026-10-09T05:17:43+0900 sample 2889: clean gpu=[1431369:mlxcel-server]
2026-10-09T05:17:45+0900 sample 2890: clean gpu=[1431369:mlxcel-server]
2026-10-09T05:17:46+0900 sample 2891: clean gpu=[1431369:mlxcel-server]
2026-10-09T05:17:48+0900 sample 2892: clean gpu=[1431369:mlxcel-server]
2026-10-09T05:17:49+0900 monitor: 2892 samples
2026-10-09T05:17:49+0900 attempt 1: CLEAN, exit 0
