2026-10-09T05:21:13+0900 waiting for guard lock /tmp/mlxcel-rocm-gpu-guard.lock
2026-10-09T05:54:36+0900 acquired guard lock /tmp/mlxcel-rocm-gpu-guard.lock after 2003s
2026-10-09T05:54:36+0900 waiting for 60s of idle GPU and no compiler
2026-10-09T05:56:03+0900 idle for 60s: kfd proc empty and no compiler in every 1 Hz sample
2026-10-09T05:56:03+0900 attempt 1/6: start: <meas>/run_s6.sh <meas>/s6
2026-10-09T05:56:04+0900 sample 1: clean gpu=[]
2026-10-09T05:56:05+0900 sample 2: clean gpu=[]
2026-10-09T05:56:07+0900 sample 3: clean gpu=[2238184:mlxcel-server]
2026-10-09T05:56:08+0900 sample 4: clean gpu=[2238184:mlxcel-server]
2026-10-09T05:56:10+0900 sample 5: clean gpu=[2238184:mlxcel-server]
2026-10-09T05:56:11+0900 sample 6: clean gpu=[2238184:mlxcel-server]
2026-10-09T05:56:13+0900 sample 7: clean gpu=[2238184:mlxcel-server]
2026-10-09T05:56:14+0900 sample 8: clean gpu=[2238184:mlxcel-server]
2026-10-09T05:56:16+0900 sample 9: clean gpu=[2238184:mlxcel-server]
2026-10-09T05:56:17+0900 sample 10: clean gpu=[2238184:mlxcel-server]
2026-10-09T05:56:19+0900 sample 11: clean gpu=[2238184:mlxcel-server]
2026-10-09T05:56:20+0900 sample 12: clean gpu=[2238184:mlxcel-server]
2026-10-09T05:56:22+0900 sample 13: clean gpu=[2238184:mlxcel-server]
2026-10-09T05:56:23+0900 sample 14: clean gpu=[2238184:mlxcel-server]
2026-10-09T05:56:25+0900 sample 15: clean gpu=[2238184:mlxcel-server]
2026-10-09T05:56:26+0900 sample 16: clean gpu=[2238184:mlxcel-server]
2026-10-09T05:56:28+0900 sample 17: clean gpu=[2238184:mlxcel-server]
2026-10-09T05:56:30+0900 sample 18: clean gpu=[2238184:mlxcel-server]
2026-10-09T05:56:31+0900 sample 19: clean gpu=[2238184:mlxcel-server]
2026-10-09T05:56:33+0900 sample 20: clean gpu=[2238184:mlxcel-server]
2026-10-09T05:56:34+0900 sample 21: clean gpu=[2238184:mlxcel-server]
2026-10-09T05:56:36+0900 sample 22: clean gpu=[2238184:mlxcel-server]
2026-10-09T05:56:37+0900 sample 23: clean gpu=[2238184:mlxcel-server]
2026-10-09T05:56:39+0900 sample 24: clean gpu=[2238184:mlxcel-server]
2026-10-09T05:56:40+0900 sample 25: clean gpu=[2238184:mlxcel-server]
2026-10-09T05:56:42+0900 sample 26: clean gpu=[2238184:mlxcel-server]
2026-10-09T05:56:43+0900 sample 27: clean gpu=[2238184:mlxcel-server]
2026-10-09T05:56:45+0900 sample 28: clean gpu=[2238184:mlxcel-server]
2026-10-09T05:56:46+0900 sample 29: clean gpu=[2238184:mlxcel-server]
2026-10-09T05:56:48+0900 sample 30: clean gpu=[2238184:mlxcel-server]
2026-10-09T05:56:49+0900 sample 31: clean gpu=[2238184:mlxcel-server]
2026-10-09T05:56:50+0900 sample 32: clean gpu=[2238184:mlxcel-server]
2026-10-09T05:56:52+0900 sample 33: clean gpu=[2238184:mlxcel-server]
2026-10-09T05:56:53+0900 sample 34: clean gpu=[2238184:mlxcel-server]
2026-10-09T05:56:55+0900 sample 35: clean gpu=[2238184:mlxcel-server]
2026-10-09T05:56:56+0900 sample 36: clean gpu=[2238184:mlxcel-server]
2026-10-09T05:56:58+0900 sample 37: clean gpu=[2238184:mlxcel-server]
2026-10-09T05:56:59+0900 sample 38: clean gpu=[2238184:mlxcel-server]
2026-10-09T05:57:01+0900 sample 39: clean gpu=[2238184:mlxcel-server]
2026-10-09T05:57:02+0900 sample 40: clean gpu=[2238184:mlxcel-server]
2026-10-09T05:57:04+0900 sample 41: clean gpu=[2238184:mlxcel-server]
2026-10-09T05:57:05+0900 sample 42: clean gpu=[2238184:mlxcel-server]
2026-10-09T05:57:07+0900 sample 43: clean gpu=[2238184:mlxcel-server]
2026-10-09T05:57:08+0900 sample 44: clean gpu=[2238184:mlxcel-server]
2026-10-09T05:57:10+0900 sample 45: clean gpu=[2238184:mlxcel-server]
2026-10-09T05:57:11+0900 sample 46: clean gpu=[2238184:mlxcel-server]
2026-10-09T05:57:13+0900 sample 47: clean gpu=[2238184:mlxcel-server]
2026-10-09T05:57:14+0900 sample 48: clean gpu=[2238184:mlxcel-server]
2026-10-09T05:57:16+0900 sample 49: clean gpu=[2238184:mlxcel-server]
2026-10-09T05:57:17+0900 sample 50: clean gpu=[2238184:mlxcel-server]
2026-10-09T05:57:19+0900 sample 51: clean gpu=[2238184:mlxcel-server]
2026-10-09T05:57:20+0900 sample 52: clean gpu=[2238184:mlxcel-server]
2026-10-09T05:57:21+0900 sample 53: clean gpu=[2238184:mlxcel-server]
2026-10-09T05:57:23+0900 sample 54: clean gpu=[2238184:mlxcel-server]
2026-10-09T05:57:24+0900 sample 55: clean gpu=[2238184:mlxcel-server]
2026-10-09T05:57:26+0900 sample 56: clean gpu=[2238184:mlxcel-server]
2026-10-09T05:57:27+0900 sample 57: clean gpu=[2238184:mlxcel-server]
2026-10-09T05:57:29+0900 sample 58: clean gpu=[2238184:mlxcel-server]
2026-10-09T05:57:30+0900 sample 59: clean gpu=[2238184:mlxcel-server]
2026-10-09T05:57:32+0900 sample 60: clean gpu=[2238184:mlxcel-server]
2026-10-09T05:57:33+0900 sample 61: clean gpu=[2238184:mlxcel-server]
2026-10-09T05:57:35+0900 sample 62: clean gpu=[2238184:mlxcel-server]
2026-10-09T05:57:36+0900 sample 63: clean gpu=[2238184:mlxcel-server]
2026-10-09T05:57:38+0900 sample 64: clean gpu=[2238184:mlxcel-server]
2026-10-09T05:57:39+0900 sample 65: clean gpu=[2238184:mlxcel-server]
2026-10-09T05:57:41+0900 sample 66: clean gpu=[2238184:mlxcel-server]
2026-10-09T05:57:42+0900 sample 67: clean gpu=[2238184:mlxcel-server]
2026-10-09T05:57:44+0900 sample 68: clean gpu=[2238184:mlxcel-server]
2026-10-09T05:57:45+0900 sample 69: clean gpu=[2238184:mlxcel-server]
2026-10-09T05:57:47+0900 sample 70: clean gpu=[2238184:mlxcel-server]
2026-10-09T05:57:48+0900 sample 71: clean gpu=[2238184:mlxcel-server]
2026-10-09T05:57:50+0900 sample 72: clean gpu=[2238184:mlxcel-server]
2026-10-09T05:57:51+0900 sample 73: clean gpu=[2238184:mlxcel-server]
2026-10-09T05:57:53+0900 sample 74: clean gpu=[2238184:mlxcel-server]
2026-10-09T05:57:54+0900 sample 75: clean gpu=[2238184:mlxcel-server]
2026-10-09T05:57:56+0900 sample 76: clean gpu=[2238184:mlxcel-server]
2026-10-09T05:57:57+0900 sample 77: clean gpu=[2238184:mlxcel-server]
2026-10-09T05:57:59+0900 sample 78: clean gpu=[2238184:mlxcel-server]
2026-10-09T05:58:00+0900 sample 79: clean gpu=[2238184:mlxcel-server]
2026-10-09T05:58:02+0900 sample 80: clean gpu=[2238184:mlxcel-server]
2026-10-09T05:58:03+0900 sample 81: clean gpu=[2238184:mlxcel-server]
2026-10-09T05:58:05+0900 sample 82: clean gpu=[2238184:mlxcel-server]
2026-10-09T05:58:06+0900 sample 83: clean gpu=[2238184:mlxcel-server]
2026-10-09T05:58:08+0900 sample 84: clean gpu=[2238184:mlxcel-server]
2026-10-09T05:58:09+0900 sample 85: clean gpu=[2238184:mlxcel-server]
2026-10-09T05:58:10+0900 sample 86: clean gpu=[2238184:mlxcel-server]
2026-10-09T05:58:12+0900 sample 87: clean gpu=[2238184:mlxcel-server]
2026-10-09T05:58:13+0900 sample 88: clean gpu=[2238184:mlxcel-server]
2026-10-09T05:58:15+0900 sample 89: clean gpu=[2238184:mlxcel-server]
2026-10-09T05:58:16+0900 sample 90: clean gpu=[2238184:mlxcel-server]
2026-10-09T05:58:18+0900 sample 91: clean gpu=[2238184:mlxcel-server]
2026-10-09T05:58:19+0900 sample 92: CONTENDED foreign_gpu=[] compilers=[2321184:cargo]
2026-10-09T05:58:21+0900 sample 93: CONTENDED foreign_gpu=[] compilers=[2321184:cargo,2322416:hipcc,2322418:hipcc,2322420:hipcc,2322421:hipcc,2322422:hipcc,2322434:hipcc,2322442:clang++,2322443:clang++,2322444:clang++,2322445:clang++,2322446:clang++,2322448:clang++,2322449:clang-23,2322450:clang-23,2322451:clang-23,2322452:clang-23,2322453:clang-23,2322454:clang-23]
2026-10-09T05:58:22+0900 sample 94: CONTENDED foreign_gpu=[] compilers=[2321184:cargo,2322416:hipcc,2322418:hipcc,2322420:hipcc,2322421:hipcc,2322422:hipcc,2322434:hipcc,2322442:clang++,2322443:clang++,2322444:clang++,2322445:clang++,2322446:clang++,2322448:clang++,2322449:clang-23,2322450:clang-23,2322451:clang-23,2322452:clang-23,2322453:clang-23,2323483:clang-23]
2026-10-09T05:58:23+0900 sample 95: CONTENDED foreign_gpu=[] compilers=[2321184:cargo,2322416:hipcc,2322420:hipcc,2322421:hipcc,2322422:hipcc,2322434:hipcc,2322442:clang++,2322443:clang++,2322444:clang++,2322446:clang++,2322448:clang++,2322449:clang-23,2322450:clang-23,2322451:clang-23,2322452:clang-23,2322453:clang-23]
2026-10-09T05:58:25+0900 sample 96: CONTENDED foreign_gpu=[] compilers=[2321184:cargo,2322416:hipcc,2322420:hipcc,2322421:hipcc,2322422:hipcc,2322434:hipcc,2322442:clang++,2322443:clang++,2322444:clang++,2322446:clang++,2322448:clang++,2322449:clang-23,2322450:clang-23,2322451:clang-23,2322452:clang-23,2322453:clang-23]
2026-10-09T05:58:26+0900 sample 97: CONTENDED foreign_gpu=[] compilers=[2321184:cargo,2322416:hipcc,2322420:hipcc,2322421:hipcc,2322422:hipcc,2322434:hipcc,2322442:clang++,2322443:clang++,2322444:clang++,2322446:clang++,2322448:clang++,2322449:clang-23,2322450:clang-23,2322451:clang-23,2322452:clang-23,2322453:clang-23]
2026-10-09T05:58:27+0900 sample 98: CONTENDED foreign_gpu=[] compilers=[2321184:cargo,2322416:hipcc,2322420:hipcc,2322421:hipcc,2322422:hipcc,2322434:hipcc,2322442:clang++,2322443:clang++,2322444:clang++,2322446:clang++,2322448:clang++,2322449:clang-23,2322450:clang-23,2322451:clang-23,2322452:clang-23,2322453:clang-23]
2026-10-09T05:58:29+0900 sample 99: CONTENDED foreign_gpu=[] compilers=[2321184:cargo,2322416:hipcc,2322420:hipcc,2322421:hipcc,2322422:hipcc,2322434:hipcc,2322442:clang++,2322443:clang++,2322444:clang++,2322446:clang++,2322448:clang++,2322449:clang-23,2322450:clang-23,2322452:clang-23,2322453:clang-23,2328439:clang-23]
2026-10-09T05:58:30+0900 sample 100: CONTENDED foreign_gpu=[] compilers=[2321184:cargo,2322416:hipcc,2322420:hipcc,2322421:hipcc,2322422:hipcc,2322434:hipcc,2322442:clang++,2322443:clang++,2322444:clang++,2322446:clang++,2322448:clang++,2322450:clang-23,2322452:clang-23,2322453:clang-23,2328439:clang-23,2329421:clang-23]
2026-10-09T05:58:32+0900 sample 101: CONTENDED foreign_gpu=[] compilers=[2321184:cargo,2322416:hipcc,2322420:hipcc,2322421:hipcc,2322422:hipcc,2322434:hipcc,2322442:clang++,2322443:clang++,2322444:clang++,2322446:clang++,2322448:clang++,2322452:clang-23,2322453:clang-23,2328439:clang-23,2329421:clang-23]
2026-10-09T05:58:33+0900 sample 102: CONTENDED foreign_gpu=[] compilers=[2321184:cargo,2322416:hipcc,2322420:hipcc,2322421:hipcc,2322422:hipcc,2322434:hipcc,2322442:clang++,2322443:clang++,2322444:clang++,2322446:clang++,2322448:clang++,2322452:clang-23,2322453:clang-23,2328439:clang-23,2329421:clang-23,2330795:clang-23]
2026-10-09T05:58:34+0900 sample 103: CONTENDED foreign_gpu=[] compilers=[2321184:cargo,2322416:hipcc,2322420:hipcc,2322421:hipcc,2322422:hipcc,2322434:hipcc,2322442:clang++,2322443:clang++,2322444:clang++,2322446:clang++,2322448:clang++,2322452:clang-23,2322453:clang-23,2328439:clang-23,2329421:clang-23,2330795:clang-23]
2026-10-09T05:58:36+0900 sample 104: CONTENDED foreign_gpu=[] compilers=[2321184:cargo,2322416:hipcc,2322420:hipcc,2322421:hipcc,2322422:hipcc,2322434:hipcc,2322442:clang++,2322443:clang++,2322444:clang++,2322446:clang++,2322448:clang++,2322452:clang-23,2322453:clang-23,2328439:clang-23,2329421:clang-23,2330795:clang-23]
2026-10-09T05:58:37+0900 sample 105: CONTENDED foreign_gpu=[] compilers=[2321184:cargo,2322416:hipcc,2322420:hipcc,2322421:hipcc,2322422:hipcc,2322434:hipcc,2322442:clang++,2322443:clang++,2322444:clang++,2322446:clang++,2322448:clang++,2322453:clang-23,2328439:clang-23,2329421:clang-23,2330795:clang-23,2334399:clang-23]
2026-10-09T05:58:38+0900 sample 106: CONTENDED foreign_gpu=[] compilers=[2321184:cargo,2322416:hipcc,2322420:hipcc,2322421:hipcc,2322422:hipcc,2322434:hipcc,2322442:clang++,2322443:clang++,2322444:clang++,2322446:clang++,2322448:clang++,2322453:clang-23,2328439:clang-23,2329421:clang-23,2330795:clang-23,2334399:clang-23]
2026-10-09T05:58:40+0900 sample 107: CONTENDED foreign_gpu=[] compilers=[2321184:cargo,2322416:hipcc,2322420:hipcc,2322434:hipcc,2322442:clang++,2322443:clang++,2322444:clang++,2322453:clang-23,2330795:clang-23,2334399:clang-23]
2026-10-09T05:58:41+0900 sample 108: CONTENDED foreign_gpu=[] compilers=[2321184:cargo,2322416:hipcc,2322420:hipcc,2322434:hipcc,2322442:clang++,2322443:clang++,2322444:clang++,2322453:clang-23,2330795:clang-23,2334399:clang-23]
2026-10-09T05:58:43+0900 sample 109: CONTENDED foreign_gpu=[] compilers=[2321184:cargo,2322416:hipcc,2322420:hipcc,2322434:hipcc,2322442:clang++,2322443:clang++,2322444:clang++,2322453:clang-23,2330795:clang-23,2334399:clang-23]
2026-10-09T05:58:44+0900 sample 110: CONTENDED foreign_gpu=[] compilers=[2321184:cargo,2322416:hipcc,2322420:hipcc,2322434:hipcc,2322442:clang++,2322443:clang++,2322444:clang++,2322453:clang-23,2330795:clang-23,2334399:clang-23]
2026-10-09T05:58:46+0900 sample 111: CONTENDED foreign_gpu=[] compilers=[2321184:cargo,2322416:hipcc,2322420:hipcc,2322434:hipcc,2322442:clang++,2322443:clang++,2322444:clang++,2322453:clang-23,2330795:clang-23,2334399:clang-23]
2026-10-09T05:58:48+0900 sample 112: CONTENDED foreign_gpu=[] compilers=[2321184:cargo,2322416:hipcc,2322420:hipcc,2322434:hipcc,2322442:clang++,2322443:clang++,2322444:clang++,2322453:clang-23,2330795:clang-23,2334399:clang-23]
2026-10-09T05:58:49+0900 sample 113: CONTENDED foreign_gpu=[] compilers=[2321184:cargo,2322416:hipcc,2322434:hipcc,2322443:clang++,2322444:clang++,2322453:clang-23,2334399:clang-23]
2026-10-09T05:58:51+0900 sample 114: CONTENDED foreign_gpu=[] compilers=[2321184:cargo,2322434:hipcc,2322443:clang++,2322453:clang-23]
2026-10-09T05:58:52+0900 sample 115: CONTENDED foreign_gpu=[] compilers=[2321184:cargo,2322434:hipcc,2322443:clang++,2322453:clang-23]
2026-10-09T05:58:54+0900 sample 116: CONTENDED foreign_gpu=[] compilers=[2321184:cargo,2322434:hipcc,2322443:clang++,2322453:clang-23]
2026-10-09T05:58:55+0900 sample 117: CONTENDED foreign_gpu=[] compilers=[2321184:cargo,2322434:hipcc,2322443:clang++,2345919:clang-23]
2026-10-09T05:58:56+0900 sample 118: CONTENDED foreign_gpu=[] compilers=[2321184:cargo,2322434:hipcc,2322443:clang++,2345919:clang-23]
2026-10-09T05:58:58+0900 sample 119: CONTENDED foreign_gpu=[] compilers=[2321184:cargo,2322434:hipcc,2322443:clang++,2345919:clang-23]
2026-10-09T05:58:59+0900 sample 120: CONTENDED foreign_gpu=[] compilers=[2321184:cargo,2322434:hipcc,2322443:clang++,2345919:clang-23]
2026-10-09T05:59:01+0900 sample 121: CONTENDED foreign_gpu=[] compilers=[2321184:cargo,2322434:hipcc,2322443:clang++,2345919:clang-23]
2026-10-09T05:59:02+0900 sample 122: CONTENDED foreign_gpu=[] compilers=[2321184:cargo]
2026-10-09T05:59:04+0900 sample 123: CONTENDED foreign_gpu=[] compilers=[2321184:cargo,2351418:cc1plus]
2026-10-09T05:59:05+0900 sample 124: CONTENDED foreign_gpu=[] compilers=[2321184:cargo,2352571:cc1plus]
2026-10-09T05:59:07+0900 sample 125: CONTENDED foreign_gpu=[] compilers=[2321184:cargo,2353503:cc1plus]
2026-10-09T05:59:08+0900 sample 126: CONTENDED foreign_gpu=[] compilers=[2321184:cargo,2353503:cc1plus]
2026-10-09T05:59:10+0900 sample 127: CONTENDED foreign_gpu=[] compilers=[2321184:cargo,2353503:cc1plus]
2026-10-09T05:59:11+0900 sample 128: CONTENDED foreign_gpu=[] compilers=[2321184:cargo,2353503:cc1plus]
2026-10-09T05:59:13+0900 sample 129: CONTENDED foreign_gpu=[] compilers=[2321184:cargo,2353503:cc1plus]
2026-10-09T05:59:14+0900 sample 130: CONTENDED foreign_gpu=[] compilers=[2321184:cargo,2353503:cc1plus]
2026-10-09T05:59:16+0900 sample 131: CONTENDED foreign_gpu=[] compilers=[2321184:cargo,2353503:cc1plus]
2026-10-09T05:59:17+0900 sample 132: CONTENDED foreign_gpu=[] compilers=[2321184:cargo,2360137:cc1plus]
2026-10-09T05:59:19+0900 sample 133: CONTENDED foreign_gpu=[] compilers=[2321184:cargo,2360137:cc1plus]
2026-10-09T05:59:20+0900 sample 134: CONTENDED foreign_gpu=[] compilers=[2321184:cargo,2361999:cc1plus]
2026-10-09T05:59:22+0900 sample 135: CONTENDED foreign_gpu=[] compilers=[2321184:cargo,2362915:cc1plus]
2026-10-09T05:59:23+0900 sample 136: CONTENDED foreign_gpu=[] compilers=[2321184:cargo,2363857:cc1plus]
2026-10-09T05:59:25+0900 sample 137: CONTENDED foreign_gpu=[] compilers=[2321184:cargo,2363857:cc1plus]
2026-10-09T05:59:26+0900 sample 138: CONTENDED foreign_gpu=[] compilers=[2321184:cargo,2363857:cc1plus]
2026-10-09T05:59:28+0900 sample 139: CONTENDED foreign_gpu=[] compilers=[2321184:cargo]
2026-10-09T05:59:29+0900 sample 140: CONTENDED foreign_gpu=[] compilers=[2321184:cargo,2367543:cc1plus]
2026-10-09T05:59:30+0900 sample 141: CONTENDED foreign_gpu=[] compilers=[2321184:cargo,2368458:cc1plus]
2026-10-09T05:59:32+0900 sample 142: CONTENDED foreign_gpu=[] compilers=[2321184:cargo,2369370:cc1plus]
2026-10-09T05:59:33+0900 sample 143: CONTENDED foreign_gpu=[] compilers=[2321184:cargo,2370289:cc1plus]
2026-10-09T05:59:35+0900 sample 144: CONTENDED foreign_gpu=[] compilers=[2321184:cargo]
2026-10-09T05:59:36+0900 sample 145: CONTENDED foreign_gpu=[] compilers=[2321184:cargo,2372207:cc1plus]
2026-10-09T05:59:38+0900 sample 146: CONTENDED foreign_gpu=[] compilers=[2321184:cargo]
2026-10-09T05:59:39+0900 sample 147: CONTENDED foreign_gpu=[] compilers=[2321184:cargo,2373518:rustc]
2026-10-09T05:59:41+0900 sample 148: CONTENDED foreign_gpu=[] compilers=[2321184:cargo,2373518:rustc]
2026-10-09T05:59:42+0900 sample 149: CONTENDED foreign_gpu=[] compilers=[2321184:cargo,2373518:rustc,2375981:rustc]
2026-10-09T05:59:44+0900 sample 150: CONTENDED foreign_gpu=[] compilers=[2321184:cargo,2373518:rustc,2375981:rustc,2376459:rustc]
2026-10-09T05:59:45+0900 sample 151: CONTENDED foreign_gpu=[] compilers=[2321184:cargo,2373518:rustc,2376459:rustc]
2026-10-09T05:59:47+0900 sample 152: CONTENDED foreign_gpu=[] compilers=[2321184:cargo,2373518:rustc,2376459:rustc]
2026-10-09T05:59:48+0900 sample 153: CONTENDED foreign_gpu=[] compilers=[2321184:cargo,2373518:rustc,2376459:rustc]
2026-10-09T05:59:50+0900 sample 154: CONTENDED foreign_gpu=[] compilers=[2321184:cargo,2373518:rustc,2376459:rustc]
2026-10-09T05:59:51+0900 sample 155: CONTENDED foreign_gpu=[] compilers=[2321184:cargo,2373518:rustc,2376459:rustc]
2026-10-09T05:59:53+0900 sample 156: CONTENDED foreign_gpu=[] compilers=[2321184:cargo,2376459:rustc]
2026-10-09T05:59:54+0900 sample 157: CONTENDED foreign_gpu=[] compilers=[2321184:cargo,2376459:rustc]
2026-10-09T05:59:56+0900 sample 158: CONTENDED foreign_gpu=[] compilers=[2321184:cargo,2376459:rustc]
2026-10-09T05:59:57+0900 sample 159: CONTENDED foreign_gpu=[] compilers=[2321184:cargo,2376459:rustc]
2026-10-09T05:59:59+0900 sample 160: CONTENDED foreign_gpu=[] compilers=[2321184:cargo,2376459:rustc]
2026-10-09T06:00:00+0900 sample 161: CONTENDED foreign_gpu=[] compilers=[2321184:cargo,2376459:rustc]
2026-10-09T06:00:02+0900 sample 162: CONTENDED foreign_gpu=[] compilers=[2321184:cargo,2376459:rustc]
2026-10-09T06:00:03+0900 sample 163: CONTENDED foreign_gpu=[] compilers=[2321184:cargo,2376459:rustc]
2026-10-09T06:00:05+0900 sample 164: CONTENDED foreign_gpu=[] compilers=[2321184:cargo,2376459:rustc]
2026-10-09T06:00:06+0900 sample 165: CONTENDED foreign_gpu=[] compilers=[2321184:cargo,2376459:rustc]
2026-10-09T06:00:08+0900 sample 166: CONTENDED foreign_gpu=[] compilers=[2321184:cargo,2376459:rustc]
2026-10-09T06:00:09+0900 sample 167: CONTENDED foreign_gpu=[] compilers=[2321184:cargo,2376459:rustc]
2026-10-09T06:00:10+0900 sample 168: CONTENDED foreign_gpu=[] compilers=[2321184:cargo,2376459:rustc]
2026-10-09T06:00:12+0900 sample 169: CONTENDED foreign_gpu=[] compilers=[2321184:cargo,2376459:rustc]
2026-10-09T06:00:13+0900 sample 170: CONTENDED foreign_gpu=[] compilers=[2321184:cargo,2376459:rustc]
2026-10-09T06:00:15+0900 sample 171: CONTENDED foreign_gpu=[] compilers=[2321184:cargo,2376459:rustc]
2026-10-09T06:00:16+0900 sample 172: CONTENDED foreign_gpu=[] compilers=[2321184:cargo,2376459:rustc]
2026-10-09T06:00:18+0900 sample 173: CONTENDED foreign_gpu=[] compilers=[2321184:cargo,2376459:rustc]
2026-10-09T06:00:19+0900 sample 174: CONTENDED foreign_gpu=[] compilers=[2321184:cargo,2376459:rustc]
2026-10-09T06:00:21+0900 sample 175: CONTENDED foreign_gpu=[] compilers=[2321184:cargo,2376459:rustc]
2026-10-09T06:00:22+0900 sample 176: CONTENDED foreign_gpu=[] compilers=[2321184:cargo,2376459:rustc]
2026-10-09T06:00:24+0900 sample 177: CONTENDED foreign_gpu=[] compilers=[2321184:cargo,2376459:rustc]
2026-10-09T06:00:25+0900 sample 178: CONTENDED foreign_gpu=[] compilers=[2321184:cargo,2376459:rustc]
2026-10-09T06:00:27+0900 sample 179: CONTENDED foreign_gpu=[] compilers=[2321184:cargo,2376459:rustc]
2026-10-09T06:00:28+0900 sample 180: CONTENDED foreign_gpu=[] compilers=[2321184:cargo,2376459:rustc]
2026-10-09T06:00:30+0900 sample 181: CONTENDED foreign_gpu=[] compilers=[2321184:cargo,2376459:rustc]
2026-10-09T06:00:31+0900 sample 182: CONTENDED foreign_gpu=[] compilers=[2321184:cargo,2376459:rustc]
2026-10-09T06:00:32+0900 sample 183: CONTENDED foreign_gpu=[] compilers=[2321184:cargo,2376459:rustc]
2026-10-09T06:00:34+0900 sample 184: CONTENDED foreign_gpu=[] compilers=[2321184:cargo,2376459:rustc]
2026-10-09T06:00:35+0900 sample 185: CONTENDED foreign_gpu=[] compilers=[2321184:cargo,2376459:rustc]
2026-10-09T06:00:37+0900 sample 186: CONTENDED foreign_gpu=[] compilers=[2321184:cargo,2376459:rustc]
2026-10-09T06:00:38+0900 sample 187: CONTENDED foreign_gpu=[] compilers=[2321184:cargo,2376459:rustc]
2026-10-09T06:00:40+0900 sample 188: CONTENDED foreign_gpu=[] compilers=[2321184:cargo,2376459:rustc]
2026-10-09T06:00:41+0900 sample 189: CONTENDED foreign_gpu=[] compilers=[2321184:cargo,2376459:rustc]
2026-10-09T06:00:43+0900 sample 190: CONTENDED foreign_gpu=[] compilers=[2321184:cargo,2376459:rustc]
2026-10-09T06:00:44+0900 sample 191: CONTENDED foreign_gpu=[] compilers=[2321184:cargo,2376459:rustc]
2026-10-09T06:00:46+0900 sample 192: CONTENDED foreign_gpu=[] compilers=[2321184:cargo,2376459:rustc]
2026-10-09T06:00:47+0900 sample 193: CONTENDED foreign_gpu=[] compilers=[2321184:cargo,2376459:rustc]
2026-10-09T06:00:49+0900 sample 194: CONTENDED foreign_gpu=[] compilers=[2321184:cargo,2376459:rustc]
2026-10-09T06:00:51+0900 sample 195: CONTENDED foreign_gpu=[] compilers=[2321184:cargo,2376459:rustc]
2026-10-09T06:00:52+0900 sample 196: CONTENDED foreign_gpu=[] compilers=[2321184:cargo,2376459:rustc]
2026-10-09T06:00:54+0900 sample 197: CONTENDED foreign_gpu=[] compilers=[2321184:cargo,2376459:rustc]
2026-10-09T06:00:55+0900 sample 198: CONTENDED foreign_gpu=[] compilers=[2321184:cargo,2376459:rustc]
2026-10-09T06:00:57+0900 sample 199: CONTENDED foreign_gpu=[] compilers=[2321184:cargo,2376459:rustc]
2026-10-09T06:00:58+0900 sample 200: CONTENDED foreign_gpu=[] compilers=[2321184:cargo,2376459:rustc]
2026-10-09T06:01:00+0900 sample 201: CONTENDED foreign_gpu=[] compilers=[2321184:cargo,2376459:rustc]
2026-10-09T06:01:01+0900 sample 202: CONTENDED foreign_gpu=[] compilers=[2321184:cargo,2376459:rustc]
2026-10-09T06:01:03+0900 sample 203: CONTENDED foreign_gpu=[] compilers=[2321184:cargo,2376459:rustc]
2026-10-09T06:01:05+0900 sample 204: CONTENDED foreign_gpu=[] compilers=[2321184:cargo,2376459:rustc]
2026-10-09T06:01:06+0900 sample 205: CONTENDED foreign_gpu=[] compilers=[2321184:cargo,2376459:rustc]
2026-10-09T06:01:08+0900 sample 206: CONTENDED foreign_gpu=[] compilers=[2321184:cargo,2376459:rustc]
2026-10-09T06:01:09+0900 sample 207: CONTENDED foreign_gpu=[] compilers=[2321184:cargo,2376459:rustc]
2026-10-09T06:01:11+0900 sample 208: CONTENDED foreign_gpu=[] compilers=[2321184:cargo,2376459:rustc]
2026-10-09T06:01:12+0900 sample 209: CONTENDED foreign_gpu=[] compilers=[2321184:cargo,2376459:rustc]
2026-10-09T06:01:14+0900 sample 210: CONTENDED foreign_gpu=[] compilers=[2321184:cargo,2376459:rustc]
2026-10-09T06:01:15+0900 sample 211: CONTENDED foreign_gpu=[] compilers=[2321184:cargo,2376459:rustc]
2026-10-09T06:01:17+0900 sample 212: CONTENDED foreign_gpu=[] compilers=[2321184:cargo,2376459:rustc]
2026-10-09T06:01:18+0900 sample 213: CONTENDED foreign_gpu=[] compilers=[2321184:cargo,2376459:rustc]
2026-10-09T06:01:20+0900 sample 214: CONTENDED foreign_gpu=[] compilers=[2321184:cargo,2376459:rustc]
2026-10-09T06:01:21+0900 sample 215: CONTENDED foreign_gpu=[] compilers=[2321184:cargo,2376459:rustc]
2026-10-09T06:01:23+0900 sample 216: CONTENDED foreign_gpu=[] compilers=[2321184:cargo,2376459:rustc]
2026-10-09T06:01:25+0900 sample 217: CONTENDED foreign_gpu=[] compilers=[2321184:cargo,2376459:rustc]
2026-10-09T06:01:26+0900 sample 218: CONTENDED foreign_gpu=[] compilers=[2321184:cargo,2376459:rustc]
2026-10-09T06:01:28+0900 sample 219: CONTENDED foreign_gpu=[] compilers=[2321184:cargo,2376459:rustc]
2026-10-09T06:01:29+0900 sample 220: CONTENDED foreign_gpu=[] compilers=[2321184:cargo,2376459:rustc]
2026-10-09T06:01:31+0900 sample 221: CONTENDED foreign_gpu=[] compilers=[2321184:cargo,2376459:rustc]
2026-10-09T06:01:32+0900 sample 222: CONTENDED foreign_gpu=[] compilers=[2321184:cargo,2376459:rustc]
2026-10-09T06:01:34+0900 sample 223: CONTENDED foreign_gpu=[] compilers=[2321184:cargo,2376459:rustc]
2026-10-09T06:01:35+0900 sample 224: CONTENDED foreign_gpu=[] compilers=[2321184:cargo,2376459:rustc]
2026-10-09T06:01:37+0900 sample 225: CONTENDED foreign_gpu=[] compilers=[2321184:cargo,2376459:rustc]
2026-10-09T06:01:38+0900 sample 226: CONTENDED foreign_gpu=[] compilers=[2321184:cargo,2376459:rustc]
2026-10-09T06:01:40+0900 sample 227: CONTENDED foreign_gpu=[] compilers=[2321184:cargo,2376459:rustc]
2026-10-09T06:01:41+0900 sample 228: CONTENDED foreign_gpu=[] compilers=[2321184:cargo,2376459:rustc]
2026-10-09T06:01:43+0900 sample 229: CONTENDED foreign_gpu=[] compilers=[2321184:cargo,2376459:rustc]
2026-10-09T06:01:45+0900 sample 230: CONTENDED foreign_gpu=[] compilers=[2321184:cargo,2376459:rustc]
2026-10-09T06:01:46+0900 sample 231: CONTENDED foreign_gpu=[] compilers=[2321184:cargo,2376459:rustc]
2026-10-09T06:01:48+0900 sample 232: CONTENDED foreign_gpu=[] compilers=[2321184:cargo,2376459:rustc]
2026-10-09T06:01:49+0900 sample 233: CONTENDED foreign_gpu=[] compilers=[2321184:cargo,2376459:rustc]
2026-10-09T06:01:51+0900 sample 234: CONTENDED foreign_gpu=[] compilers=[2321184:cargo,2376459:rustc]
2026-10-09T06:01:52+0900 sample 235: CONTENDED foreign_gpu=[] compilers=[2321184:cargo,2376459:rustc]
2026-10-09T06:01:54+0900 sample 236: CONTENDED foreign_gpu=[] compilers=[2321184:cargo,2376459:rustc]
2026-10-09T06:01:55+0900 sample 237: CONTENDED foreign_gpu=[] compilers=[2321184:cargo,2376459:rustc]
2026-10-09T06:01:57+0900 sample 238: CONTENDED foreign_gpu=[] compilers=[2321184:cargo,2376459:rustc]
2026-10-09T06:01:58+0900 sample 239: CONTENDED foreign_gpu=[] compilers=[2321184:cargo,2376459:rustc]
2026-10-09T06:02:00+0900 sample 240: CONTENDED foreign_gpu=[] compilers=[2321184:cargo,2376459:rustc]
2026-10-09T06:02:02+0900 sample 241: CONTENDED foreign_gpu=[] compilers=[2321184:cargo,2376459:rustc]
2026-10-09T06:02:03+0900 sample 242: CONTENDED foreign_gpu=[] compilers=[2321184:cargo,2376459:rustc]
2026-10-09T06:02:05+0900 sample 243: CONTENDED foreign_gpu=[] compilers=[2321184:cargo,2376459:rustc]
2026-10-09T06:02:06+0900 sample 244: CONTENDED foreign_gpu=[] compilers=[2321184:cargo,2376459:rustc]
2026-10-09T06:02:08+0900 sample 245: CONTENDED foreign_gpu=[] compilers=[2321184:cargo,2376459:rustc]
2026-10-09T06:02:09+0900 sample 246: CONTENDED foreign_gpu=[] compilers=[2321184:cargo,2376459:rustc]
2026-10-09T06:02:11+0900 sample 247: CONTENDED foreign_gpu=[] compilers=[2321184:cargo,2376459:rustc]
2026-10-09T06:02:12+0900 sample 248: CONTENDED foreign_gpu=[] compilers=[2321184:cargo,2376459:rustc]
2026-10-09T06:02:14+0900 sample 249: CONTENDED foreign_gpu=[] compilers=[2321184:cargo,2376459:rustc]
2026-10-09T06:02:15+0900 sample 250: CONTENDED foreign_gpu=[] compilers=[2321184:cargo,2376459:rustc]
2026-10-09T06:02:17+0900 sample 251: CONTENDED foreign_gpu=[] compilers=[2321184:cargo,2376459:rustc]
2026-10-09T06:02:18+0900 sample 252: CONTENDED foreign_gpu=[] compilers=[2321184:cargo,2376459:rustc]
2026-10-09T06:02:20+0900 sample 253: CONTENDED foreign_gpu=[] compilers=[2321184:cargo,2376459:rustc]
2026-10-09T06:02:22+0900 sample 254: CONTENDED foreign_gpu=[] compilers=[2321184:cargo,2376459:rustc]
2026-10-09T06:02:23+0900 sample 255: CONTENDED foreign_gpu=[] compilers=[2321184:cargo,2376459:rustc]
2026-10-09T06:02:25+0900 sample 256: CONTENDED foreign_gpu=[] compilers=[2321184:cargo,2376459:rustc]
2026-10-09T06:02:26+0900 sample 257: CONTENDED foreign_gpu=[] compilers=[2321184:cargo,2376459:rustc]
2026-10-09T06:02:28+0900 sample 258: CONTENDED foreign_gpu=[] compilers=[2321184:cargo,2376459:rustc]
2026-10-09T06:02:29+0900 sample 259: CONTENDED foreign_gpu=[] compilers=[2321184:cargo,2376459:rustc]
2026-10-09T06:02:31+0900 sample 260: CONTENDED foreign_gpu=[] compilers=[2321184:cargo,2376459:rustc]
2026-10-09T06:02:32+0900 sample 261: CONTENDED foreign_gpu=[] compilers=[2321184:cargo,2376459:rustc]
2026-10-09T06:02:34+0900 sample 262: CONTENDED foreign_gpu=[] compilers=[2321184:cargo,2376459:rustc]
2026-10-09T06:02:35+0900 sample 263: CONTENDED foreign_gpu=[] compilers=[2321184:cargo,2376459:rustc]
2026-10-09T06:02:37+0900 sample 264: CONTENDED foreign_gpu=[] compilers=[2321184:cargo,2376459:rustc]
2026-10-09T06:02:38+0900 sample 265: CONTENDED foreign_gpu=[] compilers=[2321184:cargo,2376459:rustc]
2026-10-09T06:02:40+0900 sample 266: CONTENDED foreign_gpu=[] compilers=[2321184:cargo,2376459:rustc]
2026-10-09T06:02:42+0900 sample 267: CONTENDED foreign_gpu=[] compilers=[2321184:cargo,2376459:rustc]
2026-10-09T06:02:43+0900 sample 268: CONTENDED foreign_gpu=[] compilers=[2321184:cargo,2376459:rustc]
2026-10-09T06:02:45+0900 sample 269: CONTENDED foreign_gpu=[] compilers=[2321184:cargo,2376459:rustc]
2026-10-09T06:02:46+0900 sample 270: CONTENDED foreign_gpu=[] compilers=[2321184:cargo,2376459:rustc]
2026-10-09T06:02:48+0900 sample 271: CONTENDED foreign_gpu=[] compilers=[2321184:cargo,2376459:rustc]
2026-10-09T06:02:49+0900 sample 272: CONTENDED foreign_gpu=[] compilers=[2321184:cargo,2376459:rustc]
2026-10-09T06:02:51+0900 sample 273: CONTENDED foreign_gpu=[] compilers=[2321184:cargo,2376459:rustc]
2026-10-09T06:02:52+0900 sample 274: CONTENDED foreign_gpu=[] compilers=[2321184:cargo,2376459:rustc]
2026-10-09T06:02:54+0900 sample 275: CONTENDED foreign_gpu=[] compilers=[2321184:cargo,2376459:rustc]
2026-10-09T06:02:55+0900 sample 276: CONTENDED foreign_gpu=[] compilers=[2321184:cargo,2376459:rustc]
2026-10-09T06:02:57+0900 sample 277: CONTENDED foreign_gpu=[] compilers=[2321184:cargo,2376459:rustc]
2026-10-09T06:02:58+0900 sample 278: CONTENDED foreign_gpu=[] compilers=[2321184:cargo,2376459:rustc]
2026-10-09T06:03:00+0900 sample 279: CONTENDED foreign_gpu=[] compilers=[2321184:cargo,2376459:rustc]
2026-10-09T06:03:02+0900 sample 280: CONTENDED foreign_gpu=[] compilers=[2321184:cargo,2376459:rustc]
2026-10-09T06:03:03+0900 sample 281: CONTENDED foreign_gpu=[] compilers=[2321184:cargo,2376459:rustc]
2026-10-09T06:03:04+0900 sample 282: CONTENDED foreign_gpu=[] compilers=[2321184:cargo,2376459:rustc]
2026-10-09T06:03:06+0900 sample 283: CONTENDED foreign_gpu=[] compilers=[2321184:cargo,2376459:rustc]
2026-10-09T06:03:08+0900 sample 284: CONTENDED foreign_gpu=[] compilers=[2321184:cargo,2376459:rustc]
2026-10-09T06:03:09+0900 sample 285: CONTENDED foreign_gpu=[] compilers=[2321184:cargo,2376459:rustc]
2026-10-09T06:03:11+0900 sample 286: CONTENDED foreign_gpu=[] compilers=[2321184:cargo,2376459:rustc]
2026-10-09T06:03:12+0900 sample 287: CONTENDED foreign_gpu=[] compilers=[2321184:cargo,2376459:rustc]
2026-10-09T06:03:13+0900 monitor: 287 samples
2026-10-09T06:03:13+0900 attempt 1: REJECTED (contended), exit 0; rerunning
2026-10-09T06:03:13+0900 waiting for 60s of idle GPU and no compiler
2026-10-09T06:11:31+0900 idle for 60s: kfd proc empty and no compiler in every 1 Hz sample
2026-10-09T06:11:31+0900 attempt 2/6: start: <meas>/run_s6.sh <meas>/s6
2026-10-09T06:11:31+0900 sample 1: clean gpu=[]
2026-10-09T06:11:32+0900 sample 2: clean gpu=[]
2026-10-09T06:11:34+0900 sample 3: CONTENDED foreign_gpu=[] compilers=[2845758:cargo,2846046:rustc]
2026-10-09T06:11:35+0900 sample 4: CONTENDED foreign_gpu=[] compilers=[2845758:cargo,2846926:rustc,2847007:rustc]
2026-10-09T06:11:37+0900 sample 5: CONTENDED foreign_gpu=[] compilers=[2845758:cargo,2848702:rustc,2848744:rustc,2848756:rustc,2848779:rustc,2848792:rustc]
2026-10-09T06:11:38+0900 sample 6: CONTENDED foreign_gpu=[] compilers=[2845758:cargo,2849953:rustc,2850247:rustc]
2026-10-09T06:11:40+0900 sample 7: CONTENDED foreign_gpu=[] compilers=[2845758:cargo,2851568:rustc,2851833:rustc,2851892:rustc]
2026-10-09T06:11:41+0900 sample 8: CONTENDED foreign_gpu=[] compilers=[2845758:cargo,2853042:rustc,2853265:rustc,2853342:rustc]
2026-10-09T06:11:42+0900 sample 9: CONTENDED foreign_gpu=[] compilers=[2845758:cargo]
2026-10-09T06:11:44+0900 sample 10: CONTENDED foreign_gpu=[] compilers=[2845758:cargo,2856087:rustc,2856294:rustc,2856331:rustc]
2026-10-09T06:11:45+0900 sample 11: CONTENDED foreign_gpu=[] compilers=[2845758:cargo,2857422:rustc,2857506:rustc]
2026-10-09T06:11:47+0900 sample 12: CONTENDED foreign_gpu=[] compilers=[2845758:cargo,2859002:rustc]
2026-10-09T06:11:48+0900 sample 13: CONTENDED foreign_gpu=[] compilers=[2845758:cargo,2860393:cc1plus,2860459:rustc]
2026-10-09T06:11:49+0900 sample 14: CONTENDED foreign_gpu=[] compilers=[2845758:cargo,2861951:rustc,2861970:cc1plus]
2026-10-09T06:11:51+0900 sample 15: CONTENDED foreign_gpu=[] compilers=[2845758:cargo,2864049:rustc,2864118:cc1plus]
2026-10-09T06:11:52+0900 sample 16: CONTENDED foreign_gpu=[] compilers=[2845758:cargo,2864118:cc1plus,2866314:hipcc,2866318:clang++,2866322:clang-23,2866563:rustc,2866570:rustc,2866582:rustc,2866606:rustc]
2026-10-09T06:11:53+0900 sample 17: CONTENDED foreign_gpu=[] compilers=[2845758:cargo,2866314:hipcc,2866318:clang++,2866322:clang-23,2866606:rustc,2868650:rustc,2868667:cc1plus]
2026-10-09T06:11:55+0900 sample 18: CONTENDED foreign_gpu=[] compilers=[2845758:cargo,2866314:hipcc,2866318:clang++,2870744:cc1plus,2870880:clang-23,2870897:rustc]
2026-10-09T06:11:56+0900 sample 19: CONTENDED foreign_gpu=[] compilers=[2845758:cargo,2866314:hipcc,2866318:clang++,2870880:clang-23,2873005:cc1plus,2873032:cc1plus,2873036:hipcc,2873040:clang++,2873041:clang-23,2873047:cc1plus,2873052:hipcc]
2026-10-09T06:11:57+0900 sample 20: CONTENDED foreign_gpu=[] compilers=[2845758:cargo,2873036:hipcc,2873040:clang++,2873052:hipcc,2873074:clang++,2873099:clang-23,2875152:hipcc,2875156:clang++,2875157:clang-23,2875162:cc1plus,2875184:cc1plus,2875191:cc1plus]
2026-10-09T06:11:59+0900 sample 21: CONTENDED foreign_gpu=[] compilers=[2845758:cargo,2873036:hipcc,2873040:clang++,2873052:hipcc,2873074:clang++,2875152:hipcc,2875156:clang++,2875157:clang-23,2875401:clang-23,2877019:cc1plus,2877319:clang-23,2877337:cc1plus]
2026-10-09T06:12:00+0900 sample 22: CONTENDED foreign_gpu=[] compilers=[2845758:cargo,2875152:hipcc,2875156:clang++,2877019:cc1plus,2877337:cc1plus,2878857:clang-23,2879454:cc1plus,2879465:cc1plus]
2026-10-09T06:12:02+0900 sample 23: CONTENDED foreign_gpu=[] compilers=[2845758:cargo,2881224:cc1plus,2881596:cc1plus,2881603:cc1plus,2881607:hipcc,2881611:clang++,2881618:clang-23]
2026-10-09T06:12:03+0900 sample 24: CONTENDED foreign_gpu=[] compilers=[2845758:cargo,2881224:cc1plus,2881607:hipcc,2881611:clang++,2881618:clang-23,2881723:cc1plus,2883738:hipcc,2883742:clang++,2883743:clang-23,2883749:cc1plus]
2026-10-09T06:12:04+0900 sample 25: CONTENDED foreign_gpu=[] compilers=[2845758:cargo,2881224:cc1plus,2881607:hipcc,2881611:clang++,2881618:clang-23,2883738:hipcc,2883742:clang++,2885906:clang-23]
2026-10-09T06:12:06+0900 sample 26: CONTENDED foreign_gpu=[] compilers=[2845758:cargo,2881224:cc1plus,2881607:hipcc,2881611:clang++,2881618:clang-23,2883738:hipcc,2883742:clang++,2885906:clang-23,2886319:cc1plus,2888049:cc1plus,2888055:cc1plus]
2026-10-09T06:12:07+0900 sample 27: CONTENDED foreign_gpu=[] compilers=[2845758:cargo,2881224:cc1plus,2881607:hipcc,2881611:clang++,2881618:clang-23,2886319:cc1plus,2890181:hipcc,2890185:clang++,2890186:clang-23,2890192:cc1plus,2890198:cc1plus]
2026-10-09T06:12:09+0900 sample 28: CONTENDED foreign_gpu=[] compilers=[2845758:cargo,2881607:hipcc,2881611:clang++,2881618:clang-23,2890181:hipcc,2890185:clang++,2890192:cc1plus,2892316:cc1plus,2892336:clang-23,2892339:cargo]
2026-10-09T06:12:10+0900 sample 29: CONTENDED foreign_gpu=[] compilers=[2845758:cargo,2881607:hipcc,2881611:clang++,2881618:clang-23,2892339:cargo,2893558:cc1plus,2893861:rustc,2894581:rustc,2894637:cc1plus]
2026-10-09T06:12:11+0900 sample 30: CONTENDED foreign_gpu=[] compilers=[2845758:cargo,2881607:hipcc,2881611:clang++,2881618:clang-23,2892339:cargo,2893558:cc1plus,2893861:rustc,2895170:cc1plus,2895338:cc1plus,2896805:cc1plus,2896836:hipcc,2896840:clang++,2896841:clang-23,2896864:rustc]
2026-10-09T06:12:13+0900 sample 31: CONTENDED foreign_gpu=[] compilers=[2845758:cargo,2881607:hipcc,2881611:clang++,2881618:clang-23,2892339:cargo,2893558:cc1plus,2893861:rustc,2895170:cc1plus,2895338:cc1plus,2896836:hipcc,2896840:clang++,2896841:clang-23,2899101:rustc,2899121:rustc,2899128:rustc,2899262:rustc,2899284:rustc]
2026-10-09T06:12:14+0900 sample 32: CONTENDED foreign_gpu=[] compilers=[2845758:cargo,2881607:hipcc,2881611:clang++,2881618:clang-23,2892339:cargo,2896836:hipcc,2896840:clang++,2896841:clang-23,2899101:rustc,2899128:rustc,2899262:rustc,2899284:rustc,2901659:cc1plus]
2026-10-09T06:12:16+0900 sample 33: CONTENDED foreign_gpu=[] compilers=[2845758:cargo,2881607:hipcc,2881611:clang++,2881618:clang-23,2892339:cargo,2896836:hipcc,2896840:clang++,2896841:clang-23,2899101:rustc,2899128:rustc,2899262:rustc,2899284:rustc,2903851:cc1plus,2903859:rustc,2903904:cc1plus,2903932:cc1plus]
2026-10-09T06:12:17+0900 sample 34: CONTENDED foreign_gpu=[] compilers=[2845758:cargo,2881607:hipcc,2881611:clang++,2881618:clang-23,2892339:cargo,2896836:hipcc,2896840:clang++,2896841:clang-23,2899101:rustc,2899128:rustc,2899262:rustc,2899284:rustc,2903859:rustc,2903932:cc1plus,2904012:cc1plus,2904788:rustc]
2026-10-09T06:12:19+0900 sample 35: CONTENDED foreign_gpu=[] compilers=[2845758:cargo,2881607:hipcc,2881611:clang++,2881618:clang-23,2892339:cargo,2896836:hipcc,2896840:clang++,2896841:clang-23,2899101:rustc,2899128:rustc,2899262:rustc,2903859:rustc,2903932:cc1plus,2904788:rustc,2906695:cc1plus,2906776:rustc,2907389:cc1plus,2908386:cc1plus,2908513:rustc]
2026-10-09T06:12:20+0900 sample 36: CONTENDED foreign_gpu=[] compilers=[2845758:cargo,2881607:hipcc,2881611:clang++,2881618:clang-23,2892339:cargo,2896836:hipcc,2896840:clang++,2896841:clang-23,2899101:rustc,2899128:rustc,2899262:rustc,2903859:rustc,2906695:cc1plus,2907389:cc1plus,2908513:rustc,2910647:cc1plus,2910677:rustc,2910686:cc1plus,2910744:rustc]
2026-10-09T06:12:22+0900 sample 37: CONTENDED foreign_gpu=[] compilers=[2845758:cargo,2881607:hipcc,2881611:clang++,2881618:clang-23,2892339:cargo,2896836:hipcc,2896840:clang++,2896841:clang-23,2899101:rustc,2899128:rustc,2899262:rustc,2903859:rustc,2907389:cc1plus,2908513:rustc,2910677:rustc,2910744:rustc,2912928:cc1plus,2912945:hipcc,2912949:clang++,2912950:clang-23]
2026-10-09T06:12:23+0900 sample 38: CONTENDED foreign_gpu=[] compilers=[2845758:cargo,2881607:hipcc,2881611:clang++,2881618:clang-23,2892339:cargo,2896836:hipcc,2896840:clang++,2896841:clang-23,2899101:rustc,2899128:rustc,2899262:rustc,2903859:rustc,2907389:cc1plus,2908513:rustc,2910677:rustc,2910744:rustc,2912945:hipcc,2912949:clang++,2912950:clang-23,2915166:cc1plus]
2026-10-09T06:12:25+0900 sample 39: CONTENDED foreign_gpu=[] compilers=[2845758:cargo,2881607:hipcc,2881611:clang++,2881618:clang-23,2892339:cargo,2896836:hipcc,2896840:clang++,2896841:clang-23,2899101:rustc,2899128:rustc,2903859:rustc,2907389:cc1plus,2908513:rustc,2910677:rustc,2910744:rustc,2912945:hipcc,2912949:clang++,2912950:clang-23,2917395:rustc,2917693:cc1plus]
2026-10-09T06:12:26+0900 sample 40: CONTENDED foreign_gpu=[] compilers=[2845758:cargo,2881607:hipcc,2881611:clang++,2881618:clang-23,2892339:cargo,2896836:hipcc,2896840:clang++,2896841:clang-23,2899101:rustc,2899128:rustc,2907389:cc1plus,2908513:rustc,2910677:rustc,2912945:hipcc,2912949:clang++,2912950:clang-23,2917395:rustc,2918348:hipcc,2918413:clang++,2918475:clang-23,2919666:rustc]
2026-10-09T06:12:28+0900 sample 41: CONTENDED foreign_gpu=[] compilers=[2845758:cargo,2881607:hipcc,2881611:clang++,2881618:clang-23,2892339:cargo,2896836:hipcc,2896840:clang++,2899101:rustc,2899128:rustc,2908513:rustc,2910677:rustc,2912945:hipcc,2912949:clang++,2912950:clang-23,2918348:hipcc,2918413:clang++,2918475:clang-23,2919666:rustc,2921526:cc1plus,2921933:rustc,2921944:cc1plus,2921969:clang-23]
2026-10-09T06:12:29+0900 sample 42: CONTENDED foreign_gpu=[] compilers=[2845758:cargo,2881607:hipcc,2881611:clang++,2881618:clang-23,2892339:cargo,2896836:hipcc,2896840:clang++,2899101:rustc,2899128:rustc,2908513:rustc,2910677:rustc,2912945:hipcc,2912949:clang++,2912950:clang-23,2918348:hipcc,2918413:clang++,2918475:clang-23,2919666:rustc,2921526:cc1plus,2921933:rustc,2921969:clang-23,2924164:cc1plus]
2026-10-09T06:12:31+0900 sample 43: CONTENDED foreign_gpu=[] compilers=[2845758:cargo,2881607:hipcc,2881611:clang++,2881618:clang-23,2892339:cargo,2896836:hipcc,2896840:clang++,2908513:rustc,2910677:rustc,2912945:hipcc,2912949:clang++,2912950:clang-23,2918348:hipcc,2918413:clang++,2918475:clang-23,2921933:rustc,2921969:clang-23,2924164:cc1plus]
2026-10-09T06:12:33+0900 sample 44: CONTENDED foreign_gpu=[] compilers=[2845758:cargo,2881607:hipcc,2881611:clang++,2881618:clang-23,2892339:cargo,2896836:hipcc,2896840:clang++,2908513:rustc,2912945:hipcc,2912949:clang++,2912950:clang-23,2918348:hipcc,2918413:clang++,2918475:clang-23,2921933:rustc,2921969:clang-23,2928125:cc1plus]
2026-10-09T06:12:34+0900 sample 45: CONTENDED foreign_gpu=[] compilers=[2845758:cargo,2881607:hipcc,2881611:clang++,2881618:clang-23,2892339:cargo,2896836:hipcc,2896840:clang++,2908513:rustc,2912945:hipcc,2912949:clang++,2912950:clang-23,2918348:hipcc,2918413:clang++,2918475:clang-23,2921933:rustc,2921969:clang-23,2928125:cc1plus,2930731:cc1plus]
2026-10-09T06:12:36+0900 sample 46: CONTENDED foreign_gpu=[] compilers=[2845758:cargo,2881607:hipcc,2881611:clang++,2881618:clang-23,2892339:cargo,2896836:hipcc,2896840:clang++,2912945:hipcc,2912949:clang++,2918348:hipcc,2918413:clang++,2918475:clang-23,2921933:rustc,2921969:clang-23,2930731:cc1plus,2932907:clang-23]
2026-10-09T06:12:37+0900 sample 47: CONTENDED foreign_gpu=[] compilers=[2845758:cargo,2881607:hipcc,2881611:clang++,2892339:cargo,2896836:hipcc,2896840:clang++,2912945:hipcc,2912949:clang++,2918348:hipcc,2918413:clang++,2921933:rustc,2921969:clang-23,2930731:cc1plus,2932907:clang-23,2935086:clang-23,2935092:cc1plus,2935506:clang-23]
2026-10-09T06:12:39+0900 sample 48: CONTENDED foreign_gpu=[] compilers=[2845758:cargo,2881607:hipcc,2881611:clang++,2892339:cargo,2896836:hipcc,2896840:clang++,2912945:hipcc,2912949:clang++,2918348:hipcc,2918413:clang++,2921933:rustc,2921969:clang-23,2932907:clang-23,2935086:clang-23,2935506:clang-23,2937266:cc1plus]
2026-10-09T06:12:40+0900 sample 49: CONTENDED foreign_gpu=[] compilers=[2845758:cargo,2881607:hipcc,2881611:clang++,2892339:cargo,2896836:hipcc,2896840:clang++,2912945:hipcc,2912949:clang++,2918348:hipcc,2918413:clang++,2921933:rustc,2921969:clang-23,2932907:clang-23,2935086:clang-23,2935506:clang-23]
2026-10-09T06:12:41+0900 sample 50: CONTENDED foreign_gpu=[] compilers=[2845758:cargo,2881607:hipcc,2881611:clang++,2892339:cargo,2896836:hipcc,2896840:clang++,2912945:hipcc,2912949:clang++,2918348:hipcc,2918413:clang++,2921933:rustc,2921969:clang-23,2932907:clang-23,2935086:clang-23,2935506:clang-23,2941611:cc1plus,2941617:cc1plus]
2026-10-09T06:12:43+0900 sample 51: CONTENDED foreign_gpu=[] compilers=[2845758:cargo,2881607:hipcc,2881611:clang++,2892339:cargo,2896836:hipcc,2896840:clang++,2912945:hipcc,2912949:clang++,2918348:hipcc,2918413:clang++,2921933:rustc,2921969:clang-23,2932907:clang-23,2935086:clang-23,2935506:clang-23,2941617:cc1plus,2943832:hipcc,2943868:clang++,2943891:clang-23]
2026-10-09T06:12:44+0900 sample 52: CONTENDED foreign_gpu=[] compilers=[2845758:cargo,2881607:hipcc,2881611:clang++,2892339:cargo,2896836:hipcc,2896840:clang++,2912945:hipcc,2912949:clang++,2918348:hipcc,2918413:clang++,2921933:rustc,2921969:clang-23,2932907:clang-23,2935086:clang-23,2935506:clang-23,2943832:hipcc,2943868:clang++,2943891:clang-23,2945975:cc1plus]
2026-10-09T06:12:45+0900 sample 53: CONTENDED foreign_gpu=[] compilers=[2845758:cargo,2881607:hipcc,2881611:clang++,2892339:cargo,2896836:hipcc,2896840:clang++,2912945:hipcc,2912949:clang++,2918348:hipcc,2918413:clang++,2921933:rustc,2921969:clang-23,2932907:clang-23,2935086:clang-23,2935506:clang-23,2943832:hipcc,2943868:clang++,2943891:clang-23]
2026-10-09T06:12:47+0900 sample 54: CONTENDED foreign_gpu=[] compilers=[2845758:cargo,2881607:hipcc,2881611:clang++,2892339:cargo,2912945:hipcc,2912949:clang++,2921933:rustc,2932907:clang-23,2935086:clang-23,2943832:hipcc,2943868:clang++,2943891:clang-23,2950309:hipcc,2950313:clang++,2950314:clang-23]
2026-10-09T06:12:48+0900 sample 55: CONTENDED foreign_gpu=[] compilers=[2845758:cargo,2881607:hipcc,2881611:clang++,2892339:cargo,2921933:rustc,2935086:clang-23,2943832:hipcc,2943868:clang++,2943891:clang-23,2950309:hipcc,2950313:clang++,2951877:hipcc,2951929:clang++,2951959:clang-23,2952515:hipcc,2952519:clang++,2952520:clang-23,2952524:hipcc,2952528:clang++,2952529:clang-23,2952549:clang-23]
2026-10-09T06:12:50+0900 sample 56: CONTENDED foreign_gpu=[] compilers=[2845758:cargo,2881607:hipcc,2881611:clang++,2892339:cargo,2921933:rustc,2935086:clang-23,2943832:hipcc,2943868:clang++,2943891:clang-23,2951877:hipcc,2951929:clang++,2952515:hipcc,2952519:clang++,2952524:hipcc,2952528:clang++,2952529:clang-23,2954713:clang-23,2954733:clang-23,2955165:hipcc,2955197:clang++,2955222:clang-23]
2026-10-09T06:12:51+0900 sample 57: CONTENDED foreign_gpu=[] compilers=[2845758:cargo,2881607:hipcc,2881611:clang++,2892339:cargo,2921933:rustc,2935086:clang-23,2943832:hipcc,2943868:clang++,2943891:clang-23,2952515:hipcc,2952519:clang++,2952524:hipcc,2952528:clang++,2952529:clang-23,2954733:clang-23,2955165:hipcc,2955197:clang++,2955222:clang-23]
2026-10-09T06:12:52+0900 sample 58: CONTENDED foreign_gpu=[] compilers=[2845758:cargo,2881607:hipcc,2881611:clang++,2892339:cargo,2921933:rustc,2935086:clang-23,2943832:hipcc,2943868:clang++,2943891:clang-23,2952524:hipcc,2952528:clang++,2952529:clang-23,2955165:hipcc,2955197:clang++,2958242:hipcc,2958279:clang++,2958307:clang-23,2958886:hipcc,2958923:clang++,2958949:clang-23,2959207:clang-23]
2026-10-09T06:12:54+0900 sample 59: CONTENDED foreign_gpu=[] compilers=[2845758:cargo,2881607:hipcc,2881611:clang++,2892339:cargo,2921933:rustc,2935086:clang-23,2943832:hipcc,2943868:clang++,2943891:clang-23,2952524:hipcc,2952528:clang++,2952529:clang-23,2955165:hipcc,2955197:clang++,2958242:hipcc,2958279:clang++,2958886:hipcc,2958923:clang++,2959207:clang-23,2961232:clang-23,2961252:clang-23]
2026-10-09T06:12:55+0900 sample 60: CONTENDED foreign_gpu=[] compilers=[2845758:cargo,2881607:hipcc,2881611:clang++,2892339:cargo,2921933:rustc,2935086:clang-23,2943832:hipcc,2943868:clang++,2943891:clang-23,2952524:hipcc,2952528:clang++,2952529:clang-23,2963412:hipcc,2963416:clang++,2963417:clang-23,2963909:hipcc,2963942:clang++]
2026-10-09T06:12:57+0900 sample 61: CONTENDED foreign_gpu=[] compilers=[2845758:cargo,2881607:hipcc,2881611:clang++,2892339:cargo,2921933:rustc,2935086:clang-23,2943832:hipcc,2943868:clang++,2943891:clang-23,2952524:hipcc,2952528:clang++,2952529:clang-23,2963412:hipcc,2963416:clang++,2963909:hipcc,2963942:clang++,2963981:clang-23,2965189:hipcc,2965221:clang++,2965242:clang-23,2965786:clang-23]
2026-10-09T06:12:58+0900 sample 62: CONTENDED foreign_gpu=[] compilers=[2845758:cargo,2881607:hipcc,2881611:clang++,2892339:cargo,2921933:rustc,2935086:clang-23,2943832:hipcc,2943868:clang++,2943891:clang-23,2952524:hipcc,2952528:clang++,2952529:clang-23,2963412:hipcc,2963416:clang++,2963909:hipcc,2963942:clang++,2963981:clang-23,2965189:hipcc,2965221:clang++,2965242:clang-23,2965786:clang-23]
2026-10-09T06:13:00+0900 sample 63: CONTENDED foreign_gpu=[] compilers=[2845758:cargo,2881607:hipcc,2881611:clang++,2892339:cargo,2921933:rustc,2935086:clang-23,2943832:hipcc,2943868:clang++,2943891:clang-23,2952524:hipcc,2952528:clang++,2952529:clang-23,2963909:hipcc,2963942:clang++,2963981:clang-23,2965189:hipcc,2965221:clang++,2965242:clang-23,2969943:hipcc,2969947:clang++,2969948:clang-23]
2026-10-09T06:13:01+0900 sample 64: CONTENDED foreign_gpu=[] compilers=[2845758:cargo,2881607:hipcc,2881611:clang++,2892339:cargo,2921933:rustc,2935086:clang-23,2943832:hipcc,2943868:clang++,2952524:hipcc,2952528:clang++,2952529:clang-23,2963909:hipcc,2963942:clang++,2963981:clang-23,2965189:hipcc,2965221:clang++,2969943:hipcc,2969947:clang++,2969948:clang-23,2971983:clang-23,2972135:clang-23]
2026-10-09T06:13:03+0900 sample 65: CONTENDED foreign_gpu=[] compilers=[2845758:cargo,2881607:hipcc,2881611:clang++,2892339:cargo,2921933:rustc,2935086:clang-23,2943832:hipcc,2943868:clang++,2952524:hipcc,2952528:clang++,2952529:clang-23,2963909:hipcc,2963942:clang++,2963981:clang-23,2965189:hipcc,2965221:clang++,2969943:hipcc,2969947:clang++,2969948:clang-23,2971983:clang-23,2972135:clang-23]
2026-10-09T06:13:04+0900 sample 66: CONTENDED foreign_gpu=[] compilers=[2845758:cargo,2881607:hipcc,2881611:clang++,2892339:cargo,2921933:rustc,2935086:clang-23,2943832:hipcc,2943868:clang++,2952524:hipcc,2952528:clang++,2952529:clang-23,2963909:hipcc,2963942:clang++,2963981:clang-23,2965189:hipcc,2965221:clang++,2969943:hipcc,2969947:clang++,2969948:clang-23,2971983:clang-23,2972135:clang-23]
2026-10-09T06:13:06+0900 sample 67: CONTENDED foreign_gpu=[] compilers=[2845758:cargo,2881607:hipcc,2881611:clang++,2892339:cargo,2921933:rustc,2935086:clang-23,2943832:hipcc,2943868:clang++,2952524:hipcc,2952528:clang++,2952529:clang-23,2963909:hipcc,2963942:clang++,2963981:clang-23,2969943:hipcc,2969947:clang++,2969948:clang-23,2972135:clang-23,2978580:hipcc,2978584:clang++,2978585:clang-23]
2026-10-09T06:13:07+0900 sample 68: CONTENDED foreign_gpu=[] compilers=[2845758:cargo,2881607:hipcc,2881611:clang++,2892339:cargo,2921933:rustc,2935086:clang-23,2943832:hipcc,2943868:clang++,2952524:hipcc,2952528:clang++,2952529:clang-23,2963909:hipcc,2963942:clang++,2963981:clang-23,2969943:hipcc,2969947:clang++,2969948:clang-23,2972135:clang-23,2978580:hipcc,2978584:clang++,2978585:clang-23]
2026-10-09T06:13:09+0900 sample 69: CONTENDED foreign_gpu=[] compilers=[2845758:cargo,2881607:hipcc,2881611:clang++,2892339:cargo,2921933:rustc,2935086:clang-23,2943832:hipcc,2943868:clang++,2952524:hipcc,2952528:clang++,2952529:clang-23,2963909:hipcc,2963942:clang++,2963981:clang-23,2969943:hipcc,2969947:clang++,2969948:clang-23,2972135:clang-23,2978580:hipcc,2978584:clang++,2982557:clang-23]
2026-10-09T06:13:10+0900 sample 70: CONTENDED foreign_gpu=[] compilers=[2845758:cargo,2881607:hipcc,2881611:clang++,2892339:cargo,2921933:rustc,2935086:clang-23,2943832:hipcc,2943868:clang++,2952524:hipcc,2952528:clang++,2952529:clang-23,2963909:hipcc,2963942:clang++,2963981:clang-23,2969943:hipcc,2969947:clang++,2969948:clang-23,2972135:clang-23,2978580:hipcc,2978584:clang++,2982557:clang-23]
2026-10-09T06:13:12+0900 sample 71: CONTENDED foreign_gpu=[] compilers=[2845758:cargo,2881607:hipcc,2881611:clang++,2892339:cargo,2921933:rustc,2935086:clang-23,2943832:hipcc,2943868:clang++,2952524:hipcc,2952528:clang++,2952529:clang-23,2963909:hipcc,2963942:clang++,2963981:clang-23,2969943:hipcc,2969947:clang++,2969948:clang-23,2972135:clang-23,2987185:hipcc,2987189:clang++,2987190:clang-23]
2026-10-09T06:13:13+0900 sample 72: CONTENDED foreign_gpu=[] compilers=[2845758:cargo,2881607:hipcc,2881611:clang++,2892339:cargo,2921933:rustc,2935086:clang-23,2943832:hipcc,2943868:clang++,2952524:hipcc,2952528:clang++,2952529:clang-23,2963909:hipcc,2963942:clang++,2963981:clang-23,2969943:hipcc,2969947:clang++,2972135:clang-23,2987185:hipcc,2987189:clang++,2987190:clang-23,2989350:clang-23]
2026-10-09T06:13:15+0900 sample 73: CONTENDED foreign_gpu=[] compilers=[2845758:cargo,2881607:hipcc,2881611:clang++,2892339:cargo,2921933:rustc,2935086:clang-23,2943832:hipcc,2943868:clang++,2952524:hipcc,2952528:clang++,2952529:clang-23,2963909:hipcc,2963942:clang++,2963981:clang-23,2969943:hipcc,2969947:clang++,2972135:clang-23,2987185:hipcc,2987189:clang++,2989350:clang-23,2991481:clang-23]
2026-10-09T06:13:16+0900 sample 74: CONTENDED foreign_gpu=[] compilers=[2845758:cargo,2881607:hipcc,2881611:clang++,2892339:cargo,2921933:rustc,2935086:clang-23,2943832:hipcc,2943868:clang++,2952524:hipcc,2952528:clang++,2952529:clang-23,2963909:hipcc,2963942:clang++,2963981:clang-23,2969943:hipcc,2969947:clang++,2972135:clang-23,2987185:hipcc,2987189:clang++,2989350:clang-23,2991481:clang-23]
2026-10-09T06:13:18+0900 sample 75: CONTENDED foreign_gpu=[] compilers=[2845758:cargo,2892339:cargo,2921933:rustc,2943832:hipcc,2943868:clang++,2952524:hipcc,2952528:clang++,2952529:clang-23,2963909:hipcc,2963942:clang++,2963981:clang-23,2969943:hipcc,2969947:clang++,2972135:clang-23,2989350:clang-23]
2026-10-09T06:13:20+0900 sample 76: CONTENDED foreign_gpu=[] compilers=[2845758:cargo,2892339:cargo,2921933:rustc,2943832:hipcc,2943868:clang++,2952524:hipcc,2952528:clang++,2952529:clang-23,2963909:hipcc,2963942:clang++,2963981:clang-23,2972135:clang-23,2996530:hipcc,2996591:hipcc,2996594:clang++,2996638:clang-23,2996647:clang++,2996680:clang-23]
2026-10-09T06:13:21+0900 sample 77: CONTENDED foreign_gpu=[] compilers=[2845758:cargo,2892339:cargo,2921933:rustc,2952524:hipcc,2952528:clang++,2952529:clang-23,2963909:hipcc,2963942:clang++,2963981:clang-23,2996530:hipcc,2996591:hipcc,2996594:clang++,2996647:clang++,2999145:hipcc,2999202:clang++,2999240:clang-23,3000143:clang-23,3000474:hipcc,3000506:clang++,3000526:clang-23]
2026-10-09T06:13:23+0900 sample 78: CONTENDED foreign_gpu=[] compilers=[2845758:cargo,2892339:cargo,2921933:rustc,2952524:hipcc,2952528:clang++,2952529:clang-23,2963909:hipcc,2963942:clang++,2963981:clang-23,2996530:hipcc,2996594:clang++,2999145:hipcc,2999202:clang++,2999240:clang-23,3000474:hipcc,3000506:clang++,3000526:clang-23,3000731:clang-23]
2026-10-09T06:13:24+0900 sample 79: CONTENDED foreign_gpu=[] compilers=[2845758:cargo,2892339:cargo,2921933:rustc,2952524:hipcc,2952528:clang++,2952529:clang-23,2963909:hipcc,2963942:clang++,2963981:clang-23,2996530:hipcc,2996594:clang++,2999145:hipcc,2999202:clang++,2999240:clang-23,3000474:hipcc,3000506:clang++,3000526:clang-23,3000731:clang-23,3004050:hipcc,3004087:clang++,3004107:clang-23]
2026-10-09T06:13:26+0900 sample 80: CONTENDED foreign_gpu=[] compilers=[2845758:cargo,2892339:cargo,2921933:rustc,2952524:hipcc,2952528:clang++,2952529:clang-23,2963909:hipcc,2963942:clang++,2963981:clang-23,2999145:hipcc,2999202:clang++,2999240:clang-23,3000474:hipcc,3000506:clang++,3000526:clang-23,3004050:hipcc,3004087:clang++,3006630:clang-23,3006887:hipcc,3006919:clang++,3006942:clang-23]
2026-10-09T06:13:27+0900 sample 81: CONTENDED foreign_gpu=[] compilers=[2845758:cargo,2892339:cargo,2921933:rustc,2952524:hipcc,2952528:clang++,2952529:clang-23,2963909:hipcc,2963942:clang++,2963981:clang-23,2999145:hipcc,2999202:clang++,2999240:clang-23,3000474:hipcc,3000506:clang++,3000526:clang-23,3004050:hipcc,3004087:clang++,3006630:clang-23,3006887:hipcc,3006919:clang++,3006942:clang-23]
2026-10-09T06:13:29+0900 sample 82: CONTENDED foreign_gpu=[] compilers=[2845758:cargo,2892339:cargo,2921933:rustc,2952524:hipcc,2952528:clang++,2952529:clang-23,2963909:hipcc,2963942:clang++,2963981:clang-23,2999145:hipcc,2999202:clang++,2999240:clang-23,3000474:hipcc,3000506:clang++,3000526:clang-23,3006887:hipcc,3006919:clang++,3006942:clang-23,3010681:hipcc,3010711:clang++,3010732:clang-23]
2026-10-09T06:13:30+0900 sample 83: CONTENDED foreign_gpu=[] compilers=[2845758:cargo,2892339:cargo,2921933:rustc,2952524:hipcc,2952528:clang++,2952529:clang-23,2963909:hipcc,2963942:clang++,2963981:clang-23,2999145:hipcc,2999202:clang++,3000474:hipcc,3000506:clang++,3000526:clang-23,3006887:hipcc,3006919:clang++,3006942:clang-23,3010681:hipcc,3010711:clang++,3010732:clang-23,3013168:clang-23]
2026-10-09T06:13:32+0900 sample 84: CONTENDED foreign_gpu=[] compilers=[2845758:cargo,2892339:cargo,2921933:rustc,2952524:hipcc,2952528:clang++,2952529:clang-23,2963909:hipcc,2963942:clang++,2963981:clang-23,3000474:hipcc,3000506:clang++,3000526:clang-23,3006887:hipcc,3006919:clang++,3006942:clang-23,3010681:hipcc,3010711:clang++,3015327:clang-23]
2026-10-09T06:13:33+0900 sample 85: CONTENDED foreign_gpu=[] compilers=[2845758:cargo,2892339:cargo,2921933:rustc,2952524:hipcc,2952528:clang++,2952529:clang-23,2963909:hipcc,2963942:clang++,2963981:clang-23,3000474:hipcc,3000506:clang++,3000526:clang-23,3006887:hipcc,3006919:clang++,3006942:clang-23,3010681:hipcc,3010711:clang++,3015327:clang-23,3016465:hipcc,3016491:clang++,3016508:clang-23]
2026-10-09T06:13:35+0900 sample 86: CONTENDED foreign_gpu=[] compilers=[2845758:cargo,2892339:cargo,2921933:rustc,2952524:hipcc,2952528:clang++,2952529:clang-23,2963909:hipcc,2963942:clang++,3000474:hipcc,3000506:clang++,3000526:clang-23,3006887:hipcc,3006919:clang++,3006942:clang-23,3016465:hipcc,3016491:clang++,3016508:clang-23,3020261:hipcc,3020286:clang++,3020324:clang-23,3020356:clang-23]
2026-10-09T06:13:36+0900 sample 87: CONTENDED foreign_gpu=[] compilers=[2845758:cargo,2892339:cargo,2921933:rustc,2952524:hipcc,2952528:clang++,2952529:clang-23,2963909:hipcc,2963942:clang++,3000474:hipcc,3000506:clang++,3000526:clang-23,3006887:hipcc,3006919:clang++,3006942:clang-23,3016465:hipcc,3016491:clang++,3016508:clang-23,3020261:hipcc,3020286:clang++,3020324:clang-23,3020356:clang-23]
2026-10-09T06:13:38+0900 sample 88: CONTENDED foreign_gpu=[] compilers=[2845758:cargo,2892339:cargo,2921933:rustc,2952524:hipcc,2952528:clang++,2952529:clang-23,2963909:hipcc,2963942:clang++,3000474:hipcc,3000506:clang++,3006887:hipcc,3006919:clang++,3006942:clang-23,3016465:hipcc,3016491:clang++,3016508:clang-23,3020261:hipcc,3020286:clang++,3020324:clang-23,3020356:clang-23,3024025:clang-23]
2026-10-09T06:13:39+0900 sample 89: CONTENDED foreign_gpu=[] compilers=[2845758:cargo,2892339:cargo,2921933:rustc,2952524:hipcc,2952528:clang++,2952529:clang-23,2963909:hipcc,2963942:clang++,3000474:hipcc,3000506:clang++,3006887:hipcc,3006919:clang++,3006942:clang-23,3016465:hipcc,3016491:clang++,3016508:clang-23,3020261:hipcc,3020286:clang++,3020324:clang-23,3020356:clang-23,3024025:clang-23]
2026-10-09T06:13:41+0900 sample 90: CONTENDED foreign_gpu=[] compilers=[2845758:cargo,2892339:cargo,2921933:rustc,2952524:hipcc,2952528:clang++,2952529:clang-23,2963909:hipcc,2963942:clang++,3000474:hipcc,3000506:clang++,3006887:hipcc,3006919:clang++,3006942:clang-23,3016465:hipcc,3016491:clang++,3016508:clang-23,3020261:hipcc,3020286:clang++,3020356:clang-23,3024025:clang-23,3028381:clang-23]
2026-10-09T06:13:42+0900 sample 91: CONTENDED foreign_gpu=[] compilers=[2845758:cargo,2892339:cargo,2921933:rustc,2952524:hipcc,2952528:clang++,2952529:clang-23,2963909:hipcc,2963942:clang++,3000474:hipcc,3000506:clang++,3006887:hipcc,3006919:clang++,3006942:clang-23,3016465:hipcc,3016491:clang++,3016508:clang-23,3020261:hipcc,3020286:clang++,3020356:clang-23,3024025:clang-23,3028381:clang-23]
2026-10-09T06:13:44+0900 sample 92: CONTENDED foreign_gpu=[] compilers=[2845758:cargo,2892339:cargo,2921933:rustc,2952524:hipcc,2952528:clang++,2952529:clang-23,3006887:hipcc,3006919:clang++,3006942:clang-23,3016465:hipcc,3016491:clang++,3016508:clang-23,3032699:hipcc,3032703:clang++,3032704:clang-23,3032708:hipcc,3032712:clang++,3032713:clang-23,3032731:hipcc,3032771:clang++,3032800:clang-23]
2026-10-09T06:13:45+0900 sample 93: CONTENDED foreign_gpu=[] compilers=[2845758:cargo,2892339:cargo,2921933:rustc,2952524:hipcc,2952528:clang++,2952529:clang-23,3006887:hipcc,3006919:clang++,3006942:clang-23,3016465:hipcc,3016491:clang++,3016508:clang-23,3032699:hipcc,3032703:clang++,3032704:clang-23,3032708:hipcc,3032712:clang++,3032731:hipcc,3032771:clang++,3032800:clang-23]
2026-10-09T06:13:47+0900 sample 94: CONTENDED foreign_gpu=[] compilers=[2845758:cargo,2892339:cargo,2921933:rustc,2952524:hipcc,2952528:clang++,2952529:clang-23,3006887:hipcc,3006919:clang++,3006942:clang-23,3016465:hipcc,3016491:clang++,3016508:clang-23,3032699:hipcc,3032703:clang++,3032708:hipcc,3032712:clang++,3032731:hipcc,3032771:clang++,3036310:clang-23,3037073:clang-23,3037093:clang-23]
2026-10-09T06:13:48+0900 sample 95: CONTENDED foreign_gpu=[] compilers=[2845758:cargo,2892339:cargo,2921933:rustc,2952524:hipcc,2952528:clang++,2952529:clang-23,3006887:hipcc,3006919:clang++,3006942:clang-23,3016465:hipcc,3016491:clang++,3016508:clang-23,3032699:hipcc,3032703:clang++,3037093:clang-23,3039245:hipcc,3039249:clang++,3039250:clang-23,3040303:hipcc,3040329:clang++,3040330:clang-23]
2026-10-09T06:13:49+0900 sample 96: CONTENDED foreign_gpu=[] compilers=[2845758:cargo,2892339:cargo,2921933:rustc,2952524:hipcc,2952528:clang++,2952529:clang-23,3006887:hipcc,3006919:clang++,3006942:clang-23,3016465:hipcc,3016491:clang++,3016508:clang-23,3039245:hipcc,3039249:clang++,3040303:hipcc,3040329:clang++,3040330:clang-23,3042073:clang-23]
2026-10-09T06:13:51+0900 sample 97: CONTENDED foreign_gpu=[] compilers=[2845758:cargo,2892339:cargo,2921933:rustc,2952524:hipcc,2952528:clang++,2952529:clang-23,3006887:hipcc,3006919:clang++,3006942:clang-23,3016465:hipcc,3016491:clang++,3016508:clang-23,3040303:hipcc,3040329:clang++,3040330:clang-23,3042812:hipcc,3042846:clang++]
2026-10-09T06:13:53+0900 sample 98: CONTENDED foreign_gpu=[] compilers=[2845758:cargo,2892339:cargo,2921933:rustc,2952524:hipcc,2952528:clang++,2952529:clang-23,3006887:hipcc,3006919:clang++,3006942:clang-23,3016465:hipcc,3016491:clang++,3016508:clang-23,3040303:hipcc,3040329:clang++,3040330:clang-23,3042812:hipcc,3042846:clang++,3044894:hipcc,3044937:clang++,3044958:clang-23,3045295:clang-23]
2026-10-09T06:13:54+0900 sample 99: CONTENDED foreign_gpu=[] compilers=[2845758:cargo,2892339:cargo,2921933:rustc,2952524:hipcc,2952528:clang++,2952529:clang-23,3006887:hipcc,3006919:clang++,3006942:clang-23,3016465:hipcc,3016491:clang++,3016508:clang-23,3040303:hipcc,3040329:clang++,3040330:clang-23,3044894:hipcc,3044937:clang++,3044958:clang-23]
2026-10-09T06:13:56+0900 sample 100: CONTENDED foreign_gpu=[] compilers=[2845758:cargo,2892339:cargo,2921933:rustc,2952524:hipcc,2952528:clang++,2952529:clang-23,3006887:hipcc,3006919:clang++,3006942:clang-23,3016465:hipcc,3016491:clang++,3016508:clang-23,3040303:hipcc,3040329:clang++,3040330:clang-23,3044894:hipcc,3044937:clang++,3044958:clang-23]
2026-10-09T06:13:57+0900 sample 101: CONTENDED foreign_gpu=[] compilers=[2845758:cargo,2892339:cargo,2921933:rustc,2952524:hipcc,2952528:clang++,2952529:clang-23,3006887:hipcc,3006919:clang++,3006942:clang-23,3016465:hipcc,3016491:clang++,3016508:clang-23,3040303:hipcc,3040329:clang++,3040330:clang-23,3044894:hipcc,3044937:clang++,3044958:clang-23]
2026-10-09T06:13:59+0900 sample 102: CONTENDED foreign_gpu=[] compilers=[2845758:cargo,2892339:cargo,2921933:rustc,2952524:hipcc,2952528:clang++,2952529:clang-23,3006887:hipcc,3006919:clang++,3006942:clang-23,3016465:hipcc,3016491:clang++,3016508:clang-23,3040303:hipcc,3040329:clang++,3040330:clang-23,3044894:hipcc,3044937:clang++,3055528:clang-23]
2026-10-09T06:14:00+0900 sample 103: CONTENDED foreign_gpu=[] compilers=[2845758:cargo,2892339:cargo,2921933:rustc,2952524:hipcc,2952528:clang++,2952529:clang-23,3006887:hipcc,3006919:clang++,3006942:clang-23,3016465:hipcc,3016491:clang++,3016508:clang-23,3040303:hipcc,3040329:clang++,3040330:clang-23,3044894:hipcc,3044937:clang++,3055528:clang-23]
2026-10-09T06:14:02+0900 sample 104: CONTENDED foreign_gpu=[] compilers=[2845758:cargo,2892339:cargo,2921933:rustc,2952524:hipcc,2952528:clang++,2952529:clang-23,3006887:hipcc,3006919:clang++,3006942:clang-23,3016465:hipcc,3016491:clang++,3016508:clang-23,3040303:hipcc,3040329:clang++,3040330:clang-23]
2026-10-09T06:14:03+0900 sample 105: CONTENDED foreign_gpu=[] compilers=[2845758:cargo,2892339:cargo,2921933:rustc,2952524:hipcc,2952528:clang++,2952529:clang-23,3006887:hipcc,3006919:clang++,3006942:clang-23,3016465:hipcc,3016491:clang++,3016508:clang-23,3040303:hipcc,3040329:clang++,3040330:clang-23]
2026-10-09T06:14:05+0900 sample 106: CONTENDED foreign_gpu=[] compilers=[2845758:cargo,2892339:cargo,2921933:rustc,2952524:hipcc,2952528:clang++,2952529:clang-23,3006887:hipcc,3006919:clang++,3006942:clang-23,3016465:hipcc,3016491:clang++,3016508:clang-23,3040303:hipcc,3040329:clang++,3040330:clang-23]
2026-10-09T06:14:06+0900 sample 107: CONTENDED foreign_gpu=[] compilers=[2845758:cargo,2892339:cargo,2921933:rustc,2952524:hipcc,2952528:clang++,2952529:clang-23,3006887:hipcc,3006919:clang++,3006942:clang-23,3016465:hipcc,3016491:clang++,3040303:hipcc,3040329:clang++,3040330:clang-23,3065319:clang-23]
2026-10-09T06:14:07+0900 sample 108: CONTENDED foreign_gpu=[] compilers=[2845758:cargo,2892339:cargo,2921933:rustc,2952524:hipcc,2952528:clang++,2952529:clang-23,3006887:hipcc,3006919:clang++,3006942:clang-23,3016465:hipcc,3016491:clang++,3040303:hipcc,3040329:clang++,3040330:clang-23,3065319:clang-23]
2026-10-09T06:14:09+0900 sample 109: CONTENDED foreign_gpu=[] compilers=[2845758:cargo,2892339:cargo,2921933:rustc,2952524:hipcc,2952528:clang++,2952529:clang-23,3006887:hipcc,3006919:clang++,3006942:clang-23,3016465:hipcc,3016491:clang++,3040303:hipcc,3040329:clang++,3040330:clang-23,3065319:clang-23]
2026-10-09T06:14:11+0900 sample 110: CONTENDED foreign_gpu=[] compilers=[2845758:cargo,2892339:cargo,2921933:rustc,2952524:hipcc,2952528:clang++,2952529:clang-23,3006887:hipcc,3006919:clang++,3006942:clang-23,3016465:hipcc,3016491:clang++,3040303:hipcc,3040329:clang++,3040330:clang-23,3065319:clang-23]
2026-10-09T06:14:12+0900 sample 111: CONTENDED foreign_gpu=[] compilers=[2845758:cargo,2892339:cargo,2921933:rustc,2952524:hipcc,2952528:clang++,2952529:clang-23,3006887:hipcc,3006919:clang++,3006942:clang-23,3016465:hipcc,3016491:clang++,3040303:hipcc,3040329:clang++,3040330:clang-23,3065319:clang-23]
2026-10-09T06:14:14+0900 sample 112: CONTENDED foreign_gpu=[] compilers=[2845758:cargo,2892339:cargo,2921933:rustc,2952524:hipcc,2952528:clang++,2952529:clang-23,3006887:hipcc,3006919:clang++,3006942:clang-23,3016465:hipcc,3016491:clang++,3040303:hipcc,3040329:clang++,3040330:clang-23,3065319:clang-23]
2026-10-09T06:14:15+0900 sample 113: CONTENDED foreign_gpu=[] compilers=[2845758:cargo,2892339:cargo,2921933:rustc,2952524:hipcc,2952528:clang++,3006887:hipcc,3006919:clang++,3006942:clang-23,3016465:hipcc,3016491:clang++,3040303:hipcc,3040329:clang++,3040330:clang-23,3065319:clang-23,3075670:clang-23]
2026-10-09T06:14:17+0900 sample 114: CONTENDED foreign_gpu=[] compilers=[2845758:cargo,2892339:cargo,2921933:rustc,2952524:hipcc,2952528:clang++,3006887:hipcc,3006919:clang++,3006942:clang-23,3016465:hipcc,3016491:clang++,3040303:hipcc,3040329:clang++,3040330:clang-23,3065319:clang-23,3075670:clang-23]
2026-10-09T06:14:18+0900 sample 115: CONTENDED foreign_gpu=[] compilers=[2845758:cargo,2892339:cargo,2921933:rustc,2952524:hipcc,2952528:clang++,3006887:hipcc,3006919:clang++,3006942:clang-23,3016465:hipcc,3016491:clang++,3040303:hipcc,3040329:clang++,3040330:clang-23,3065319:clang-23,3075670:clang-23]
2026-10-09T06:14:20+0900 sample 116: CONTENDED foreign_gpu=[] compilers=[2845758:cargo,2892339:cargo,2952524:hipcc,2952528:clang++,3006887:hipcc,3006919:clang++,3006942:clang-23,3040303:hipcc,3040329:clang++,3040330:clang-23,3075670:clang-23]
2026-10-09T06:14:21+0900 sample 117: CONTENDED foreign_gpu=[] compilers=[2845758:cargo,2892339:cargo,2952524:hipcc,2952528:clang++,3006887:hipcc,3006919:clang++,3006942:clang-23,3040303:hipcc,3040329:clang++,3040330:clang-23,3075670:clang-23,3079436:rustc,3079438:rustc]
2026-10-09T06:14:22+0900 sample 118: CONTENDED foreign_gpu=[] compilers=[2845758:cargo,2892339:cargo,2952524:hipcc,2952528:clang++,3006887:hipcc,3006919:clang++,3006942:clang-23,3040303:hipcc,3040329:clang++,3040330:clang-23,3075670:clang-23,3079436:rustc,3079438:rustc]
2026-10-09T06:14:24+0900 sample 119: CONTENDED foreign_gpu=[] compilers=[2845758:cargo,2892339:cargo,2952524:hipcc,2952528:clang++,3006887:hipcc,3006919:clang++,3006942:clang-23,3040303:hipcc,3040329:clang++,3040330:clang-23,3075670:clang-23,3079436:rustc,3079438:rustc]
2026-10-09T06:14:25+0900 sample 120: CONTENDED foreign_gpu=[] compilers=[2845758:cargo,2892339:cargo,2952524:hipcc,2952528:clang++,3006887:hipcc,3006919:clang++,3006942:clang-23,3040303:hipcc,3040329:clang++,3040330:clang-23,3075670:clang-23,3079436:rustc,3079438:rustc]
2026-10-09T06:14:27+0900 sample 121: CONTENDED foreign_gpu=[] compilers=[2845758:cargo,2892339:cargo,2952524:hipcc,2952528:clang++,3006887:hipcc,3006919:clang++,3006942:clang-23,3040303:hipcc,3040329:clang++,3040330:clang-23,3075670:clang-23,3079436:rustc,3079438:rustc]
2026-10-09T06:14:28+0900 sample 122: CONTENDED foreign_gpu=[] compilers=[2845758:cargo,2892339:cargo,2952524:hipcc,2952528:clang++,3006887:hipcc,3006919:clang++,3040303:hipcc,3040329:clang++,3040330:clang-23,3075670:clang-23,3079436:rustc,3079438:rustc]
2026-10-09T06:14:30+0900 sample 123: CONTENDED foreign_gpu=[] compilers=[2845758:cargo,2892339:cargo,2952524:hipcc,2952528:clang++,3006887:hipcc,3006919:clang++,3040303:hipcc,3040329:clang++,3040330:clang-23,3075670:clang-23,3079436:rustc,3079438:rustc,3087032:clang-23]
2026-10-09T06:14:31+0900 sample 124: CONTENDED foreign_gpu=[] compilers=[2845758:cargo,2892339:cargo,2952524:hipcc,2952528:clang++,3006887:hipcc,3006919:clang++,3040303:hipcc,3040329:clang++,3075670:clang-23,3079436:rustc,3079438:rustc,3087032:clang-23,3090617:clang-23]
2026-10-09T06:14:33+0900 sample 125: CONTENDED foreign_gpu=[] compilers=[2845758:cargo,2892339:cargo,2952524:hipcc,2952528:clang++,3006887:hipcc,3006919:clang++,3040303:hipcc,3040329:clang++,3075670:clang-23,3079436:rustc,3079438:rustc,3087032:clang-23,3090617:clang-23]
2026-10-09T06:14:34+0900 sample 126: CONTENDED foreign_gpu=[] compilers=[2845758:cargo,2892339:cargo,2952524:hipcc,2952528:clang++,3006887:hipcc,3006919:clang++,3040303:hipcc,3040329:clang++,3075670:clang-23,3079436:rustc,3079438:rustc,3087032:clang-23,3090617:clang-23]
2026-10-09T06:14:36+0900 sample 127: CONTENDED foreign_gpu=[] compilers=[2845758:cargo,2892339:cargo,2952524:hipcc,2952528:clang++,3006887:hipcc,3006919:clang++,3040303:hipcc,3040329:clang++,3075670:clang-23,3079438:rustc,3087032:clang-23,3090617:clang-23]
2026-10-09T06:14:37+0900 sample 128: CONTENDED foreign_gpu=[] compilers=[2845758:cargo,2892339:cargo,2952524:hipcc,2952528:clang++,3006887:hipcc,3006919:clang++,3040303:hipcc,3040329:clang++,3075670:clang-23,3079438:rustc,3087032:clang-23,3090617:clang-23]
2026-10-09T06:14:39+0900 sample 129: CONTENDED foreign_gpu=[] compilers=[2845758:cargo,2952524:hipcc,2952528:clang++,3006887:hipcc,3006919:clang++,3040303:hipcc,3040329:clang++,3075670:clang-23,3087032:clang-23,3090617:clang-23]
2026-10-09T06:14:40+0900 sample 130: CONTENDED foreign_gpu=[] compilers=[2845758:cargo,2952524:hipcc,2952528:clang++,3006887:hipcc,3006919:clang++,3040303:hipcc,3040329:clang++,3075670:clang-23,3087032:clang-23,3090617:clang-23]
2026-10-09T06:14:42+0900 sample 131: CONTENDED foreign_gpu=[] compilers=[2845758:cargo,3006887:hipcc,3006919:clang++,3087032:clang-23]
2026-10-09T06:14:43+0900 sample 132: CONTENDED foreign_gpu=[] compilers=[2845758:cargo,3006887:hipcc,3006919:clang++,3087032:clang-23]
2026-10-09T06:14:45+0900 sample 133: CONTENDED foreign_gpu=[] compilers=[2845758:cargo,3006887:hipcc,3006919:clang++,3087032:clang-23]
2026-10-09T06:14:47+0900 sample 134: CONTENDED foreign_gpu=[] compilers=[2845758:cargo,3006887:hipcc,3006919:clang++,3087032:clang-23]
2026-10-09T06:14:48+0900 sample 135: CONTENDED foreign_gpu=[] compilers=[2845758:cargo,3006887:hipcc,3006919:clang++,3087032:clang-23]
2026-10-09T06:14:50+0900 sample 136: CONTENDED foreign_gpu=[] compilers=[2845758:cargo,3006887:hipcc,3006919:clang++,3087032:clang-23]
2026-10-09T06:14:52+0900 sample 137: CONTENDED foreign_gpu=[] compilers=[2845758:cargo,3118574:cc1plus,3118575:cc1plus,3118577:cc1plus,3118578:cc1plus,3118579:cc1plus]
2026-10-09T06:14:53+0900 sample 138: CONTENDED foreign_gpu=[] compilers=[2845758:cargo,3118578:cc1plus,3118579:cc1plus,3118917:cc1plus,3119724:cc1plus,3119982:cc1plus,3120665:cc1plus]
2026-10-09T06:14:55+0900 sample 139: CONTENDED foreign_gpu=[] compilers=[2845758:cargo,3118579:cc1plus,3120665:cc1plus,3122744:cc1plus,3122749:cc1plus,3122754:cc1plus]
2026-10-09T06:14:56+0900 sample 140: CONTENDED foreign_gpu=[] compilers=[2845758:cargo,3118579:cc1plus,3120665:cc1plus,3122749:cc1plus,3122754:cc1plus,3124905:cc1plus]
2026-10-09T06:14:57+0900 sample 141: CONTENDED foreign_gpu=[] compilers=[2845758:cargo,3118579:cc1plus,3120665:cc1plus,3124905:cc1plus,3126995:cc1plus,3127007:cc1plus]
2026-10-09T06:14:59+0900 sample 142: CONTENDED foreign_gpu=[] compilers=[2845758:cargo,3118579:cc1plus,3120665:cc1plus,3129091:cc1plus,3129111:cc1plus,3129114:cc1plus]
2026-10-09T06:15:01+0900 sample 143: CONTENDED foreign_gpu=[] compilers=[2845758:cargo,3131216:cc1plus,3131222:cc1plus,3131231:cc1plus,3131236:cc1plus,3131448:cc1plus]
2026-10-09T06:15:02+0900 sample 144: CONTENDED foreign_gpu=[] compilers=[2845758:cargo,3131222:cc1plus,3131236:cc1plus,3133329:cc1plus,3133336:cc1plus,3133534:cc1plus]
2026-10-09T06:15:03+0900 sample 145: CONTENDED foreign_gpu=[] compilers=[2845758:cargo,3131222:cc1plus,3131236:cc1plus,3133534:cc1plus,3135434:cc1plus]
2026-10-09T06:15:05+0900 sample 146: CONTENDED foreign_gpu=[] compilers=[2845758:cargo,3131222:cc1plus,3136947:cc1plus,3137534:cc1plus,3138062:cc1plus,3138336:cc1plus]
2026-10-09T06:15:06+0900 sample 147: CONTENDED foreign_gpu=[] compilers=[2845758:cargo,3131222:cc1plus,3138062:cc1plus,3138336:cc1plus,3139555:cc1plus,3139639:cc1plus,3140682:cc1plus]
2026-10-09T06:15:08+0900 sample 148: CONTENDED foreign_gpu=[] compilers=[2845758:cargo,3131222:cc1plus,3138062:cc1plus,3141550:cc1plus,3141739:cc1plus,3141745:cc1plus,3142009:cc1plus]
2026-10-09T06:15:09+0900 sample 149: CONTENDED foreign_gpu=[] compilers=[2845758:cargo,3131222:cc1plus,3141739:cc1plus,3143833:cc1plus,3144466:cc1plus,3144882:cc1plus]
2026-10-09T06:15:11+0900 sample 150: CONTENDED foreign_gpu=[] compilers=[2845758:cargo,3141739:cc1plus,3145927:cc1plus,3145933:cc1plus,3146843:cc1plus,3146867:cc1plus]
2026-10-09T06:15:12+0900 sample 151: CONTENDED foreign_gpu=[] compilers=[2845758:cargo,3141739:cc1plus,3145927:cc1plus,3147872:cc1plus,3147948:cc1plus,3148049:cc1plus,3149091:cc1plus]
2026-10-09T06:15:14+0900 sample 152: CONTENDED foreign_gpu=[] compilers=[2845758:cargo,3150728:cc1plus,3151204:cc1plus,3151210:cc1plus]
2026-10-09T06:15:15+0900 sample 153: CONTENDED foreign_gpu=[] compilers=[2845758:cargo,3150728:cc1plus,3151399:cc1plus,3151698:cc1plus,3153290:cc1plus,3153321:cc1plus]
2026-10-09T06:15:17+0900 sample 154: CONTENDED foreign_gpu=[] compilers=[2845758:cargo,3150728:cc1plus,3153638:cc1plus,3154383:cc1plus,3155434:cc1plus,3155439:cc1plus,3155445:cc1plus]
2026-10-09T06:15:18+0900 sample 155: CONTENDED foreign_gpu=[] compilers=[2845758:cargo,3150728:cc1plus,3154383:cc1plus,3156557:cc1plus,3157539:cc1plus,3157545:cc1plus]
2026-10-09T06:15:20+0900 sample 156: CONTENDED foreign_gpu=[] compilers=[2845758:cargo,3150728:cc1plus,3158898:cc1plus,3159653:cc1plus,3159658:cc1plus]
2026-10-09T06:15:21+0900 sample 157: CONTENDED foreign_gpu=[] compilers=[2845758:cargo,3150728:cc1plus,3161765:cc1plus,3161772:cc1plus,3161777:cc1plus,3161783:cc1plus]
2026-10-09T06:15:23+0900 sample 158: CONTENDED foreign_gpu=[] compilers=[2845758:cargo]
2026-10-09T06:15:24+0900 sample 159: CONTENDED foreign_gpu=[] compilers=[2845758:cargo,3165931:cc1plus]
2026-10-09T06:15:25+0900 sample 160: CONTENDED foreign_gpu=[] compilers=[2845758:cargo]
2026-10-09T06:15:27+0900 sample 161: CONTENDED foreign_gpu=[] compilers=[2845758:cargo,3168188:cc1plus]
2026-10-09T06:15:28+0900 sample 162: CONTENDED foreign_gpu=[] compilers=[2845758:cargo,3168188:cc1plus]
2026-10-09T06:15:30+0900 sample 163: CONTENDED foreign_gpu=[] compilers=[2845758:cargo,3172944:cc1plus]
2026-10-09T06:15:32+0900 sample 164: CONTENDED foreign_gpu=[] compilers=[2845758:cargo,3173952:cc1plus]
2026-10-09T06:15:33+0900 sample 165: CONTENDED foreign_gpu=[] compilers=[2845758:cargo,3174993:cc1plus]
2026-10-09T06:15:35+0900 sample 166: CONTENDED foreign_gpu=[] compilers=[2845758:cargo,3175982:cc1plus]
2026-10-09T06:15:36+0900 sample 167: CONTENDED foreign_gpu=[] compilers=[2845758:cargo]
2026-10-09T06:15:38+0900 sample 168: CONTENDED foreign_gpu=[] compilers=[2845758:cargo,3178991:cc1plus]
2026-10-09T06:15:39+0900 sample 169: CONTENDED foreign_gpu=[] compilers=[2845758:cargo,3181000:cc1plus]
2026-10-09T06:15:41+0900 sample 170: CONTENDED foreign_gpu=[] compilers=[2845758:cargo,3182035:cc1plus]
2026-10-09T06:15:42+0900 sample 171: CONTENDED foreign_gpu=[] compilers=[2845758:cargo]
2026-10-09T06:15:44+0900 sample 172: CONTENDED foreign_gpu=[] compilers=[2845758:cargo]
2026-10-09T06:15:46+0900 sample 173: CONTENDED foreign_gpu=[] compilers=[2845758:cargo]
2026-10-09T06:15:47+0900 sample 174: CONTENDED foreign_gpu=[] compilers=[2845758:cargo]
2026-10-09T06:15:49+0900 sample 175: CONTENDED foreign_gpu=[] compilers=[2845758:cargo]
2026-10-09T06:15:50+0900 sample 176: CONTENDED foreign_gpu=[] compilers=[2845758:cargo]
2026-10-09T06:15:52+0900 sample 177: CONTENDED foreign_gpu=[] compilers=[2845758:cargo]
2026-10-09T06:15:53+0900 sample 178: CONTENDED foreign_gpu=[] compilers=[2845758:cargo]
2026-10-09T06:15:55+0900 sample 179: CONTENDED foreign_gpu=[] compilers=[2845758:cargo]
2026-10-09T06:15:56+0900 sample 180: CONTENDED foreign_gpu=[] compilers=[2845758:cargo]
2026-10-09T06:15:58+0900 sample 181: CONTENDED foreign_gpu=[] compilers=[2845758:cargo]
2026-10-09T06:16:00+0900 sample 182: CONTENDED foreign_gpu=[] compilers=[2845758:cargo]
2026-10-09T06:16:01+0900 sample 183: CONTENDED foreign_gpu=[] compilers=[2845758:cargo]
2026-10-09T06:16:03+0900 sample 184: CONTENDED foreign_gpu=[] compilers=[2845758:cargo]
2026-10-09T06:16:04+0900 sample 185: CONTENDED foreign_gpu=[] compilers=[2845758:cargo]
2026-10-09T06:16:06+0900 sample 186: CONTENDED foreign_gpu=[] compilers=[2845758:cargo]
2026-10-09T06:16:07+0900 sample 187: CONTENDED foreign_gpu=[] compilers=[2845758:cargo]
2026-10-09T06:16:09+0900 sample 188: CONTENDED foreign_gpu=[] compilers=[2845758:cargo]
2026-10-09T06:16:11+0900 sample 189: CONTENDED foreign_gpu=[] compilers=[2845758:cargo]
2026-10-09T06:16:12+0900 sample 190: CONTENDED foreign_gpu=[] compilers=[2845758:cargo]
2026-10-09T06:16:14+0900 sample 191: CONTENDED foreign_gpu=[] compilers=[2845758:cargo]
2026-10-09T06:16:15+0900 sample 192: CONTENDED foreign_gpu=[] compilers=[2845758:cargo]
2026-10-09T06:16:17+0900 sample 193: CONTENDED foreign_gpu=[] compilers=[2845758:cargo]
2026-10-09T06:16:18+0900 sample 194: CONTENDED foreign_gpu=[] compilers=[2845758:cargo]
2026-10-09T06:16:20+0900 sample 195: CONTENDED foreign_gpu=[] compilers=[2845758:cargo]
2026-10-09T06:16:22+0900 sample 196: CONTENDED foreign_gpu=[] compilers=[2845758:cargo]
2026-10-09T06:16:23+0900 sample 197: CONTENDED foreign_gpu=[] compilers=[2845758:cargo]
2026-10-09T06:16:25+0900 sample 198: CONTENDED foreign_gpu=[] compilers=[2845758:cargo]
2026-10-09T06:16:27+0900 sample 199: CONTENDED foreign_gpu=[] compilers=[2845758:cargo]
2026-10-09T06:16:28+0900 sample 200: CONTENDED foreign_gpu=[] compilers=[2845758:cargo]
2026-10-09T06:16:30+0900 sample 201: CONTENDED foreign_gpu=[] compilers=[2845758:cargo]
2026-10-09T06:16:31+0900 sample 202: CONTENDED foreign_gpu=[] compilers=[2845758:cargo]
2026-10-09T06:16:33+0900 sample 203: CONTENDED foreign_gpu=[] compilers=[2845758:cargo]
2026-10-09T06:16:35+0900 sample 204: CONTENDED foreign_gpu=[] compilers=[2845758:cargo]
2026-10-09T06:16:36+0900 sample 205: CONTENDED foreign_gpu=[] compilers=[2845758:cargo]
2026-10-09T06:16:38+0900 sample 206: CONTENDED foreign_gpu=[] compilers=[2845758:cargo]
2026-10-09T06:16:39+0900 sample 207: CONTENDED foreign_gpu=[] compilers=[2845758:cargo]
2026-10-09T06:16:41+0900 sample 208: CONTENDED foreign_gpu=[] compilers=[2845758:cargo]
2026-10-09T06:16:42+0900 sample 209: CONTENDED foreign_gpu=[] compilers=[2845758:cargo]
2026-10-09T06:16:44+0900 sample 210: CONTENDED foreign_gpu=[] compilers=[2845758:cargo]
2026-10-09T06:16:45+0900 sample 211: CONTENDED foreign_gpu=[] compilers=[2845758:cargo]
2026-10-09T06:16:47+0900 sample 212: CONTENDED foreign_gpu=[] compilers=[2845758:cargo]
2026-10-09T06:16:48+0900 sample 213: CONTENDED foreign_gpu=[] compilers=[2845758:cargo]
2026-10-09T06:16:50+0900 sample 214: CONTENDED foreign_gpu=[] compilers=[2845758:cargo]
2026-10-09T06:16:52+0900 sample 215: CONTENDED foreign_gpu=[] compilers=[2845758:cargo]
2026-10-09T06:16:53+0900 sample 216: CONTENDED foreign_gpu=[] compilers=[2845758:cargo]
2026-10-09T06:16:55+0900 sample 217: CONTENDED foreign_gpu=[] compilers=[2845758:cargo]
2026-10-09T06:16:56+0900 sample 218: CONTENDED foreign_gpu=[] compilers=[2845758:cargo]
2026-10-09T06:16:58+0900 sample 219: CONTENDED foreign_gpu=[] compilers=[2845758:cargo]
2026-10-09T06:16:59+0900 sample 220: CONTENDED foreign_gpu=[] compilers=[2845758:cargo]
2026-10-09T06:17:01+0900 sample 221: CONTENDED foreign_gpu=[] compilers=[2845758:cargo]
2026-10-09T06:17:02+0900 sample 222: CONTENDED foreign_gpu=[] compilers=[2845758:cargo]
2026-10-09T06:17:04+0900 sample 223: CONTENDED foreign_gpu=[] compilers=[2845758:cargo]
2026-10-09T06:17:05+0900 sample 224: CONTENDED foreign_gpu=[] compilers=[2845758:cargo]
2026-10-09T06:17:07+0900 sample 225: CONTENDED foreign_gpu=[] compilers=[2845758:cargo]
2026-10-09T06:17:09+0900 sample 226: clean gpu=[2847113:mlxcel-server]
2026-10-09T06:17:10+0900 sample 227: clean gpu=[2847113:mlxcel-server,3239340:mlxcel]
2026-10-09T06:17:12+0900 sample 228: CONTENDED foreign_gpu=[3241319:mlxcel-67df2b24] compilers=[3240871:cargo]
2026-10-09T06:17:13+0900 sample 229: CONTENDED foreign_gpu=[3241319:mlxcel-67df2b24] compilers=[3240871:cargo]
2026-10-09T06:17:15+0900 sample 230: CONTENDED foreign_gpu=[3241319:mlxcel-67df2b24] compilers=[3240871:cargo]
2026-10-09T06:17:16+0900 sample 231: CONTENDED foreign_gpu=[3241319:mlxcel-67df2b24] compilers=[3240871:cargo]
2026-10-09T06:17:18+0900 sample 232: CONTENDED foreign_gpu=[3241319:mlxcel-67df2b24] compilers=[3240871:cargo]
2026-10-09T06:17:19+0900 sample 233: CONTENDED foreign_gpu=[3241319:mlxcel-67df2b24] compilers=[3240871:cargo]
2026-10-09T06:17:20+0900 sample 234: CONTENDED foreign_gpu=[3241319:mlxcel-67df2b24] compilers=[3240871:cargo]
2026-10-09T06:17:22+0900 sample 235: CONTENDED foreign_gpu=[3241319:mlxcel-67df2b24] compilers=[3240871:cargo]
2026-10-09T06:17:24+0900 sample 236: CONTENDED foreign_gpu=[3241319:mlxcel-67df2b24] compilers=[3240871:cargo]
2026-10-09T06:17:25+0900 sample 237: CONTENDED foreign_gpu=[3241319:mlxcel-67df2b24] compilers=[3240871:cargo]
2026-10-09T06:17:27+0900 sample 238: CONTENDED foreign_gpu=[3241319:mlxcel-67df2b24] compilers=[3240871:cargo]
2026-10-09T06:17:28+0900 sample 239: CONTENDED foreign_gpu=[3241319:mlxcel-67df2b24] compilers=[3240871:cargo]
2026-10-09T06:17:30+0900 sample 240: CONTENDED foreign_gpu=[3241319:mlxcel-67df2b24] compilers=[3240871:cargo]
2026-10-09T06:17:31+0900 sample 241: CONTENDED foreign_gpu=[3241319:mlxcel-67df2b24] compilers=[3240871:cargo]
2026-10-09T06:17:33+0900 sample 242: CONTENDED foreign_gpu=[3241319:mlxcel-67df2b24] compilers=[3240871:cargo]
2026-10-09T06:17:34+0900 sample 243: CONTENDED foreign_gpu=[3241319:mlxcel-67df2b24] compilers=[3240871:cargo]
2026-10-09T06:17:36+0900 sample 244: CONTENDED foreign_gpu=[3241319:mlxcel-67df2b24] compilers=[3240871:cargo]
2026-10-09T06:17:38+0900 sample 245: CONTENDED foreign_gpu=[3241319:mlxcel-67df2b24] compilers=[3240871:cargo]
2026-10-09T06:17:39+0900 sample 246: CONTENDED foreign_gpu=[3241319:mlxcel-67df2b24] compilers=[3240871:cargo]
2026-10-09T06:17:41+0900 sample 247: CONTENDED foreign_gpu=[3241319:mlxcel-67df2b24] compilers=[3240871:cargo]
2026-10-09T06:17:42+0900 sample 248: CONTENDED foreign_gpu=[3241319:mlxcel-67df2b24] compilers=[3240871:cargo]
2026-10-09T06:17:44+0900 sample 249: CONTENDED foreign_gpu=[3241319:mlxcel-67df2b24] compilers=[3240871:cargo]
2026-10-09T06:17:45+0900 sample 250: CONTENDED foreign_gpu=[3241319:mlxcel-67df2b24] compilers=[3240871:cargo]
2026-10-09T06:17:47+0900 sample 251: CONTENDED foreign_gpu=[3241319:mlxcel-67df2b24] compilers=[3240871:cargo]
2026-10-09T06:17:48+0900 sample 252: CONTENDED foreign_gpu=[3241319:mlxcel-67df2b24] compilers=[3240871:cargo]
2026-10-09T06:17:50+0900 sample 253: CONTENDED foreign_gpu=[3241319:mlxcel-67df2b24] compilers=[3240871:cargo]
2026-10-09T06:17:51+0900 sample 254: CONTENDED foreign_gpu=[3241319:mlxcel-67df2b24] compilers=[3240871:cargo]
2026-10-09T06:17:53+0900 sample 255: CONTENDED foreign_gpu=[3241319:mlxcel-67df2b24] compilers=[3240871:cargo]
2026-10-09T06:17:55+0900 sample 256: CONTENDED foreign_gpu=[3241319:mlxcel-67df2b24] compilers=[3240871:cargo]
2026-10-09T06:17:56+0900 sample 257: CONTENDED foreign_gpu=[3241319:mlxcel-67df2b24] compilers=[3240871:cargo]
2026-10-09T06:17:58+0900 sample 258: CONTENDED foreign_gpu=[3241319:mlxcel-67df2b24] compilers=[3240871:cargo]
2026-10-09T06:17:59+0900 sample 259: CONTENDED foreign_gpu=[3241319:mlxcel-67df2b24] compilers=[3240871:cargo]
2026-10-09T06:18:01+0900 sample 260: CONTENDED foreign_gpu=[3241319:mlxcel-67df2b24] compilers=[3240871:cargo]
2026-10-09T06:18:02+0900 sample 261: CONTENDED foreign_gpu=[3241319:mlxcel-67df2b24] compilers=[3240871:cargo]
2026-10-09T06:18:04+0900 sample 262: CONTENDED foreign_gpu=[3241319:mlxcel-67df2b24] compilers=[3240871:cargo]
2026-10-09T06:18:05+0900 sample 263: CONTENDED foreign_gpu=[3241319:mlxcel-67df2b24] compilers=[3240871:cargo]
2026-10-09T06:18:07+0900 sample 264: CONTENDED foreign_gpu=[] compilers=[3240871:cargo]
2026-10-09T06:18:08+0900 sample 265: CONTENDED foreign_gpu=[] compilers=[3240871:cargo]
2026-10-09T06:18:10+0900 sample 266: CONTENDED foreign_gpu=[] compilers=[3240871:cargo]
2026-10-09T06:18:11+0900 sample 267: CONTENDED foreign_gpu=[] compilers=[3240871:cargo]
2026-10-09T06:18:13+0900 sample 268: CONTENDED foreign_gpu=[] compilers=[3240871:cargo]
2026-10-09T06:18:14+0900 sample 269: CONTENDED foreign_gpu=[] compilers=[3240871:cargo]
2026-10-09T06:18:16+0900 sample 270: CONTENDED foreign_gpu=[] compilers=[3240871:cargo]
2026-10-09T06:18:17+0900 sample 271: CONTENDED foreign_gpu=[] compilers=[3240871:cargo]
2026-10-09T06:18:19+0900 sample 272: CONTENDED foreign_gpu=[] compilers=[3240871:cargo]
2026-10-09T06:18:20+0900 sample 273: CONTENDED foreign_gpu=[] compilers=[3240871:cargo]
2026-10-09T06:18:22+0900 sample 274: CONTENDED foreign_gpu=[] compilers=[3240871:cargo]
2026-10-09T06:18:23+0900 sample 275: CONTENDED foreign_gpu=[] compilers=[3240871:cargo]
2026-10-09T06:18:24+0900 sample 276: CONTENDED foreign_gpu=[] compilers=[3240871:cargo]
2026-10-09T06:18:26+0900 sample 277: CONTENDED foreign_gpu=[] compilers=[3240871:cargo]
2026-10-09T06:18:27+0900 sample 278: CONTENDED foreign_gpu=[] compilers=[3240871:cargo]
2026-10-09T06:18:29+0900 sample 279: CONTENDED foreign_gpu=[] compilers=[3240871:cargo]
2026-10-09T06:18:30+0900 sample 280: CONTENDED foreign_gpu=[] compilers=[3240871:cargo]
2026-10-09T06:18:32+0900 sample 281: CONTENDED foreign_gpu=[] compilers=[3240871:cargo]
2026-10-09T06:18:33+0900 sample 282: CONTENDED foreign_gpu=[] compilers=[3240871:cargo]
2026-10-09T06:18:35+0900 sample 283: CONTENDED foreign_gpu=[] compilers=[3240871:cargo]
2026-10-09T06:18:36+0900 sample 284: CONTENDED foreign_gpu=[] compilers=[3240871:cargo]
2026-10-09T06:18:38+0900 sample 285: CONTENDED foreign_gpu=[] compilers=[3240871:cargo]
2026-10-09T06:18:39+0900 sample 286: CONTENDED foreign_gpu=[] compilers=[3240871:cargo]
2026-10-09T06:18:41+0900 sample 287: CONTENDED foreign_gpu=[] compilers=[3240871:cargo]
2026-10-09T06:18:42+0900 sample 288: CONTENDED foreign_gpu=[] compilers=[3240871:cargo]
2026-10-09T06:18:44+0900 sample 289: CONTENDED foreign_gpu=[] compilers=[3240871:cargo]
2026-10-09T06:18:45+0900 sample 290: CONTENDED foreign_gpu=[] compilers=[3240871:cargo]
2026-10-09T06:18:46+0900 monitor: 290 samples
2026-10-09T06:18:46+0900 attempt 2: REJECTED (contended), exit 0; rerunning
2026-10-09T06:18:46+0900 waiting for 60s of idle GPU and no compiler
2026-10-09T06:41:08+0900 idle for 60s: kfd proc empty and no compiler in every 1 Hz sample
2026-10-09T06:41:08+0900 attempt 3/6: start: <meas>/run_s6.sh <meas>/s6
2026-10-09T06:41:09+0900 sample 1: clean gpu=[]
2026-10-09T06:41:10+0900 sample 2: clean gpu=[241396:profile_batched]
2026-10-09T06:41:11+0900 sample 3: clean gpu=[242364:mlxcel-server]
2026-10-09T06:41:13+0900 sample 4: clean gpu=[242364:mlxcel-server]
2026-10-09T06:41:14+0900 sample 5: clean gpu=[242364:mlxcel-server]
2026-10-09T06:41:16+0900 sample 6: clean gpu=[242364:mlxcel-server]
2026-10-09T06:41:18+0900 sample 7: clean gpu=[242364:mlxcel-server]
2026-10-09T06:41:19+0900 sample 8: clean gpu=[242364:mlxcel-server]
2026-10-09T06:41:21+0900 sample 9: clean gpu=[242364:mlxcel-server]
2026-10-09T06:41:22+0900 sample 10: clean gpu=[242364:mlxcel-server]
2026-10-09T06:41:24+0900 sample 11: clean gpu=[242364:mlxcel-server]
2026-10-09T06:41:26+0900 sample 12: clean gpu=[242364:mlxcel-server]
2026-10-09T06:41:27+0900 sample 13: clean gpu=[242364:mlxcel-server]
2026-10-09T06:41:29+0900 sample 14: clean gpu=[242364:mlxcel-server]
2026-10-09T06:41:30+0900 sample 15: clean gpu=[242364:mlxcel-server]
2026-10-09T06:41:32+0900 sample 16: clean gpu=[242364:mlxcel-server]
2026-10-09T06:41:33+0900 sample 17: clean gpu=[242364:mlxcel-server]
2026-10-09T06:41:35+0900 sample 18: clean gpu=[242364:mlxcel-server]
2026-10-09T06:41:36+0900 sample 19: clean gpu=[242364:mlxcel-server]
2026-10-09T06:41:38+0900 sample 20: clean gpu=[242364:mlxcel-server]
2026-10-09T06:41:40+0900 sample 21: clean gpu=[242364:mlxcel-server]
2026-10-09T06:41:41+0900 sample 22: clean gpu=[242364:mlxcel-server]
2026-10-09T06:41:43+0900 sample 23: clean gpu=[242364:mlxcel-server]
2026-10-09T06:41:44+0900 sample 24: clean gpu=[242364:mlxcel-server]
2026-10-09T06:41:46+0900 sample 25: clean gpu=[242364:mlxcel-server]
2026-10-09T06:41:47+0900 sample 26: clean gpu=[242364:mlxcel-server]
2026-10-09T06:41:49+0900 sample 27: clean gpu=[242364:mlxcel-server]
2026-10-09T06:41:50+0900 sample 28: clean gpu=[242364:mlxcel-server]
2026-10-09T06:41:52+0900 sample 29: clean gpu=[242364:mlxcel-server]
2026-10-09T06:41:53+0900 sample 30: clean gpu=[242364:mlxcel-server]
2026-10-09T06:41:55+0900 sample 31: clean gpu=[242364:mlxcel-server]
2026-10-09T06:41:56+0900 sample 32: clean gpu=[242364:mlxcel-server]
2026-10-09T06:41:58+0900 sample 33: clean gpu=[242364:mlxcel-server]
2026-10-09T06:41:59+0900 sample 34: clean gpu=[242364:mlxcel-server]
2026-10-09T06:42:01+0900 sample 35: clean gpu=[242364:mlxcel-server]
2026-10-09T06:42:02+0900 sample 36: clean gpu=[242364:mlxcel-server]
2026-10-09T06:42:04+0900 sample 37: clean gpu=[242364:mlxcel-server]
2026-10-09T06:42:05+0900 sample 38: clean gpu=[242364:mlxcel-server]
2026-10-09T06:42:07+0900 sample 39: clean gpu=[242364:mlxcel-server]
2026-10-09T06:42:08+0900 sample 40: clean gpu=[242364:mlxcel-server]
2026-10-09T06:42:10+0900 sample 41: clean gpu=[242364:mlxcel-server]
2026-10-09T06:42:11+0900 sample 42: clean gpu=[242364:mlxcel-server]
2026-10-09T06:42:13+0900 sample 43: clean gpu=[242364:mlxcel-server]
2026-10-09T06:42:14+0900 sample 44: clean gpu=[242364:mlxcel-server]
2026-10-09T06:42:16+0900 sample 45: clean gpu=[242364:mlxcel-server]
2026-10-09T06:42:18+0900 sample 46: clean gpu=[242364:mlxcel-server]
2026-10-09T06:42:19+0900 sample 47: clean gpu=[242364:mlxcel-server]
2026-10-09T06:42:21+0900 sample 48: clean gpu=[242364:mlxcel-server]
2026-10-09T06:42:22+0900 sample 49: clean gpu=[242364:mlxcel-server]
2026-10-09T06:42:24+0900 sample 50: clean gpu=[242364:mlxcel-server]
2026-10-09T06:42:25+0900 sample 51: clean gpu=[242364:mlxcel-server]
2026-10-09T06:42:27+0900 sample 52: clean gpu=[242364:mlxcel-server]
2026-10-09T06:42:28+0900 sample 53: clean gpu=[242364:mlxcel-server]
2026-10-09T06:42:30+0900 sample 54: clean gpu=[242364:mlxcel-server]
2026-10-09T06:42:31+0900 sample 55: clean gpu=[242364:mlxcel-server]
2026-10-09T06:42:33+0900 sample 56: clean gpu=[242364:mlxcel-server]
2026-10-09T06:42:34+0900 sample 57: clean gpu=[242364:mlxcel-server]
2026-10-09T06:42:36+0900 sample 58: clean gpu=[242364:mlxcel-server]
2026-10-09T06:42:38+0900 sample 59: clean gpu=[242364:mlxcel-server]
2026-10-09T06:42:39+0900 sample 60: clean gpu=[242364:mlxcel-server]
2026-10-09T06:42:41+0900 sample 61: clean gpu=[242364:mlxcel-server]
2026-10-09T06:42:42+0900 sample 62: clean gpu=[242364:mlxcel-server]
2026-10-09T06:42:44+0900 sample 63: clean gpu=[242364:mlxcel-server]
2026-10-09T06:42:45+0900 sample 64: clean gpu=[242364:mlxcel-server]
2026-10-09T06:42:47+0900 sample 65: clean gpu=[242364:mlxcel-server]
2026-10-09T06:42:48+0900 sample 66: clean gpu=[242364:mlxcel-server]
2026-10-09T06:42:50+0900 sample 67: clean gpu=[242364:mlxcel-server]
2026-10-09T06:42:52+0900 sample 68: clean gpu=[242364:mlxcel-server]
2026-10-09T06:42:53+0900 sample 69: clean gpu=[242364:mlxcel-server]
2026-10-09T06:42:55+0900 sample 70: clean gpu=[242364:mlxcel-server]
2026-10-09T06:42:56+0900 sample 71: clean gpu=[242364:mlxcel-server]
2026-10-09T06:42:58+0900 sample 72: clean gpu=[242364:mlxcel-server]
2026-10-09T06:42:59+0900 sample 73: clean gpu=[242364:mlxcel-server]
2026-10-09T06:43:01+0900 sample 74: clean gpu=[242364:mlxcel-server]
2026-10-09T06:43:02+0900 sample 75: clean gpu=[242364:mlxcel-server]
2026-10-09T06:43:04+0900 sample 76: clean gpu=[242364:mlxcel-server]
2026-10-09T06:43:05+0900 sample 77: clean gpu=[242364:mlxcel-server]
2026-10-09T06:43:07+0900 sample 78: clean gpu=[242364:mlxcel-server]
2026-10-09T06:43:08+0900 sample 79: clean gpu=[242364:mlxcel-server]
2026-10-09T06:43:10+0900 sample 80: clean gpu=[242364:mlxcel-server]
2026-10-09T06:43:12+0900 sample 81: clean gpu=[242364:mlxcel-server]
2026-10-09T06:43:13+0900 sample 82: clean gpu=[242364:mlxcel-server]
2026-10-09T06:43:15+0900 sample 83: clean gpu=[242364:mlxcel-server]
2026-10-09T06:43:16+0900 sample 84: clean gpu=[242364:mlxcel-server]
2026-10-09T06:43:18+0900 sample 85: clean gpu=[242364:mlxcel-server]
2026-10-09T06:43:19+0900 sample 86: clean gpu=[242364:mlxcel-server]
2026-10-09T06:43:21+0900 sample 87: clean gpu=[242364:mlxcel-server]
2026-10-09T06:43:22+0900 sample 88: clean gpu=[242364:mlxcel-server]
2026-10-09T06:43:24+0900 sample 89: clean gpu=[242364:mlxcel-server]
2026-10-09T06:43:25+0900 sample 90: clean gpu=[242364:mlxcel-server]
2026-10-09T06:43:27+0900 sample 91: clean gpu=[242364:mlxcel-server]
2026-10-09T06:43:28+0900 sample 92: clean gpu=[242364:mlxcel-server]
2026-10-09T06:43:30+0900 sample 93: clean gpu=[242364:mlxcel-server]
2026-10-09T06:43:31+0900 sample 94: clean gpu=[242364:mlxcel-server]
2026-10-09T06:43:33+0900 sample 95: clean gpu=[242364:mlxcel-server]
2026-10-09T06:43:35+0900 sample 96: clean gpu=[242364:mlxcel-server]
2026-10-09T06:43:36+0900 sample 97: clean gpu=[242364:mlxcel-server]
2026-10-09T06:43:38+0900 sample 98: clean gpu=[242364:mlxcel-server]
2026-10-09T06:43:39+0900 sample 99: clean gpu=[242364:mlxcel-server]
2026-10-09T06:43:41+0900 sample 100: clean gpu=[242364:mlxcel-server]
2026-10-09T06:43:42+0900 sample 101: clean gpu=[242364:mlxcel-server]
2026-10-09T06:43:44+0900 sample 102: clean gpu=[242364:mlxcel-server]
2026-10-09T06:43:45+0900 sample 103: clean gpu=[242364:mlxcel-server]
2026-10-09T06:43:47+0900 sample 104: clean gpu=[242364:mlxcel-server]
2026-10-09T06:43:49+0900 sample 105: clean gpu=[242364:mlxcel-server]
2026-10-09T06:43:50+0900 sample 106: clean gpu=[242364:mlxcel-server]
2026-10-09T06:43:52+0900 sample 107: clean gpu=[242364:mlxcel-server]
2026-10-09T06:43:53+0900 sample 108: clean gpu=[242364:mlxcel-server]
2026-10-09T06:43:55+0900 sample 109: clean gpu=[242364:mlxcel-server]
2026-10-09T06:43:56+0900 sample 110: clean gpu=[242364:mlxcel-server]
2026-10-09T06:43:58+0900 sample 111: clean gpu=[242364:mlxcel-server]
2026-10-09T06:43:59+0900 sample 112: clean gpu=[242364:mlxcel-server]
2026-10-09T06:44:01+0900 sample 113: clean gpu=[242364:mlxcel-server]
2026-10-09T06:44:03+0900 sample 114: clean gpu=[242364:mlxcel-server]
2026-10-09T06:44:04+0900 sample 115: clean gpu=[242364:mlxcel-server]
2026-10-09T06:44:06+0900 sample 116: clean gpu=[242364:mlxcel-server]
2026-10-09T06:44:07+0900 sample 117: clean gpu=[242364:mlxcel-server]
2026-10-09T06:44:09+0900 sample 118: clean gpu=[242364:mlxcel-server]
2026-10-09T06:44:10+0900 sample 119: clean gpu=[242364:mlxcel-server]
2026-10-09T06:44:12+0900 sample 120: clean gpu=[242364:mlxcel-server]
2026-10-09T06:44:13+0900 sample 121: clean gpu=[242364:mlxcel-server]
2026-10-09T06:44:15+0900 sample 122: clean gpu=[242364:mlxcel-server]
2026-10-09T06:44:16+0900 sample 123: clean gpu=[242364:mlxcel-server]
2026-10-09T06:44:18+0900 sample 124: clean gpu=[242364:mlxcel-server]
2026-10-09T06:44:19+0900 sample 125: clean gpu=[242364:mlxcel-server]
2026-10-09T06:44:21+0900 sample 126: clean gpu=[242364:mlxcel-server]
2026-10-09T06:44:23+0900 sample 127: clean gpu=[242364:mlxcel-server]
2026-10-09T06:44:24+0900 sample 128: clean gpu=[242364:mlxcel-server]
2026-10-09T06:44:26+0900 sample 129: clean gpu=[242364:mlxcel-server]
2026-10-09T06:44:27+0900 sample 130: clean gpu=[242364:mlxcel-server]
2026-10-09T06:44:29+0900 sample 131: clean gpu=[242364:mlxcel-server]
2026-10-09T06:44:30+0900 sample 132: clean gpu=[242364:mlxcel-server]
2026-10-09T06:44:32+0900 sample 133: clean gpu=[242364:mlxcel-server]
2026-10-09T06:44:33+0900 sample 134: clean gpu=[242364:mlxcel-server]
2026-10-09T06:44:35+0900 sample 135: clean gpu=[242364:mlxcel-server]
2026-10-09T06:44:37+0900 sample 136: clean gpu=[242364:mlxcel-server]
2026-10-09T06:44:38+0900 sample 137: clean gpu=[242364:mlxcel-server]
2026-10-09T06:44:40+0900 sample 138: clean gpu=[242364:mlxcel-server]
2026-10-09T06:44:41+0900 sample 139: clean gpu=[242364:mlxcel-server]
2026-10-09T06:44:43+0900 sample 140: clean gpu=[242364:mlxcel-server]
2026-10-09T06:44:44+0900 sample 141: clean gpu=[242364:mlxcel-server]
2026-10-09T06:44:46+0900 sample 142: clean gpu=[242364:mlxcel-server]
2026-10-09T06:44:47+0900 sample 143: clean gpu=[242364:mlxcel-server]
2026-10-09T06:44:49+0900 sample 144: clean gpu=[242364:mlxcel-server]
2026-10-09T06:44:50+0900 sample 145: clean gpu=[242364:mlxcel-server]
2026-10-09T06:44:52+0900 sample 146: clean gpu=[242364:mlxcel-server]
2026-10-09T06:44:53+0900 sample 147: clean gpu=[242364:mlxcel-server]
2026-10-09T06:44:55+0900 sample 148: clean gpu=[242364:mlxcel-server]
2026-10-09T06:44:56+0900 sample 149: clean gpu=[242364:mlxcel-server]
2026-10-09T06:44:58+0900 sample 150: clean gpu=[242364:mlxcel-server]
2026-10-09T06:44:59+0900 sample 151: clean gpu=[242364:mlxcel-server]
2026-10-09T06:45:01+0900 sample 152: clean gpu=[242364:mlxcel-server]
2026-10-09T06:45:02+0900 sample 153: clean gpu=[242364:mlxcel-server]
2026-10-09T06:45:04+0900 sample 154: clean gpu=[242364:mlxcel-server]
2026-10-09T06:45:06+0900 sample 155: clean gpu=[242364:mlxcel-server]
2026-10-09T06:45:07+0900 sample 156: clean gpu=[242364:mlxcel-server]
2026-10-09T06:45:09+0900 sample 157: clean gpu=[242364:mlxcel-server]
2026-10-09T06:45:10+0900 sample 158: clean gpu=[242364:mlxcel-server]
2026-10-09T06:45:12+0900 sample 159: clean gpu=[242364:mlxcel-server]
2026-10-09T06:45:13+0900 sample 160: clean gpu=[242364:mlxcel-server]
2026-10-09T06:45:15+0900 sample 161: clean gpu=[242364:mlxcel-server]
2026-10-09T06:45:16+0900 sample 162: clean gpu=[242364:mlxcel-server]
2026-10-09T06:45:18+0900 sample 163: clean gpu=[242364:mlxcel-server]
2026-10-09T06:45:19+0900 sample 164: clean gpu=[242364:mlxcel-server]
2026-10-09T06:45:21+0900 sample 165: clean gpu=[242364:mlxcel-server]
2026-10-09T06:45:22+0900 sample 166: clean gpu=[242364:mlxcel-server]
2026-10-09T06:45:24+0900 sample 167: clean gpu=[242364:mlxcel-server]
2026-10-09T06:45:25+0900 sample 168: clean gpu=[242364:mlxcel-server]
2026-10-09T06:45:27+0900 sample 169: clean gpu=[242364:mlxcel-server]
2026-10-09T06:45:28+0900 sample 170: clean gpu=[242364:mlxcel-server]
2026-10-09T06:45:30+0900 sample 171: clean gpu=[242364:mlxcel-server]
2026-10-09T06:45:31+0900 sample 172: clean gpu=[242364:mlxcel-server]
2026-10-09T06:45:33+0900 sample 173: clean gpu=[242364:mlxcel-server]
2026-10-09T06:45:34+0900 sample 174: clean gpu=[242364:mlxcel-server]
2026-10-09T06:45:36+0900 sample 175: clean gpu=[242364:mlxcel-server]
2026-10-09T06:45:37+0900 sample 176: clean gpu=[242364:mlxcel-server]
2026-10-09T06:45:39+0900 sample 177: clean gpu=[242364:mlxcel-server]
2026-10-09T06:45:40+0900 sample 178: clean gpu=[242364:mlxcel-server]
2026-10-09T06:45:42+0900 sample 179: clean gpu=[242364:mlxcel-server]
2026-10-09T06:45:43+0900 sample 180: clean gpu=[242364:mlxcel-server]
2026-10-09T06:45:45+0900 sample 181: clean gpu=[242364:mlxcel-server]
2026-10-09T06:45:46+0900 sample 182: clean gpu=[242364:mlxcel-server]
2026-10-09T06:45:48+0900 sample 183: clean gpu=[242364:mlxcel-server]
2026-10-09T06:45:49+0900 sample 184: clean gpu=[242364:mlxcel-server]
2026-10-09T06:45:51+0900 sample 185: clean gpu=[242364:mlxcel-server]
2026-10-09T06:45:52+0900 sample 186: clean gpu=[242364:mlxcel-server]
2026-10-09T06:45:54+0900 sample 187: clean gpu=[242364:mlxcel-server]
2026-10-09T06:45:55+0900 sample 188: clean gpu=[242364:mlxcel-server]
2026-10-09T06:45:57+0900 sample 189: clean gpu=[242364:mlxcel-server]
2026-10-09T06:45:58+0900 sample 190: clean gpu=[242364:mlxcel-server]
2026-10-09T06:46:00+0900 sample 191: clean gpu=[242364:mlxcel-server]
2026-10-09T06:46:01+0900 sample 192: clean gpu=[242364:mlxcel-server]
2026-10-09T06:46:03+0900 sample 193: clean gpu=[242364:mlxcel-server]
2026-10-09T06:46:04+0900 sample 194: clean gpu=[242364:mlxcel-server]
2026-10-09T06:46:06+0900 sample 195: clean gpu=[242364:mlxcel-server]
2026-10-09T06:46:07+0900 sample 196: clean gpu=[242364:mlxcel-server]
2026-10-09T06:46:09+0900 sample 197: clean gpu=[242364:mlxcel-server]
2026-10-09T06:46:10+0900 sample 198: clean gpu=[242364:mlxcel-server]
2026-10-09T06:46:12+0900 sample 199: clean gpu=[242364:mlxcel-server]
2026-10-09T06:46:13+0900 sample 200: clean gpu=[242364:mlxcel-server]
2026-10-09T06:46:15+0900 sample 201: clean gpu=[242364:mlxcel-server]
2026-10-09T06:46:16+0900 sample 202: clean gpu=[242364:mlxcel-server]
2026-10-09T06:46:18+0900 sample 203: clean gpu=[242364:mlxcel-server]
2026-10-09T06:46:19+0900 sample 204: clean gpu=[242364:mlxcel-server]
2026-10-09T06:46:21+0900 sample 205: clean gpu=[242364:mlxcel-server]
2026-10-09T06:46:22+0900 sample 206: clean gpu=[242364:mlxcel-server]
2026-10-09T06:46:24+0900 sample 207: clean gpu=[242364:mlxcel-server]
2026-10-09T06:46:25+0900 sample 208: clean gpu=[242364:mlxcel-server]
2026-10-09T06:46:27+0900 sample 209: clean gpu=[242364:mlxcel-server]
2026-10-09T06:46:28+0900 sample 210: clean gpu=[242364:mlxcel-server]
2026-10-09T06:46:30+0900 sample 211: clean gpu=[242364:mlxcel-server]
2026-10-09T06:46:31+0900 sample 212: clean gpu=[242364:mlxcel-server]
2026-10-09T06:46:33+0900 sample 213: clean gpu=[242364:mlxcel-server]
2026-10-09T06:46:34+0900 sample 214: clean gpu=[242364:mlxcel-server]
2026-10-09T06:46:36+0900 sample 215: clean gpu=[242364:mlxcel-server]
2026-10-09T06:46:37+0900 sample 216: clean gpu=[242364:mlxcel-server]
2026-10-09T06:46:39+0900 sample 217: clean gpu=[242364:mlxcel-server]
2026-10-09T06:46:40+0900 sample 218: clean gpu=[242364:mlxcel-server]
2026-10-09T06:46:42+0900 sample 219: clean gpu=[242364:mlxcel-server]
2026-10-09T06:46:44+0900 sample 220: clean gpu=[242364:mlxcel-server]
2026-10-09T06:46:45+0900 sample 221: clean gpu=[242364:mlxcel-server]
2026-10-09T06:46:47+0900 sample 222: clean gpu=[242364:mlxcel-server]
2026-10-09T06:46:48+0900 sample 223: clean gpu=[242364:mlxcel-server]
2026-10-09T06:46:50+0900 sample 224: clean gpu=[242364:mlxcel-server]
2026-10-09T06:46:51+0900 sample 225: clean gpu=[242364:mlxcel-server]
2026-10-09T06:46:53+0900 sample 226: clean gpu=[242364:mlxcel-server]
2026-10-09T06:46:54+0900 sample 227: clean gpu=[242364:mlxcel-server]
2026-10-09T06:46:56+0900 sample 228: clean gpu=[242364:mlxcel-server]
2026-10-09T06:46:57+0900 sample 229: clean gpu=[242364:mlxcel-server]
2026-10-09T06:46:58+0900 sample 230: clean gpu=[242364:mlxcel-server]
2026-10-09T06:47:00+0900 sample 231: clean gpu=[242364:mlxcel-server]
2026-10-09T06:47:02+0900 sample 232: clean gpu=[242364:mlxcel-server]
2026-10-09T06:47:03+0900 sample 233: clean gpu=[242364:mlxcel-server]
2026-10-09T06:47:05+0900 sample 234: clean gpu=[242364:mlxcel-server]
2026-10-09T06:47:06+0900 sample 235: clean gpu=[242364:mlxcel-server]
2026-10-09T06:47:08+0900 sample 236: clean gpu=[242364:mlxcel-server]
2026-10-09T06:47:09+0900 sample 237: clean gpu=[242364:mlxcel-server]
2026-10-09T06:47:11+0900 sample 238: clean gpu=[242364:mlxcel-server]
2026-10-09T06:47:12+0900 sample 239: clean gpu=[242364:mlxcel-server]
2026-10-09T06:47:14+0900 sample 240: clean gpu=[242364:mlxcel-server]
2026-10-09T06:47:15+0900 sample 241: clean gpu=[242364:mlxcel-server]
2026-10-09T06:47:17+0900 sample 242: clean gpu=[242364:mlxcel-server]
2026-10-09T06:47:18+0900 sample 243: clean gpu=[242364:mlxcel-server]
2026-10-09T06:47:20+0900 sample 244: clean gpu=[242364:mlxcel-server]
2026-10-09T06:47:21+0900 sample 245: clean gpu=[242364:mlxcel-server]
2026-10-09T06:47:23+0900 sample 246: clean gpu=[242364:mlxcel-server]
2026-10-09T06:47:24+0900 sample 247: clean gpu=[242364:mlxcel-server]
2026-10-09T06:47:26+0900 sample 248: clean gpu=[242364:mlxcel-server]
2026-10-09T06:47:27+0900 sample 249: clean gpu=[242364:mlxcel-server]
2026-10-09T06:47:29+0900 sample 250: clean gpu=[242364:mlxcel-server]
2026-10-09T06:47:30+0900 sample 251: clean gpu=[242364:mlxcel-server]
2026-10-09T06:47:32+0900 sample 252: clean gpu=[242364:mlxcel-server]
2026-10-09T06:47:33+0900 sample 253: clean gpu=[242364:mlxcel-server]
2026-10-09T06:47:35+0900 sample 254: clean gpu=[242364:mlxcel-server]
2026-10-09T06:47:36+0900 sample 255: clean gpu=[242364:mlxcel-server]
2026-10-09T06:47:38+0900 sample 256: clean gpu=[242364:mlxcel-server]
2026-10-09T06:47:39+0900 sample 257: clean gpu=[242364:mlxcel-server]
2026-10-09T06:47:41+0900 sample 258: clean gpu=[242364:mlxcel-server]
2026-10-09T06:47:43+0900 sample 259: clean gpu=[242364:mlxcel-server]
2026-10-09T06:47:44+0900 sample 260: clean gpu=[242364:mlxcel-server]
2026-10-09T06:47:46+0900 sample 261: clean gpu=[242364:mlxcel-server]
2026-10-09T06:47:47+0900 sample 262: clean gpu=[242364:mlxcel-server]
2026-10-09T06:47:49+0900 sample 263: clean gpu=[242364:mlxcel-server]
2026-10-09T06:47:50+0900 sample 264: clean gpu=[242364:mlxcel-server]
2026-10-09T06:47:52+0900 sample 265: clean gpu=[242364:mlxcel-server]
2026-10-09T06:47:53+0900 sample 266: clean gpu=[242364:mlxcel-server]
2026-10-09T06:47:55+0900 sample 267: clean gpu=[242364:mlxcel-server]
2026-10-09T06:47:56+0900 sample 268: clean gpu=[242364:mlxcel-server]
2026-10-09T06:47:58+0900 sample 269: clean gpu=[242364:mlxcel-server]
2026-10-09T06:47:59+0900 sample 270: clean gpu=[242364:mlxcel-server]
2026-10-09T06:48:01+0900 sample 271: clean gpu=[242364:mlxcel-server]
2026-10-09T06:48:02+0900 sample 272: clean gpu=[242364:mlxcel-server]
2026-10-09T06:48:04+0900 sample 273: clean gpu=[242364:mlxcel-server]
2026-10-09T06:48:05+0900 sample 274: clean gpu=[242364:mlxcel-server]
2026-10-09T06:48:07+0900 sample 275: clean gpu=[242364:mlxcel-server]
2026-10-09T06:48:09+0900 sample 276: clean gpu=[242364:mlxcel-server]
2026-10-09T06:48:10+0900 sample 277: clean gpu=[242364:mlxcel-server]
2026-10-09T06:48:12+0900 sample 278: clean gpu=[242364:mlxcel-server]
2026-10-09T06:48:13+0900 sample 279: clean gpu=[242364:mlxcel-server]
2026-10-09T06:48:15+0900 sample 280: clean gpu=[242364:mlxcel-server]
2026-10-09T06:48:16+0900 sample 281: clean gpu=[242364:mlxcel-server]
2026-10-09T06:48:18+0900 sample 282: clean gpu=[242364:mlxcel-server]
2026-10-09T06:48:19+0900 sample 283: clean gpu=[242364:mlxcel-server]
2026-10-09T06:48:21+0900 sample 284: clean gpu=[242364:mlxcel-server]
2026-10-09T06:48:23+0900 sample 285: clean gpu=[242364:mlxcel-server]
2026-10-09T06:48:24+0900 sample 286: clean gpu=[242364:mlxcel-server]
2026-10-09T06:48:26+0900 sample 287: clean gpu=[242364:mlxcel-server]
2026-10-09T06:48:27+0900 sample 288: clean gpu=[242364:mlxcel-server]
2026-10-09T06:48:29+0900 sample 289: clean gpu=[242364:mlxcel-server]
2026-10-09T06:48:30+0900 sample 290: clean gpu=[242364:mlxcel-server]
2026-10-09T06:48:32+0900 sample 291: clean gpu=[242364:mlxcel-server]
2026-10-09T06:48:33+0900 sample 292: clean gpu=[242364:mlxcel-server]
2026-10-09T06:48:35+0900 sample 293: clean gpu=[242364:mlxcel-server]
2026-10-09T06:48:36+0900 sample 294: clean gpu=[242364:mlxcel-server]
2026-10-09T06:48:38+0900 sample 295: clean gpu=[242364:mlxcel-server]
2026-10-09T06:48:39+0900 sample 296: clean gpu=[242364:mlxcel-server]
2026-10-09T06:48:41+0900 sample 297: clean gpu=[242364:mlxcel-server]
2026-10-09T06:48:42+0900 sample 298: clean gpu=[242364:mlxcel-server]
2026-10-09T06:48:44+0900 sample 299: clean gpu=[242364:mlxcel-server]
2026-10-09T06:48:46+0900 sample 300: clean gpu=[242364:mlxcel-server]
2026-10-09T06:48:47+0900 sample 301: clean gpu=[242364:mlxcel-server]
2026-10-09T06:48:48+0900 monitor: 301 samples
2026-10-09T06:48:48+0900 attempt 3: CLEAN, exit 0
