# mix	all
0	0	43205	18.399973	198,220,279,271,58,720,16,264	18.875000,15.562500,15.187500,14.500000,14.187500,14.187500,13.937500,13.812500
1	0	275	9.341426	198,271,279,220,311,791,264,40	17.625000,14.687500,14.500000,14.187500,13.687500,13.312500,13.062500,13.000000
2	0	428	13.801944	198,279,220,271,311,264,58,720	18.375000,15.062500,14.937500,14.562500,14.250000,13.750000,13.437500,13.312500
3	0	12	6.059286	198,220,279,271,58,311,720,264	18.375000,15.250000,15.062500,14.750000,14.500000,14.312500,13.812500,13.750000
4	0	17	5.946442	198,220,279,271,264,311,720,16	18.625000,15.750000,15.562500,14.562500,14.312500,14.250000,14.250000,14.187500
5	0	3475	14.374655	198,220,271,279,58,311,720,264	18.625000,15.062500,14.812500,14.812500,14.187500,13.812500,13.812500,13.750000
6	0	76834	14.788399	198,279,220,271,264,311,58,720	18.125000,16.125000,15.812500,15.312500,14.687500,14.687500,14.187500,13.812500
7	0	80583	14.912161	198,271,220,279,311,264,58,791	19.000000,16.375000,15.812500,15.812500,15.000000,14.500000,14.312500,13.937500
8	0	3692	12.732936	198,220,720,271,279,58,311,264	18.875000,16.000000,14.750000,14.500000,14.312500,14.187500,13.437500,13.250000
9	0	257	9.705649	198,271,220,279,58,311,264,512	18.750000,15.750000,15.437500,15.437500,14.750000,14.437500,14.187500,13.937500
10	0	551	9.349660	198,220,279,720,271,311,264,58	18.375000,16.750000,15.687500,15.062500,14.687500,14.562500,14.500000,14.312500
11	0	3788	12.846439	198,220,279,271,311,264,720,58	19.125000,15.812500,15.750000,14.812500,14.437500,14.312500,14.250000,14.187500
12	0	1129	14.818694	198,220,271,279,311,58,720,264	19.500000,15.687500,15.437500,15.437500,14.687500,14.062500,14.062500,13.812500
13	0	71	7.463453	198,279,220,271,311,264,1148,720	18.375000,15.437500,15.312500,14.937500,14.187500,13.687500,13.500000,13.250000
14	0	36368	15.752595	198,220,279,271,311,58,264,720	18.125000,14.812500,14.812500,14.437500,13.937500,13.562500,13.562500,13.187500
15	0	1594	12.800449	198,279,220,271,264,311,58,1148	18.375000,16.125000,15.937500,15.062500,14.750000,14.750000,14.062500,14.000000
16	0	6973	18.498542	198,279,271,220,311,58,264,720	19.125000,15.562500,15.250000,15.187500,14.562500,14.312500,14.062500,13.750000
17	0	3529	15.612105	198,220,271,279,720,58,311,11	18.875000,15.187500,15.062500,14.750000,14.312500,13.937500,13.812500,13.187500
18	0	77749	17.337375	198,220,279,271,311,720,264,58	18.750000,15.500000,15.437500,15.062500,14.312500,13.937500,13.812500,13.750000
19	0	11628	17.993326	198,271,220,279,58,311,264,720	19.375000,16.125000,15.562500,15.500000,14.812500,14.687500,14.062500,13.812500
20	0	3916	16.467403	198,220,271,279,58,311,264,720	19.500000,15.687500,15.562500,15.500000,14.437500,14.437500,14.000000,13.812500
21	0	9009	12.286623	198,279,220,271,311,264,58,1148	18.625000,15.562500,15.437500,15.062500,14.687500,14.250000,13.812500,13.750000
22	0	6458	15.076824	198,279,220,271,311,264,720,58	17.875000,15.812500,15.187500,14.937500,14.750000,14.562500,13.937500,13.812500
23	0	61503	17.526459	198,279,220,271,311,264,1148,58	18.750000,15.687500,15.562500,14.937500,14.562500,14.187500,13.687500,13.562500
24	0	428	14.141318	198,220,279,311,271,264,720,12	16.875000,15.000000,14.250000,14.000000,13.937500,13.187500,13.187500,12.437500
25	0	198	0.434286	198,220,279,271,58,311,720,264	18.375000,15.250000,15.062500,14.750000,14.500000,14.312500,13.812500,13.750000
26	0	71684	15.886243	198,271,279,220,58,311,40,264	19.875000,15.812500,15.562500,15.250000,14.687500,14.500000,14.312500,14.250000
27	0	257	8.605556	198,220,279,271,264,311,720,58	17.375000,14.937500,14.562500,14.500000,13.562500,13.562500,13.562500,13.500000
28	0	551	9.349660	198,220,279,720,271,311,264,58	18.375000,16.750000,15.687500,15.062500,14.687500,14.562500,14.500000,14.312500
29	0	289	10.002689	198,220,279,271,311,264,720,58	19.125000,15.812500,15.750000,14.812500,14.437500,14.312500,14.250000,14.187500
30	0	61503	17.484614	198,279,220,271,311,58,264,720	18.750000,15.187500,15.000000,14.937500,14.250000,14.000000,13.812500,13.562500
31	0	428	14.141318	198,220,279,311,271,264,720,12	16.875000,15.000000,14.250000,14.000000,13.937500,13.187500,13.187500,12.437500
32	0	12	6.059286	198,220,279,271,58,311,720,264	18.375000,15.250000,15.062500,14.750000,14.500000,14.312500,13.812500,13.750000
33	0	17	5.946442	198,220,279,271,264,311,720,16	18.625000,15.750000,15.562500,14.562500,14.312500,14.250000,14.250000,14.187500
34	0	12	6.905905	198,220,271,279,58,311,720,264	18.625000,15.062500,14.812500,14.812500,14.187500,13.812500,13.812500,13.750000
35	0	1059	15.962067	198,220,279,271,264,311,720,16	18.625000,15.750000,15.562500,14.562500,14.312500,14.250000,14.250000,14.187500
36	0	8437	15.607924	198,220,279,271,311,58,264,720	17.875000,15.000000,14.562500,14.312500,13.750000,13.562500,13.187500,13.062500
37	0	16	5.964790	198,220,279,271,311,720,58,264	18.875000,15.687500,15.250000,14.562500,14.250000,14.187500,14.000000,13.937500
38	0	198	0.267708	198,220,279,271,311,58,264,16	19.000000,15.312500,15.250000,14.937500,14.250000,14.062500,14.000000,13.562500
39	0	20805	15.042493	198,271,279,220,58,311,40,264	19.875000,15.812500,15.562500,15.250000,14.687500,14.500000,14.312500,14.250000
40	0	415	10.291631	198,220,279,271,58,311,264,720	18.250000,15.312500,15.062500,14.687500,14.312500,14.000000,13.812500,13.250000
41	0	551	9.453821	198,220,279,720,271,264,311,58	18.750000,16.250000,15.750000,14.812500,14.562500,14.437500,14.312500,13.562500
42	0	1296	13.315189	198,220,279,271,311,264,720,58	19.125000,15.812500,15.750000,14.812500,14.437500,14.312500,14.250000,14.187500
43	0	320	7.542338	198,279,271,220,311,264,58,1148	18.625000,16.000000,15.687500,15.187500,14.937500,14.500000,14.312500,14.250000
44	0	19305	13.039575	198,279,220,271,40,311,58,264	18.750000,15.250000,14.750000,14.750000,14.062500,14.000000,13.812500,13.812500
45	0	23	7.348651	198,220,279,271,311,720,264,58	18.500000,15.562500,14.937500,14.812500,14.062500,13.937500,13.750000,13.687500
46	0	7123	16.625575	198,271,220,279,311,264,58,1148	18.625000,15.312500,15.250000,15.250000,14.312500,13.937500,13.750000,13.437500
47	0	340	8.215273	198,220,279,271,311,58,264,720	19.000000,16.375000,16.000000,15.250000,15.187500,14.812500,14.750000,14.500000
48	0	10028	13.387339	198,271,220,279,58,720,311,264	19.875000,15.750000,15.562500,15.500000,15.000000,14.562500,14.437500,14.187500
49	0	262	7.588187	198,220,271,279,311,720,264,512	18.750000,16.750000,15.687500,15.562500,15.062500,14.812500,14.437500,14.000000
50	0	551	9.774989	198,220,279,271,311,720,264,1148	18.500000,16.125000,15.812500,15.437500,14.562500,14.562500,14.500000,13.500000
51	0	13844	14.033939	198,220,279,271,311,264,720,58	19.125000,15.812500,15.750000,14.812500,14.437500,14.312500,14.250000,14.187500
52	0	7866	14.101873	198,279,220,271,311,264,720,58	19.125000,16.125000,15.562500,15.562500,15.000000,14.562500,14.187500,14.062500
53	0	93314	14.638727	198,220,279,264,271,311,1148,459	18.500000,16.625000,16.625000,15.000000,14.812500,14.812500,14.250000,14.187500
54	0	220	4.281529	198,271,279,220,311,264,58,720	19.625000,15.687500,15.687500,15.562500,14.562500,14.250000,14.000000,14.000000
55	0	18	6.290265	198,279,220,271,311,16,264,40	18.875000,15.250000,15.062500,14.750000,14.062500,13.937500,13.937500,13.750000
56	0	13	8.384206	198,220,271,279,58,311,264,16	19.125000,15.187500,15.187500,15.187500,14.250000,14.187500,13.937500,13.562500
57	0	15	7.415105	198,279,271,220,311,264,1148,40	19.000000,15.687500,15.437500,15.312500,14.437500,14.312500,14.250000,14.187500
58	0	320	8.035237	198,220,279,271,58,311,264,16	19.250000,15.250000,15.187500,15.062500,14.312500,14.250000,13.937500,13.562500
59	0	2485	13.352075	198,279,220,271,40,311,58,264	18.750000,15.250000,14.750000,14.750000,14.062500,14.000000,13.812500,13.812500
60	0	1129	13.414599	198,220,271,279,720,311,58,512	18.750000,15.500000,15.000000,14.687500,14.687500,14.000000,13.562500,13.187500
61	0	86331	16.260328	198,279,220,271,311,264,1148,720	18.375000,15.437500,15.312500,14.937500,14.187500,13.687500,13.500000,13.250000
62	0	2726	12.441318	198,220,279,271,311,720,264,459	18.625000,15.562500,14.937500,14.750000,14.062500,13.937500,13.312500,13.000000
63	0	7116	15.706096	198,220,271,279,311,720,58,264	19.125000,15.937500,15.750000,15.750000,14.812500,14.312500,14.187500,14.187500
64	0	68833	17.560341	198,220,279,271,720,311,264,459	19.375000,16.125000,15.750000,15.562500,15.000000,14.687500,13.812500,13.312500
65	0	1355	13.115643	198,279,220,271,311,264,1148,459	18.500000,15.937500,15.812500,14.500000,14.437500,14.250000,13.812500,13.687500
66	0	64	6.176386	198,271,279,220,311,58,264,720	19.375000,15.437500,15.437500,14.937500,14.312500,14.250000,13.937500,13.937500
67	0	14	10.500337	198,220,279,271,58,311,264,720	18.625000,15.187500,15.000000,14.562500,14.000000,14.000000,13.937500,13.812500
68	0	18	6.386324	198,279,220,271,311,264,1148,791	18.500000,15.562500,15.187500,14.750000,14.312500,14.062500,13.812500,13.687500
69	0	13	8.384206	198,220,271,279,58,311,264,16	19.125000,15.187500,15.187500,15.187500,14.250000,14.187500,13.937500,13.562500
70	0	15	7.415105	198,279,271,220,311,264,1148,40	19.000000,15.687500,15.437500,15.312500,14.437500,14.312500,14.250000,14.187500
71	0	54660	16.863362	198,220,279,271,58,311,264,16	19.250000,15.250000,15.187500,15.062500,14.312500,14.250000,13.937500,13.562500
72	0	20241	13.655690	198,271,220,279,311,58,264,720	20.500000,16.875000,16.375000,16.375000,15.437500,15.000000,14.750000,14.750000
73	0	1516	15.322279	198,220,271,279,58,311,998,14428	17.625000,14.937500,14.187500,14.000000,13.687500,13.687500,13.250000,13.000000
74	0	25	8.574525	198,220,279,271,311,58,264,512	18.875000,15.937500,15.687500,15.500000,14.937500,14.500000,14.500000,14.000000
75	0	27685	13.889697	198,220,279,271,264,311,1148,720	18.500000,16.125000,15.937500,14.750000,14.687500,14.437500,14.187500,14.000000
76	0	20965	15.453919	198,279,220,271,311,264,459,720	18.000000,16.625000,16.375000,15.687500,15.312500,15.187500,14.500000,14.500000
77	0	11	6.014982	198,279,271,220,311,264,1148,58	19.375000,16.375000,16.000000,15.937500,15.750000,15.000000,14.562500,14.312500
78	0	82035	17.631417	198,279,220,271,311,264,1148,40	18.875000,16.125000,15.500000,15.187500,14.750000,14.687500,14.500000,14.000000
79	0	15592	11.115912	198,279,271,220,311,264,459,1148	17.875000,15.937500,15.500000,15.062500,15.000000,14.437500,13.937500,13.812500
80	0	8483	13.597094	198,279,220,311,271,264,459,323	16.875000,15.562500,14.812500,14.812500,14.562500,14.187500,13.562500,13.187500
81	0	198	0.640100	198,271,279,220,311,264,1148,791	18.750000,16.250000,16.250000,16.125000,15.062500,14.812500,14.500000,14.312500
82	0	1835	13.542493	198,271,279,220,58,311,40,264	19.875000,15.812500,15.562500,15.250000,14.687500,14.500000,14.312500,14.250000
83	0	320	8.256077	198,220,279,271,720,58,264,311	19.500000,15.937500,15.500000,15.000000,14.687500,14.437500,14.250000,14.187500
84	0	50	7.695825	198,279,220,271,40,311,58,264	18.750000,15.250000,14.750000,14.750000,14.062500,14.000000,13.812500,13.812500
85	0	13	7.933198	198,220,271,279,58,311,264,720	18.875000,15.000000,15.000000,14.937500,14.000000,13.937500,13.750000,13.687500
86	0	8930	15.133855	198,279,271,220,311,264,1148,40	19.000000,15.687500,15.437500,15.312500,14.437500,14.312500,14.250000,14.187500
87	0	488	13.240365	198,271,279,220,311,264,791,40	18.125000,14.750000,14.750000,14.687500,13.812500,13.437500,13.187500,13.062500
88	0	11	6.241049	198,271,279,220,311,58,264,40	18.625000,15.437500,15.312500,15.187500,14.312500,14.187500,14.000000,13.750000
89	0	452	9.670479	198,279,220,271,311,264,1148,40	18.875000,16.125000,15.500000,15.187500,14.750000,14.687500,14.500000,14.000000
90	0	13	7.939876	198,279,220,271,311,720,264,58	18.125000,15.187500,15.062500,15.000000,14.062500,14.062500,13.937500,13.562500
91	0	50356	17.563542	198,279,271,220,311,264,1148,40	19.000000,15.687500,15.437500,15.312500,14.437500,14.312500,14.250000,14.187500
92	0	819	13.211179	198,271,220,279,791,40,44,311	17.625000,14.250000,13.937500,13.937500,13.750000,13.437500,13.000000,13.000000
93	0	84077	16.933922	198,279,220,271,311,264,1148,58	18.000000,15.437500,14.937500,14.562500,14.187500,14.000000,13.437500,13.250000
94	0	29234	12.064689	198,220,279,271,311,264,791,1148	17.625000,14.750000,14.562500,14.312500,13.687500,13.312500,13.187500,13.000000
95	0	11	5.589964	198,220,279,271,311,264,58,720	17.875000,15.437500,15.062500,14.562500,14.312500,13.937500,13.500000,13.437500
96	0	432	9.420479	198,279,220,271,311,264,1148,40	18.875000,16.125000,15.500000,15.187500,14.750000,14.687500,14.500000,14.000000
97	0	13	7.908949	198,279,220,271,311,264,720,58	18.500000,15.437500,15.312500,15.062500,14.312500,14.062500,13.812500,13.500000
98	0	2100	9.790105	198,279,271,220,311,264,1148,40	19.000000,15.687500,15.437500,15.312500,14.437500,14.312500,14.250000,14.187500
99	0	9211	14.484747	198,279,220,271,264,311,1148,358	19.000000,16.125000,15.750000,15.312500,14.687500,14.562500,14.562500,14.500000
100	0	2001	10.642994	198,220,279,311,271,264,720,459	17.375000,15.687500,15.437500,14.562500,14.437500,14.062500,13.500000,13.250000
101	0	330	6.267244	198,220,279,311,264,271,720,1148	18.875000,16.250000,16.125000,14.812500,14.687500,14.500000,14.437500,14.187500
102	0	9261	11.911117	198,279,271,220,40,311,791,1148	19.125000,15.500000,15.062500,14.750000,14.500000,14.250000,14.250000,14.187500
103	0	57893	17.084766	198,220,271,279,58,311,720,512	18.625000,15.500000,15.187500,14.750000,14.312500,14.187500,13.750000,13.687500
104	0	386	9.920655	198,271,279,220,311,264,58,791	18.500000,15.687500,15.312500,15.000000,14.312500,14.000000,13.937500,13.687500
105	0	13025	17.285660	198,279,220,271,311,264,720,58	18.125000,15.250000,15.187500,15.000000,14.062500,14.000000,13.937500,13.562500
106	0	27972	16.135385	198,220,271,279,58,311,264,720	18.625000,15.500000,15.187500,15.187500,14.250000,14.187500,14.000000,13.937500
107	0	498	12.930663	198,220,271,279,311,264,720,58	18.750000,16.625000,15.750000,15.750000,15.250000,14.562500,14.437500,14.250000
108	0	220	3.528122	198,279,220,720,264,271,311,1148	19.125000,16.125000,15.937500,14.812500,14.687500,14.562500,14.562500,14.312500
109	0	679	8.665265	198,279,220,271,311,16,264,40	18.875000,15.250000,15.062500,14.750000,14.062500,13.937500,13.937500,13.750000
110	0	21	6.695682	198,220,279,271,311,720,264,58	18.625000,15.750000,15.250000,14.750000,14.250000,14.062500,13.937500,13.687500
111	0	340	9.296495	198,220,271,279,311,58,264,1148	19.000000,15.250000,15.250000,15.250000,14.187500,14.062500,13.937500,13.500000
112	0	1835	12.449839	198,271,220,279,58,720,311,264	19.875000,15.750000,15.562500,15.500000,15.000000,14.562500,14.437500,14.187500
113	0	40283	15.881077	198,220,279,271,720,58,264,311	19.500000,15.937500,15.500000,15.000000,14.687500,14.437500,14.250000,14.187500
114	0	3786	15.909704	198,271,220,279,58,311,264,791	19.375000,16.750000,15.937500,15.937500,15.312500,14.937500,14.687500,13.937500
115	0	25	9.310928	198,279,271,220,311,264,58,1148	19.125000,16.000000,15.937500,15.750000,15.187500,14.562500,14.500000,14.312500
116	0	3788	12.358447	198,220,279,271,264,311,1148,720	18.500000,16.125000,15.937500,14.750000,14.687500,14.437500,14.187500,14.000000
117	0	1129	14.818694	198,220,271,279,311,58,720,264	19.500000,15.687500,15.437500,15.437500,14.687500,14.062500,14.062500,13.812500
118	0	71	7.463453	198,279,220,271,311,264,1148,720	18.375000,15.437500,15.312500,14.937500,14.187500,13.687500,13.500000,13.250000
119	0	36368	15.752595	198,220,279,271,311,58,264,720	18.125000,14.812500,14.812500,14.437500,13.937500,13.562500,13.562500,13.187500
120	0	1594	12.800449	198,279,220,271,264,311,58,1148	18.375000,16.125000,15.937500,15.062500,14.750000,14.750000,14.062500,14.000000
121	0	6973	18.498542	198,279,271,220,311,58,264,720	19.125000,15.562500,15.250000,15.187500,14.562500,14.312500,14.062500,13.750000
122	0	3529	15.612105	198,220,271,279,720,58,311,11	18.875000,15.187500,15.062500,14.750000,14.312500,13.937500,13.812500,13.187500
123	0	77749	17.337375	198,220,279,271,311,720,264,58	18.750000,15.500000,15.437500,15.062500,14.312500,13.937500,13.812500,13.750000
124	0	11628	17.993326	198,271,220,279,58,311,264,720	19.375000,16.125000,15.562500,15.500000,14.812500,14.687500,14.062500,13.812500
125	0	3916	16.467403	198,220,271,279,58,311,264,720	19.500000,15.687500,15.562500,15.500000,14.437500,14.437500,14.000000,13.812500
126	0	9009	12.286623	198,279,220,271,311,264,58,1148	18.625000,15.562500,15.437500,15.062500,14.687500,14.250000,13.812500,13.750000
127	0	6458	15.076824	198,279,220,271,311,264,720,58	17.875000,15.812500,15.187500,14.937500,14.750000,14.562500,13.937500,13.812500
128	0	61503	17.526459	198,279,220,271,311,264,1148,58	18.750000,15.687500,15.562500,14.937500,14.562500,14.187500,13.687500,13.562500
129	0	428	14.141318	198,220,279,311,271,264,720,12	16.875000,15.000000,14.250000,14.000000,13.937500,13.187500,13.187500,12.437500
130	0	271	4.059286	198,220,279,271,58,311,720,264	18.375000,15.250000,15.062500,14.750000,14.500000,14.312500,13.812500,13.750000
131	0	34336	12.426944	198,271,220,279,791,40,58,3923	19.375000,16.250000,15.500000,15.500000,15.062500,15.000000,14.562500,14.437500
132	0	415	11.444638	198,271,220,279,58,311,264,16	19.500000,15.750000,15.687500,15.312500,15.187500,14.250000,14.187500,14.000000
133	0	551	9.453821	198,220,279,720,271,264,311,58	18.750000,16.250000,15.750000,14.812500,14.562500,14.437500,14.312500,13.562500
134	0	2539	9.877689	198,220,279,271,311,264,720,58	19.125000,15.812500,15.750000,14.812500,14.437500,14.312500,14.250000,14.187500
135	0	1296	12.532065	198,279,220,271,311,264,1148,58	18.750000,16.250000,15.250000,15.187500,15.062500,14.562500,14.437500,13.937500
136	0	6859	14.136088	198,279,271,220,311,264,58,1148	18.625000,16.000000,15.687500,15.187500,14.937500,14.500000,14.312500,14.250000
137	0	320	8.017323	198,279,220,271,311,264,58,1148	18.375000,15.687500,15.187500,14.687500,14.500000,14.250000,14.062500,13.312500
138	0	543	11.570825	198,279,220,271,40,311,58,264	18.750000,15.250000,14.750000,14.750000,14.062500,14.000000,13.812500,13.812500
139	0	220	3.768908	198,279,220,271,311,58,264,720	18.375000,15.437500,15.062500,14.687500,14.312500,14.000000,14.000000,13.500000
140	0	19305	13.134015	198,279,220,271,311,16,264,40	18.875000,15.250000,15.062500,14.750000,14.062500,13.937500,13.937500,13.750000
141	0	23	7.348651	198,220,279,271,311,720,264,58	18.500000,15.562500,14.937500,14.812500,14.062500,13.937500,13.750000,13.687500
142	0	7123	16.625575	198,271,220,279,311,264,58,1148	18.625000,15.312500,15.250000,15.250000,14.312500,13.937500,13.750000,13.437500
143	0	98634	16.465273	198,220,279,271,311,58,264,720	19.000000,16.375000,16.000000,15.250000,15.187500,14.812500,14.750000,14.500000
144	0	340	8.886690	198,220,279,271,311,264,58,720	19.125000,16.500000,16.125000,14.937500,14.937500,14.750000,14.312500,14.000000
145	0	38	9.606089	198,271,220,279,58,720,311,264	19.875000,15.750000,15.562500,15.500000,15.000000,14.562500,14.437500,14.187500
146	0	2898	11.921815	198,279,220,271,311,58,264,720	18.625000,15.000000,14.937500,14.812500,14.000000,13.937500,13.750000,13.750000
147	0	12	6.839078	198,271,279,220,311,58,264,1148	19.125000,15.687500,15.312500,15.250000,14.687500,14.250000,14.062500,13.687500
148	0	17	5.946442	198,220,279,271,264,311,720,16	18.625000,15.750000,15.562500,14.562500,14.312500,14.250000,14.250000,14.187500
149	0	426	10.530905	198,220,271,279,58,311,720,264	18.625000,15.062500,14.812500,14.812500,14.187500,13.812500,13.812500,13.750000
150	0	1777	11.681376	198,279,220,271,311,264,58,720	18.875000,15.437500,15.312500,15.312500,14.250000,14.062500,13.812500,13.812500
151	0	11460	16.604821	198,271,279,220,58,311,264,791	19.125000,15.562500,15.250000,14.937500,14.312500,14.312500,13.812500,13.500000
152	0	320	8.298040	198,220,271,279,58,311,264,720	19.500000,15.937500,15.687500,15.687500,15.000000,14.687500,14.312500,14.312500
153	0	83	8.195825	198,279,220,271,40,311,58,264	18.750000,15.250000,14.750000,14.750000,14.062500,14.000000,13.812500,13.812500
154	0	1609	13.048097	198,220,279,271,311,58,264,720	18.625000,15.000000,15.000000,14.562500,14.000000,13.937500,13.687500,13.562500
155	0	5963	14.210047	198,220,271,279,311,58,264,720	17.750000,14.812500,14.562500,14.562500,13.937500,13.437500,13.437500,13.062500
156	0	1680	13.341381	198,220,271,279,58,311,720,512	18.625000,15.437500,15.312500,15.062500,14.250000,14.062500,13.812500,13.750000
157	0	220	2.213851	198,220,279,720,264,311,271,58	18.375000,16.750000,16.000000,15.312500,14.937500,14.750000,14.437500,14.187500
158	0	16085	10.915265	198,279,220,271,311,16,264,40	18.875000,15.250000,15.062500,14.750000,14.062500,13.937500,13.937500,13.750000
159	0	17897	12.911312	198,220,279,271,720,311,58,264	18.375000,15.562500,14.812500,14.750000,14.000000,13.937500,13.750000,13.562500
160	0	198	0.340468	198,220,279,271,720,58,311,264	18.750000,15.812500,15.000000,14.812500,14.437500,14.062500,14.062500,13.750000
161	0	1688	9.448743	198,271,279,220,58,311,40,264	19.875000,15.812500,15.562500,15.250000,14.687500,14.500000,14.312500,14.250000
162	0	393	9.324901	198,279,220,264,271,311,58,720	17.875000,15.562500,15.500000,14.437500,14.312500,13.937500,13.750000,13.562500
163	0	2989	10.264789	198,279,220,271,311,720,264,58	18.375000,15.062500,15.000000,15.000000,14.000000,13.937500,13.812500,13.750000
164	0	71608	17.278570	198,279,271,220,311,264,58,720	18.500000,14.937500,14.812500,14.562500,14.187500,13.562500,13.500000,13.250000
165	0	15906	16.786443	198,220,271,279,58,720,311,16	18.625000,15.562500,15.187500,14.312500,14.250000,14.062500,13.687500,13.500000
166	0	28	8.456530	198,220,279,720,311,271,58,264	17.375000,15.312500,14.187500,14.187500,13.812500,13.687500,13.562500,13.000000
167	0	12378	11.880442	198,220,279,271,58,720,16,264	18.875000,15.562500,15.187500,14.500000,14.187500,14.187500,13.937500,13.812500
168	0	21	6.623628	198,220,271,279,58,720,311,16	18.875000,15.750000,15.062500,14.812500,14.437500,14.312500,14.062500,13.750000
169	0	420	8.296495	198,220,271,279,311,58,264,1148	19.000000,15.250000,15.250000,15.250000,14.187500,14.062500,13.937500,13.500000
170	0	36508	13.739565	198,279,271,220,311,264,1148,58	19.125000,15.750000,15.312500,15.062500,14.750000,14.437500,14.250000,14.000000
171	0	220	2.733587	198,279,220,311,264,271,1148,459	18.375000,16.375000,16.250000,15.062500,15.000000,14.812500,14.187500,14.062500
172	0	3076	9.415265	198,279,220,271,311,16,264,40	18.875000,15.250000,15.062500,14.750000,14.062500,13.937500,13.937500,13.750000
173	0	2536	12.912987	198,220,271,279,58,311,264,720	19.125000,15.687500,15.250000,15.062500,14.312500,14.187500,13.750000,13.687500
174	0	29352	16.045504	198,279,220,271,311,58,720,264	18.625000,15.312500,15.000000,14.937500,14.250000,13.812500,13.812500,13.750000
175	0	91719	14.857295	198,279,220,311,271,264,58,1148	19.375000,16.250000,15.812500,15.062500,14.937500,14.687500,14.437500,14.187500
176	0	27855	15.126444	198,279,220,271,264,311,58,720	18.875000,16.500000,16.250000,15.500000,15.062500,14.937500,14.562500,14.437500
177	0	345	7.895065	198,271,279,220,311,58,264,16	19.875000,16.250000,16.000000,15.750000,15.062500,14.937500,14.437500,14.000000
178	0	19975	15.813240	198,220,279,271,58,311,720,40	20.250000,15.937500,15.750000,15.687500,15.187500,14.687500,14.687500,14.437500
179	0	2915	13.975480	198,279,220,271,311,264,58,512	18.625000,15.750000,15.500000,15.437500,15.062500,14.500000,13.937500,13.937500
180	0	49005	15.152580	198,279,271,220,311,264,1148,40	19.250000,15.937500,15.500000,15.437500,15.000000,14.562500,14.500000,14.187500
181	0	279	3.029767	198,279,220,271,264,311,1148,58	19.375000,16.750000,16.625000,15.312500,15.187500,15.062500,15.062500,14.500000
182	0	220	3.542890	198,279,220,271,264,1148,311,40	18.750000,16.125000,15.750000,15.187500,14.812500,14.687500,14.562500,14.000000
183	0	508	6.227765	198,279,220,271,311,16,264,40	18.875000,15.250000,15.062500,14.750000,14.062500,13.937500,13.937500,13.750000
184	0	11843	15.783203	198,220,271,279,58,720,311,264	19.125000,15.812500,15.250000,15.250000,14.500000,14.437500,14.312500,14.187500
185	0	3200	13.692066	198,279,220,271,311,58,264,40	19.250000,15.437500,15.312500,15.000000,14.187500,14.000000,13.937500,13.812500
186	0	16686	16.065118	198,220,279,271,311,264,58,720	18.125000,15.062500,15.000000,14.500000,14.250000,13.687500,13.562500,13.250000
187	0	315	7.744803	198,279,220,271,311,264,58,720	19.125000,16.000000,15.937500,15.750000,15.312500,14.687500,14.562500,14.562500
188	0	279	2.791420	198,279,220,264,271,1148,311,459	18.500000,16.375000,15.750000,14.937500,14.937500,14.750000,14.562500,13.937500
189	0	426	9.605390	198,279,220,271,264,1148,311,40	18.750000,16.125000,15.750000,15.187500,14.812500,14.687500,14.562500,14.000000
190	0	18	7.150126	198,279,220,271,311,264,58,720	18.875000,15.437500,15.312500,15.312500,14.250000,14.062500,13.812500,13.812500
191	0	4367	12.477956	198,220,271,279,58,311,264,16	19.125000,15.187500,15.187500,15.187500,14.250000,14.187500,13.937500,13.562500
192	0	18618	14.685903	198,279,271,311,220,1148,264,40	19.125000,16.125000,15.937500,15.187500,15.000000,14.687500,14.562500,14.187500
193	0	382	8.543636	198,279,220,271,311,264,58,720	18.625000,16.250000,16.125000,15.437500,15.437500,14.750000,14.187500,14.187500
194	0	2028	7.413303	198,271,220,40,279,791,58,3923	19.750000,16.625000,15.687500,15.500000,15.500000,15.500000,15.000000,14.750000
195	0	1052	14.383795	198,279,271,220,311,40,58,264	19.375000,15.437500,15.312500,15.250000,14.250000,14.187500,14.187500,14.187500
196	0	374	5.222929	198,279,271,220,311,264,58,323	18.875000,16.625000,16.125000,16.000000,15.687500,15.062500,14.500000,14.187500
197	0	1511	10.733846	198,279,220,271,311,264,1148,58	19.125000,16.125000,15.687500,15.312500,14.937500,14.750000,14.687500,14.187500
198	0	439	8.054521	198,279,220,311,271,264,58,1148	18.750000,16.375000,15.750000,15.312500,15.187500,14.812500,14.250000,14.187500
199	0	264	4.452274	198,279,220,271,311,264,1148,459	18.875000,16.375000,15.562500,15.250000,15.000000,14.937500,14.812500,13.937500
200	0	12790	16.226013	198,279,220,271,311,264,1148,40	18.625000,15.750000,15.187500,14.937500,14.500000,14.437500,14.187500,13.687500
201	0	369	7.145487	198,279,220,311,271,264,459,374	17.250000,15.750000,15.250000,14.812500,14.687500,14.437500,13.562500,13.500000
202	0	279	2.744227	198,279,220,264,271,311,1148,58	18.500000,16.375000,15.812500,15.000000,14.937500,14.750000,14.562500,14.187500
203	0	48275	15.558515	198,279,220,271,264,1148,311,40	18.750000,16.125000,15.750000,15.187500,14.812500,14.687500,14.562500,14.000000
204	0	45320	9.647975	198,220,279,271,311,264,459,1148	18.000000,16.125000,15.812500,15.312500,14.812500,14.500000,13.750000,13.687500
205	0	85748	16.818714	198,220,271,279,58,311,720,264	18.000000,15.187500,14.500000,14.000000,13.687500,13.437500,13.062500,12.812500
206	0	6636	14.273732	198,220,279,271,311,720,264,58	18.000000,15.062500,15.062500,14.937500,14.000000,13.750000,13.687500,13.437500
207	0	74252	13.942104	198,279,220,271,311,264,58,374	18.500000,15.812500,15.500000,15.250000,14.812500,14.437500,14.250000,13.687500
208	0	488	12.805143	198,220,271,279,311,58,12,512	18.000000,14.750000,14.437500,14.250000,13.687500,13.437500,13.250000,13.250000
209	0	18618	15.616049	198,271,279,220,311,58,264,40	18.625000,15.437500,15.312500,15.187500,14.312500,14.187500,14.000000,13.750000
210	0	198	0.543636	198,279,220,271,311,264,58,720	18.625000,16.250000,16.125000,15.437500,15.437500,14.750000,14.187500,14.187500
211	0	8793	19.183118	198,271,279,220,58,311,40,264	19.875000,15.812500,15.562500,15.250000,14.687500,14.500000,14.312500,14.250000
212	0	82	6.156035	198,220,271,58,279,720,16,311	19.750000,15.812500,15.500000,15.250000,15.250000,14.750000,14.250000,14.187500
213	0	5640	16.779555	198,279,271,220,311,58,264,11	19.125000,15.437500,15.187500,14.937500,14.500000,14.312500,14.062500,13.687500
214	0	324	11.776832	198,279,220,271,311,264,58,1148	18.750000,15.687500,15.500000,15.250000,14.500000,14.062500,13.750000,13.687500
215	0	754	10.663542	198,279,220,271,311,264,58,40	18.125000,15.062500,15.000000,14.812500,14.187500,13.812500,13.687500,13.312500
216	0	98166	17.399361	198,220,271,279,58,311,264,720	18.625000,15.312500,14.812500,14.750000,13.750000,13.750000,13.500000,13.500000
217	0	2253	15.328077	198,220,271,279,58,512,311,720	17.125000,14.250000,13.937500,13.500000,13.250000,13.250000,13.000000,12.937500
218	0	17	6.376896	198,220,279,271,58,720,311,16	18.625000,15.000000,14.750000,14.687500,14.062500,14.000000,13.687500,13.500000
219	0	68	8.155905	198,220,271,279,58,311,720,264	18.625000,15.062500,14.812500,14.812500,14.187500,13.812500,13.812500,13.750000
220	0	26721	16.827727	198,220,271,279,58,311,720,264	18.625000,15.000000,14.750000,14.750000,13.812500,13.812500,13.750000,13.500000
221	0	4390	12.916467	198,271,279,220,311,720,264,58	19.125000,15.687500,15.437500,15.250000,14.500000,14.000000,13.750000,13.500000
222	0	8780	12.330430	198,271,220,58,279,720,40,791	20.250000,16.000000,15.750000,15.312500,15.187500,14.562500,14.500000,14.250000
223	0	32905	11.990631	198,220,279,271,58,311,264,40	18.875000,15.437500,15.437500,14.937500,14.437500,14.250000,14.062500,13.937500
224	0	1005	9.759230	198,279,220,271,311,264,720,58	18.750000,15.562500,15.437500,14.937500,14.687500,14.187500,14.187500,14.000000
225	0	2011	9.442453	198,279,271,220,311,264,1148,58	18.750000,16.375000,15.562500,15.437500,15.250000,14.812500,14.500000,14.250000
226	0	14389	14.578609	198,279,220,311,271,264,1148,58	18.625000,15.812500,15.750000,14.812500,14.750000,14.437500,13.937500,13.687500
227	0	420	6.973330	198,279,220,271,264,311,1148,459	18.125000,16.500000,15.562500,15.062500,15.000000,15.000000,14.312500,14.250000
228	0	13844	14.833315	198,279,271,220,311,264,1148,58	19.125000,15.750000,15.312500,15.062500,14.750000,14.437500,14.250000,14.000000
229	0	7866	14.101873	198,279,220,271,311,264,720,58	19.125000,16.125000,15.562500,15.562500,15.000000,14.562500,14.187500,14.062500
230	0	93314	14.638727	198,220,279,264,271,311,1148,459	18.500000,16.625000,16.625000,15.000000,14.812500,14.812500,14.250000,14.187500
231	0	220	4.281529	198,271,279,220,311,264,58,720	19.625000,15.687500,15.687500,15.562500,14.562500,14.250000,14.000000,14.000000
232	0	18	6.290265	198,279,220,271,311,16,264,40	18.875000,15.250000,15.062500,14.750000,14.062500,13.937500,13.937500,13.750000
233	0	13	8.384206	198,220,271,279,58,311,264,16	19.125000,15.187500,15.187500,15.187500,14.250000,14.187500,13.937500,13.562500
234	0	15	7.415105	198,279,271,220,311,264,1148,40	19.000000,15.687500,15.437500,15.312500,14.437500,14.312500,14.250000,14.187500
235	0	63124	15.253987	198,220,279,271,58,311,264,16	19.250000,15.250000,15.187500,15.062500,14.312500,14.250000,13.937500,13.562500
236	0	382	8.972502	198,271,279,220,311,58,264,1148	19.375000,16.000000,15.937500,15.812500,15.312500,14.687500,14.500000,14.250000
237	0	284	12.038303	198,271,220,40,279,791,58,3923	19.750000,16.625000,15.687500,15.500000,15.500000,15.500000,15.000000,14.750000
238	0	8563	11.872228	198,220,279,720,264,271,311,58	18.625000,16.625000,16.125000,14.937500,14.812500,14.562500,14.500000,14.000000
239	0	426	9.578390	198,279,220,271,264,311,1148,791	18.125000,15.812500,15.750000,15.187500,14.437500,14.437500,14.250000,13.937500
240	0	11206	15.915751	198,279,220,271,311,264,58,720	18.875000,15.437500,15.312500,15.312500,14.250000,14.062500,13.812500,13.812500
241	0	466	8.975559	198,271,279,220,311,58,264,791	18.375000,14.937500,14.687500,14.562500,13.750000,13.500000,13.312500,13.312500
242	0	284	10.331751	198,279,220,271,311,264,58,1148	18.250000,15.562500,15.312500,15.062500,14.562500,14.312500,13.937500,13.562500
243	0	720	4.215978	198,220,279,720,264,271,311,58	18.625000,16.625000,16.125000,14.937500,14.812500,14.562500,14.500000,14.000000
244	0	8563	13.109112	198,220,279,271,58,720,264,311	19.500000,15.937500,15.437500,15.187500,14.562500,14.562500,14.187500,14.187500
245	0	426	9.578390	198,279,220,271,264,311,1148,791	18.125000,15.812500,15.750000,15.187500,14.437500,14.437500,14.250000,13.937500
246	0	11206	15.915751	198,279,220,271,311,264,58,720	18.875000,15.437500,15.312500,15.312500,14.250000,14.062500,13.812500,13.812500
247	0	466	8.975559	198,271,279,220,311,58,264,791	18.375000,14.937500,14.687500,14.562500,13.750000,13.500000,13.312500,13.312500
248	0	374	5.644251	198,279,220,271,311,264,58,1148	18.250000,15.562500,15.312500,15.062500,14.562500,14.312500,13.937500,13.562500
249	0	459	5.858846	198,279,220,271,311,264,1148,58	19.125000,16.125000,15.687500,15.312500,14.937500,14.750000,14.687500,14.187500
250	0	6498	9.577143	198,279,220,271,311,264,1148,40	18.500000,15.937500,15.437500,15.000000,14.687500,14.562500,14.312500,13.750000
251	0	4632	14.262698	198,279,220,271,311,264,1148,720	19.125000,16.125000,15.937500,15.750000,15.000000,14.812500,14.500000,14.312500
252	0	1174	10.606090	198,279,271,220,311,264,1148,58	19.125000,16.375000,15.562500,15.500000,15.187500,14.750000,14.750000,14.187500
253	0	12707	14.425318	198,220,279,264,311,271,1148,58	18.750000,16.250000,16.000000,14.562500,14.562500,14.437500,14.187500,14.000000
254	0	323	5.929459	198,279,271,220,311,1148,264,58	19.000000,16.000000,15.687500,15.000000,15.000000,14.687500,14.500000,14.000000
255	0	34596	13.300884	198,279,220,271,1148,311,264,358	19.000000,16.625000,15.562500,15.562500,15.250000,15.187500,15.062500,14.187500
256	0	12360	14.228361	198,279,271,220,311,264,1148,58	19.000000,16.125000,15.750000,15.562500,15.250000,14.687500,14.500000,14.187500
257	0	662	10.614759	198,279,220,271,311,264,58,1148	18.625000,15.937500,15.437500,15.437500,15.000000,14.437500,14.250000,13.750000
258	0	1283	11.087941	198,279,220,271,311,264,1148,58	18.875000,15.500000,15.437500,15.062500,14.187500,14.000000,13.937500,13.812500
259	0	1047	8.532366	198,279,220,271,311,264,1148,40	18.375000,15.812500,15.562500,15.062500,14.562500,14.500000,14.062500,13.750000
260	0	264	4.384234	198,279,220,311,264,271,1148,459	18.875000,16.375000,15.750000,15.062500,15.000000,15.000000,14.750000,14.062500
261	0	8810	14.694763	198,279,220,271,311,264,1148,40	18.625000,15.750000,15.187500,14.937500,14.500000,14.437500,14.187500,13.687500
262	0	571	11.910103	198,279,220,311,271,264,1148,459	17.875000,16.000000,15.187500,15.000000,14.812500,14.500000,13.937500,13.812500
263	0	12	7.539839	198,271,220,279,311,264,720,58	18.625000,15.312500,15.250000,15.062500,14.000000,13.562500,13.437500,13.250000
264	0	31	11.352692	198,220,279,271,264,311,720,16	18.625000,15.750000,15.562500,14.562500,14.312500,14.250000,14.250000,14.187500
265	0	40500	15.063053	198,271,220,279,720,311,58,40	18.875000,15.750000,15.250000,15.187500,14.437500,13.812500,13.687500,13.500000
266	0	3560	11.679807	198,279,220,264,311,459,1148,271	17.125000,16.375000,16.125000,14.937500,14.437500,14.437500,14.437500,14.312500
267	0	389	9.888812	198,279,220,271,311,58,264,1148	18.875000,15.562500,15.312500,15.250000,14.937500,14.187500,14.187500,13.750000
268	0	279	2.855423	198,279,220,271,311,264,1148,459	18.625000,16.375000,15.687500,15.062500,14.937500,14.812500,14.687500,13.812500
269	0	12707	13.667890	198,279,220,271,264,1148,311,40	18.750000,16.125000,15.750000,15.187500,14.812500,14.687500,14.562500,14.000000
270	0	4101	12.335709	198,279,271,220,311,1148,264,58	19.000000,16.000000,15.687500,15.000000,15.000000,14.687500,14.500000,14.000000
271	0	578	7.426073	198,271,220,279,58,311,264,512	19.375000,15.937500,15.562500,15.562500,14.937500,14.937500,14.312500,14.250000
272	0	8766	14.103607	198,279,220,271,264,311,1148,720	18.625000,15.937500,15.812500,15.062500,14.500000,14.250000,14.062500,14.000000
273	0	304	6.942618	198,279,220,271,311,264,1148,791	18.750000,16.375000,16.125000,15.812500,15.000000,14.937500,14.750000,14.500000
274	0	220	3.474874	198,279,220,311,264,271,1148,459	18.375000,16.375000,15.562500,15.000000,14.937500,14.812500,14.562500,13.812500
275	0	1049	7.227765	198,279,220,271,311,16,264,40	18.875000,15.250000,15.062500,14.750000,14.062500,13.937500,13.937500,13.750000
276	0	15	7.168380	198,220,279,271,311,720,264,58	18.875000,15.562500,15.250000,14.812500,14.250000,14.000000,13.937500,13.750000
277	0	662	10.410237	198,220,279,271,58,311,264,16	19.250000,15.250000,15.187500,15.062500,14.312500,14.250000,13.937500,13.562500
278	0	1115	8.837941	198,279,220,271,311,264,1148,58	18.875000,15.500000,15.437500,15.062500,14.187500,14.000000,13.937500,13.812500
279	0	574	7.989046	198,279,271,220,264,311,1148,40	19.375000,15.750000,15.500000,15.250000,14.437500,14.437500,14.312500,14.250000
280	0	8272	12.850498	198,279,220,271,311,1148,264,40	19.125000,16.375000,15.750000,15.250000,15.062500,15.000000,14.937500,14.062500
281	0	555	7.902901	198,279,220,271,311,264,1148,58	19.625000,16.375000,16.125000,15.437500,15.250000,14.937500,14.812500,14.437500
282	0	264	3.684997	198,279,220,264,311,271,1148,459	17.875000,16.625000,16.500000,15.187500,14.937500,14.812500,14.562500,14.312500
283	0	40500	13.913513	198,279,220,271,311,264,1148,40	18.625000,15.750000,15.187500,14.937500,14.500000,14.437500,14.187500,13.687500
284	0	3560	11.679807	198,279,220,264,311,459,1148,271	17.125000,16.375000,16.125000,14.937500,14.437500,14.437500,14.437500,14.312500
285	0	304	7.201312	198,279,220,271,311,58,264,1148	18.875000,15.562500,15.312500,15.250000,14.937500,14.187500,14.187500,13.750000
286	0	279	2.662374	198,279,220,311,264,271,1148,459	18.375000,16.375000,15.562500,15.000000,14.937500,14.812500,14.562500,13.812500
287	0	1514	10.355390	198,279,220,271,264,1148,311,40	18.750000,16.125000,15.750000,15.187500,14.812500,14.687500,14.562500,14.000000
288	0	6385	12.729338	198,279,271,220,311,264,1148,58	19.000000,16.125000,15.437500,15.187500,15.187500,14.750000,14.500000,14.000000
289	0	2439	13.209070	198,279,220,271,264,311,720,1148	17.875000,15.812500,15.562500,15.000000,14.562500,14.500000,14.187500,13.937500
290	0	5439	12.325665	198,279,220,271,311,264,58,720	18.750000,15.437500,15.250000,15.062500,14.750000,14.062500,13.937500,13.562500
291	0	555	7.440996	198,279,220,311,264,271,1148,58	19.000000,16.500000,16.000000,15.437500,15.000000,14.937500,14.500000,14.250000
292	0	22021	14.028747	198,279,220,264,311,271,1148,459	17.875000,16.625000,16.500000,15.187500,14.937500,14.812500,14.562500,14.312500
293	0	77023	15.318274	198,220,279,271,264,311,58,791	17.875000,15.250000,15.062500,14.750000,13.937500,13.812500,13.437500,13.187500
294	0	1174	9.682655	198,220,279,271,311,264,58,720	18.250000,15.437500,15.187500,14.750000,14.187500,13.937500,13.812500,13.500000
295	0	902	7.894068	198,220,279,264,311,271,1148,58	18.750000,16.250000,16.000000,14.562500,14.562500,14.437500,14.187500,14.000000
296	0	574	7.558584	198,279,271,220,311,1148,264,58	19.250000,16.125000,15.437500,15.312500,14.750000,14.687500,14.500000,14.250000
297	0	10887	12.350498	198,279,220,271,311,1148,264,40	19.125000,16.375000,15.750000,15.250000,15.062500,15.000000,14.937500,14.062500
298	0	304	7.456132	198,279,220,271,311,264,58,1148	19.125000,16.125000,15.687500,15.000000,14.937500,14.750000,14.250000,14.187500
299	0	220	3.474874	198,279,220,311,264,271,1148,459	18.375000,16.375000,15.562500,15.000000,14.937500,14.812500,14.562500,13.812500
300	0	1049	7.227765	198,279,220,271,311,16,264,40	18.875000,15.250000,15.062500,14.750000,14.062500,13.937500,13.937500,13.750000
301	0	16	5.855880	198,220,279,271,311,720,264,58	18.875000,15.562500,15.250000,14.812500,14.250000,14.000000,13.937500,13.750000
302	0	520	7.080208	198,220,279,271,311,58,264,16	19.000000,15.312500,15.250000,14.937500,14.250000,14.062500,14.000000,13.562500
303	0	279	2.551419	198,279,220,264,311,271,1148,459	18.250000,16.375000,16.000000,15.000000,14.750000,14.687500,14.250000,14.000000
304	0	16591	13.949140	198,279,220,271,264,1148,311,40	18.750000,16.125000,15.750000,15.187500,14.812500,14.687500,14.562500,14.000000
305	0	7301	12.436866	198,279,220,271,311,1148,264,791	17.875000,15.687500,15.312500,15.312500,14.437500,14.312500,14.250000,13.750000
306	0	27315	16.204412	198,279,220,271,311,264,1148,459	18.375000,16.500000,16.000000,15.562500,15.312500,14.937500,14.437500,14.312500
307	0	662	10.646892	198,279,220,271,311,264,1148,58	19.375000,16.375000,16.125000,16.125000,15.437500,14.937500,14.687500,14.437500
308	0	1283	11.087941	198,279,220,271,311,264,1148,58	18.875000,15.500000,15.437500,15.062500,14.187500,14.000000,13.937500,13.812500
309	0	1047	8.532366	198,279,220,271,311,264,1148,40	18.375000,15.812500,15.562500,15.062500,14.562500,14.500000,14.062500,13.750000
310	0	264	4.384234	198,279,220,311,264,271,1148,459	18.875000,16.375000,15.750000,15.062500,15.000000,15.000000,14.750000,14.062500
311	0	8810	14.694763	198,279,220,271,311,264,1148,40	18.625000,15.750000,15.187500,14.937500,14.500000,14.437500,14.187500,13.687500
312	0	3560	11.441353	198,279,220,311,271,264,1148,459	17.875000,16.000000,15.187500,15.000000,14.812500,14.500000,13.937500,13.812500
313	0	304	7.201312	198,279,220,271,311,58,264,1148	18.875000,15.562500,15.312500,15.250000,14.937500,14.187500,14.187500,13.750000
314	0	279	2.662374	198,279,220,311,264,271,1148,459	18.375000,16.375000,15.562500,15.000000,14.937500,14.812500,14.562500,13.812500
315	0	12707	13.667890	198,279,220,271,264,1148,311,40	18.750000,16.125000,15.750000,15.187500,14.812500,14.687500,14.562500,14.000000
316	0	4101	12.335709	198,279,271,220,311,1148,264,58	19.000000,16.000000,15.687500,15.000000,15.000000,14.687500,14.500000,14.000000
317	0	20819	13.801073	198,271,220,279,58,311,264,512	19.375000,15.937500,15.562500,15.562500,14.937500,14.937500,14.312500,14.250000
318	0	3842	10.043515	198,279,220,271,264,311,459,1148	17.750000,16.375000,16.125000,15.250000,14.937500,14.937500,14.187500,14.187500
319	0	1611	9.473347	198,279,220,271,311,264,1148,459	18.375000,16.000000,15.812500,15.250000,14.562500,14.500000,14.312500,13.812500
320	0	291	10.346253	198,220,279,271,720,58,264,791	17.875000,15.187500,14.562500,14.500000,14.000000,13.312500,13.312500,13.312500
321	0	304	7.109008	198,279,220,271,311,264,58,1148	18.625000,15.562500,15.312500,14.812500,14.562500,14.250000,13.937500,13.687500
322	0	220	3.474874	198,279,220,311,264,271,1148,459	18.375000,16.375000,15.562500,15.000000,14.937500,14.812500,14.562500,13.812500
323	0	1049	7.227765	198,279,220,271,311,16,264,40	18.875000,15.250000,15.062500,14.750000,14.062500,13.937500,13.937500,13.750000
324	0	17	6.730880	198,220,279,271,311,720,264,58	18.875000,15.562500,15.250000,14.812500,14.250000,14.000000,13.937500,13.750000
325	0	662	10.030905	198,220,271,279,58,311,720,264	18.625000,15.062500,14.812500,14.812500,14.187500,13.812500,13.812500,13.750000
326	0	763	8.525441	198,279,220,271,311,264,1148,58	18.875000,15.500000,15.437500,15.062500,14.187500,14.000000,13.937500,13.812500
327	0	220	3.851524	198,279,220,271,264,311,791,1148	18.875000,16.125000,15.500000,15.250000,14.687500,14.312500,14.250000,14.250000
328	0	1049	7.227765	198,279,220,271,311,16,264,40	18.875000,15.250000,15.062500,14.750000,14.062500,13.937500,13.937500,13.750000
329	0	19	7.730880	198,220,279,271,311,720,264,58	18.875000,15.562500,15.250000,14.812500,14.250000,14.000000,13.937500,13.750000
330	0	426	10.578835	198,220,271,279,311,58,264,720	18.750000,15.250000,15.062500,15.062500,14.187500,14.000000,13.812500,13.500000
331	0	11206	15.915751	198,279,220,271,311,264,58,720	18.875000,15.437500,15.312500,15.312500,14.250000,14.062500,13.812500,13.812500
332	0	466	8.975559	198,271,279,220,311,58,264,791	18.375000,14.937500,14.687500,14.562500,13.750000,13.500000,13.312500,13.312500
333	0	27212	13.706751	198,279,220,271,311,264,58,1148	18.250000,15.562500,15.312500,15.062500,14.562500,14.312500,13.937500,13.562500
334	0	264	3.341304	198,279,220,264,311,271,459,1148	17.125000,16.375000,15.500000,15.000000,15.000000,14.437500,14.312500,13.812500
335	0	3560	11.944763	198,279,220,271,311,264,1148,40	18.625000,15.750000,15.187500,14.937500,14.500000,14.437500,14.187500,13.687500
336	0	439	8.326312	198,279,220,271,311,58,264,1148	18.875000,15.562500,15.312500,15.250000,14.937500,14.187500,14.187500,13.750000
337	0	330	6.327274	198,279,220,271,311,264,1148,459	18.875000,16.375000,15.562500,15.250000,15.000000,14.937500,14.812500,13.937500
338	0	29517	14.754867	198,279,271,220,40,311,791,1148	19.125000,15.500000,15.062500,14.750000,14.500000,14.250000,14.250000,14.187500
339	0	330	6.197664	198,279,220,271,264,311,459,1148	17.500000,15.750000,15.562500,14.750000,14.500000,14.437500,13.812500,13.687500
340	0	304	7.786117	198,279,271,220,40,311,791,1148	19.125000,15.500000,15.062500,14.750000,14.500000,14.250000,14.250000,14.187500
341	0	279	2.662374	198,279,220,311,264,271,1148,459	18.375000,16.375000,15.562500,15.000000,14.937500,14.812500,14.562500,13.812500
342	0	9417	14.386640	198,279,220,271,264,1148,311,40	18.750000,16.125000,15.750000,15.187500,14.812500,14.687500,14.562500,14.000000
343	0	330	6.947630	198,271,279,220,311,1148,264,40	19.250000,16.125000,16.125000,15.500000,15.062500,14.750000,14.562500,14.250000
344	0	71166	14.473617	198,279,271,220,40,311,791,1148	19.125000,15.500000,15.062500,14.750000,14.500000,14.250000,14.250000,14.187500
345	0	364	9.076257	198,220,279,271,311,264,459,720	17.125000,15.437500,15.187500,14.312500,14.187500,14.062500,13.500000,13.187500
346	0	82	5.734822	198,279,220,271,311,40,264,791	18.375000,15.312500,14.750000,14.562500,14.000000,13.937500,13.812500,13.750000
347	0	15457	14.857680	198,279,271,220,311,58,264,11	19.125000,15.437500,15.187500,14.937500,14.500000,14.312500,14.062500,13.687500
348	0	330	6.698971	198,220,271,279,311,264,58,791	19.250000,16.125000,16.125000,15.812500,14.812500,14.562500,14.437500,14.250000
349	0	315	8.286117	198,279,271,220,40,311,791,1148	19.125000,15.500000,15.062500,14.750000,14.500000,14.250000,14.250000,14.187500
350	0	279	2.791420	198,279,220,264,271,1148,311,459	18.500000,16.375000,15.750000,14.937500,14.937500,14.750000,14.562500,13.937500
351	0	12707	13.667890	198,279,220,271,264,1148,311,40	18.750000,16.125000,15.750000,15.187500,14.812500,14.687500,14.562500,14.000000
352	0	4101	12.335709	198,279,271,220,311,1148,264,58	19.000000,16.000000,15.687500,15.000000,15.000000,14.687500,14.500000,14.000000
353	0	578	7.426073	198,271,220,279,58,311,264,512	19.375000,15.937500,15.562500,15.562500,14.937500,14.937500,14.312500,14.250000
354	0	5843	14.009857	198,279,220,271,264,311,1148,720	18.625000,15.937500,15.812500,15.062500,14.500000,14.250000,14.062500,14.000000
355	0	38725	16.662264	198,279,220,271,311,264,58,459	18.125000,15.937500,15.750000,14.812500,14.750000,14.437500,13.687500,13.687500
356	0	2652	11.511428	198,271,279,220,791,311,264,40	18.125000,15.562500,15.437500,15.000000,14.500000,14.312500,14.187500,14.062500
357	0	568	7.373639	198,220,279,271,311,58,264,720	19.625000,16.375000,16.125000,14.812500,14.750000,14.562500,14.562500,14.437500
358	0	59335	16.378858	198,279,271,220,311,40,264,1148	19.125000,15.937500,15.437500,15.250000,14.750000,14.562500,14.500000,14.500000
359	0	16662	13.898757	198,220,279,264,311,459,720,271	16.875000,15.812500,15.687500,14.500000,14.312500,14.000000,13.750000,13.500000
360	0	20142	15.421939	198,279,220,264,311,271,1148,459	18.750000,17.375000,16.250000,15.812500,15.687500,15.562500,15.437500,15.187500
361	0	4488	11.647597	198,279,271,220,311,264,58,1148	18.875000,16.000000,15.437500,15.250000,15.250000,14.437500,14.187500,13.937500
362	0	27191	14.883113	198,279,220,271,264,311,1148,459	18.125000,15.937500,15.750000,15.312500,14.500000,14.437500,14.062500,13.750000
363	0	323	5.811600	198,279,220,271,311,264,720,58	17.875000,15.437500,15.312500,14.312500,14.250000,14.187500,13.500000,13.437500
364	0	43423	13.175884	198,279,220,271,1148,311,264,358	19.000000,16.625000,15.562500,15.562500,15.250000,15.187500,15.062500,14.187500
365	0	15385	14.546927	198,220,279,271,311,264,1148,58	17.875000,15.000000,14.750000,14.687500,13.750000,13.500000,13.250000,13.187500
366	0	18843	14.306506	198,220,271,279,311,264,720,58	17.750000,15.187500,14.437500,14.062500,13.312500,12.750000,12.750000,12.562500
367	0	662	10.437193	198,271,220,279,58,311,264,791	18.500000,15.562500,15.000000,14.812500,14.062500,14.000000,13.500000,13.437500
368	0	1283	11.087941	198,279,220,271,311,264,1148,58	18.875000,15.500000,15.437500,15.062500,14.187500,14.000000,13.937500,13.812500
369	0	574	7.157366	198,279,220,271,311,264,1148,40	18.375000,15.812500,15.562500,15.062500,14.562500,14.500000,14.062500,13.750000
370	0	6445	11.537998	198,279,220,271,311,1148,264,40	19.125000,16.375000,15.750000,15.250000,15.062500,15.000000,14.937500,14.062500
371	0	304	6.944468	198,279,220,311,271,264,58,1148	18.375000,16.125000,15.312500,15.062500,14.687500,14.500000,13.937500,13.937500
372	0	279	2.662374	198,279,220,311,264,271,1148,459	18.375000,16.375000,15.562500,15.000000,14.937500,14.812500,14.562500,13.812500
373	0	220	3.542890	198,279,220,271,264,1148,311,40	18.750000,16.125000,15.750000,15.187500,14.812500,14.687500,14.562500,14.000000
374	0	1049	7.227765	198,279,220,271,311,16,264,40	18.875000,15.250000,15.062500,14.750000,14.062500,13.937500,13.937500,13.750000
375	0	20	6.355880	198,220,279,271,311,720,264,58	18.875000,15.562500,15.250000,14.812500,14.250000,14.000000,13.937500,13.750000
376	0	34596	15.044396	198,220,279,271,311,58,264,720	18.750000,15.187500,15.062500,15.000000,14.062500,13.937500,13.812500,13.437500
377	0	54248	15.884611	198,279,271,220,311,264,1148,58	19.000000,16.125000,15.750000,15.562500,15.250000,14.687500,14.500000,14.187500
378	0	315	7.349869	198,279,271,220,311,264,58,1148	19.500000,16.125000,15.812500,15.437500,15.312500,14.750000,14.562500,14.250000
379	0	279	2.791420	198,279,220,264,271,1148,311,459	18.500000,16.375000,15.750000,14.937500,14.937500,14.750000,14.562500,13.937500
380	0	26241	14.449140	198,279,220,271,264,1148,311,40	18.750000,16.125000,15.750000,15.187500,14.812500,14.687500,14.562500,14.000000
381	0	93401	14.150578	198,220,279,271,311,264,791,1148	17.625000,15.000000,14.937500,14.687500,13.687500,13.562500,13.437500,13.250000
382	0	1514	10.425977	198,271,279,220,311,264,1148,791	18.750000,15.687500,15.562500,15.187500,14.687500,14.250000,14.062500,13.937500
383	0	44662	14.041838	198,279,271,220,311,264,1148,58	19.000000,16.125000,15.437500,15.187500,15.187500,14.750000,14.500000,14.000000
384	0	50940	15.865177	198,220,279,271,311,264,374,459	17.875000,15.687500,15.500000,15.250000,14.500000,14.187500,13.500000,13.437500
385	0	1174	10.044884	198,220,279,271,311,264,12,58	17.625000,14.812500,14.312500,14.000000,13.187500,13.062500,12.937500,12.937500
386	0	902	7.894068	198,220,279,264,311,271,1148,58	18.750000,16.250000,16.000000,14.562500,14.562500,14.437500,14.187500,14.000000
387	0	574	7.558584	198,279,271,220,311,1148,264,58	19.250000,16.125000,15.437500,15.312500,14.750000,14.687500,14.500000,14.250000
388	0	10887	12.350498	198,279,220,271,311,1148,264,40	19.125000,16.375000,15.750000,15.250000,15.062500,15.000000,14.937500,14.062500
389	0	520	6.393632	198,279,220,271,311,264,58,1148	19.125000,16.125000,15.687500,15.000000,14.937500,14.750000,14.250000,14.187500
390	0	279	2.551419	198,279,220,264,311,271,1148,459	18.250000,16.375000,16.000000,15.000000,14.750000,14.687500,14.250000,14.000000
391	0	46506	16.246015	198,279,220,271,264,1148,311,40	18.750000,16.125000,15.750000,15.187500,14.812500,14.687500,14.562500,14.000000
392	0	27315	16.654009	198,220,279,271,311,264,459,374	17.625000,15.687500,15.250000,14.562500,14.187500,13.937500,13.250000,13.000000
393	0	304	7.084392	198,279,220,271,311,264,1148,58	19.375000,16.375000,16.125000,16.125000,15.437500,14.937500,14.687500,14.437500
394	0	72098	16.834249	198,279,220,311,264,271,1148,459	18.375000,16.375000,15.562500,15.000000,14.937500,14.812500,14.562500,13.812500
395	0	323	5.445434	198,279,271,220,311,264,1148,459	18.375000,16.125000,15.687500,15.500000,15.062500,14.562500,14.562500,14.062500
396	0	279	2.957134	198,279,220,271,1148,311,264,358	19.000000,16.625000,15.562500,15.562500,15.250000,15.187500,15.062500,14.187500
397	0	11258	14.167890	198,279,220,271,264,1148,311,40	18.750000,16.125000,15.750000,15.187500,14.812500,14.687500,14.562500,14.000000
398	0	1291	11.613175	198,220,279,271,311,264,720,12	17.750000,15.687500,15.500000,14.687500,14.562500,14.312500,13.687500,13.500000
399	0	39520	17.131218	198,279,220,311,271,264,58,720	18.125000,15.562500,15.500000,14.812500,14.562500,14.187500,13.500000,13.437500
400	0	17367	14.437481	198,220,279,271,311,264,459,1148	17.875000,15.937500,15.687500,15.500000,14.687500,14.500000,13.812500,13.687500
401	0	304	6.795364	198,279,220,271,311,264,58,459	18.250000,15.812500,15.750000,15.500000,14.937500,14.562500,13.750000,13.750000
402	0	7295	12.037374	198,279,220,311,264,271,1148,459	18.375000,16.375000,15.562500,15.000000,14.937500,14.812500,14.562500,13.812500
403	0	662	10.244361	198,279,220,271,311,264,1148,459	18.375000,16.250000,15.937500,15.500000,15.062500,14.812500,14.437500,14.187500
404	0	1283	11.087941	198,279,220,271,311,264,1148,58	18.875000,15.500000,15.437500,15.062500,14.187500,14.000000,13.937500,13.812500
405	0	574	7.157366	198,279,220,271,311,264,1148,40	18.375000,15.812500,15.562500,15.062500,14.562500,14.500000,14.062500,13.750000
406	0	15910	11.287998	198,279,220,271,311,1148,264,40	19.125000,16.375000,15.750000,15.250000,15.062500,15.000000,14.937500,14.062500
407	0	555	7.310359	198,279,220,311,264,271,1148,58	18.250000,16.000000,15.437500,15.062500,14.562500,14.437500,13.937500,13.812500
408	0	3842	10.184997	198,279,220,264,311,271,1148,459	17.875000,16.625000,16.500000,15.187500,14.937500,14.812500,14.562500,14.312500
409	0	68573	14.785847	198,279,220,271,311,264,1148,459	18.375000,16.000000,15.812500,15.250000,14.562500,14.500000,14.312500,13.812500
410	0	323	4.869301	198,279,220,264,311,271,459,720	15.937500,15.062500,14.750000,13.937500,13.687500,13.562500,13.562500,13.312500
411	0	59335	15.769634	198,279,220,271,1148,311,264,358	19.000000,16.625000,15.562500,15.562500,15.250000,15.187500,15.062500,14.187500
412	0	16662	13.898757	198,220,279,264,311,459,720,271	16.875000,15.812500,15.687500,14.500000,14.312500,14.000000,13.750000,13.500000
413	0	7505	13.484439	198,279,220,264,311,271,1148,459	18.750000,17.375000,16.250000,15.812500,15.687500,15.562500,15.437500,15.187500
414	0	1254	11.954052	198,279,220,271,311,264,1148,459	17.625000,15.437500,15.312500,14.562500,14.062500,14.000000,13.500000,13.312500
415	0	819	12.927061	198,271,279,220,720,311,40,58	18.250000,14.687500,14.687500,14.250000,13.687500,13.562500,13.312500,13.250000
416	0	675	13.222985	198,279,220,271,311,264,1148,58	18.000000,15.437500,14.937500,14.562500,14.187500,14.000000,13.437500,13.250000
417	0	1174	9.973770	198,279,220,271,311,264,1148,58	18.125000,15.062500,14.937500,14.687500,14.062500,13.750000,13.437500,13.312500
418	0	51075	16.347193	198,220,279,264,311,271,1148,58	18.750000,16.250000,16.000000,14.562500,14.562500,14.437500,14.187500,14.000000
419	0	1901	11.013471	198,279,271,220,311,1148,264,791	18.625000,15.750000,15.687500,15.187500,14.500000,14.437500,14.312500,14.312500
420	0	12997	15.498466	198,220,279,271,311,264,720,58	17.875000,15.000000,15.000000,14.562500,13.937500,13.687500,13.687500,13.062500
421	0	1174	9.785050	198,279,220,271,311,264,58,1148	18.000000,14.937500,14.687500,14.437500,14.000000,13.562500,13.062500,13.000000
422	0	14253	13.706568	198,220,279,264,311,271,1148,58	18.750000,16.250000,16.000000,14.562500,14.562500,14.437500,14.187500,14.000000
423	0	18206	13.569498	198,279,271,220,311,264,791,1148	17.875000,15.312500,15.250000,15.187500,14.187500,14.062500,13.812500,13.812500
424	0	1174	9.556388	198,279,220,271,311,264,1148,459	18.125000,16.125000,15.500000,15.312500,15.062500,14.687500,14.437500,13.937500
425	0	56230	15.722193	198,220,279,264,311,271,1148,58	18.750000,16.250000,16.000000,14.562500,14.562500,14.437500,14.187500,14.000000
426	0	24852	12.820949	198,279,220,271,311,264,459,1148	17.875000,16.000000,15.437500,15.187500,14.937500,14.750000,14.000000,14.000000
427	0	417	9.871580	198,220,271,279,311,791,264,40	17.875000,15.000000,14.812500,14.750000,13.687500,13.562500,13.500000,13.437500
428	0	1174	9.882084	198,279,220,271,311,58,264,720	18.625000,15.437500,15.250000,14.812500,14.687500,14.187500,14.187500,13.937500
429	0	60410	15.050318	198,220,279,264,311,271,1148,58	18.750000,16.250000,16.000000,14.562500,14.562500,14.437500,14.187500,14.000000
430	0	81764	16.252247	198,220,279,271,720,311,264,12	17.500000,15.687500,15.000000,14.312500,14.250000,14.062500,14.000000,13.562500
431	0	323	5.987562	198,220,279,271,311,264,791,58	18.250000,15.312500,15.187500,15.062500,14.062500,14.000000,13.562500,13.500000
432	0	68134	14.207134	198,279,220,271,1148,311,264,358	19.000000,16.625000,15.562500,15.562500,15.250000,15.187500,15.062500,14.187500
433	0	11166	12.558719	198,279,220,271,264,311,1148,791	18.125000,15.437500,15.312500,14.812500,14.062500,14.062500,13.750000,13.437500
434	0	662	10.115125	198,220,279,271,311,264,720,459	17.625000,15.812500,15.812500,15.000000,14.750000,14.562500,14.250000,13.937500
435	0	720	6.087941	198,279,220,271,311,264,1148,58	18.875000,15.500000,15.437500,15.062500,14.187500,14.000000,13.937500,13.812500
436	0	763	8.796612	198,220,279,271,58,720,264,311	19.500000,15.937500,15.437500,15.187500,14.562500,14.562500,14.187500,14.187500
437	0	220	3.851524	198,279,220,271,264,311,791,1148	18.875000,16.125000,15.500000,15.250000,14.687500,14.312500,14.250000,14.250000
438	0	1049	7.227765	198,279,220,271,311,16,264,40	18.875000,15.250000,15.062500,14.750000,14.062500,13.937500,13.937500,13.750000
439	0	21	6.918380	198,220,279,271,311,720,264,58	18.875000,15.562500,15.250000,14.812500,14.250000,14.000000,13.937500,13.750000
440	0	1174	10.046495	198,220,271,279,311,58,264,1148	19.000000,15.250000,15.250000,15.250000,14.187500,14.062500,13.937500,13.500000
441	0	426	9.519068	198,220,279,264,311,271,1148,58	18.750000,16.250000,16.000000,14.562500,14.562500,14.437500,14.187500,14.000000
442	0	11206	15.915751	198,279,220,271,311,264,58,720	18.875000,15.437500,15.312500,15.312500,14.250000,14.062500,13.812500,13.812500
443	0	466	8.975559	198,271,279,220,311,58,264,791	18.375000,14.937500,14.687500,14.562500,13.750000,13.500000,13.312500,13.312500
444	0	59335	16.722376	198,279,220,271,311,264,58,1148	18.250000,15.562500,15.312500,15.062500,14.562500,14.312500,13.937500,13.562500
445	0	16662	13.898757	198,220,279,264,311,459,720,271	16.875000,15.812500,15.687500,14.500000,14.312500,14.000000,13.750000,13.500000
446	0	1254	12.234439	198,279,220,264,311,271,1148,459	18.750000,17.375000,16.250000,15.812500,15.687500,15.562500,15.437500,15.187500
447	0	819	12.927061	198,271,279,220,720,311,40,58	18.250000,14.687500,14.687500,14.250000,13.687500,13.562500,13.312500,13.250000
448	0	675	13.222985	198,279,220,271,311,264,1148,58	18.000000,15.437500,14.937500,14.562500,14.187500,14.000000,13.437500,13.250000
449	0	304	7.223770	198,279,220,271,311,264,1148,58	18.125000,15.062500,14.937500,14.687500,14.062500,13.750000,13.437500,13.312500
450	0	279	2.662374	198,279,220,311,264,271,1148,459	18.375000,16.375000,15.562500,15.000000,14.937500,14.812500,14.562500,13.812500
451	0	1514	10.355390	198,279,220,271,264,1148,311,40	18.750000,16.125000,15.750000,15.187500,14.812500,14.687500,14.562500,14.000000
452	0	94836	18.510588	198,279,271,220,311,264,1148,58	19.000000,16.125000,15.437500,15.187500,15.187500,14.750000,14.500000,14.000000
453	0	5439	11.870200	198,220,271,279,311,264,374,459	18.125000,16.125000,15.687500,15.687500,14.812500,14.500000,13.812500,13.812500
454	0	555	7.440996	198,279,220,311,264,271,1148,58	19.000000,16.500000,16.000000,15.437500,15.000000,14.937500,14.500000,14.250000
455	0	4488	10.122497	198,279,220,264,311,271,1148,459	17.875000,16.625000,16.500000,15.187500,14.937500,14.812500,14.562500,14.312500
456	0	46207	16.836238	198,279,220,271,264,311,1148,459	18.125000,15.937500,15.750000,15.312500,14.500000,14.437500,14.062500,13.750000
457	0	28607	14.399799	198,220,279,271,311,264,459,12	17.375000,15.687500,15.500000,14.500000,14.312500,14.250000,13.687500,13.250000
458	0	662	9.825265	198,220,279,311,720,271,264,11	17.750000,15.687500,15.500000,14.750000,14.437500,14.312500,14.250000,13.562500
459	0	1283	11.087941	198,279,220,271,311,264,1148,58	18.875000,15.500000,15.437500,15.062500,14.187500,14.000000,13.937500,13.812500
460	0	9922	13.438616	198,279,220,271,311,264,1148,40	18.375000,15.812500,15.562500,15.062500,14.562500,14.500000,14.062500,13.750000
461	0	389	9.877838	198,220,279,311,271,264,58,1148	19.000000,15.937500,15.812500,14.937500,14.562500,14.500000,14.000000,13.812500
462	0	264	4.417923	198,279,220,271,311,264,1148,459	18.625000,16.375000,15.687500,15.062500,14.937500,14.812500,14.687500,13.812500
463	0	220	3.913513	198,279,220,271,311,264,1148,40	18.625000,15.750000,15.187500,14.937500,14.500000,14.437500,14.187500,13.687500
464	0	1049	7.227765	198,279,220,271,311,16,264,40	18.875000,15.250000,15.062500,14.750000,14.062500,13.937500,13.937500,13.750000
465	0	21	6.918380	198,220,279,271,311,720,264,58	18.875000,15.562500,15.250000,14.812500,14.250000,14.000000,13.937500,13.750000
466	0	9417	15.015245	198,220,271,279,311,58,264,1148	19.000000,15.250000,15.250000,15.250000,14.187500,14.062500,13.937500,13.500000
467	0	315	6.447630	198,271,279,220,311,1148,264,40	19.250000,16.125000,16.125000,15.500000,15.062500,14.750000,14.562500,14.250000
468	0	279	2.791420	198,279,220,264,271,1148,311,459	18.500000,16.375000,15.750000,14.937500,14.937500,14.750000,14.562500,13.937500
469	0	12707	13.667890	198,279,220,271,264,1148,311,40	18.750000,16.125000,15.750000,15.187500,14.812500,14.687500,14.562500,14.000000
470	0	4101	12.335709	198,279,271,220,311,1148,264,58	19.000000,16.000000,15.687500,15.000000,15.000000,14.687500,14.500000,14.000000
471	0	1174	10.926073	198,271,220,279,58,311,264,512	19.375000,15.937500,15.562500,15.562500,14.937500,14.937500,14.312500,14.250000
472	0	54943	16.409693	198,220,279,264,311,271,1148,58	18.750000,16.250000,16.000000,14.562500,14.562500,14.437500,14.187500,14.000000
473	0	1174	9.982987	198,220,279,311,271,264,459,1148	17.875000,16.250000,16.250000,15.312500,15.250000,14.937500,14.312500,14.187500
474	0	8272	13.331568	198,220,279,264,311,271,1148,58	18.750000,16.250000,16.000000,14.562500,14.562500,14.437500,14.187500,14.000000
475	0	555	7.902901	198,279,220,271,311,264,1148,58	19.625000,16.375000,16.125000,15.437500,15.250000,14.937500,14.812500,14.437500
476	0	264	3.684997	198,279,220,264,311,271,1148,459	17.875000,16.625000,16.500000,15.187500,14.937500,14.812500,14.562500,14.312500
477	0	3560	11.944763	198,279,220,271,311,264,1148,40	18.625000,15.750000,15.187500,14.937500,14.500000,14.437500,14.187500,13.687500
478	0	304	7.201312	198,279,220,271,311,58,264,1148	18.875000,15.562500,15.312500,15.250000,14.937500,14.187500,14.187500,13.750000
479	0	279	2.662374	198,279,220,311,264,271,1148,459	18.375000,16.375000,15.562500,15.000000,14.937500,14.812500,14.562500,13.812500
480	0	220	3.542890	198,279,220,271,264,1148,311,40	18.750000,16.125000,15.750000,15.187500,14.812500,14.687500,14.562500,14.000000
481	0	1049	7.227765	198,279,220,271,311,16,264,40	18.875000,15.250000,15.062500,14.750000,14.062500,13.937500,13.937500,13.750000
482	0	22	7.480880	198,220,279,271,311,720,264,58	18.875000,15.562500,15.250000,14.812500,14.250000,14.000000,13.937500,13.750000
483	0	34596	15.262046	198,271,220,279,58,311,264,40	19.250000,15.437500,15.250000,15.250000,14.312500,14.250000,14.000000,13.562500
484	0	5788	12.978361	198,279,271,220,311,264,1148,58	19.000000,16.125000,15.750000,15.562500,15.250000,14.687500,14.500000,14.187500
485	0	315	7.060470	198,279,271,220,311,264,58,1148	19.375000,16.250000,16.125000,15.437500,15.437500,14.812500,14.500000,14.500000
486	0	2650	7.728920	198,279,220,264,271,1148,311,459	18.500000,16.375000,15.750000,14.937500,14.937500,14.750000,14.562500,13.937500
487	0	311	4.487029	198,279,220,271,311,264,1148,40	18.625000,15.937500,15.687500,15.312500,14.687500,14.500000,14.437500,14.062500
488	0	71727	17.547381	198,279,220,271,264,311,1148,358	18.625000,16.500000,15.937500,15.250000,15.187500,15.000000,14.812500,14.187500
489	0	15910	12.270787	198,271,279,220,791,40,311,264	18.875000,16.125000,15.562500,14.937500,14.750000,14.437500,14.437500,14.062500
490	0	555	7.310359	198,279,220,311,264,271,1148,58	18.250000,16.000000,15.437500,15.062500,14.562500,14.437500,13.937500,13.812500
491	0	28978	12.153747	198,279,220,264,311,271,1148,459	17.875000,16.625000,16.500000,15.187500,14.937500,14.812500,14.562500,14.312500
492	0	648	11.951490	198,220,279,271,311,264,720,12	17.250000,14.937500,14.000000,13.687500,13.437500,12.687500,12.562500,12.250000
493	0	432	9.925938	198,279,220,271,311,264,1148,40	18.375000,15.250000,15.062500,15.062500,14.312500,13.812500,13.687500,13.437500
494	0	85534	17.369886	198,279,220,271,311,264,720,58	18.500000,15.437500,15.312500,15.062500,14.312500,14.062500,13.812500,13.500000
495	0	662	10.489497	198,271,220,279,58,311,264,720	19.125000,15.750000,15.687500,15.312500,14.437500,14.437500,14.062500,13.687500
496	0	2650	8.712941	198,279,220,271,311,264,1148,58	18.875000,15.500000,15.437500,15.062500,14.187500,14.000000,13.937500,13.812500
497	0	311	4.487029	198,279,220,271,311,264,1148,40	18.625000,15.937500,15.687500,15.312500,14.687500,14.500000,14.437500,14.062500
498	0	71727	17.547381	198,279,220,271,264,311,1148,358	18.625000,16.500000,15.937500,15.250000,15.187500,15.000000,14.812500,14.187500
499	0	574	7.489537	198,271,279,220,791,40,311,264	18.875000,16.125000,15.562500,14.937500,14.750000,14.437500,14.437500,14.062500
500	0	10887	12.350498	198,279,220,271,311,1148,264,40	19.125000,16.375000,15.750000,15.250000,15.062500,15.000000,14.937500,14.062500
501	0	520	6.393632	198,279,220,271,311,264,58,1148	19.125000,16.125000,15.687500,15.000000,14.937500,14.750000,14.250000,14.187500
502	0	14409	13.426419	198,279,220,264,311,271,1148,459	18.250000,16.375000,16.000000,15.000000,14.750000,14.687500,14.250000,14.000000
503	0	27315	15.772733	198,279,220,271,311,264,459,374	17.000000,16.000000,15.500000,15.187500,14.750000,14.562500,14.187500,13.750000
504	0	304	7.084392	198,279,220,271,311,264,1148,58	19.375000,16.375000,16.125000,16.125000,15.437500,14.937500,14.687500,14.437500
505	0	279	2.662374	198,279,220,311,264,271,1148,459	18.375000,16.375000,15.562500,15.000000,14.937500,14.812500,14.562500,13.812500
506	0	7295	11.949140	198,279,220,271,264,1148,311,40	18.750000,16.125000,15.750000,15.187500,14.812500,14.687500,14.562500,14.000000
507	0	85303	16.259986	198,279,220,271,311,264,1148,459	18.375000,16.250000,15.937500,15.500000,15.062500,14.812500,14.437500,14.187500
508	0	315	7.352774	198,220,279,271,264,311,58,720	18.500000,16.125000,15.937500,15.312500,14.687500,14.500000,14.062500,14.062500
509	0	473	10.478920	198,279,220,264,271,1148,311,459	18.500000,16.375000,15.750000,14.937500,14.937500,14.750000,14.562500,13.937500
510	0	43157	18.658002	198,279,271,220,311,264,720,58	18.375000,15.187500,15.000000,14.812500,14.000000,13.750000,13.687500,13.500000
511	0	44774	18.574033	198,279,220,311,271,264,58,323	18.375000,16.125000,15.937500,15.437500,15.250000,14.687500,14.000000,14.000000
512	0	323	5.636079	198,279,271,220,311,264,1148,58	18.625000,15.437500,15.312500,15.062500,14.562500,14.187500,13.812500,13.750000
513	0	48550	13.175884	198,279,220,271,1148,311,264,358	19.000000,16.625000,15.562500,15.562500,15.250000,15.187500,15.062500,14.187500
514	0	5721	13.248663	198,220,271,279,311,791,14428,40	17.125000,14.062500,14.000000,14.000000,13.062500,13.062500,12.687500,12.562500
515	0	662	9.961495	198,220,279,311,264,271,459,720	17.625000,15.937500,15.937500,14.812500,14.687500,14.687500,13.812500,13.750000
516	0	426	10.337941	198,279,220,271,311,264,1148,58	18.875000,15.500000,15.437500,15.062500,14.187500,14.000000,13.937500,13.812500
517	0	11206	15.915751	198,279,220,271,311,264,58,720	18.875000,15.437500,15.312500,15.312500,14.250000,14.062500,13.812500,13.812500
518	0	466	8.975559	198,271,279,220,311,58,264,791	18.375000,14.937500,14.687500,14.562500,13.750000,13.500000,13.312500,13.312500
519	0	59335	16.722376	198,279,220,271,311,264,58,1148	18.250000,15.562500,15.312500,15.062500,14.562500,14.312500,13.937500,13.562500
520	0	304	5.867507	198,220,279,264,311,459,720,271	16.875000,15.812500,15.687500,14.500000,14.312500,14.000000,13.750000,13.500000
521	0	1403	8.974874	198,279,220,311,264,271,1148,459	18.375000,16.375000,15.562500,15.000000,14.937500,14.812500,14.562500,13.812500
522	0	12631	15.813521	198,279,220,271,311,264,58,1148	18.875000,15.812500,15.312500,14.750000,14.562500,14.500000,14.187500,14.187500
523	0	304	7.252692	198,279,271,220,311,264,1148,58	19.500000,16.375000,15.812500,15.500000,15.312500,14.750000,14.562500,14.500000
524	0	220	3.474874	198,279,220,311,264,271,1148,459	18.375000,16.375000,15.562500,15.000000,14.937500,14.812500,14.562500,13.812500
525	0	1049	7.227765	198,279,220,271,311,16,264,40	18.875000,15.250000,15.062500,14.750000,14.062500,13.937500,13.937500,13.750000
526	0	23	7.418380	198,220,279,271,311,720,264,58	18.875000,15.562500,15.250000,14.812500,14.250000,14.000000,13.937500,13.750000
527	0	1174	9.703700	198,271,220,279,311,264,58,1148	18.625000,15.312500,15.250000,15.250000,14.312500,13.937500,13.750000,13.437500
528	0	6187	12.706568	198,220,279,264,311,271,1148,58	18.750000,16.250000,16.000000,14.562500,14.562500,14.437500,14.187500,14.000000
529	0	4238	13.357133	198,220,279,271,311,264,1148,58	19.125000,16.375000,16.375000,16.000000,15.000000,14.937500,14.500000,14.437500
530	0	4997	13.580876	198,279,271,220,311,58,264,720	19.250000,15.562500,15.500000,15.312500,14.750000,14.562500,14.250000,14.000000
531	0	31304	14.017586	198,220,279,271,311,264,720,58	18.125000,15.437500,15.312500,15.062500,14.312500,13.937500,13.687500,13.500000
532	0	555	7.295895	198,220,279,271,311,264,374,58	18.250000,16.125000,15.812500,15.187500,15.062500,14.562500,13.937500,13.812500
533	0	57337	17.497497	198,279,220,264,311,271,1148,459	17.875000,16.625000,16.500000,15.187500,14.937500,14.812500,14.562500,14.312500
534	0	12366	13.479593	198,279,220,271,311,264,1148,459	18.000000,16.125000,15.250000,15.250000,15.062500,14.562500,14.312500,14.062500
535	0	2009	12.523774	198,220,279,311,264,271,459,720	17.125000,15.562500,15.500000,14.500000,14.250000,14.250000,13.562500,13.562500
536	0	546	13.286288	198,220,279,271,311,264,791,1148	17.625000,14.812500,14.812500,14.437500,13.500000,13.437500,13.437500,13.000000
537	0	72	5.820706	198,279,220,271,311,264,58,82	18.000000,15.000000,14.687500,14.250000,14.062500,13.500000,13.437500,13.000000
538	0	1174	9.960080	198,220,279,271,58,311,264,720	18.750000,14.937500,14.937500,14.687500,13.937500,13.937500,13.562500,13.562500
539	0	323	5.956568	198,220,279,264,311,271,1148,58	18.750000,16.250000,16.000000,14.562500,14.562500,14.437500,14.187500,14.000000
540	0	4418	10.269634	198,279,220,271,1148,311,264,358	19.000000,16.625000,15.562500,15.562500,15.250000,15.187500,15.062500,14.187500
541	0	798	10.864334	198,279,220,271,311,264,40,791	18.750000,15.437500,15.312500,15.187500,14.312500,14.000000,13.937500,13.812500
542	0	54275	17.225653	198,220,279,271,311,58,264,720	18.375000,15.500000,15.312500,15.187500,14.687500,14.437500,14.062500,13.937500
543	0	15910	11.793950	198,220,279,271,311,264,459,720	17.750000,15.812500,15.500000,14.750000,14.500000,14.312500,13.750000,13.437500
544	0	555	7.310359	198,279,220,311,264,271,1148,58	18.250000,16.000000,15.437500,15.062500,14.562500,14.437500,13.937500,13.812500
545	0	12225	11.966247	198,279,220,264,311,271,1148,459	17.875000,16.625000,16.500000,15.187500,14.937500,14.812500,14.562500,14.312500
546	0	398	10.255948	198,220,271,279,791,58,311,720	18.125000,14.687500,14.500000,14.062500,13.187500,13.062500,13.062500,12.937500
547	0	89453	17.526621	198,279,220,271,311,264,1148,40	18.625000,15.750000,15.312500,15.000000,14.687500,14.437500,14.187500,13.687500
548	0	662	10.096949	198,220,279,311,264,271,459,374	15.562500,15.062500,14.937500,14.000000,13.562500,13.312500,13.312500,12.687500
549	0	763	8.525441	198,279,220,271,311,264,1148,58	18.875000,15.500000,15.437500,15.062500,14.187500,14.000000,13.937500,13.812500
550	0	3297	10.601524	198,279,220,271,264,311,791,1148	18.875000,16.125000,15.500000,15.250000,14.687500,14.312500,14.250000,14.250000
551	0	220	2.137021	198,220,279,271,311,264,1148,459	18.500000,17.000000,16.250000,15.062500,15.062500,14.812500,14.312500,14.000000
552	0	1049	7.227765	198,279,220,271,311,16,264,40	18.875000,15.250000,15.062500,14.750000,14.062500,13.937500,13.937500,13.750000
553	0	23	7.418380	198,220,279,271,311,720,264,58	18.875000,15.562500,15.250000,14.812500,14.250000,14.000000,13.937500,13.750000
554	0	1174	9.703700	198,271,220,279,311,264,58,1148	18.625000,15.312500,15.250000,15.250000,14.312500,13.937500,13.750000,13.437500
555	0	426	9.519068	198,220,279,264,311,271,1148,58	18.750000,16.250000,16.000000,14.562500,14.562500,14.437500,14.187500,14.000000
556	0	11206	15.915751	198,279,220,271,311,264,58,720	18.875000,15.437500,15.312500,15.312500,14.250000,14.062500,13.812500,13.812500
557	0	466	8.975559	198,271,279,220,311,58,264,791	18.375000,14.937500,14.687500,14.562500,13.750000,13.500000,13.312500,13.312500
558	0	1903	9.581751	198,279,220,271,311,264,58,1148	18.250000,15.562500,15.312500,15.062500,14.562500,14.312500,13.937500,13.562500
559	0	264	4.749063	198,279,220,271,311,264,1148,58	19.375000,16.375000,15.750000,15.437500,15.062500,15.000000,14.687500,14.437500
560	0	8810	14.694763	198,279,220,271,311,264,1148,40	18.625000,15.750000,15.187500,14.937500,14.500000,14.437500,14.187500,13.687500
561	0	11341	13.972603	198,279,220,311,271,264,1148,459	17.875000,16.000000,15.187500,15.000000,14.812500,14.500000,13.937500,13.812500
562	0	389	10.219545	198,279,271,220,311,58,264,40	19.375000,15.687500,15.562500,15.250000,14.812500,14.687500,14.187500,14.000000
563	0	264	4.417923	198,279,220,271,311,264,1148,459	18.625000,16.375000,15.687500,15.062500,14.937500,14.812500,14.687500,13.812500
564	0	1403	9.288513	198,279,220,271,311,264,1148,40	18.625000,15.750000,15.187500,14.937500,14.500000,14.437500,14.187500,13.687500
565	0	571	12.672896	198,279,220,271,311,264,58,1148	18.875000,15.812500,15.312500,14.750000,14.562500,14.500000,14.187500,14.187500
566	0	12	7.539839	198,271,220,279,311,264,720,58	18.625000,15.312500,15.250000,15.062500,14.000000,13.562500,13.437500,13.250000
567	0	31	11.352692	198,220,279,271,264,311,720,16	18.625000,15.750000,15.562500,14.562500,14.312500,14.250000,14.250000,14.187500
568	0	961	9.250553	198,271,220,279,720,311,58,40	18.875000,15.750000,15.250000,15.187500,14.437500,13.812500,13.687500,13.500000
569	0	9417	15.112206	198,279,220,271,311,264,58,1148	19.000000,16.125000,15.937500,15.312500,15.250000,14.750000,14.437500,14.250000
570	0	15952	13.791380	198,271,279,220,311,1148,264,40	19.250000,16.125000,16.125000,15.500000,15.062500,14.750000,14.562500,14.250000
571	0	315	7.664021	198,220,279,271,311,58,264,12	18.125000,15.500000,15.187500,14.937500,14.312500,14.062500,13.812500,13.687500
572	0	279	2.791420	198,279,220,264,271,1148,311,459	18.500000,16.375000,15.750000,14.937500,14.937500,14.750000,14.562500,13.937500
573	0	12707	13.667890	198,279,220,271,264,1148,311,40	18.750000,16.125000,15.750000,15.187500,14.812500,14.687500,14.562500,14.000000
574	0	4101	12.335709	198,279,271,220,311,1148,264,58	19.000000,16.000000,15.687500,15.000000,15.000000,14.687500,14.500000,14.000000
575	0	468	13.801073	198,271,220,279,58,311,264,512	19.375000,15.937500,15.562500,15.562500,14.937500,14.937500,14.312500,14.250000
576	0	1802	14.888685	198,279,220,271,311,264,720,1148	18.625000,15.437500,15.187500,15.187500,14.250000,14.000000,13.687500,13.562500
577	0	279	3.005480	198,279,220,271,264,311,58,1148	18.625000,16.125000,15.937500,15.187500,14.812500,14.812500,14.062500,14.000000
578	0	15371	16.527265	198,279,220,271,264,1148,311,40	18.750000,16.125000,15.750000,15.187500,14.812500,14.687500,14.562500,14.000000
579	0	1174	9.814898	198,220,271,279,311,264,58,791	18.125000,15.687500,15.187500,15.187500,14.250000,13.937500,13.750000,13.500000
580	0	8272	13.331568	198,220,279,264,311,271,1148,58	18.750000,16.250000,16.000000,14.562500,14.562500,14.437500,14.187500,14.000000
581	0	555	7.902901	198,279,220,271,311,264,1148,58	19.625000,16.375000,16.125000,15.437500,15.250000,14.937500,14.812500,14.437500
582	0	459	4.559997	198,279,220,264,311,271,1148,459	17.875000,16.625000,16.500000,15.187500,14.937500,14.812500,14.562500,14.312500
583	0	11341	14.327143	198,279,220,271,311,264,1148,40	18.500000,15.937500,15.437500,15.000000,14.687500,14.562500,14.312500,13.750000
584	0	389	10.219545	198,279,271,220,311,58,264,40	19.375000,15.687500,15.562500,15.250000,14.812500,14.687500,14.187500,14.000000
585	0	279	2.855423	198,279,220,271,311,264,1148,459	18.625000,16.375000,15.687500,15.062500,14.937500,14.812500,14.687500,13.812500
586	0	12707	13.667890	198,279,220,271,264,1148,311,40	18.750000,16.125000,15.750000,15.187500,14.812500,14.687500,14.562500,14.000000
587	0	4101	12.335709	198,279,271,220,311,1148,264,58	19.000000,16.000000,15.687500,15.000000,15.000000,14.687500,14.500000,14.000000
588	0	29878	19.479784	198,271,220,279,58,311,264,512	19.375000,15.937500,15.562500,15.562500,14.937500,14.937500,14.312500,14.250000
589	0	86493	16.933444	198,220,279,271,311,720,58,264	17.625000,15.000000,14.500000,14.250000,13.812500,13.562500,13.187500,13.187500
590	0	304	6.519825	198,271,279,220,311,264,58,374	18.375000,16.125000,16.125000,15.937500,15.500000,14.812500,14.312500,14.000000
591	0	6841	13.131124	198,279,220,311,264,271,1148,459	18.375000,16.375000,15.562500,15.000000,14.937500,14.812500,14.562500,13.812500
592	0	220	2.055987	198,220,279,271,311,264,1148,459	18.875000,17.375000,16.375000,15.500000,15.187500,15.000000,14.500000,14.250000
593	0	1049	7.227765	198,279,220,271,311,16,264,40	18.875000,15.250000,15.062500,14.750000,14.062500,13.937500,13.937500,13.750000
594	0	23	7.418380	198,220,279,271,311,720,264,58	18.875000,15.562500,15.250000,14.812500,14.250000,14.000000,13.937500,13.750000
595	0	662	10.078700	198,271,220,279,311,264,58,1148	18.625000,15.312500,15.250000,15.250000,14.312500,13.937500,13.750000,13.437500
596	0	1283	11.087941	198,279,220,271,311,264,1148,58	18.875000,15.500000,15.437500,15.062500,14.187500,14.000000,13.937500,13.812500
597	0	1047	8.532366	198,279,220,271,311,264,1148,40	18.375000,15.812500,15.562500,15.062500,14.562500,14.500000,14.062500,13.750000
598	0	264	4.384234	198,279,220,311,264,271,1148,459	18.875000,16.375000,15.750000,15.062500,15.000000,15.000000,14.750000,14.062500
599	0	46350	14.788513	198,279,220,271,311,264,1148,40	18.625000,15.750000,15.187500,14.937500,14.500000,14.437500,14.187500,13.687500
600	0	3560	12.049143	198,279,220,271,311,264,1148,459	18.625000,16.375000,16.250000,15.250000,15.250000,14.812500,14.437500,14.312500
601	0	304	7.201312	198,279,220,271,311,58,264,1148	18.875000,15.562500,15.312500,15.250000,14.937500,14.187500,14.187500,13.750000
602	0	5899	9.474874	198,279,220,311,264,271,1148,459	18.375000,16.375000,15.562500,15.000000,14.937500,14.812500,14.562500,13.812500
603	0	18243	16.016973	198,279,220,311,271,264,58,1148	18.625000,16.125000,15.687500,15.062500,15.000000,14.812500,14.437500,14.250000
604	0	315	6.603096	198,271,279,220,311,1148,58,264	19.500000,16.250000,16.125000,15.687500,15.312500,14.687500,14.562500,14.562500
605	0	279	2.791420	198,279,220,264,271,1148,311,459	18.500000,16.375000,15.750000,14.937500,14.937500,14.750000,14.562500,13.937500
606	0	12707	13.667890	198,279,220,271,264,1148,311,40	18.750000,16.125000,15.750000,15.187500,14.812500,14.687500,14.562500,14.000000
607	0	4101	12.335709	198,279,271,220,311,1148,264,58	19.000000,16.000000,15.687500,15.000000,15.000000,14.687500,14.500000,14.000000
608	0	49922	17.730760	198,271,220,279,58,311,264,512	19.375000,15.937500,15.562500,15.562500,14.937500,14.937500,14.312500,14.250000
609	0	1919	11.386938	198,271,279,220,311,264,1148,58	19.375000,15.687500,15.562500,15.500000,14.500000,14.250000,14.250000,14.000000
610	0	304	7.214615	198,220,279,271,311,58,264,720	18.500000,15.250000,15.187500,14.812500,14.312500,13.937500,13.937500,13.687500
611	0	220	3.474874	198,279,220,311,264,271,1148,459	18.375000,16.375000,15.562500,15.000000,14.937500,14.812500,14.562500,13.812500
612	0	679	8.665265	198,279,220,271,311,16,264,40	18.875000,15.250000,15.062500,14.750000,14.062500,13.937500,13.937500,13.750000
613	0	15	7.195682	198,220,279,271,311,720,264,58	18.625000,15.750000,15.250000,14.750000,14.250000,14.062500,13.937500,13.687500
614	0	1174	10.160237	198,220,279,271,58,311,264,16	19.250000,15.250000,15.187500,15.062500,14.312500,14.250000,13.937500,13.562500
615	0	439	8.269068	198,220,279,264,311,271,1148,58	18.750000,16.250000,16.000000,14.562500,14.562500,14.437500,14.187500,14.000000
616	0	330	6.327274	198,279,220,271,311,264,1148,459	18.875000,16.375000,15.562500,15.250000,15.000000,14.937500,14.812500,13.937500
617	0	735	11.223617	198,279,271,220,40,311,791,1148	19.125000,15.500000,15.062500,14.750000,14.500000,14.250000,14.250000,14.187500
618	0	40608	15.143894	198,279,220,271,311,264,720,58	18.125000,15.250000,15.187500,15.062500,14.062500,14.000000,14.000000,13.500000
619	0	69168	17.451771	198,279,220,271,311,264,1148,459	17.875000,15.187500,15.062500,14.187500,14.062500,13.750000,13.437500,12.937500
620	0	330	6.637778	198,271,220,279,311,264,58,791	18.625000,15.437500,15.312500,15.312500,14.437500,14.062500,13.812500,13.750000
621	0	662	10.661117	198,279,271,220,40,311,791,1148	19.125000,15.500000,15.062500,14.750000,14.500000,14.250000,14.250000,14.187500
622	0	426	10.337941	198,279,220,271,311,264,1148,58	18.875000,15.500000,15.437500,15.062500,14.187500,14.000000,13.937500,13.812500
623	0	11206	15.915751	198,279,220,271,311,264,58,720	18.875000,15.437500,15.312500,15.312500,14.250000,14.062500,13.812500,13.812500
624	0	466	8.975559	198,271,279,220,311,58,264,791	18.375000,14.937500,14.687500,14.562500,13.750000,13.500000,13.312500,13.312500
625	0	59335	16.722376	198,279,220,271,311,264,58,1148	18.250000,15.562500,15.312500,15.062500,14.562500,14.312500,13.937500,13.562500
626	0	304	5.867507	198,220,279,264,311,459,720,271	16.875000,15.812500,15.687500,14.500000,14.312500,14.000000,13.750000,13.500000
627	0	279	2.662374	198,279,220,311,264,271,1148,459	18.375000,16.375000,15.562500,15.000000,14.937500,14.812500,14.562500,13.812500
628	0	220	3.542890	198,279,220,271,264,1148,311,40	18.750000,16.125000,15.750000,15.187500,14.812500,14.687500,14.562500,14.000000
629	0	679	8.665265	198,279,220,271,311,16,264,40	18.875000,15.250000,15.062500,14.750000,14.062500,13.937500,13.937500,13.750000
630	0	16	5.695682	198,220,279,271,311,720,264,58	18.625000,15.750000,15.250000,14.750000,14.250000,14.062500,13.937500,13.687500
631	0	4632	14.548958	198,220,279,271,311,58,264,16	19.000000,15.312500,15.250000,14.937500,14.250000,14.062500,14.000000,13.562500
632	0	25145	15.512340	198,279,271,220,311,264,1148,58	19.125000,16.375000,15.562500,15.500000,15.187500,14.750000,14.750000,14.187500
633	0	85375	18.537668	198,220,279,271,311,264,720,58	17.500000,14.687500,14.187500,14.062500,13.500000,12.812500,12.500000,12.312500
634	0	15910	12.438377	198,220,279,271,311,264,58,720	19.125000,15.937500,15.687500,15.312500,15.187500,14.500000,14.437500,13.750000
635	0	555	7.310359	198,279,220,311,264,271,1148,58	18.250000,16.000000,15.437500,15.062500,14.562500,14.437500,13.937500,13.812500
636	0	12366	13.341247	198,279,220,264,311,271,1148,459	17.875000,16.625000,16.500000,15.187500,14.937500,14.812500,14.562500,14.312500
637	0	2009	12.523774	198,220,279,311,264,271,459,720	17.125000,15.562500,15.500000,14.500000,14.250000,14.250000,13.562500,13.562500
638	0	546	13.286288	198,220,279,271,311,264,791,1148	17.625000,14.812500,14.812500,14.437500,13.500000,13.437500,13.437500,13.000000
639	0	72	5.820706	198,279,220,271,311,264,58,82	18.000000,15.000000,14.687500,14.250000,14.062500,13.500000,13.437500,13.000000
640	0	662	10.272580	198,220,279,271,58,311,264,720	18.750000,14.937500,14.937500,14.687500,13.937500,13.937500,13.562500,13.562500
641	0	720	6.087941	198,279,220,271,311,264,1148,58	18.875000,15.500000,15.437500,15.062500,14.187500,14.000000,13.937500,13.812500
642	0	284	10.859112	198,220,279,271,58,720,264,311	19.500000,15.937500,15.437500,15.187500,14.562500,14.562500,14.187500,14.187500
643	0	284	9.403478	198,220,279,720,264,271,311,58	18.625000,16.625000,16.125000,14.937500,14.812500,14.562500,14.500000,14.000000
644	0	41576	14.997228	198,220,279,720,264,271,311,58	18.625000,16.625000,16.125000,14.937500,14.812500,14.562500,14.500000,14.000000
645	0	284	11.105480	198,220,279,271,311,264,1148,459	18.875000,16.250000,16.000000,15.937500,15.062500,14.812500,14.187500,14.062500
646	0	284	9.403478	198,220,279,720,264,271,311,58	18.625000,16.625000,16.125000,14.937500,14.812500,14.562500,14.500000,14.000000
647	0	720	4.215978	198,220,279,720,264,271,311,58	18.625000,16.625000,16.125000,14.937500,14.812500,14.562500,14.500000,14.000000
648	0	284	10.859112	198,220,279,271,58,720,264,311	19.500000,15.937500,15.437500,15.187500,14.562500,14.562500,14.187500,14.187500
649	0	284	9.403478	198,220,279,720,264,271,311,58	18.625000,16.625000,16.125000,14.937500,14.812500,14.562500,14.500000,14.000000
650	0	284	9.403478	198,220,279,720,264,271,311,58	18.625000,16.625000,16.125000,14.937500,14.812500,14.562500,14.500000,14.000000
651	0	220	2.528478	198,220,279,720,264,271,311,58	18.625000,16.625000,16.125000,14.937500,14.812500,14.562500,14.500000,14.000000
652	0	1049	7.227765	198,279,220,271,311,16,264,40	18.875000,15.250000,15.062500,14.750000,14.062500,13.937500,13.937500,13.750000
653	0	15	7.168380	198,220,279,271,311,720,264,58	18.875000,15.562500,15.250000,14.812500,14.250000,14.000000,13.937500,13.750000
654	0	1389	11.222737	198,220,279,271,58,311,264,16	19.250000,15.250000,15.187500,15.062500,14.312500,14.250000,13.937500,13.562500
655	0	220	3.471124	198,220,279,264,271,311,1148,720	19.250000,16.125000,16.125000,14.750000,14.750000,14.687500,14.500000,13.937500
656	0	1049	7.227765	198,279,220,271,311,16,264,40	18.875000,15.250000,15.062500,14.750000,14.062500,13.937500,13.937500,13.750000
657	0	20	6.355880	198,220,279,271,311,720,264,58	18.875000,15.562500,15.250000,14.812500,14.250000,14.000000,13.937500,13.750000
658	0	284	10.075646	198,220,279,271,311,58,264,720	18.750000,15.187500,15.062500,15.000000,14.062500,13.937500,13.812500,13.437500
659	0	284	9.403478	198,220,279,720,264,271,311,58	18.625000,16.625000,16.125000,14.937500,14.812500,14.562500,14.500000,14.000000
660	0	284	9.403478	198,220,279,720,264,271,311,58	18.625000,16.625000,16.125000,14.937500,14.812500,14.562500,14.500000,14.000000
661	0	720	4.215978	198,220,279,720,264,271,311,58	18.625000,16.625000,16.125000,14.937500,14.812500,14.562500,14.500000,14.000000
662	0	763	8.796612	198,220,279,271,58,720,264,311	19.500000,15.937500,15.437500,15.187500,14.562500,14.562500,14.187500,14.187500
663	0	220	3.851524	198,279,220,271,264,311,791,1148	18.875000,16.125000,15.500000,15.250000,14.687500,14.312500,14.250000,14.250000
664	0	1049	7.227765	198,279,220,271,311,16,264,40	18.875000,15.250000,15.062500,14.750000,14.062500,13.937500,13.937500,13.750000
665	0	15	7.168380	198,220,279,271,311,720,264,58	18.875000,15.562500,15.250000,14.812500,14.250000,14.000000,13.937500,13.750000
666	0	426	10.910237	198,220,279,271,58,311,264,16	19.250000,15.250000,15.187500,15.062500,14.312500,14.250000,13.937500,13.562500
667	0	11206	15.915751	198,279,220,271,311,264,58,720	18.875000,15.437500,15.312500,15.312500,14.250000,14.062500,13.812500,13.812500
668	0	466	8.975559	198,271,279,220,311,58,264,791	18.375000,14.937500,14.687500,14.562500,13.750000,13.500000,13.312500,13.312500
669	0	1047	8.706751	198,279,220,271,311,264,58,1148	18.250000,15.562500,15.312500,15.062500,14.562500,14.312500,13.937500,13.562500
670	0	264	4.384234	198,279,220,311,264,271,1148,459	18.875000,16.375000,15.750000,15.062500,15.000000,15.000000,14.750000,14.062500
671	0	8810	14.694763	198,279,220,271,311,264,1148,40	18.625000,15.750000,15.187500,14.937500,14.500000,14.437500,14.187500,13.687500
672	0	571	11.910103	198,279,220,311,271,264,1148,459	17.875000,16.000000,15.187500,15.000000,14.812500,14.500000,13.937500,13.812500
673	0	12	7.539839	198,271,220,279,311,264,720,58	18.625000,15.312500,15.250000,15.062500,14.000000,13.562500,13.437500,13.250000
674	0	31	11.352692	198,220,279,271,264,311,720,16	18.625000,15.750000,15.562500,14.562500,14.312500,14.250000,14.250000,14.187500
675	0	40500	15.063053	198,271,220,279,720,311,58,40	18.875000,15.750000,15.250000,15.187500,14.437500,13.812500,13.687500,13.500000
676	0	3560	11.679807	198,279,220,264,311,459,1148,271	17.125000,16.375000,16.125000,14.937500,14.437500,14.437500,14.437500,14.312500
677	0	389	9.888812	198,279,220,271,311,58,264,1148	18.875000,15.562500,15.312500,15.250000,14.937500,14.187500,14.187500,13.750000
678	0	279	2.855423	198,279,220,271,311,264,1148,459	18.625000,16.375000,15.687500,15.062500,14.937500,14.812500,14.687500,13.812500
679	0	12707	13.667890	198,279,220,271,264,1148,311,40	18.750000,16.125000,15.750000,15.187500,14.812500,14.687500,14.562500,14.000000
680	0	4101	12.335709	198,279,271,220,311,1148,264,58	19.000000,16.000000,15.687500,15.000000,15.000000,14.687500,14.500000,14.000000
681	0	578	7.426073	198,271,220,279,58,311,264,512	19.375000,15.937500,15.562500,15.562500,14.937500,14.937500,14.312500,14.250000
682	0	8766	14.103607	198,279,220,271,264,311,1148,720	18.625000,15.937500,15.812500,15.062500,14.500000,14.250000,14.062500,14.000000
683	0	2652	11.598868	198,279,220,271,311,264,1148,791	18.750000,16.375000,16.125000,15.812500,15.000000,14.937500,14.750000,14.500000
684	0	568	7.373639	198,220,279,271,311,58,264,720	19.625000,16.375000,16.125000,14.812500,14.750000,14.562500,14.562500,14.437500
685	0	45877	13.285108	198,279,271,220,311,40,264,1148	19.125000,15.937500,15.437500,15.250000,14.750000,14.562500,14.500000,14.500000
686	0	330	6.959866	198,279,220,271,311,1148,264,791	19.125000,15.937500,15.250000,15.250000,14.562500,14.562500,14.437500,14.187500
687	0	10016	12.786117	198,279,271,220,40,311,791,1148	19.125000,15.500000,15.062500,14.750000,14.500000,14.250000,14.250000,14.187500
688	0	4366	10.732164	198,271,279,220,264,311,1148,791	18.250000,16.000000,16.000000,15.750000,14.687500,14.562500,14.562500,14.312500
689	0	894	11.558132	198,220,279,271,264,311,720,58	17.750000,15.000000,14.562500,14.312500,13.437500,13.437500,13.312500,13.000000
690	0	330	6.592403	198,279,271,220,311,264,40,1148	18.500000,15.500000,15.312500,15.187500,14.562500,14.187500,13.812500,13.812500
691	0	304	7.786117	198,279,271,220,40,311,791,1148	19.125000,15.500000,15.062500,14.750000,14.500000,14.250000,14.250000,14.187500
692	0	279	2.662374	198,279,220,311,264,271,1148,459	18.375000,16.375000,15.562500,15.000000,14.937500,14.812500,14.562500,13.812500
693	0	9417	14.386640	198,279,220,271,264,1148,311,40	18.750000,16.125000,15.750000,15.187500,14.812500,14.687500,14.562500,14.000000
694	0	1174	10.822630	198,271,279,220,311,1148,264,40	19.250000,16.125000,16.125000,15.500000,15.062500,14.750000,14.562500,14.250000
695	0	330	5.956568	198,220,279,264,311,271,1148,58	18.750000,16.250000,16.000000,14.562500,14.562500,14.437500,14.187500,14.000000
696	0	763	8.911117	198,279,271,220,40,311,791,1148	19.125000,15.500000,15.062500,14.750000,14.500000,14.250000,14.250000,14.187500
697	0	23088	16.289024	198,279,220,271,264,311,791,1148	18.875000,16.125000,15.500000,15.250000,14.687500,14.312500,14.250000,14.250000
698	0	43396	14.832031	198,279,220,271,311,264,58,323	17.875000,15.750000,15.562500,15.437500,15.000000,14.437500,13.562500,13.562500
699	0	330	6.945247	198,220,279,271,311,264,791,58	18.125000,15.437500,15.437500,15.062500,14.687500,14.187500,13.687500,13.500000
700	0	662	10.661117	198,279,271,220,40,311,791,1148	19.125000,15.500000,15.062500,14.750000,14.500000,14.250000,14.250000,14.187500
701	0	426	10.337941	198,279,220,271,311,264,1148,58	18.875000,15.500000,15.437500,15.062500,14.187500,14.000000,13.937500,13.812500
702	0	11206	15.915751	198,279,220,271,311,264,58,720	18.875000,15.437500,15.312500,15.312500,14.250000,14.062500,13.812500,13.812500
703	0	466	8.975559	198,271,279,220,311,58,264,791	18.375000,14.937500,14.687500,14.562500,13.750000,13.500000,13.312500,13.312500
704	0	59335	16.722376	198,279,220,271,311,264,58,1148	18.250000,15.562500,15.312500,15.062500,14.562500,14.312500,13.937500,13.562500
705	0	439	7.742507	198,220,279,264,311,459,720,271	16.875000,15.812500,15.687500,14.500000,14.312500,14.000000,13.750000,13.500000
706	0	330	6.327274	198,279,220,271,311,264,1148,459	18.875000,16.375000,15.562500,15.250000,15.000000,14.937500,14.812500,13.937500
707	0	10016	12.786117	198,279,271,220,40,311,791,1148	19.125000,15.500000,15.062500,14.750000,14.500000,14.250000,14.250000,14.187500
708	0	330	6.232164	198,271,279,220,264,311,1148,791	18.250000,16.000000,16.000000,15.750000,14.687500,14.562500,14.562500,14.312500
709	0	304	7.786117	198,279,271,220,40,311,791,1148	19.125000,15.500000,15.062500,14.750000,14.500000,14.250000,14.250000,14.187500
710	0	279	2.662374	198,279,220,311,264,271,1148,459	18.375000,16.375000,15.562500,15.000000,14.937500,14.812500,14.562500,13.812500
711	0	1514	10.355390	198,279,220,271,264,1148,311,40	18.750000,16.125000,15.750000,15.187500,14.812500,14.687500,14.562500,14.000000
712	0	6385	12.729338	198,279,271,220,311,264,1148,58	19.000000,16.125000,15.437500,15.187500,15.187500,14.750000,14.500000,14.000000
713	0	2439	13.209070	198,279,220,271,264,311,720,1148	17.875000,15.812500,15.562500,15.000000,14.562500,14.500000,14.187500,13.937500
714	0	5439	12.325665	198,279,220,271,311,264,58,720	18.750000,15.437500,15.250000,15.062500,14.750000,14.062500,13.937500,13.562500
715	0	555	7.440996	198,279,220,311,264,271,1148,58	19.000000,16.500000,16.000000,15.437500,15.000000,14.937500,14.500000,14.250000
716	0	22021	14.028747	198,279,220,264,311,271,1148,459	17.875000,16.625000,16.500000,15.187500,14.937500,14.812500,14.562500,14.312500
717	0	77023	15.318274	198,220,279,271,264,311,58,791	17.875000,15.250000,15.062500,14.750000,13.937500,13.812500,13.437500,13.187500
718	0	1174	9.682655	198,220,279,271,311,264,58,720	18.250000,15.437500,15.187500,14.750000,14.187500,13.937500,13.812500,13.500000
719	0	902	7.894068	198,220,279,264,311,271,1148,58	18.750000,16.250000,16.000000,14.562500,14.562500,14.437500,14.187500,14.000000
720	0	574	7.558584	198,279,271,220,311,1148,264,58	19.250000,16.125000,15.437500,15.312500,14.750000,14.687500,14.500000,14.250000
721	0	10887	12.350498	198,279,220,271,311,1148,264,40	19.125000,16.375000,15.750000,15.250000,15.062500,15.000000,14.937500,14.062500
722	0	304	7.456132	198,279,220,271,311,264,58,1148	19.125000,16.125000,15.687500,15.000000,14.937500,14.750000,14.250000,14.187500
723	0	220	3.474874	198,279,220,311,264,271,1148,459	18.375000,16.375000,15.562500,15.000000,14.937500,14.812500,14.562500,13.812500
724	0	1049	7.227765	198,279,220,271,311,16,264,40	18.875000,15.250000,15.062500,14.750000,14.062500,13.937500,13.937500,13.750000
725	0	16	5.855880	198,220,279,271,311,720,264,58	18.875000,15.562500,15.250000,14.812500,14.250000,14.000000,13.937500,13.750000
726	0	520	7.080208	198,220,279,271,311,58,264,16	19.000000,15.312500,15.250000,14.937500,14.250000,14.062500,14.000000,13.562500
727	0	279	2.551419	198,279,220,264,311,271,1148,459	18.250000,16.375000,16.000000,15.000000,14.750000,14.687500,14.250000,14.000000
728	0	16591	13.949140	198,279,220,271,264,1148,311,40	18.750000,16.125000,15.750000,15.187500,14.812500,14.687500,14.562500,14.000000
729	0	7301	12.436866	198,279,220,271,311,1148,264,791	17.875000,15.687500,15.312500,15.312500,14.437500,14.312500,14.250000,13.750000
730	0	27315	16.204412	198,279,220,271,311,264,1148,459	18.375000,16.500000,16.000000,15.562500,15.312500,14.937500,14.437500,14.312500
731	0	662	10.646892	198,279,220,271,311,264,1148,58	19.375000,16.375000,16.125000,16.125000,15.437500,14.937500,14.687500,14.437500
732	0	362	9.212941	198,279,220,271,311,264,1148,58	18.875000,15.500000,15.437500,15.062500,14.187500,14.000000,13.937500,13.812500
733	0	3477	9.895635	198,279,220,271,264,311,720,58	18.500000,15.562500,15.500000,15.187500,14.437500,14.437500,14.187500,14.000000
734	0	315	7.109913	198,279,271,220,311,264,1148,58	19.500000,16.625000,16.375000,16.125000,15.500000,15.187500,15.062500,14.812500
735	0	426	9.291420	198,279,220,264,271,1148,311,459	18.500000,16.375000,15.750000,14.937500,14.937500,14.750000,14.562500,13.937500
736	0	11206	15.915751	198,279,220,271,311,264,58,720	18.875000,15.437500,15.312500,15.312500,14.250000,14.062500,13.812500,13.812500
737	0	466	8.975559	198,271,279,220,311,58,264,791	18.375000,14.937500,14.687500,14.562500,13.750000,13.500000,13.312500,13.312500
738	0	364	9.519251	198,279,220,271,311,264,58,1148	18.250000,15.562500,15.312500,15.062500,14.562500,14.312500,13.937500,13.562500
739	0	82	5.734822	198,279,220,271,311,40,264,791	18.375000,15.312500,14.750000,14.562500,14.000000,13.937500,13.812500,13.750000
740	0	5178	13.545180	198,279,271,220,311,58,264,11	19.125000,15.437500,15.187500,14.937500,14.500000,14.312500,14.062500,13.687500
741	0	304	7.343617	198,271,279,311,220,58,264,1148	19.875000,16.375000,16.125000,15.312500,15.187500,14.937500,14.750000,14.687500
742	0	578	6.537374	198,279,220,311,264,271,1148,459	18.375000,16.375000,15.562500,15.000000,14.937500,14.812500,14.562500,13.812500
743	0	22765	13.728607	198,279,220,271,264,311,1148,720	18.625000,15.937500,15.812500,15.062500,14.500000,14.250000,14.062500,14.000000
744	0	389	9.831338	198,220,279,271,311,264,791,58	18.625000,15.812500,15.500000,15.250000,14.250000,14.062500,13.812500,13.500000
745	0	7418	14.136673	198,279,220,271,311,264,1148,459	18.625000,16.375000,15.687500,15.062500,14.937500,14.812500,14.687500,13.812500
746	0	7633	10.996720	198,220,279,271,311,264,459,1148	18.500000,16.875000,16.500000,15.500000,15.312500,15.250000,14.562500,14.437500
747	0	1461	9.974526	198,279,220,271,311,264,1148,58	19.500000,16.250000,16.125000,15.437500,15.187500,14.937500,14.687500,14.500000
748	0	439	7.882046	198,279,220,271,311,264,1148,58	19.000000,16.375000,15.500000,15.437500,15.437500,14.812500,14.562500,13.937500
749	0	330	6.327274	198,279,220,271,311,264,1148,459	18.875000,16.375000,15.562500,15.250000,15.000000,14.937500,14.812500,13.937500
750	0	77104	16.520492	198,279,271,220,40,311,791,1148	19.125000,15.500000,15.062500,14.750000,14.500000,14.250000,14.250000,14.187500
751	0	95072	16.712572	198,279,220,271,311,264,1148,720	18.875000,15.937500,15.687500,15.250000,14.937500,14.562500,14.437500,14.000000
752	0	330	6.056603	198,279,220,311,264,271,459,1148	17.125000,15.562500,15.000000,14.437500,14.250000,13.937500,13.687500,13.312500
753	0	304	7.786117	198,279,271,220,40,311,791,1148	19.125000,15.500000,15.062500,14.750000,14.500000,14.250000,14.250000,14.187500
754	0	279	2.662374	198,279,220,311,264,271,1148,459	18.375000,16.375000,15.562500,15.000000,14.937500,14.812500,14.562500,13.812500
755	0	3560	12.074140	198,279,220,271,264,1148,311,40	18.750000,16.125000,15.750000,15.187500,14.812500,14.687500,14.562500,14.000000
756	0	1174	10.576312	198,279,220,271,311,58,264,1148	18.875000,15.562500,15.312500,15.250000,14.937500,14.187500,14.187500,13.750000
757	0	323	5.956568	198,220,279,264,311,271,1148,58	18.750000,16.250000,16.000000,14.562500,14.562500,14.437500,14.187500,14.000000
758	0	568	6.394634	198,279,220,271,1148,311,264,358	19.000000,16.625000,15.562500,15.562500,15.250000,15.187500,15.062500,14.187500
759	0	4036	12.222608	198,279,271,220,311,40,264,1148	19.125000,15.937500,15.437500,15.250000,14.750000,14.562500,14.500000,14.500000
760	0	9200	13.482897	198,279,220,271,311,264,1148,58	19.625000,16.625000,16.250000,15.937500,15.437500,15.312500,15.187500,14.937500
761	0	8544	11.650398	198,279,220,271,311,264,1148,459	18.000000,15.750000,15.500000,15.187500,14.937500,14.312500,13.937500,13.687500
762	0	304	6.887914	198,279,220,271,311,264,1148,58	19.250000,16.625000,16.000000,16.000000,15.500000,15.062500,14.750000,14.500000
763	0	578	6.537374	198,279,220,311,264,271,1148,459	18.375000,16.375000,15.562500,15.000000,14.937500,14.812500,14.562500,13.812500
764	0	42769	18.087982	198,279,220,271,264,311,1148,720	18.625000,15.937500,15.812500,15.062500,14.500000,14.250000,14.062500,14.000000
765	0	1174	9.201130	198,279,220,271,311,264,459,1148	17.875000,16.000000,15.687500,15.437500,14.750000,14.687500,14.000000,14.000000
766	0	323	5.956568	198,220,279,264,311,271,1148,58	18.750000,16.250000,16.000000,14.562500,14.562500,14.437500,14.187500,14.000000
767	0	57202	16.144634	198,279,220,271,1148,311,264,358	19.000000,16.625000,15.562500,15.562500,15.250000,15.187500,15.062500,14.187500
768	0	12028	13.604636	198,220,279,271,311,264,1148,58	18.875000,16.125000,16.125000,15.500000,14.937500,14.812500,14.187500,13.937500
769	0	662	10.682461	198,220,271,279,58,311,264,40	19.125000,15.750000,15.750000,15.687500,14.562500,14.312500,14.250000,14.062500
770	0	1283	11.087941	198,279,220,271,311,264,1148,58	18.875000,15.500000,15.437500,15.062500,14.187500,14.000000,13.937500,13.812500
771	0	9922	13.438616	198,279,220,271,311,264,1148,40	18.375000,15.812500,15.562500,15.062500,14.562500,14.500000,14.062500,13.750000
772	0	304	7.127838	198,220,279,311,271,264,58,1148	19.000000,15.937500,15.812500,14.937500,14.562500,14.500000,14.000000,13.812500
773	0	279	2.662374	198,279,220,311,264,271,1148,459	18.375000,16.375000,15.562500,15.000000,14.937500,14.812500,14.562500,13.812500
774	0	12707	13.667890	198,279,220,271,264,1148,311,40	18.750000,16.125000,15.750000,15.187500,14.812500,14.687500,14.562500,14.000000
775	0	4101	12.335709	198,279,271,220,311,1148,264,58	19.000000,16.000000,15.687500,15.000000,15.000000,14.687500,14.500000,14.000000
776	0	20819	13.801073	198,271,220,279,58,311,264,512	19.375000,15.937500,15.562500,15.562500,14.937500,14.937500,14.312500,14.250000
777	0	3842	10.043515	198,279,220,271,264,311,459,1148	17.750000,16.375000,16.125000,15.250000,14.937500,14.937500,14.187500,14.187500
778	0	1611	9.473347	198,279,220,271,311,264,1148,459	18.375000,16.000000,15.812500,15.250000,14.562500,14.500000,14.312500,13.812500
779	0	291	10.346253	198,220,279,271,720,58,264,791	17.875000,15.187500,14.562500,14.500000,14.000000,13.312500,13.312500,13.312500
780	0	304	7.109008	198,279,220,271,311,264,58,1148	18.625000,15.562500,15.312500,14.812500,14.562500,14.250000,13.937500,13.687500
781	0	220	3.474874	198,279,220,311,264,271,1148,459	18.375000,16.375000,15.562500,15.000000,14.937500,14.812500,14.562500,13.812500
782	0	1049	7.227765	198,279,220,271,311,16,264,40	18.875000,15.250000,15.062500,14.750000,14.062500,13.937500,13.937500,13.750000
783	0	17	6.730880	198,220,279,271,311,720,264,58	18.875000,15.562500,15.250000,14.812500,14.250000,14.000000,13.937500,13.750000
784	0	439	8.843405	198,220,271,279,58,311,720,264	18.625000,15.062500,14.812500,14.812500,14.187500,13.812500,13.812500,13.750000
785	0	330	6.327274	198,279,220,271,311,264,1148,459	18.875000,16.375000,15.562500,15.250000,15.000000,14.937500,14.812500,13.937500
786	0	2758	13.004867	198,279,271,220,40,311,791,1148	19.125000,15.500000,15.062500,14.750000,14.500000,14.250000,14.250000,14.187500
787	0	336	9.914336	198,279,220,264,311,271,459,720	17.875000,16.250000,16.125000,15.000000,15.000000,14.312500,14.000000,13.750000
788	0	1676	14.363789	198,220,279,311,271,264,720,58	17.625000,15.250000,15.062500,14.312500,14.062500,13.750000,13.250000,13.000000
789	0	1800	12.666773	198,220,279,271,311,791,264,40	18.125000,14.750000,14.750000,14.687500,13.687500,13.562500,13.312500,13.187500
790	0	425	14.153418	198,220,279,271,311,264,58,459	17.375000,15.437500,15.062500,14.312500,14.312500,13.937500,13.312500,12.937500
791	0	330	6.457680	198,220,279,271,311,58,720,264	19.125000,15.937500,15.687500,15.562500,14.937500,14.562500,14.562500,14.437500
792	0	304	7.786117	198,279,271,220,40,311,791,1148	19.125000,15.500000,15.062500,14.750000,14.500000,14.250000,14.250000,14.187500
793	0	279	2.662374	198,279,220,311,264,271,1148,459	18.375000,16.375000,15.562500,15.000000,14.937500,14.812500,14.562500,13.812500
794	0	9417	14.386640	198,279,220,271,264,1148,311,40	18.750000,16.125000,15.750000,15.187500,14.812500,14.687500,14.562500,14.000000
795	0	330	6.947630	198,271,279,220,311,1148,264,40	19.250000,16.125000,16.125000,15.500000,15.062500,14.750000,14.562500,14.250000
796	0	31597	14.036117	198,279,271,220,40,311,791,1148	19.125000,15.500000,15.062500,14.750000,14.500000,14.250000,14.250000,14.187500
797	0	64412	18.353612	198,279,220,271,264,311,459,791	18.000000,15.812500,15.750000,15.500000,14.562500,14.437500,14.187500,13.937500
798	0	72	6.198066	198,220,271,279,58,311,791,40	18.125000,15.250000,14.812500,14.250000,13.687500,13.687500,13.562500,13.312500
799	0	2301	13.303830	198,220,279,271,58,311,264,720	18.750000,14.937500,14.937500,14.687500,13.937500,13.937500,13.562500,13.562500
800	0	330	6.352650	198,279,220,271,311,264,58,720	18.375000,15.437500,15.312500,15.062500,14.812500,14.187500,13.937500,13.500000
801	0	1174	10.723617	198,279,271,220,40,311,791,1148	19.125000,15.500000,15.062500,14.750000,14.500000,14.250000,14.250000,14.187500
802	0	323	5.956568	198,220,279,264,311,271,1148,58	18.750000,16.250000,16.000000,14.562500,14.562500,14.437500,14.187500,14.000000
803	0	1047	8.332134	198,279,220,271,1148,311,264,358	19.000000,16.625000,15.562500,15.562500,15.250000,15.187500,15.062500,14.187500
804	0	264	4.384234	198,279,220,311,264,271,1148,459	18.875000,16.375000,15.750000,15.062500,15.000000,15.000000,14.750000,14.062500
805	0	3560	11.944763	198,279,220,271,311,264,1148,40	18.625000,15.750000,15.187500,14.937500,14.500000,14.437500,14.187500,13.687500
806	0	439	8.326312	198,279,220,271,311,58,264,1148	18.875000,15.562500,15.312500,15.250000,14.937500,14.187500,14.187500,13.750000
807	0	264	4.452274	198,279,220,271,311,264,1148,459	18.875000,16.375000,15.562500,15.250000,15.000000,14.937500,14.812500,13.937500
808	0	2204	10.851013	198,279,220,271,311,264,1148,40	18.625000,15.750000,15.187500,14.937500,14.500000,14.437500,14.187500,13.687500
809	0	3752	12.842074	198,279,220,311,264,271,1148,720	18.750000,16.375000,15.750000,15.250000,14.937500,14.937500,14.562500,14.312500
810	0	330	6.707459	198,279,271,220,311,264,58,1148	19.125000,15.750000,15.562500,15.312500,14.937500,14.437500,14.250000,14.062500
811	0	79479	15.067367	198,279,271,220,40,311,791,1148	19.125000,15.500000,15.062500,14.750000,14.500000,14.250000,14.250000,14.187500
812	0	57493	14.147909	198,279,271,220,311,264,791,1148	17.875000,15.062500,15.000000,14.937500,13.812500,13.750000,13.562500,13.562500
813	0	330	6.661507	198,271,279,220,311,264,58,791	18.875000,15.812500,15.562500,15.312500,14.562500,14.312500,14.187500,14.187500
814	0	389	10.098617	198,279,271,220,40,311,791,1148	19.125000,15.500000,15.062500,14.750000,14.500000,14.250000,14.250000,14.187500
815	0	578	6.542923	198,279,220,271,311,264,1148,459	18.625000,16.375000,15.687500,15.062500,14.937500,14.812500,14.687500,13.812500
816	0	8766	14.103607	198,279,220,271,264,311,1148,720	18.625000,15.937500,15.812500,15.062500,14.500000,14.250000,14.062500,14.000000
817	0	662	10.442618	198,279,220,271,311,264,1148,791	18.750000,16.375000,16.125000,15.812500,15.000000,14.937500,14.750000,14.500000
818	0	720	6.087941	198,279,220,271,311,264,1148,58	18.875000,15.500000,15.437500,15.062500,14.187500,14.000000,13.937500,13.812500
819	0	1283	11.984112	198,220,279,271,58,720,264,311	19.500000,15.937500,15.437500,15.187500,14.562500,14.562500,14.187500,14.187500
820	0	1047	8.532366	198,279,220,271,311,264,1148,40	18.375000,15.812500,15.562500,15.062500,14.562500,14.500000,14.062500,13.750000
821	0	264	4.384234	198,279,220,311,264,271,1148,459	18.875000,16.375000,15.750000,15.062500,15.000000,15.000000,14.750000,14.062500
822	0	46350	14.788513	198,279,220,271,311,264,1148,40	18.625000,15.750000,15.187500,14.937500,14.500000,14.437500,14.187500,13.687500
823	0	3560	12.049143	198,279,220,271,311,264,1148,459	18.625000,16.375000,16.250000,15.250000,15.250000,14.812500,14.437500,14.312500
824	0	304	7.201312	198,279,220,271,311,58,264,1148	18.875000,15.562500,15.312500,15.250000,14.937500,14.187500,14.187500,13.750000
825	0	220	3.474874	198,279,220,311,264,271,1148,459	18.375000,16.375000,15.562500,15.000000,14.937500,14.812500,14.562500,13.812500
826	0	1049	7.227765	198,279,220,271,311,16,264,40	18.875000,15.250000,15.062500,14.750000,14.062500,13.937500,13.937500,13.750000
827	0	18	6.980880	198,220,279,271,311,720,264,58	18.875000,15.562500,15.250000,14.812500,14.250000,14.000000,13.937500,13.750000
828	0	389	10.259206	198,220,271,279,58,311,264,16	19.125000,15.187500,15.187500,15.187500,14.250000,14.187500,13.937500,13.562500
829	0	1403	9.292923	198,279,220,271,311,264,1148,459	18.625000,16.375000,15.687500,15.062500,14.937500,14.812500,14.687500,13.812500
830	0	18243	15.688521	198,279,220,271,311,264,58,1148	18.875000,15.812500,15.312500,14.750000,14.562500,14.500000,14.187500,14.187500
831	0	315	6.603096	198,271,279,220,311,1148,58,264	19.500000,16.250000,16.125000,15.687500,15.312500,14.687500,14.562500,14.562500
832	0	578	6.166420	198,279,220,264,271,1148,311,459	18.500000,16.375000,15.750000,14.937500,14.937500,14.750000,14.562500,13.937500
833	0	8766	14.103607	198,279,220,271,264,311,1148,720	18.625000,15.937500,15.812500,15.062500,14.500000,14.250000,14.062500,14.000000
834	0	1174	10.130118	198,279,220,271,311,264,1148,791	18.750000,16.375000,16.125000,15.812500,15.000000,14.937500,14.750000,14.500000
835	0	439	8.269068	198,220,279,264,311,271,1148,58	18.750000,16.250000,16.000000,14.562500,14.562500,14.437500,14.187500,14.000000
836	0	3752	12.139774	198,279,220,271,311,264,1148,459	18.875000,16.375000,15.562500,15.250000,15.000000,14.937500,14.812500,13.937500
837	0	330	6.707459	198,279,271,220,311,264,58,1148	19.125000,15.750000,15.562500,15.312500,14.937500,14.437500,14.250000,14.062500
838	0	58280	17.207992	198,279,271,220,40,311,791,1148	19.125000,15.500000,15.062500,14.750000,14.500000,14.250000,14.250000,14.187500
839	0	8650	10.332132	198,220,279,311,264,271,720,459	17.125000,15.562500,15.437500,14.500000,14.250000,13.937500,13.750000,13.687500
840	0	330	6.092704	198,220,279,271,720,311,58,264	18.625000,16.250000,15.687500,15.500000,14.812500,14.687500,14.562500,14.562500
841	0	662	10.661117	198,279,271,220,40,311,791,1148	19.125000,15.500000,15.062500,14.750000,14.500000,14.250000,14.250000,14.187500
842	0	763	8.525441	198,279,220,271,311,264,1148,58	18.875000,15.500000,15.437500,15.062500,14.187500,14.000000,13.937500,13.812500
843	0	220	3.851524	198,279,220,271,264,311,791,1148	18.875000,16.125000,15.500000,15.250000,14.687500,14.312500,14.250000,14.250000
844	0	1049	7.227765	198,279,220,271,311,16,264,40	18.875000,15.250000,15.062500,14.750000,14.062500,13.937500,13.937500,13.750000
845	0	19	7.730880	198,220,279,271,311,720,264,58	18.875000,15.562500,15.250000,14.812500,14.250000,14.000000,13.937500,13.750000
846	0	426	10.578835	198,220,271,279,311,58,264,720	18.750000,15.250000,15.062500,15.062500,14.187500,14.000000,13.812500,13.500000
847	0	11206	15.915751	198,279,220,271,311,264,58,720	18.875000,15.437500,15.312500,15.312500,14.250000,14.062500,13.812500,13.812500
848	0	466	8.975559	198,271,279,220,311,58,264,791	18.375000,14.937500,14.687500,14.562500,13.750000,13.500000,13.312500,13.312500
849	0	27212	13.706751	198,279,220,271,311,264,58,1148	18.250000,15.562500,15.312500,15.062500,14.562500,14.312500,13.937500,13.562500
850	0	264	3.341304	198,279,220,264,311,271,459,1148	17.125000,16.375000,15.500000,15.000000,15.000000,14.437500,14.312500,13.812500
851	0	3560	11.944763	198,279,220,271,311,264,1148,40	18.625000,15.750000,15.187500,14.937500,14.500000,14.437500,14.187500,13.687500
852	0	439	8.326312	198,279,220,271,311,58,264,1148	18.875000,15.562500,15.312500,15.250000,14.937500,14.187500,14.187500,13.750000
853	0	330	6.327274	198,279,220,271,311,264,1148,459	18.875000,16.375000,15.562500,15.250000,15.000000,14.937500,14.812500,13.937500
854	0	29517	14.754867	198,279,271,220,40,311,791,1148	19.125000,15.500000,15.062500,14.750000,14.500000,14.250000,14.250000,14.187500
855	0	330	6.197664	198,279,220,271,264,311,459,1148	17.500000,15.750000,15.562500,14.750000,14.500000,14.437500,13.812500,13.687500
856	0	304	7.786117	198,279,271,220,40,311,791,1148	19.125000,15.500000,15.062500,14.750000,14.500000,14.250000,14.250000,14.187500
857	0	279	2.662374	198,279,220,311,264,271,1148,459	18.375000,16.375000,15.562500,15.000000,14.937500,14.812500,14.562500,13.812500
858	0	9417	14.386640	198,279,220,271,264,1148,311,40	18.750000,16.125000,15.750000,15.187500,14.812500,14.687500,14.562500,14.000000
859	0	330	6.947630	198,271,279,220,311,1148,264,40	19.250000,16.125000,16.125000,15.500000,15.062500,14.750000,14.562500,14.250000
860	0	71166	14.473617	198,279,271,220,40,311,791,1148	19.125000,15.500000,15.062500,14.750000,14.500000,14.250000,14.250000,14.187500
861	0	364	9.076257	198,220,279,271,311,264,459,720	17.125000,15.437500,15.187500,14.312500,14.187500,14.062500,13.500000,13.187500
862	0	82	5.734822	198,279,220,271,311,40,264,791	18.375000,15.312500,14.750000,14.562500,14.000000,13.937500,13.812500,13.750000
863	0	15457	14.857680	198,279,271,220,311,58,264,11	19.125000,15.437500,15.187500,14.937500,14.500000,14.312500,14.062500,13.687500
864	0	330	6.698971	198,220,271,279,311,264,58,791	19.250000,16.125000,16.125000,15.812500,14.812500,14.562500,14.437500,14.250000
865	0	315	8.286117	198,279,271,220,40,311,791,1148	19.125000,15.500000,15.062500,14.750000,14.500000,14.250000,14.250000,14.187500
866	0	279	2.791420	198,279,220,264,271,1148,311,459	18.500000,16.375000,15.750000,14.937500,14.937500,14.750000,14.562500,13.937500
867	0	12707	13.667890	198,279,220,271,264,1148,311,40	18.750000,16.125000,15.750000,15.187500,14.812500,14.687500,14.562500,14.000000
868	0	4101	12.335709	198,279,271,220,311,1148,264,58	19.000000,16.000000,15.687500,15.000000,15.000000,14.687500,14.500000,14.000000
869	0	578	7.426073	198,271,220,279,58,311,264,512	19.375000,15.937500,15.562500,15.562500,14.937500,14.937500,14.312500,14.250000
870	0	5843	14.009857	198,279,220,271,264,311,1148,720	18.625000,15.937500,15.812500,15.062500,14.500000,14.250000,14.062500,14.000000
871	0	38725	16.662264	198,279,220,271,311,264,58,459	18.125000,15.937500,15.750000,14.812500,14.750000,14.437500,13.687500,13.687500
872	0	2652	11.511428	198,271,279,220,791,311,264,40	18.125000,15.562500,15.437500,15.000000,14.500000,14.312500,14.187500,14.062500
873	0	568	7.373639	198,220,279,271,311,58,264,720	19.625000,16.375000,16.125000,14.812500,14.750000,14.562500,14.562500,14.437500
874	0	59335	16.378858	198,279,271,220,311,40,264,1148	19.125000,15.937500,15.437500,15.250000,14.750000,14.562500,14.500000,14.500000
875	0	16662	13.898757	198,220,279,264,311,459,720,271	16.875000,15.812500,15.687500,14.500000,14.312500,14.000000,13.750000,13.500000
876	0	20142	15.421939	198,279,220,264,311,271,1148,459	18.750000,17.375000,16.250000,15.812500,15.687500,15.562500,15.437500,15.187500
877	0	4488	11.647597	198,279,271,220,311,264,58,1148	18.875000,16.000000,15.437500,15.250000,15.250000,14.437500,14.187500,13.937500
878	0	27191	14.883113	198,279,220,271,264,311,1148,459	18.125000,15.937500,15.750000,15.312500,14.500000,14.437500,14.062500,13.750000
879	0	323	5.811600	198,279,220,271,311,264,720,58	17.875000,15.437500,15.312500,14.312500,14.250000,14.187500,13.500000,13.437500
880	0	43423	13.175884	198,279,220,271,1148,311,264,358	19.000000,16.625000,15.562500,15.562500,15.250000,15.187500,15.062500,14.187500
881	0	15385	14.546927	198,220,279,271,311,264,1148,58	17.875000,15.000000,14.750000,14.687500,13.750000,13.500000,13.250000,13.187500
882	0	18843	14.306506	198,220,271,279,311,264,720,58	17.750000,15.187500,14.437500,14.062500,13.312500,12.750000,12.750000,12.562500
883	0	662	10.437193	198,271,220,279,58,311,264,791	18.500000,15.562500,15.000000,14.812500,14.062500,14.000000,13.500000,13.437500
884	0	426	10.337941	198,279,220,271,311,264,1148,58	18.875000,15.500000,15.437500,15.062500,14.187500,14.000000,13.937500,13.812500
885	0	11206	15.915751	198,279,220,271,311,264,58,720	18.875000,15.437500,15.312500,15.312500,14.250000,14.062500,13.812500,13.812500
886	0	466	8.975559	198,271,279,220,311,58,264,791	18.375000,14.937500,14.687500,14.562500,13.750000,13.500000,13.312500,13.312500
887	0	59335	16.722376	198,279,220,271,311,264,58,1148	18.250000,15.562500,15.312500,15.062500,14.562500,14.312500,13.937500,13.562500
888	0	439	7.742507	198,220,279,264,311,459,720,271	16.875000,15.812500,15.687500,14.500000,14.312500,14.000000,13.750000,13.500000
889	0	330	6.327274	198,279,220,271,311,264,1148,459	18.875000,16.375000,15.562500,15.250000,15.000000,14.937500,14.812500,13.937500
890	0	58090	14.504867	198,279,271,220,40,311,791,1148	19.125000,15.500000,15.062500,14.750000,14.500000,14.250000,14.250000,14.187500
891	0	330	7.032342	198,279,220,271,311,264,1148,791	18.625000,15.312500,15.062500,14.937500,14.312500,14.062500,13.687500,13.562500
892	0	1174	10.723617	198,279,271,220,40,311,791,1148	19.125000,15.500000,15.062500,14.750000,14.500000,14.250000,14.250000,14.187500
893	0	304	7.206568	198,220,279,264,311,271,1148,58	18.750000,16.250000,16.000000,14.562500,14.562500,14.437500,14.187500,14.000000
894	0	279	2.662374	198,279,220,311,264,271,1148,459	18.375000,16.375000,15.562500,15.000000,14.937500,14.812500,14.562500,13.812500
895	0	220	3.542890	198,279,220,271,264,1148,311,40	18.750000,16.125000,15.750000,15.187500,14.812500,14.687500,14.562500,14.000000
896	0	1049	7.227765	198,279,220,271,311,16,264,40	18.875000,15.250000,15.062500,14.750000,14.062500,13.937500,13.937500,13.750000
897	0	20	6.355880	198,220,279,271,311,720,264,58	18.875000,15.562500,15.250000,14.812500,14.250000,14.000000,13.937500,13.750000
898	0	34596	15.044396	198,220,279,271,311,58,264,720	18.750000,15.187500,15.062500,15.000000,14.062500,13.937500,13.812500,13.437500
899	0	54248	15.884611	198,279,271,220,311,264,1148,58	19.000000,16.125000,15.750000,15.562500,15.250000,14.687500,14.500000,14.187500
900	0	315	7.349869	198,279,271,220,311,264,58,1148	19.500000,16.125000,15.812500,15.437500,15.312500,14.750000,14.562500,14.250000
901	0	279	2.791420	198,279,220,264,271,1148,311,459	18.500000,16.375000,15.750000,14.937500,14.937500,14.750000,14.562500,13.937500
902	0	26241	14.449140	198,279,220,271,264,1148,311,40	18.750000,16.125000,15.750000,15.187500,14.812500,14.687500,14.562500,14.000000
903	0	93401	14.150578	198,220,279,271,311,264,791,1148	17.625000,15.000000,14.937500,14.687500,13.687500,13.562500,13.437500,13.250000
904	0	1514	10.425977	198,271,279,220,311,264,1148,791	18.750000,15.687500,15.562500,15.187500,14.687500,14.250000,14.062500,13.937500
905	0	44662	14.041838	198,279,271,220,311,264,1148,58	19.000000,16.125000,15.437500,15.187500,15.187500,14.750000,14.500000,14.000000
906	0	50940	15.865177	198,220,279,271,311,264,374,459	17.875000,15.687500,15.500000,15.250000,14.500000,14.187500,13.500000,13.437500
907	0	662	10.513634	198,220,279,271,311,264,12,58	17.625000,14.812500,14.312500,14.000000,13.187500,13.062500,12.937500,12.937500
908	0	1102	9.775441	198,279,220,271,311,264,1148,58	18.875000,15.500000,15.437500,15.062500,14.187500,14.000000,13.937500,13.812500
909	0	574	7.748078	198,279,220,271,311,264,40,1148	19.375000,16.000000,15.687500,15.687500,14.750000,14.687500,14.312500,14.312500
910	0	10887	12.350498	198,279,220,271,311,1148,264,40	19.125000,16.375000,15.750000,15.250000,15.062500,15.000000,14.937500,14.062500
911	0	520	6.393632	198,279,220,271,311,264,58,1148	19.125000,16.125000,15.687500,15.000000,14.937500,14.750000,14.250000,14.187500
912	0	279	2.551419	198,279,220,264,311,271,1148,459	18.250000,16.375000,16.000000,15.000000,14.750000,14.687500,14.250000,14.000000
913	0	46506	16.246015	198,279,220,271,264,1148,311,40	18.750000,16.125000,15.750000,15.187500,14.812500,14.687500,14.562500,14.000000
914	0	27315	16.654009	198,220,279,271,311,264,459,374	17.625000,15.687500,15.250000,14.562500,14.187500,13.937500,13.250000,13.000000
915	0	304	7.084392	198,279,220,271,311,264,1148,58	19.375000,16.375000,16.125000,16.125000,15.437500,14.937500,14.687500,14.437500
916	0	72098	16.834249	198,279,220,311,264,271,1148,459	18.375000,16.375000,15.562500,15.000000,14.937500,14.812500,14.562500,13.812500
917	0	1174	9.820434	198,279,271,220,311,264,1148,459	18.375000,16.125000,15.687500,15.500000,15.062500,14.562500,14.562500,14.062500
918	0	323	5.956568	198,220,279,264,311,271,1148,58	18.750000,16.250000,16.000000,14.562500,14.562500,14.437500,14.187500,14.000000
919	0	279	2.957134	198,279,220,271,1148,311,264,358	19.000000,16.625000,15.562500,15.562500,15.250000,15.187500,15.062500,14.187500
920	0	11258	14.167890	198,279,220,271,264,1148,311,40	18.750000,16.125000,15.750000,15.187500,14.812500,14.687500,14.562500,14.000000
921	0	1291	11.613175	198,220,279,271,311,264,720,12	17.750000,15.687500,15.500000,14.687500,14.562500,14.312500,13.687500,13.500000
922	0	39520	17.131218	198,279,220,311,271,264,58,720	18.125000,15.562500,15.500000,14.812500,14.562500,14.187500,13.500000,13.437500
923	0	17367	14.437481	198,220,279,271,311,264,459,1148	17.875000,15.937500,15.687500,15.500000,14.687500,14.500000,13.812500,13.687500
924	0	304	6.795364	198,279,220,271,311,264,58,459	18.250000,15.812500,15.750000,15.500000,14.937500,14.562500,13.750000,13.750000
925	0	7295	12.037374	198,279,220,311,264,271,1148,459	18.375000,16.375000,15.562500,15.000000,14.937500,14.812500,14.562500,13.812500
926	0	662	10.244361	198,279,220,271,311,264,1148,459	18.375000,16.250000,15.937500,15.500000,15.062500,14.812500,14.437500,14.187500
927	0	1283	11.087941	198,279,220,271,311,264,1148,58	18.875000,15.500000,15.437500,15.062500,14.187500,14.000000,13.937500,13.812500
928	0	574	7.157366	198,279,220,271,311,264,1148,40	18.375000,15.812500,15.562500,15.062500,14.562500,14.500000,14.062500,13.750000
929	0	15910	11.287998	198,279,220,271,311,1148,264,40	19.125000,16.375000,15.750000,15.250000,15.062500,15.000000,14.937500,14.062500
930	0	555	7.310359	198,279,220,311,264,271,1148,58	18.250000,16.000000,15.437500,15.062500,14.562500,14.437500,13.937500,13.812500
931	0	3842	10.184997	198,279,220,264,311,271,1148,459	17.875000,16.625000,16.500000,15.187500,14.937500,14.812500,14.562500,14.312500
932	0	68573	14.785847	198,279,220,271,311,264,1148,459	18.375000,16.000000,15.812500,15.250000,14.562500,14.500000,14.312500,13.812500
933	0	323	4.869301	198,279,220,264,311,271,459,720	15.937500,15.062500,14.750000,13.937500,13.687500,13.562500,13.562500,13.312500
934	0	59335	15.769634	198,279,220,271,1148,311,264,358	19.000000,16.625000,15.562500,15.562500,15.250000,15.187500,15.062500,14.187500
935	0	16662	13.898757	198,220,279,264,311,459,720,271	16.875000,15.812500,15.687500,14.500000,14.312500,14.000000,13.750000,13.500000
936	0	7505	13.484439	198,279,220,264,311,271,1148,459	18.750000,17.375000,16.250000,15.812500,15.687500,15.562500,15.437500,15.187500
937	0	1254	11.954052	198,279,220,271,311,264,1148,459	17.625000,15.437500,15.312500,14.562500,14.062500,14.000000,13.500000,13.312500
938	0	819	12.927061	198,271,279,220,720,311,40,58	18.250000,14.687500,14.687500,14.250000,13.687500,13.562500,13.312500,13.250000
939	0	675	13.222985	198,279,220,271,311,264,1148,58	18.000000,15.437500,14.937500,14.562500,14.187500,14.000000,13.437500,13.250000
940	0	1174	9.973770	198,279,220,271,311,264,1148,58	18.125000,15.062500,14.937500,14.687500,14.062500,13.750000,13.437500,13.312500
941	0	51075	16.347193	198,220,279,264,311,271,1148,58	18.750000,16.250000,16.000000,14.562500,14.562500,14.437500,14.187500,14.000000
942	0	1901	11.013471	198,279,271,220,311,1148,264,791	18.625000,15.750000,15.687500,15.187500,14.500000,14.437500,14.312500,14.312500
943	0	12997	15.498466	198,220,279,271,311,264,720,58	17.875000,15.000000,15.000000,14.562500,13.937500,13.687500,13.687500,13.062500
944	0	1174	9.785050	198,279,220,271,311,264,58,1148	18.000000,14.937500,14.687500,14.437500,14.000000,13.562500,13.062500,13.000000
945	0	14253	13.706568	198,220,279,264,311,271,1148,58	18.750000,16.250000,16.000000,14.562500,14.562500,14.437500,14.187500,14.000000
946	0	18206	13.569498	198,279,271,220,311,264,791,1148	17.875000,15.312500,15.250000,15.187500,14.187500,14.062500,13.812500,13.812500
947	0	1174	9.556388	198,279,220,271,311,264,1148,459	18.125000,16.125000,15.500000,15.312500,15.062500,14.687500,14.437500,13.937500
948	0	56230	15.722193	198,220,279,264,311,271,1148,58	18.750000,16.250000,16.000000,14.562500,14.562500,14.437500,14.187500,14.000000
949	0	24852	12.820949	198,279,220,271,311,264,459,1148	17.875000,16.000000,15.437500,15.187500,14.937500,14.750000,14.000000,14.000000
950	0	417	9.871580	198,220,271,279,311,791,264,40	17.875000,15.000000,14.812500,14.750000,13.687500,13.562500,13.500000,13.437500
951	0	1174	9.882084	198,279,220,271,311,58,264,720	18.625000,15.437500,15.250000,14.812500,14.687500,14.187500,14.187500,13.937500
952	0	60410	15.050318	198,220,279,264,311,271,1148,58	18.750000,16.250000,16.000000,14.562500,14.562500,14.437500,14.187500,14.000000
953	0	81764	16.252247	198,220,279,271,720,311,264,12	17.500000,15.687500,15.000000,14.312500,14.250000,14.062500,14.000000,13.562500
954	0	323	5.987562	198,220,279,271,311,264,791,58	18.250000,15.312500,15.187500,15.062500,14.062500,14.000000,13.562500,13.500000
955	0	68134	14.207134	198,279,220,271,1148,311,264,358	19.000000,16.625000,15.562500,15.562500,15.250000,15.187500,15.062500,14.187500
956	0	11166	12.558719	198,279,220,271,264,311,1148,791	18.125000,15.437500,15.312500,14.812500,14.062500,14.062500,13.750000,13.437500
957	0	662	10.115125	198,220,279,271,311,264,720,459	17.625000,15.812500,15.812500,15.000000,14.750000,14.562500,14.250000,13.937500
958	0	426	10.337941	198,279,220,271,311,264,1148,58	18.875000,15.500000,15.437500,15.062500,14.187500,14.000000,13.937500,13.812500
959	0	11206	15.915751	198,279,220,271,311,264,58,720	18.875000,15.437500,15.312500,15.312500,14.250000,14.062500,13.812500,13.812500
960	0	466	8.975559	198,271,279,220,311,58,264,791	18.375000,14.937500,14.687500,14.562500,13.750000,13.500000,13.312500,13.312500
961	0	4036	12.488001	198,279,220,271,311,264,58,1148	18.250000,15.562500,15.312500,15.062500,14.562500,14.312500,13.937500,13.562500
962	0	264	4.670397	198,279,220,271,311,264,1148,58	19.625000,16.625000,16.250000,15.937500,15.437500,15.312500,15.187500,14.937500
963	0	37849	13.694763	198,279,220,271,311,264,1148,40	18.625000,15.750000,15.187500,14.937500,14.500000,14.437500,14.187500,13.687500
964	0	3477	9.799083	198,279,220,311,271,264,1148,720	18.625000,15.812500,15.562500,14.937500,14.562500,14.437500,13.937500,13.812500
965	0	304	6.984913	198,279,271,220,311,264,1148,58	19.500000,16.625000,16.375000,16.125000,15.500000,15.187500,15.062500,14.812500
966	0	578	6.537374	198,279,220,311,264,271,1148,459	18.375000,16.375000,15.562500,15.000000,14.937500,14.812500,14.562500,13.812500
967	0	13690	12.884857	198,279,220,271,264,311,1148,720	18.625000,15.937500,15.812500,15.062500,14.500000,14.250000,14.062500,14.000000
968	0	49906	18.807460	198,220,279,271,311,264,459,1148	18.375000,16.125000,16.000000,15.437500,14.750000,14.687500,14.000000,14.000000
969	0	551	10.514010	198,279,220,271,311,12,264,720	18.625000,15.562500,15.500000,15.500000,14.687500,14.437500,14.312500,14.187500
970	0	330	6.377689	198,220,279,271,311,264,720,58	19.125000,15.812500,15.750000,14.812500,14.437500,14.312500,14.250000,14.187500
971	0	578	7.098617	198,279,271,220,40,311,791,1148	19.125000,15.500000,15.062500,14.750000,14.500000,14.250000,14.250000,14.187500
972	0	15718	10.791107	198,279,220,271,264,311,1148,720	18.625000,15.937500,15.812500,15.062500,14.500000,14.250000,14.062500,14.000000
973	0	374	5.449293	198,220,279,311,271,264,720,1148	18.125000,15.812500,15.812500,15.000000,14.500000,14.312500,13.687500,13.687500
974	0	559	12.140096	198,279,220,271,311,264,1148,58	19.125000,16.125000,15.687500,15.312500,14.937500,14.750000,14.687500,14.187500
975	0	1683	11.361882	198,279,271,220,311,264,40,58	18.000000,14.937500,14.500000,14.437500,13.750000,13.437500,13.250000,13.187500
976	0	11559	15.222518	198,220,279,271,311,264,720,58	17.875000,15.062500,15.062500,14.500000,14.312500,13.812500,13.250000,13.187500
977	0	19428	12.446146	198,279,271,220,311,264,1148,40	18.750000,16.000000,15.500000,15.062500,14.937500,14.562500,14.500000,13.937500
978	0	1174	10.144586	198,279,220,311,271,264,1148,459	18.000000,15.812500,15.062500,14.750000,14.687500,14.437500,14.000000,13.687500
979	0	449	8.456568	198,220,279,264,311,271,1148,58	18.750000,16.250000,16.000000,14.562500,14.562500,14.437500,14.187500,14.000000
980	0	53221	15.157608	198,279,220,264,311,271,1148,459	18.250000,16.625000,16.000000,15.312500,15.000000,14.937500,14.812500,14.437500
981	0	24601	15.331263	198,279,220,311,264,271,1148,459	17.875000,16.000000,15.250000,15.250000,14.500000,14.500000,14.062500,14.000000
982	0	505	10.125515	198,271,279,220,58,311,40,264	20.250000,16.250000,15.812500,15.437500,15.187500,15.187500,14.562500,14.500000
983	0	7505	13.641513	198,279,220,264,271,311,1148,459	18.750000,16.375000,16.125000,15.000000,14.937500,14.937500,14.500000,13.937500
984	0	1254	11.954052	198,279,220,271,311,264,1148,459	17.625000,15.437500,15.312500,14.562500,14.062500,14.000000,13.500000,13.312500
985	0	819	12.927061	198,271,279,220,720,311,40,58	18.250000,14.687500,14.687500,14.250000,13.687500,13.562500,13.312500,13.250000
986	0	675	13.222985	198,279,220,271,311,264,1148,58	18.000000,15.437500,14.937500,14.562500,14.187500,14.000000,13.437500,13.250000
987	0	320	7.911270	198,279,220,271,311,264,1148,58	18.125000,15.062500,14.937500,14.687500,14.062500,13.750000,13.437500,13.312500
988	0	1457	10.945825	198,279,220,271,40,311,58,264	18.750000,15.250000,14.750000,14.750000,14.062500,14.000000,13.812500,13.812500
989	0	653	10.843706	198,279,220,271,311,264,1148,58	19.000000,16.375000,15.937500,15.250000,15.187500,14.937500,14.500000,14.250000
990	0	34551	13.486577	198,279,220,271,311,264,58,720	18.375000,15.250000,14.750000,14.687500,14.062500,13.750000,13.687500,13.687500
991	0	82585	18.047673	198,271,220,58,279,998,720,12	18.625000,14.562500,14.437500,14.062500,13.812500,13.687500,13.500000,13.250000
992	0	505	10.010851	198,279,220,271,311,58,264,791	18.875000,15.312500,15.062500,15.000000,14.312500,13.937500,13.937500,13.500000
993	0	813	7.204013	198,279,220,264,271,311,1148,459	18.750000,16.375000,16.125000,15.000000,14.937500,14.937500,14.500000,13.937500
994	0	5178	12.531490	198,279,220,271,264,311,1148,40	18.375000,16.000000,15.437500,14.937500,14.562500,14.500000,14.500000,13.812500
995	0	439	8.406117	198,271,279,311,220,58,264,1148	19.875000,16.375000,16.125000,15.312500,15.187500,14.937500,14.750000,14.687500
996	0	54651	13.546024	198,279,220,271,311,264,1148,459	18.875000,16.375000,15.562500,15.250000,15.000000,14.937500,14.812500,13.937500
997	0	452	10.382314	198,279,220,271,311,264,1148,791	18.625000,15.500000,15.312500,15.187500,14.500000,14.062500,13.937500,13.562500
998	0	15278	15.205501	198,279,220,271,311,720,264,58	18.125000,15.187500,15.062500,15.000000,14.062500,14.062500,13.937500,13.562500
999	0	364	10.218271	198,220,279,271,311,58,720,998	18.375000,14.750000,14.562500,14.250000,14.000000,13.750000,13.250000,13.250000
1000	0	82	5.734822	198,279,220,271,311,40,264,791	18.375000,15.312500,14.750000,14.562500,14.000000,13.937500,13.812500,13.750000
1001	0	9777	15.560805	198,279,271,220,311,58,264,11	19.125000,15.437500,15.187500,14.937500,14.500000,14.312500,14.062500,13.687500
1002	0	1169	10.092494	198,220,279,271,311,58,720,264	18.375000,15.500000,14.937500,14.812500,14.000000,13.750000,13.687500,13.562500
1003	0	883	10.744340	198,279,220,271,311,264,58,1148	18.375000,16.125000,15.562500,14.937500,14.937500,14.687500,14.000000,14.000000
1004	0	1174	9.756008	198,220,279,271,720,58,311,264	19.375000,15.562500,15.312500,14.562500,14.437500,14.312500,14.312500,14.000000
1005	0	8563	11.675318	198,220,279,264,311,271,1148,58	18.750000,16.250000,16.000000,14.562500,14.562500,14.437500,14.187500,14.000000
1006	0	426	9.578390	198,279,220,271,264,311,1148,791	18.125000,15.812500,15.750000,15.187500,14.437500,14.437500,14.250000,13.937500
1007	0	11206	15.915751	198,279,220,271,311,264,58,720	18.875000,15.437500,15.312500,15.312500,14.250000,14.062500,13.812500,13.812500
1008	0	466	8.975559	198,271,279,220,311,58,264,791	18.375000,14.937500,14.687500,14.562500,13.750000,13.500000,13.312500,13.312500
1009	0	1174	9.894251	198,279,220,271,311,264,58,1148	18.250000,15.562500,15.312500,15.062500,14.562500,14.312500,13.937500,13.562500
1010	0	51075	16.347193	198,220,279,264,311,271,1148,58	18.750000,16.250000,16.000000,14.562500,14.562500,14.437500,14.187500,14.000000
1011	0	1901	11.013471	198,279,271,220,311,1148,264,791	18.625000,15.750000,15.687500,15.187500,14.500000,14.437500,14.312500,14.312500
1012	0	12997	15.498466	198,220,279,271,311,264,720,58	17.875000,15.000000,15.000000,14.562500,13.937500,13.687500,13.687500,13.062500
1013	0	323	5.785050	198,279,220,271,311,264,58,1148	18.000000,14.937500,14.687500,14.437500,14.000000,13.562500,13.062500,13.000000
1014	0	56230	15.269634	198,279,220,271,1148,311,264,358	19.000000,16.625000,15.562500,15.562500,15.250000,15.187500,15.062500,14.187500
1015	0	24852	12.820949	198,279,220,271,311,264,459,1148	17.875000,16.000000,15.437500,15.187500,14.937500,14.750000,14.000000,14.000000
1016	0	417	9.871580	198,220,271,279,311,791,264,40	17.875000,15.000000,14.812500,14.750000,13.687500,13.562500,13.500000,13.437500
1017	0	662	10.319584	198,279,220,271,311,58,264,720	18.625000,15.437500,15.250000,14.812500,14.687500,14.187500,14.187500,13.937500
1018	0	330	6.525441	198,279,220,271,311,264,1148,58	18.875000,15.500000,15.437500,15.062500,14.187500,14.000000,13.937500,13.812500
1019	0	578	7.098617	198,279,271,220,40,311,791,1148	19.125000,15.500000,15.062500,14.750000,14.500000,14.250000,14.250000,14.187500
1020	0	25460	16.650482	198,279,220,271,264,311,1148,720	18.625000,15.937500,15.812500,15.062500,14.500000,14.250000,14.062500,14.000000
1021	0	10555	11.149129	198,279,220,271,311,264,459,374	17.750000,16.000000,15.562500,15.312500,14.937500,14.687500,14.062500,13.750000
1022	0	1174	10.144237	198,279,220,271,311,264,1148,459	18.625000,16.125000,15.500000,15.187500,15.187500,14.562500,14.437500,13.812500
1023	0	330	5.956568	198,220,279,264,311,271,1148,58	18.750000,16.250000,16.000000,14.562500,14.562500,14.437500,14.187500,14.000000
