# mix	mamba
0	0	43205	18.461448	198,220,279,58,720,271,16,334	18.711855,15.749210,14.893743,14.651469,14.595689,14.577748,14.300298,13.781476
1	0	275	8.711564	198,271,220,279,311,998,791,14428	16.987368,14.516735,14.495071,13.995487,13.270317,13.145439,13.103799,12.894794
2	0	428	13.886004	198,279,220,271,311,58,264,720	18.207779,15.000061,14.969003,14.896962,14.282168,13.886859,13.846362,13.632903
3	0	12	5.835530	198,220,279,271,58,311,720,334	18.216368,15.123421,14.832363,14.827846,14.668475,14.159386,13.961123,13.628592
4	0	17	5.165818	198,220,279,16,720,334,58,264	18.100679,16.240309,15.793579,14.883003,14.757665,14.672672,14.662609,14.652753
5	0	3475	14.498868	198,220,271,279,58,334,720,16	18.607412,15.169293,14.791093,14.660217,14.429181,13.926860,13.913936,13.907527
6	0	76834	15.294116	198,220,279,271,58,264,311,720	18.440126,16.198158,16.054186,15.779950,14.997989,14.772929,14.750529,14.518524
7	0	80583	14.730244	198,271,220,279,311,58,264,720	18.506598,16.370686,16.166199,15.541760,14.843666,14.664429,14.389313,14.261345
8	0	3692	12.621417	198,220,720,58,271,334,279,40	19.054661,16.171028,15.272183,15.212874,14.916324,14.682977,14.116710,13.711955
9	0	257	9.117084	198,271,220,279,58,512,311,720	18.474482,15.879130,15.650332,15.313184,14.945945,14.404096,14.368176,14.191783
10	0	551	8.787375	198,220,279,720,264,58,311,16	17.835108,17.201971,16.037224,15.753516,15.032078,15.013713,14.992312,14.761246
11	0	3788	12.576085	198,220,279,271,720,311,264,58	18.641630,16.214342,15.736394,14.656769,14.648499,14.458579,14.457645,14.438881
12	0	1129	14.377320	198,220,271,279,58,720,311,264	19.520477,15.949269,15.647671,15.157402,14.806862,14.767769,14.459137,13.640788
13	0	71	7.006604	198,220,271,279,720,311,58,264	18.843771,15.615875,15.395898,15.283479,14.326073,14.105827,13.775390,13.679592
14	0	36368	15.806164	198,220,271,279,58,720,311,16	18.403669,14.818927,14.574893,14.511815,14.249100,13.695895,13.668094,13.434634
15	0	1594	12.233442	198,220,279,264,271,311,58,459	17.497643,16.154716,16.063265,14.875594,14.854865,14.796350,14.048997,13.993256
16	0	6973	18.651371	198,220,271,279,58,311,720,264	18.992064,15.495079,15.491183,15.386262,14.790271,14.504032,14.307416,14.132634
17	0	3529	15.778474	198,220,271,720,279,58,311,998	18.347757,15.275441,14.965199,14.610588,14.244477,14.116519,13.497226,13.089005
18	0	77749	17.472512	198,220,271,279,58,720,311,998	19.023317,15.888020,15.484386,15.376912,14.750290,14.486228,14.295484,13.919320
19	0	11628	17.859463	198,271,220,58,279,311,512,264	19.153631,16.497168,16.049343,15.720860,15.242560,14.674236,14.219716,14.160197
20	0	3916	16.373573	198,220,271,279,58,720,311,998	19.262934,15.914065,15.554805,15.238269,14.689059,14.585598,14.195050,13.898385
21	0	9009	12.210236	198,220,279,271,311,58,264,40	18.788542,15.679601,15.486000,15.440407,14.631782,14.605774,14.348536,13.860847
22	0	6458	15.163534	198,279,220,271,311,264,58,720	17.813383,15.928329,15.527783,14.944157,14.825400,14.794857,14.244298,14.013649
23	0	61503	17.771466	198,220,279,271,311,58,264,720	19.142599,15.951294,15.651244,15.350413,14.595868,14.507225,14.172993,14.145131
24	0	428	14.300803	198,220,279,271,311,264,720,12	16.161734,15.176908,14.107768,13.885735,13.861034,13.190880,12.989888,12.691957
25	0	198	0.511287	198,220,279,271,58,311,720,334	18.216368,15.123421,14.832363,14.827846,14.668475,14.159386,13.961123,13.628592
26	0	71684	15.838205	198,271,220,279,58,40,311,264	19.639872,15.719604,15.479648,15.359227,14.978844,14.531865,14.452054,14.150254
27	0	257	8.377875	198,220,271,279,58,334,264,720	16.301516,14.806081,14.074880,13.932828,13.404094,13.263526,13.238898,13.209167
28	0	551	8.787375	198,220,279,720,264,58,311,16	17.835108,17.201971,16.037224,15.753516,15.032078,15.013713,14.992312,14.761246
29	0	289	9.628313	198,220,279,271,720,311,264,58	18.641630,16.214342,15.736394,14.656769,14.648499,14.458579,14.457645,14.438881
30	0	61503	17.514868	198,271,220,279,58,720,311,40	18.938179,15.288780,15.213527,15.079251,14.648801,14.126393,14.120494,14.077832
31	0	428	14.300803	198,220,279,271,311,264,720,12	16.161734,15.176908,14.107768,13.885735,13.861034,13.190880,12.989888,12.691957
32	0	12	5.835530	198,220,279,271,58,311,720,334	18.216368,15.123421,14.832363,14.827846,14.668475,14.159386,13.961123,13.628592
33	0	17	5.165818	198,220,279,16,720,334,58,264	18.100679,16.240309,15.793579,14.883003,14.757665,14.672672,14.662609,14.652753
34	0	12	6.520180	198,220,271,279,58,334,720,16	18.607412,15.169293,14.791093,14.660217,14.429181,13.926860,13.913936,13.907527
35	0	1059	15.867369	198,220,279,16,720,334,58,264	18.100679,16.240309,15.793579,14.883003,14.757665,14.672672,14.662609,14.652753
36	0	8437	15.747463	198,220,271,279,58,311,998,720	18.244154,15.158806,14.717300,14.528717,14.524455,13.704465,13.548556,13.528748
37	0	16	5.556071	198,220,279,271,720,58,998,311	18.772692,15.945050,15.120148,14.818947,14.655780,14.538387,14.178678,14.149577
38	0	198	0.342342	198,220,271,279,58,311,16,264	18.829189,15.477131,15.022128,14.968505,14.619458,14.106339,14.027806,13.916768
39	0	20805	14.844161	198,271,220,279,58,40,311,264	19.639872,15.719604,15.479648,15.359227,14.978844,14.531865,14.452054,14.150254
40	0	415	9.988744	198,220,279,271,58,264,311,334	18.109926,15.462906,15.012431,14.982006,14.871623,13.951495,13.941785,13.911727
41	0	551	8.662773	198,220,279,720,264,271,311,58	18.337618,16.711670,15.988358,15.308372,14.805791,14.648637,14.582623,14.187119
42	0	1296	13.434367	198,220,279,271,720,311,264,58	18.641630,16.214342,15.736394,14.656769,14.648499,14.458579,14.457645,14.438881
43	0	320	7.678078	198,279,271,220,58,311,264,40	18.912724,16.094799,16.047922,15.665723,15.302449,14.992768,14.662941,14.643318
44	0	19305	13.177420	198,220,279,271,40,58,791,16	18.721544,15.217444,15.153217,14.989417,14.694210,14.486781,14.328110,14.046458
45	0	23	7.136032	198,220,271,279,58,720,311,264	18.675274,15.944302,15.289250,14.888630,14.452268,14.258582,14.146430,13.880615
46	0	7123	17.322074	198,271,220,279,58,311,264,40	18.903086,15.667102,15.521739,15.190548,14.558887,14.297400,13.992069,13.832771
47	0	340	8.142060	198,220,279,271,311,58,264,720	19.036436,16.508390,16.065809,15.453728,15.287945,15.203242,14.908343,14.620654
48	0	10028	12.975373	198,220,58,271,279,720,334,40	19.712358,15.762546,15.742141,15.719905,15.212364,14.885184,14.716328,14.713829
49	0	262	7.150667	198,220,279,271,311,720,264,58	18.511419,17.169264,15.562787,15.547702,15.329697,14.997696,14.672698,14.273102
50	0	551	8.821784	198,220,279,271,720,264,311,58	18.284517,16.485182,16.049551,15.028644,14.918438,14.867008,14.823677,13.972476
51	0	13844	13.905088	198,220,279,271,720,311,264,58	18.641630,16.214342,15.736394,14.656769,14.648499,14.458579,14.457645,14.438881
52	0	7866	14.235202	198,279,220,271,311,264,720,58	18.558462,15.956326,15.727178,15.502233,14.871770,14.602332,14.426595,14.227597
53	0	93314	14.167517	198,220,279,264,271,311,720,459	18.278831,16.923853,16.506578,14.994586,14.973905,14.678327,14.457824,14.285474
54	0	220	3.709735	198,220,271,279,311,720,58,264	19.376421,15.981781,15.895409,15.617936,14.633292,14.513227,14.449603,14.360888
55	0	18	5.606686	198,220,279,271,16,58,40,311	18.250689,15.287849,15.045677,14.572598,14.436955,14.199806,13.979136,13.947886
56	0	13	8.876778	198,220,271,279,58,16,311,334	19.028513,15.533034,15.394879,15.071177,14.972035,14.382680,14.175326,14.173611
57	0	15	7.115166	198,220,271,279,40,791,58,264	19.050032,15.653148,15.549591,15.501243,14.712672,14.569303,14.540469,14.384938
58	0	320	8.175496	198,220,271,279,58,311,720,16	19.163383,15.440769,15.238574,14.992724,14.760633,14.166672,14.049591,13.984569
59	0	2485	12.828084	198,220,279,271,40,58,791,16	18.721544,15.217444,15.153217,14.989417,14.694210,14.486781,14.328110,14.046458
60	0	1129	13.183813	198,220,720,271,279,58,311,998	18.809252,15.712127,14.951137,14.811944,14.401320,14.233418,14.059186,13.441504
61	0	86331	16.418117	198,220,271,279,720,311,58,264	18.843771,15.615875,15.395898,15.283479,14.326073,14.105827,13.775390,13.679592
62	0	2726	11.889185	198,220,271,279,720,311,264,459	18.371407,16.129232,14.957181,14.720578,14.417974,14.266450,13.375389,13.176787
63	0	7116	15.553284	198,220,271,279,720,311,58,264	18.815691,16.282885,15.558708,15.476506,14.908183,14.747661,14.420529,14.064120
64	0	68833	17.585964	198,220,279,271,720,311,264,459	18.961885,16.649328,15.680176,15.644053,15.075890,14.830391,13.895549,13.587158
65	0	1355	13.100445	198,220,279,271,311,264,720,998	18.369429,16.321381,15.958786,14.635620,14.486342,14.292758,14.250889,13.903939
66	0	64	5.818097	198,271,279,220,58,720,998,311	19.304331,15.236656,15.103480,14.956395,14.597020,14.076439,14.074773,14.028618
67	0	14	10.342726	198,220,279,271,58,311,264,720	18.272795,15.263618,14.862903,14.561633,14.214986,13.955756,13.863889,13.696462
68	0	18	5.923855	198,279,220,271,311,16,264,58	18.568125,15.758545,15.560650,14.979764,14.479564,14.319450,14.287549,14.229054
69	0	13	8.876778	198,220,271,279,58,16,311,334	19.028513,15.533034,15.394879,15.071177,14.972035,14.382680,14.175326,14.173611
70	0	15	7.115166	198,220,271,279,40,791,58,264	19.050032,15.653148,15.549591,15.501243,14.712672,14.569303,14.540469,14.384938
71	0	54660	16.751596	198,220,271,279,58,311,720,16	19.163383,15.440769,15.238574,14.992724,14.760633,14.166672,14.049591,13.984569
72	0	20241	13.750607	198,271,220,279,58,720,311,264	20.572611,16.882164,16.551592,16.208086,15.618373,15.459485,15.435845,14.743407
73	0	1516	15.341178	198,220,271,58,998,279,311,512	17.603456,15.077516,14.586198,14.145835,13.783371,13.663383,13.436749,13.381650
74	0	25	8.415299	198,220,279,271,311,58,264,720	18.528198,16.063553,15.574516,15.416047,14.903175,14.611651,14.490433,14.135625
75	0	27685	13.988937	198,220,279,264,720,271,311,58	17.756689,16.396364,15.842072,14.800763,14.614564,14.448047,14.446548,14.115875
76	0	20965	15.660386	198,279,220,271,311,264,720,459	17.597372,16.778402,16.663118,15.888484,15.580876,15.538259,14.920726,14.890733
77	0	11	5.958104	198,220,279,271,311,264,58,1148	19.455872,16.467642,16.247431,16.193960,15.796060,15.062469,14.974846,14.645896
78	0	82035	17.741012	198,279,220,271,264,311,1148,58	18.740059,16.103495,15.861385,15.185992,14.841060,14.678107,14.618403,14.506242
79	0	15592	11.213396	198,279,271,220,311,264,459,1148	17.625437,16.008516,15.618267,15.575475,15.065903,14.734319,14.206577,13.839795
80	0	8483	13.570300	198,279,311,220,271,264,459,374	16.508539,15.686652,15.094932,15.088107,14.690097,14.553169,13.885079,13.586724
81	0	198	0.726052	198,220,271,279,311,264,1148,58	18.619951,16.457014,16.294510,16.259295,15.189835,15.018340,14.521514,14.408242
82	0	1835	13.069961	198,271,220,279,58,40,311,264	19.639872,15.719604,15.479648,15.359227,14.978844,14.531865,14.452054,14.150254
83	0	320	8.153594	198,220,279,271,720,58,264,311	19.160246,16.272661,15.460396,14.929877,14.810750,14.790502,14.403781,14.318398
84	0	50	7.521904	198,220,279,271,40,58,791,16	18.721544,15.217444,15.153217,14.989417,14.694210,14.486781,14.328110,14.046458
85	0	13	8.285611	198,271,220,279,58,720,334,512	18.685108,15.159756,15.042885,14.654115,14.453765,14.060352,13.914684,13.773656
86	0	8930	15.235923	198,220,271,279,40,791,58,264	19.050032,15.653148,15.549591,15.501243,14.712672,14.569303,14.540469,14.384938
87	0	488	13.257401	198,271,220,279,791,40,58,720	17.986525,14.857202,14.802752,14.335506,13.609520,13.517549,13.467083,13.443858
88	0	11	6.240504	198,271,220,279,58,40,311,791	18.826344,15.718516,15.249026,15.230507,14.663800,14.340650,14.320178,14.162400
89	0	452	9.511401	198,279,220,271,264,311,1148,58	18.740059,16.103495,15.861385,15.185992,14.841060,14.678107,14.618403,14.506242
90	0	13	8.057698	198,271,220,279,720,58,311,264	18.294954,15.316864,15.243912,15.017704,14.332470,14.245633,13.996117,13.916377
91	0	50356	17.888195	198,220,271,279,40,791,58,264	19.050032,15.653148,15.549591,15.501243,14.712672,14.569303,14.540469,14.384938
92	0	819	12.937020	198,271,220,791,40,279,44,10267	17.423517,14.171866,13.934154,13.734756,13.512324,13.475530,13.197960,13.049727
93	0	84077	17.327404	198,279,220,271,311,58,264,40	18.390388,15.228703,14.973263,14.956017,14.048462,14.010540,13.988227,13.838680
94	0	29234	12.138237	198,220,271,279,791,58,40,311	18.049513,15.029164,14.744809,14.256256,13.696457,13.626587,13.443890,13.409378
95	0	11	5.648390	198,220,271,279,58,311,264,720	17.966955,15.360680,15.024033,14.954844,14.219879,14.139015,13.908696,13.557017
96	0	432	9.086815	198,279,220,271,264,311,1148,58	18.740059,16.103495,15.861385,15.185992,14.841060,14.678107,14.618403,14.506242
97	0	13	8.298599	198,220,279,271,720,58,311,264	18.370005,15.382533,15.120827,14.978192,14.432849,14.160792,14.075751,13.979501
98	0	2100	9.879165	198,220,271,279,40,791,58,264	19.050032,15.653148,15.549591,15.501243,14.712672,14.569303,14.540469,14.384938
99	0	9211	14.005585	198,279,220,271,264,311,720,1148	18.409605,16.207258,15.986657,15.111840,14.877572,14.835139,14.678830,14.555888
100	0	2001	10.489082	198,220,279,311,271,264,720,12	17.038519,15.760997,15.427693,14.686142,14.412601,14.238278,13.795700,13.367611
101	0	330	6.026063	198,220,279,720,264,311,271,1148	19.213274,16.705214,16.302912,15.108657,15.014419,14.887833,14.876637,14.537839
102	0	9261	11.508749	198,279,271,220,40,791,58,311	18.923531,15.352718,15.193398,14.845150,14.826497,14.452580,14.317739,14.089030
103	0	57893	17.287500	198,271,220,58,279,334,512,311	18.591951,15.509624,15.463432,14.924149,14.575981,14.230759,14.230182,13.962379
104	0	386	10.373531	198,271,220,279,58,311,264,40	18.823633,15.962906,15.551030,15.278091,15.017314,14.340485,14.179334,14.102489
105	0	13025	17.694672	198,271,220,279,58,720,311,264	18.579184,15.442979,15.294810,15.126864,14.305634,14.290344,14.031117,13.973300
106	0	27972	15.955701	198,220,271,279,58,334,720,264	18.190371,15.674994,15.386649,14.942028,14.742809,14.241238,14.212405,14.016303
107	0	498	12.388839	198,220,271,279,311,720,58,264	18.336315,16.621763,15.561138,15.437621,14.703145,14.682729,14.678521,14.556972
108	0	220	3.099432	198,220,279,720,264,311,271,58	19.108679,16.490343,16.429892,15.447389,15.060084,14.929497,14.924359,14.716945
109	0	679	8.446230	198,220,279,271,16,58,40,311	18.250689,15.287849,15.045677,14.572598,14.436955,14.199806,13.979136,13.947886
110	0	21	6.281318	198,220,271,279,720,58,311,16	18.546942,15.887070,15.031994,14.967305,14.620452,14.154030,14.080726,13.811668
111	0	340	8.867007	198,271,220,279,58,311,40,264	19.173853,15.435124,15.384856,15.020368,14.694774,14.077094,13.956401,13.905370
112	0	1835	12.223387	198,220,58,271,279,720,334,40	19.712358,15.762546,15.742141,15.719905,15.212364,14.885184,14.716328,14.713829
113	0	40283	15.941209	198,220,279,271,720,58,264,311	19.160246,16.272661,15.460396,14.929877,14.810750,14.790502,14.403781,14.318398
114	0	3786	16.429529	198,271,220,58,279,311,264,720	19.258986,16.805799,16.205820,15.767677,15.579482,14.783688,14.547203,14.174561
115	0	25	9.283432	198,271,279,220,311,58,264,40	19.092703,15.929112,15.815568,15.814733,14.991005,14.809491,14.558753,14.534801
116	0	3788	11.978551	198,220,279,264,720,271,311,58	17.756689,16.396364,15.842072,14.800763,14.614564,14.448047,14.446548,14.115875
117	0	1129	14.377320	198,220,271,279,58,720,311,264	19.520477,15.949269,15.647671,15.157402,14.806862,14.767769,14.459137,13.640788
118	0	71	7.006604	198,220,271,279,720,311,58,264	18.843771,15.615875,15.395898,15.283479,14.326073,14.105827,13.775390,13.679592
119	0	36368	15.806164	198,220,271,279,58,720,311,16	18.403669,14.818927,14.574893,14.511815,14.249100,13.695895,13.668094,13.434634
120	0	1594	12.233442	198,220,279,264,271,311,58,459	17.497643,16.154716,16.063265,14.875594,14.854865,14.796350,14.048997,13.993256
121	0	6973	18.651371	198,220,271,279,58,311,720,264	18.992064,15.495079,15.491183,15.386262,14.790271,14.504032,14.307416,14.132634
122	0	3529	15.778474	198,220,271,720,279,58,311,998	18.347757,15.275441,14.965199,14.610588,14.244477,14.116519,13.497226,13.089005
123	0	77749	17.472512	198,220,271,279,58,720,311,998	19.023317,15.888020,15.484386,15.376912,14.750290,14.486228,14.295484,13.919320
124	0	11628	17.859463	198,271,220,58,279,311,512,264	19.153631,16.497168,16.049343,15.720860,15.242560,14.674236,14.219716,14.160197
125	0	3916	16.373573	198,220,271,279,58,720,311,998	19.262934,15.914065,15.554805,15.238269,14.689059,14.585598,14.195050,13.898385
126	0	9009	12.210236	198,220,279,271,311,58,264,40	18.788542,15.679601,15.486000,15.440407,14.631782,14.605774,14.348536,13.860847
127	0	6458	15.163534	198,279,220,271,311,264,58,720	17.813383,15.928329,15.527783,14.944157,14.825400,14.794857,14.244298,14.013649
128	0	61503	17.771466	198,220,279,271,311,58,264,720	19.142599,15.951294,15.651244,15.350413,14.595868,14.507225,14.172993,14.145131
129	0	428	14.300803	198,220,279,271,311,264,720,12	16.161734,15.176908,14.107768,13.885735,13.861034,13.190880,12.989888,12.691957
130	0	271	3.899809	198,220,279,271,58,311,720,334	18.216368,15.123421,14.832363,14.827846,14.668475,14.159386,13.961123,13.628592
131	0	34336	12.580047	198,271,220,279,791,58,40,3923	19.511892,16.258774,15.563762,15.308952,15.127083,15.126616,15.122070,14.476162
132	0	415	10.922215	198,271,220,58,279,16,40,512	19.311171,15.697987,15.476344,15.465630,14.837703,14.247108,14.066765,14.029491
133	0	551	8.662773	198,220,279,720,264,271,311,58	18.337618,16.711670,15.988358,15.308372,14.805791,14.648637,14.582623,14.187119
134	0	2539	9.858310	198,220,279,271,720,311,264,58	18.641630,16.214342,15.736394,14.656769,14.648499,14.458579,14.457645,14.438881
135	0	1296	13.241369	198,279,220,271,311,58,264,1148	18.934959,15.943742,15.374607,15.348549,14.825803,14.603137,14.449056,14.353763
136	0	6859	14.599646	198,279,271,220,58,311,264,40	18.912724,16.094799,16.047922,15.665723,15.302449,14.992768,14.662941,14.643318
137	0	320	7.907098	198,279,220,271,311,58,264,512	17.837397,15.646511,15.445244,14.689406,14.613994,14.421754,14.402093,13.551593
138	0	543	11.248330	198,220,279,271,40,58,791,16	18.721544,15.217444,15.153217,14.989417,14.694210,14.486781,14.328110,14.046458
139	0	220	3.685617	198,279,220,271,58,311,264,40	18.253723,15.341557,15.132324,14.787407,14.441951,14.138290,14.059548,13.799914
140	0	19305	12.958478	198,220,279,271,16,58,40,311	18.250689,15.287849,15.045677,14.572598,14.436955,14.199806,13.979136,13.947886
141	0	23	7.136032	198,220,271,279,58,720,311,264	18.675274,15.944302,15.289250,14.888630,14.452268,14.258582,14.146430,13.880615
142	0	7123	17.322074	198,271,220,279,58,311,264,40	18.903086,15.667102,15.521739,15.190548,14.558887,14.297400,13.992069,13.832771
143	0	98634	16.517527	198,220,279,271,311,58,264,720	19.036436,16.508390,16.065809,15.453728,15.287945,15.203242,14.908343,14.620654
144	0	340	8.372612	198,220,279,271,264,311,58,720	18.688387,16.712471,16.094135,15.059326,14.989047,14.974757,14.664609,14.149776
145	0	38	9.125884	198,220,58,271,279,720,334,40	19.712358,15.762546,15.742141,15.719905,15.212364,14.885184,14.716328,14.713829
146	0	2898	11.683654	198,220,271,279,58,720,311,334	18.483984,14.848643,14.835938,14.613304,14.284851,13.891152,13.649106,13.635823
147	0	12	6.205804	198,271,220,279,311,58,264,512	18.785648,15.729928,15.432827,15.312538,14.599888,14.357169,14.114326,13.636365
148	0	17	5.165818	198,220,279,16,720,334,58,264	18.100679,16.240309,15.793579,14.883003,14.757665,14.672672,14.662609,14.652753
149	0	426	10.642375	198,220,271,279,58,334,720,16	18.607412,15.169293,14.791093,14.660217,14.429181,13.926860,13.913936,13.907527
150	0	1777	11.639465	198,271,220,279,58,720,311,264	19.010302,15.648158,15.522079,15.174004,14.662313,14.416965,14.097843,14.081067
151	0	11460	16.711200	198,271,220,279,58,311,264,791	19.109068,15.771634,15.077728,14.928847,14.631187,14.091835,13.729276,13.638658
152	0	320	8.200348	198,220,279,271,58,311,264,512	18.947655,16.067625,15.441470,15.432124,15.178970,14.525261,14.288803,14.248647
153	0	83	7.968339	198,220,279,271,40,58,791,16	18.721544,15.217444,15.153217,14.989417,14.694210,14.486781,14.328110,14.046458
154	0	1609	12.582595	198,220,271,279,58,720,311,334	18.473696,14.966293,14.711540,14.685466,14.488208,13.935864,13.823070,13.742562
155	0	5963	13.910356	198,220,271,279,58,311,264,512	17.920662,14.914403,14.860793,14.487610,13.970609,13.818646,13.451210,13.318915
156	0	1680	12.626923	198,271,220,279,58,512,311,720	18.637657,15.740345,15.620883,14.962522,14.819667,14.406807,13.976298,13.949670
157	0	220	1.761993	198,220,279,720,264,311,58,334	17.485970,16.732714,15.716344,15.240952,14.944570,14.598839,14.303371,14.257523
158	0	16085	10.647049	198,220,279,271,16,58,40,311	18.250689,15.287849,15.045677,14.572598,14.436955,14.199806,13.979136,13.947886
159	0	17897	12.969287	198,220,271,279,58,720,311,264	18.369402,15.855550,14.814532,14.642956,14.331932,14.290115,13.870048,13.588830
160	0	198	0.347859	198,220,271,279,58,720,16,311	18.985975,15.883243,15.172938,14.751027,14.735030,14.502754,14.014981,13.919006
161	0	1688	8.859107	198,271,220,279,58,40,311,264	19.639872,15.719604,15.479648,15.359227,14.978844,14.531865,14.452054,14.150254
162	0	393	9.121919	198,220,279,264,271,720,58,311	17.560440,15.679268,15.572230,14.439148,14.356776,14.030121,13.909957,13.818710
163	0	2989	10.212157	198,271,220,279,58,720,311,264	18.440178,15.173088,15.026767,14.870655,14.310473,14.056671,13.810249,13.729793
164	0	71608	17.325201	198,271,279,220,58,311,264,998	18.623074,15.126038,14.820537,14.659729,14.167625,14.031272,13.596920,13.443573
165	0	15906	16.859590	198,220,271,58,279,720,16,311	18.902512,15.864959,15.451819,14.871600,14.340976,14.053051,13.866670,13.638443
166	0	28	7.958119	198,220,271,720,279,58,311,512	17.311903,15.762614,14.538529,14.291926,14.225812,14.207119,13.857295,13.575978
167	0	12378	11.847533	198,220,279,58,720,271,16,334	18.711855,15.749210,14.893743,14.651469,14.595689,14.577748,14.300298,13.781476
168	0	21	6.349752	198,220,271,58,279,720,334,16	19.007408,15.859431,15.353462,14.962341,14.679027,14.464336,14.393619,14.194667
169	0	420	8.696570	198,271,220,279,58,311,40,264	19.173853,15.435124,15.384856,15.020368,14.694774,14.077094,13.956401,13.905370
170	0	36508	14.486554	198,279,271,220,58,40,311,264	19.398687,15.511882,15.470792,15.103108,14.715245,14.609706,14.366714,14.292122
171	0	220	2.147647	198,220,279,264,311,271,459,720	17.868437,16.687632,16.424612,15.367230,15.099383,14.739899,14.455630,14.420171
172	0	3076	8.854314	198,220,279,271,16,58,40,311	18.250689,15.287849,15.045677,14.572598,14.436955,14.199806,13.979136,13.947886
173	0	2536	13.412546	198,220,271,58,279,720,311,16	19.311491,15.977605,15.541009,14.944451,14.859901,14.201882,14.066129,13.861743
174	0	29352	16.249293	198,279,271,220,58,720,311,40	18.919374,15.304840,15.208678,15.055076,14.567052,14.370004,14.242604,14.203717
175	0	91719	14.480101	198,279,220,271,58,311,264,720	19.374533,16.334316,16.039827,15.464463,15.241676,15.141487,14.943730,14.582687
176	0	27855	15.316406	198,220,279,271,58,264,311,720	19.015732,16.649788,16.553076,15.821265,15.492004,15.390653,14.861263,14.806450
177	0	345	7.819525	198,271,220,279,58,311,512,16	19.675051,16.493036,15.950610,15.627338,15.547353,14.931478,14.764697,14.522491
178	0	19975	15.890846	198,220,58,271,279,40,720,16	20.292030,16.065641,15.949760,15.900617,15.666485,15.029284,14.863505,14.570846
179	0	2915	13.346292	198,220,279,271,311,264,12,58	18.102385,15.804310,15.638417,15.556880,14.998744,14.619006,14.453885,14.406853
180	0	49005	15.533801	198,279,220,271,311,264,58,1148	19.056198,15.900779,15.809852,15.570498,14.944156,14.773419,14.649177,14.527205
181	0	279	2.718238	198,220,279,264,271,311,1148,720	18.958746,16.964027,16.860548,15.460073,15.412716,15.140340,15.116809,15.100098
182	0	220	3.161556	198,279,220,271,264,1148,311,58	18.388184,16.168802,15.932210,15.077290,14.904941,14.630745,14.590632,14.054446
183	0	508	5.323376	198,220,279,271,16,58,40,311	18.250689,15.287849,15.045677,14.572598,14.436955,14.199806,13.979136,13.947886
184	0	11843	15.530812	198,220,271,58,279,16,720,334	19.376461,16.070858,15.498683,15.306373,15.169679,14.592072,14.564842,14.438130
185	0	3200	12.950785	198,220,279,271,58,998,72,311	18.592691,15.461654,15.159862,14.940112,14.266318,14.228395,14.072949,14.051842
186	0	16686	16.235260	198,220,279,271,311,58,264,720	18.053703,15.168418,15.005181,14.741223,14.202273,14.104472,13.820519,13.462257
187	0	315	8.085181	198,220,271,279,311,58,720,264	19.277403,16.199343,16.074127,15.921481,15.238090,15.126788,14.935616,14.752350
188	0	279	2.867868	198,279,220,271,264,1148,311,58	18.483400,16.350290,15.957248,15.147049,15.037265,14.870471,14.569901,14.244808
189	0	426	9.577761	198,279,220,271,264,1148,311,58	18.388184,16.168802,15.932210,15.077290,14.904941,14.630745,14.590632,14.054446
190	0	18	6.858714	198,271,220,279,58,720,311,264	19.010302,15.648158,15.522079,15.174004,14.662313,14.416965,14.097843,14.081067
191	0	4367	12.865851	198,220,271,279,58,16,311,334	19.028513,15.533034,15.394879,15.071177,14.972035,14.382680,14.175326,14.173611
192	0	18618	15.380754	198,271,279,220,311,58,1148,264	19.397898,16.243235,16.130888,15.353897,15.189479,14.854672,14.808963,14.734799
193	0	382	8.357929	198,220,279,311,271,264,720,58	18.140802,16.496401,16.352749,15.566742,15.514549,15.027257,14.501172,14.326157
194	0	2028	7.345653	198,271,40,791,58,220,279,3923	20.062592,16.835920,16.076345,15.900475,15.749535,15.739100,15.281644,15.172910
195	0	1052	14.930740	198,220,271,279,58,40,791,264	19.246008,15.604362,15.422351,15.296351,14.622704,14.537910,14.287892,14.253619
196	0	374	5.335291	198,279,220,271,311,264,58,720	18.838484,16.443655,16.038769,15.958560,15.498986,15.120347,15.029986,14.335298
197	0	1511	10.906909	198,279,220,271,264,311,58,1148	18.823517,16.096752,15.995412,15.304616,14.897952,14.714049,14.544384,14.524961
198	0	439	8.210592	198,279,220,311,271,264,58,1148	18.389799,16.262213,15.975560,15.241066,15.216962,14.893617,14.572403,14.185143
199	0	264	4.225054	198,279,220,271,264,1148,311,58	18.774799,16.493538,15.988980,15.404846,15.173472,15.000951,14.868922,14.434593
200	0	12790	16.694787	198,279,220,271,264,311,58,1148	18.721064,15.808098,15.645566,15.210580,14.680186,14.413066,14.376305,14.356364
201	0	369	7.456619	198,279,220,311,271,264,459,374	17.131887,15.729312,15.577109,14.867737,14.801548,14.579079,13.770396,13.546077
202	0	279	2.817311	198,279,220,264,271,311,1148,58	18.542938,16.392271,15.893806,15.083488,15.061806,14.726879,14.676885,14.513138
203	0	48275	15.677417	198,279,220,271,264,1148,311,58	18.388184,16.168802,15.932210,15.077290,14.904941,14.630745,14.590632,14.054446
204	0	45320	9.542833	198,220,279,271,311,264,58,459	18.016512,16.494852,15.741352,15.477395,14.800149,14.624537,14.154332,13.763125
205	0	85748	16.911737	198,220,271,58,279,12,334,512	17.700075,15.202245,14.623931,14.213669,13.625955,13.468475,13.465729,13.323291
206	0	6636	14.265081	198,220,279,271,311,58,264,720	17.843126,15.195786,14.858224,14.692558,13.997561,13.858287,13.732239,13.712944
207	0	74252	14.164504	198,279,220,271,311,58,264,512	18.203697,15.833629,15.642392,15.468666,14.872986,14.637271,14.613346,13.837456
208	0	488	12.637874	198,220,271,279,58,12,512,311	17.870153,14.941112,14.661666,14.098038,13.805516,13.642871,13.517326,13.447899
209	0	18618	15.991598	198,271,220,279,58,40,311,791	18.826344,15.718516,15.249026,15.230507,14.663800,14.340650,14.320178,14.162400
210	0	198	0.847185	198,220,279,311,271,264,720,58	18.140802,16.496401,16.352749,15.566742,15.514549,15.027257,14.501172,14.326157
211	0	8793	19.318084	198,271,220,279,58,40,311,264	19.639872,15.719604,15.479648,15.359227,14.978844,14.531865,14.452054,14.150254
212	0	82	5.533409	198,220,58,271,720,279,16,998	18.961578,15.930371,15.814336,15.482343,15.021199,14.665688,14.443179,14.303112
213	0	5640	16.878612	198,271,279,220,58,311,512,264	19.025810,15.224713,15.129593,14.891358,14.769623,14.292870,14.113303,13.993477
214	0	324	11.687204	198,220,279,271,58,311,720,264	19.111036,15.781860,15.555626,15.456056,14.801971,14.517220,14.484746,14.124748
215	0	754	10.290672	198,220,271,279,311,58,264,40	17.938292,14.962505,14.887566,14.881813,14.017945,13.826758,13.751203,13.312169
216	0	98166	17.516045	198,220,271,279,58,720,311,16	18.736759,15.494933,14.948097,14.620786,14.276883,13.998822,13.675503,13.641238
217	0	2253	14.942496	198,220,271,512,58,279,16,12	16.502296,14.171145,13.931076,13.730975,13.231771,12.912498,12.830277,12.800262
218	0	17	5.903108	198,220,271,58,279,334,720,16	18.513319,15.180293,14.782376,14.666974,14.332494,14.246857,14.208125,14.087467
219	0	68	8.050339	198,220,271,279,58,334,720,16	18.607412,15.169293,14.791093,14.660217,14.429181,13.926860,13.913936,13.907527
220	0	26721	17.037592	198,220,271,58,279,720,334,512	18.934259,15.109614,14.905178,14.590977,14.580083,13.979626,13.896604,13.821826
221	0	4390	12.510595	198,271,220,279,720,311,58,264	18.961042,15.774235,15.706340,15.275134,14.729604,14.593593,13.914950,13.707837
222	0	8780	11.842138	198,271,220,58,334,720,40,279	20.120598,16.280348,16.079268,15.907760,15.585614,15.418389,15.136386,14.886563
223	0	32905	12.243778	198,220,279,271,58,40,311,264	18.881926,15.481952,15.453706,15.317390,15.067299,14.405883,14.205563,14.164731
224	0	1005	10.034456	198,220,279,271,58,311,720,264	18.939760,15.823109,15.532590,15.397429,14.924404,14.757787,14.514565,14.388841
225	0	2011	9.730249	198,279,271,220,311,264,58,1148	18.664503,16.374735,15.694839,15.662034,15.040776,14.962504,14.815196,14.558685
226	0	14389	14.574334	198,220,279,311,271,264,1148,720	18.277983,16.086264,16.044352,15.124408,14.889804,14.761827,14.155090,14.146285
227	0	420	6.986875	198,279,220,271,264,311,1148,459	18.102440,16.664574,15.884327,15.387047,15.386989,15.149064,14.709373,14.597148
228	0	13844	15.459708	198,279,271,220,58,40,311,264	19.398687,15.511882,15.470792,15.103108,14.715245,14.609706,14.366714,14.292122
229	0	7866	14.235202	198,279,220,271,311,264,720,58	18.558462,15.956326,15.727178,15.502233,14.871770,14.602332,14.426595,14.227597
230	0	93314	14.167517	198,220,279,264,271,311,720,459	18.278831,16.923853,16.506578,14.994586,14.973905,14.678327,14.457824,14.285474
231	0	220	3.709735	198,220,271,279,311,720,58,264	19.376421,15.981781,15.895409,15.617936,14.633292,14.513227,14.449603,14.360888
232	0	18	5.606686	198,220,279,271,16,58,40,311	18.250689,15.287849,15.045677,14.572598,14.436955,14.199806,13.979136,13.947886
233	0	13	8.876778	198,220,271,279,58,16,311,334	19.028513,15.533034,15.394879,15.071177,14.972035,14.382680,14.175326,14.173611
234	0	15	7.115166	198,220,271,279,40,791,58,264	19.050032,15.653148,15.549591,15.501243,14.712672,14.569303,14.540469,14.384938
235	0	63124	15.461454	198,220,271,279,58,311,720,16	19.163383,15.440769,15.238574,14.992724,14.760633,14.166672,14.049591,13.984569
236	0	382	8.905570	198,220,271,279,311,58,264,1148	19.014818,16.066252,15.883122,15.845403,15.329951,14.747262,14.583381,14.066196
237	0	284	12.109270	198,271,40,791,58,220,279,3923	20.062592,16.835920,16.076345,15.900475,15.749535,15.739100,15.281644,15.172910
238	0	8563	12.013221	198,220,279,720,264,311,271,58	18.027414,16.779369,15.814832,14.955400,14.734792,14.360188,14.328396,14.044576
239	0	426	9.548055	198,220,279,271,264,311,720,1148	17.959396,16.442461,15.834765,15.268372,14.735929,14.415851,14.249603,14.143796
240	0	11206	15.800479	198,271,220,279,58,720,311,264	19.010302,15.648158,15.522079,15.174004,14.662313,14.416965,14.097843,14.081067
241	0	466	8.750254	198,271,220,58,279,791,40,311	18.699945,15.176326,14.926884,14.702409,14.340840,14.116009,14.047283,13.381112
242	0	284	10.196139	198,279,220,271,311,264,58,720	18.018381,15.474505,15.314259,15.004749,14.418148,14.290421,14.129796,13.629609
243	0	720	3.829880	198,220,279,720,264,311,271,58	18.027414,16.779369,15.814832,14.955400,14.734792,14.360188,14.328396,14.044576
244	0	8563	13.099344	198,220,58,271,279,720,40,16	19.644581,16.411173,15.748935,15.623279,15.537326,15.111954,14.902740,14.701752
245	0	426	9.548055	198,220,279,271,264,311,720,1148	17.959396,16.442461,15.834765,15.268372,14.735929,14.415851,14.249603,14.143796
246	0	11206	15.800479	198,271,220,279,58,720,311,264	19.010302,15.648158,15.522079,15.174004,14.662313,14.416965,14.097843,14.081067
247	0	466	8.750254	198,271,220,58,279,791,40,311	18.699945,15.176326,14.926884,14.702409,14.340840,14.116009,14.047283,13.381112
248	0	374	5.633138	198,279,220,271,311,264,58,720	18.018381,15.474505,15.314259,15.004749,14.418148,14.290421,14.129796,13.629609
249	0	459	5.577682	198,279,220,271,264,311,58,1148	18.823517,16.096752,15.995412,15.304616,14.897952,14.714049,14.544384,14.524961
250	0	6498	9.784338	198,279,220,271,264,311,1148,40	18.613739,15.704251,15.482509,15.235103,14.537491,14.385997,14.336586,14.304864
251	0	4632	14.549051	198,220,279,271,311,264,720,58	18.524233,16.283972,16.217941,15.476349,15.153518,15.010597,14.703946,14.327973
252	0	1174	10.024875	198,279,220,271,311,264,1148,58	18.597490,16.418043,15.975068,15.628453,15.234731,14.950297,14.736596,14.569740
253	0	12707	14.938892	198,220,279,264,311,58,271,720	18.469376,16.581118,16.004969,14.708133,14.603971,14.530716,14.408016,14.266631
254	0	323	5.876961	198,279,271,220,311,1148,264,58	18.730833,16.079119,15.625590,15.475587,15.062718,14.809311,14.704479,14.421234
255	0	34596	13.468475	198,279,220,271,1148,264,311,358	18.770149,16.736853,16.100170,15.686004,15.442271,15.312279,15.139043,14.528687
256	0	12360	14.825507	198,279,220,271,311,264,58,1148	19.057268,16.250620,16.059006,16.033686,15.454762,14.983868,14.824883,14.774371
257	0	662	10.517239	198,279,220,271,311,58,264,512	18.474018,15.871343,15.771207,15.577362,15.091384,14.664098,14.552696,13.956352
258	0	1283	11.578313	198,220,279,271,58,311,720,264	19.187689,15.877475,15.488202,15.400669,14.810989,14.283669,14.198546,14.192630
259	0	1047	8.891024	198,220,279,271,264,311,720,58	18.359291,15.819080,15.639969,15.232468,14.476071,14.379478,14.309917,14.154305
260	0	264	4.464033	198,279,220,271,264,311,1148,58	19.130800,16.474569,15.986156,15.329310,15.178885,15.060329,15.057780,14.821228
261	0	8810	15.323854	198,279,220,271,264,311,58,1148	18.721064,15.808098,15.645566,15.210580,14.680186,14.413066,14.376305,14.356364
262	0	571	12.268095	198,279,220,311,271,264,1148,58	18.197067,16.236059,15.696541,15.320579,15.298173,14.910164,14.443523,14.264768
263	0	12	7.108908	198,271,220,279,720,311,58,998	18.773460,15.565183,15.517995,15.009201,14.335807,13.921852,13.809123,13.713809
264	0	31	10.861471	198,220,279,16,720,334,58,264	18.100679,16.240309,15.793579,14.883003,14.757665,14.672672,14.662609,14.652753
265	0	40500	15.027558	198,220,271,279,720,58,311,16	18.579206,15.338183,15.052930,14.774677,14.398976,13.964242,13.598842,13.574628
266	0	3560	12.140957	198,220,279,264,459,1148,311,271	16.854734,16.703222,16.535486,15.359390,14.971291,14.611153,14.567383,14.237022
267	0	389	9.941326	198,220,279,271,311,58,264,512	18.543518,15.634624,15.580207,15.277511,15.032018,14.448918,14.314887,13.939536
268	0	279	2.932435	198,279,220,271,264,311,1148,58	18.625669,16.368265,16.069803,15.198636,15.017250,14.742279,14.687381,14.343411
269	0	12707	13.815658	198,279,220,271,264,1148,311,58	18.388184,16.168802,15.932210,15.077290,14.904941,14.630745,14.590632,14.054446
270	0	4101	12.536914	198,279,271,220,311,1148,264,58	18.730833,16.079119,15.625590,15.475587,15.062718,14.809311,14.704479,14.421234
271	0	578	7.460881	198,271,220,58,279,40,311,512	19.484125,16.218569,16.043741,15.780225,15.499280,14.977506,14.771134,14.686213
272	0	8766	13.902522	198,220,279,271,264,720,311,1148	18.264307,16.209860,16.118322,15.195516,14.912827,14.637292,14.457492,14.343293
273	0	304	6.930131	198,220,279,271,264,311,1148,58	18.667444,16.573977,16.441339,15.844611,15.164042,15.113618,14.814097,14.712945
274	0	220	3.244478	198,279,220,264,271,311,1148,459	18.519064,16.574282,15.978887,15.188881,15.147481,15.061620,14.807334,14.060577
275	0	1049	6.848171	198,220,279,271,16,58,40,311	18.250689,15.287849,15.045677,14.572598,14.436955,14.199806,13.979136,13.947886
276	0	15	6.807008	198,220,271,279,58,720,311,16	19.120214,15.756775,15.449620,15.207475,14.706017,14.658938,14.207050,14.116932
277	0	662	10.281143	198,220,271,279,58,311,720,16	19.163383,15.440769,15.238574,14.992724,14.760633,14.166672,14.049591,13.984569
278	0	1115	9.068123	198,220,279,271,58,311,720,264	19.187689,15.877475,15.488202,15.400669,14.810989,14.283669,14.198546,14.192630
279	0	574	8.094689	198,279,220,271,264,311,40,58	19.307554,15.620992,15.586460,15.447327,14.454506,14.369601,14.327754,14.285683
280	0	8272	13.092695	198,279,220,271,264,1148,311,58	19.078413,16.655603,16.377253,15.447289,15.319794,15.279040,15.172610,14.622897
281	0	555	7.984930	198,220,279,271,311,58,264,1148	19.624487,16.512823,16.479004,15.690907,15.413180,15.087544,15.086629,15.061147
282	0	264	3.528346	198,220,279,264,311,271,1148,459	17.752638,16.837494,16.756388,15.429154,14.983307,14.965157,14.767909,14.517163
283	0	40500	14.170285	198,279,220,271,264,311,58,1148	18.721064,15.808098,15.645566,15.210580,14.680186,14.413066,14.376305,14.356364
284	0	3560	12.140957	198,220,279,264,459,1148,311,271	16.854734,16.703222,16.535486,15.359390,14.971291,14.611153,14.567383,14.237022
285	0	304	6.940816	198,220,279,271,311,58,264,512	18.543518,15.634624,15.580207,15.277511,15.032018,14.448918,14.314887,13.939536
286	0	279	2.649082	198,279,220,264,271,311,1148,459	18.519064,16.574282,15.978887,15.188881,15.147481,15.061620,14.807334,14.060577
287	0	1514	10.212116	198,279,220,271,264,1148,311,58	18.388184,16.168802,15.932210,15.077290,14.904941,14.630745,14.590632,14.054446
288	0	6385	12.471736	198,279,220,271,311,264,58,1148	18.677046,16.292635,15.522008,15.394477,15.216226,14.929699,14.561562,14.487525
289	0	2439	13.171939	198,220,279,271,264,311,720,12	17.361008,15.815721,15.742660,14.816792,14.517204,14.512161,14.224858,13.910767
290	0	5439	12.209805	198,220,279,271,311,58,264,40	18.641342,15.503293,15.445206,15.376485,14.631157,14.526044,14.252255,13.808936
291	0	555	7.305970	198,279,220,311,264,271,58,1148	18.774511,16.519119,16.307892,15.321221,15.213097,15.060189,14.709661,14.652073
292	0	22021	13.827645	198,220,279,264,311,271,1148,459	17.752638,16.837494,16.756388,15.429154,14.983307,14.965157,14.767909,14.517163
293	0	77023	15.507601	198,220,279,271,264,58,311,12	17.905807,15.487836,15.000417,14.943685,13.992784,13.976212,13.778239,13.687022
294	0	1174	9.360014	198,220,279,271,58,720,311,12	17.941574,15.826214,15.005563,14.828532,14.392810,14.217006,14.188095,14.038437
295	0	902	7.762919	198,220,279,264,311,58,271,720	18.469376,16.581118,16.004969,14.708133,14.603971,14.530716,14.408016,14.266631
296	0	574	8.004480	198,279,271,220,58,40,1148,311	19.647606,15.996010,15.704389,15.568639,15.013417,14.833982,14.794022,14.676007
297	0	10887	12.653610	198,279,220,271,264,1148,311,58	19.078413,16.655603,16.377253,15.447289,15.319794,15.279040,15.172610,14.622897
298	0	304	7.429241	198,220,279,271,58,311,264,1148	19.072056,16.087217,16.087183,15.221082,14.977429,14.963737,14.912543,14.321465
299	0	220	3.244478	198,279,220,264,271,311,1148,459	18.519064,16.574282,15.978887,15.188881,15.147481,15.061620,14.807334,14.060577
300	0	1049	6.848171	198,220,279,271,16,58,40,311	18.250689,15.287849,15.045677,14.572598,14.436955,14.199806,13.979136,13.947886
301	0	16	5.352631	198,220,271,279,58,720,311,16	19.120214,15.756775,15.449620,15.207475,14.706017,14.658938,14.207050,14.116932
302	0	520	6.829308	198,220,271,279,58,311,16,264	18.829189,15.477131,15.022128,14.968505,14.619458,14.106339,14.027806,13.916768
303	0	279	2.505137	198,279,220,264,311,271,1148,720	18.263655,16.544502,16.223249,15.160970,14.813289,14.802426,14.591531,14.433982
304	0	16591	13.795625	198,279,220,271,264,1148,311,58	18.388184,16.168802,15.932210,15.077290,14.904941,14.630745,14.590632,14.054446
305	0	7301	13.003676	198,220,279,271,264,311,1148,791	17.741068,15.721024,15.359699,15.253387,14.269313,14.113931,14.010772,13.944030
306	0	27315	16.528621	198,279,220,271,311,264,720,1148	18.209181,16.646955,16.396656,15.737137,15.399712,15.227239,14.664556,14.608597
307	0	662	10.464549	198,220,279,271,311,264,58,1148	19.152119,16.534933,16.215454,16.200535,15.343312,15.012276,14.831180,14.651935
308	0	1283	11.578313	198,220,279,271,58,311,720,264	19.187689,15.877475,15.488202,15.400669,14.810989,14.283669,14.198546,14.192630
309	0	1047	8.891024	198,220,279,271,264,311,720,58	18.359291,15.819080,15.639969,15.232468,14.476071,14.379478,14.309917,14.154305
310	0	264	4.464033	198,279,220,271,264,311,1148,58	19.130800,16.474569,15.986156,15.329310,15.178885,15.060329,15.057780,14.821228
311	0	8810	15.323854	198,279,220,271,264,311,58,1148	18.721064,15.808098,15.645566,15.210580,14.680186,14.413066,14.376305,14.356364
312	0	3560	11.976931	198,279,220,311,271,264,1148,58	18.197067,16.236059,15.696541,15.320579,15.298173,14.910164,14.443523,14.264768
313	0	304	6.940816	198,220,279,271,311,58,264,512	18.543518,15.634624,15.580207,15.277511,15.032018,14.448918,14.314887,13.939536
314	0	279	2.649082	198,279,220,264,271,311,1148,459	18.519064,16.574282,15.978887,15.188881,15.147481,15.061620,14.807334,14.060577
315	0	12707	13.815658	198,279,220,271,264,1148,311,58	18.388184,16.168802,15.932210,15.077290,14.904941,14.630745,14.590632,14.054446
316	0	4101	12.536914	198,279,271,220,311,1148,264,58	18.730833,16.079119,15.625590,15.475587,15.062718,14.809311,14.704479,14.421234
317	0	20819	14.249649	198,271,220,58,279,40,311,512	19.484125,16.218569,16.043741,15.780225,15.499280,14.977506,14.771134,14.686213
318	0	3842	9.970857	198,220,279,271,264,311,459,1148	17.637459,16.591272,16.560776,15.333351,15.233624,15.164355,14.543129,14.461713
319	0	1611	9.211382	198,220,279,271,264,311,1148,459	18.167498,16.356562,16.118553,15.414622,14.829816,14.708008,14.496335,14.165478
320	0	291	10.081388	198,220,279,271,720,58,12,264	17.779875,15.442348,14.443569,14.357071,14.334559,13.544892,13.447637,13.396375
321	0	304	7.145653	198,279,220,271,311,58,264,40	18.320074,15.544240,15.522023,14.915189,14.465289,14.460285,14.415580,13.732224
322	0	220	3.244478	198,279,220,264,271,311,1148,459	18.519064,16.574282,15.978887,15.188881,15.147481,15.061620,14.807334,14.060577
323	0	1049	6.848171	198,220,279,271,16,58,40,311	18.250689,15.287849,15.045677,14.572598,14.436955,14.199806,13.979136,13.947886
324	0	17	6.362426	198,220,271,279,58,720,311,16	19.120214,15.756775,15.449620,15.207475,14.706017,14.658938,14.207050,14.116932
325	0	662	10.128614	198,220,271,279,58,334,720,16	18.607412,15.169293,14.791093,14.660217,14.429181,13.926860,13.913936,13.907527
326	0	763	8.511311	198,220,279,271,58,311,720,264	19.187689,15.877475,15.488202,15.400669,14.810989,14.283669,14.198546,14.192630
327	0	220	3.446904	198,279,220,271,264,311,1148,791	18.667864,16.161835,15.832509,15.313606,14.864795,14.399895,14.399758,14.296199
328	0	1049	6.848171	198,220,279,271,16,58,40,311	18.250689,15.287849,15.045677,14.572598,14.436955,14.199806,13.979136,13.947886
329	0	19	7.484395	198,220,271,279,58,720,311,16	19.120214,15.756775,15.449620,15.207475,14.706017,14.658938,14.207050,14.116932
330	0	426	10.782517	198,220,271,279,58,311,16,720	18.976217,15.376607,15.313519,14.922067,14.628545,14.050197,13.926117,13.857280
331	0	11206	15.800479	198,271,220,279,58,720,311,264	19.010302,15.648158,15.522079,15.174004,14.662313,14.416965,14.097843,14.081067
332	0	466	8.750254	198,271,220,58,279,791,40,311	18.699945,15.176326,14.926884,14.702409,14.340840,14.116009,14.047283,13.381112
333	0	27212	13.692233	198,279,220,271,311,264,58,720	18.018381,15.474505,15.314259,15.004749,14.418148,14.290421,14.129796,13.629609
334	0	264	2.978438	198,279,220,264,311,459,271,477	16.045151,15.950794,15.354328,14.862247,14.711003,14.216834,13.793213,13.499709
335	0	3560	12.368504	198,279,220,271,264,311,58,1148	18.721064,15.808098,15.645566,15.210580,14.680186,14.413066,14.376305,14.356364
336	0	439	8.224324	198,220,279,271,311,58,264,512	18.543518,15.634624,15.580207,15.277511,15.032018,14.448918,14.314887,13.939536
337	0	330	5.939401	198,279,220,271,264,1148,311,58	18.774799,16.493538,15.988980,15.404846,15.173472,15.000951,14.868922,14.434593
338	0	29517	14.717109	198,279,271,220,40,791,58,311	18.923531,15.352718,15.193398,14.845150,14.826497,14.452580,14.317739,14.089030
339	0	330	5.987729	198,220,279,271,264,311,459,1148	17.537308,15.887593,15.784805,14.976143,14.703036,14.501624,14.000229,13.930827
340	0	304	8.014700	198,279,271,220,40,791,58,311	18.923531,15.352718,15.193398,14.845150,14.826497,14.452580,14.317739,14.089030
341	0	279	2.649082	198,279,220,264,271,311,1148,459	18.519064,16.574282,15.978887,15.188881,15.147481,15.061620,14.807334,14.060577
342	0	9417	14.415776	198,279,220,271,264,1148,311,58	18.388184,16.168802,15.932210,15.077290,14.904941,14.630745,14.590632,14.054446
343	0	330	6.943645	198,271,279,220,58,311,1148,40	19.685583,16.569019,16.172674,16.039568,15.308166,15.216456,15.077788,14.819859
344	0	71166	14.663543	198,279,271,220,40,791,58,311	18.923531,15.352718,15.193398,14.845150,14.826497,14.452580,14.317739,14.089030
345	0	364	9.061799	198,220,279,271,264,311,12,459	16.894201,15.580981,15.053929,14.427684,14.116554,14.057260,13.664948,13.551517
346	0	82	5.800963	198,279,271,220,40,791,58,1820	18.836586,15.128899,14.988826,14.777493,14.582068,14.262397,14.086727,13.867572
347	0	15457	14.856656	198,271,279,220,58,311,512,264	19.025810,15.224713,15.129593,14.891358,14.769623,14.292870,14.113303,13.993477
348	0	330	6.383389	198,220,271,279,311,58,264,720	19.097076,16.677870,16.313330,15.887877,14.981647,14.945043,14.798018,14.537917
349	0	315	8.705400	198,279,271,220,40,791,58,311	18.923531,15.352718,15.193398,14.845150,14.826497,14.452580,14.317739,14.089030
350	0	279	2.867868	198,279,220,271,264,1148,311,58	18.483400,16.350290,15.957248,15.147049,15.037265,14.870471,14.569901,14.244808
351	0	12707	13.815658	198,279,220,271,264,1148,311,58	18.388184,16.168802,15.932210,15.077290,14.904941,14.630745,14.590632,14.054446
352	0	4101	12.536914	198,279,271,220,311,1148,264,58	18.730833,16.079119,15.625590,15.475587,15.062718,14.809311,14.704479,14.421234
353	0	578	7.460881	198,271,220,58,279,40,311,512	19.484125,16.218569,16.043741,15.780225,15.499280,14.977506,14.771134,14.686213
354	0	5843	13.877000	198,220,279,271,264,720,311,1148	18.264307,16.209860,16.118322,15.195516,14.912827,14.637292,14.457492,14.343293
355	0	38725	16.983655	198,220,279,271,720,311,264,58	18.021183,15.860812,15.575378,14.650575,14.522636,14.424352,14.325820,14.113686
356	0	2652	11.367785	198,271,279,220,791,311,264,40	17.962893,15.491637,15.259338,15.242008,14.545461,14.158687,14.152561,14.121118
357	0	568	7.177305	198,220,279,58,720,271,311,264	19.457731,16.715754,16.055429,14.903916,14.834164,14.813183,14.811752,14.711158
358	0	59335	16.628571	198,279,220,271,40,58,311,1148	18.883223,15.776414,15.581680,15.379848,14.674329,14.583679,14.576438,14.508511
359	0	16662	14.085614	198,220,279,264,311,459,720,477	16.354666,16.071049,15.901921,14.910133,14.788502,14.343564,13.996959,13.684823
360	0	20142	15.656509	198,279,220,264,1148,271,311,459	18.561071,17.431662,16.524225,16.018705,15.704445,15.694446,15.596840,15.382709
361	0	4488	11.622994	198,279,220,271,311,58,264,1148	18.733343,16.029556,15.727658,15.679318,15.336774,14.758391,14.674861,14.097343
362	0	27191	15.443652	198,220,279,271,264,311,58,1148	17.889803,16.376390,15.931088,15.285422,14.682567,14.528659,13.991307,13.959801
363	0	323	6.044294	198,220,279,271,264,311,720,58	17.660284,15.498761,15.174085,14.395556,14.136684,14.061910,14.006424,13.894287
364	0	43423	12.888270	198,279,220,271,1148,264,311,358	18.770149,16.736853,16.100170,15.686004,15.442271,15.312279,15.139043,14.528687
365	0	15385	15.107032	198,220,271,279,58,311,264,791	18.321100,15.430359,15.084645,14.706622,14.261783,13.804898,13.669967,13.612465
366	0	18843	14.122690	198,220,271,279,720,58,311,998	17.423153,15.273948,14.598599,13.576756,13.166603,13.092045,13.008138,12.894177
367	0	662	10.519555	198,271,220,58,279,311,40,791	18.801714,15.909519,15.251071,14.821536,14.647026,13.867101,13.865337,13.833669
368	0	1283	11.578313	198,220,279,271,58,311,720,264	19.187689,15.877475,15.488202,15.400669,14.810989,14.283669,14.198546,14.192630
369	0	574	7.308337	198,220,279,271,264,311,720,58	18.359291,15.819080,15.639969,15.232468,14.476071,14.379478,14.309917,14.154305
370	0	6445	11.643121	198,279,220,271,264,1148,311,58	19.078413,16.655603,16.377253,15.447289,15.319794,15.279040,15.172610,14.622897
371	0	304	6.651742	198,279,220,311,264,271,58,459	17.900167,16.169807,15.577586,15.174438,14.723752,14.647639,14.125545,14.024902
372	0	279	2.649082	198,279,220,264,271,311,1148,459	18.519064,16.574282,15.978887,15.188881,15.147481,15.061620,14.807334,14.060577
373	0	220	3.161556	198,279,220,271,264,1148,311,58	18.388184,16.168802,15.932210,15.077290,14.904941,14.630745,14.590632,14.054446
374	0	1049	6.848171	198,220,279,271,16,58,40,311	18.250689,15.287849,15.045677,14.572598,14.436955,14.199806,13.979136,13.947886
375	0	20	6.070088	198,220,271,279,58,720,311,16	19.120214,15.756775,15.449620,15.207475,14.706017,14.658938,14.207050,14.116932
376	0	34596	15.488259	198,220,271,279,58,311,720,16	18.959612,15.285290,15.166988,14.827006,14.521924,13.972493,13.967967,13.886398
377	0	54248	16.206674	198,279,220,271,311,264,58,1148	19.057268,16.250620,16.059006,16.033686,15.454762,14.983868,14.824883,14.774371
378	0	315	7.590951	198,279,271,220,311,58,264,1148	19.224930,15.954226,15.825508,15.573260,15.320064,14.810661,14.714752,14.270058
379	0	279	2.867868	198,279,220,271,264,1148,311,58	18.483400,16.350290,15.957248,15.147049,15.037265,14.870471,14.569901,14.244808
380	0	26241	14.528864	198,279,220,271,264,1148,311,58	18.388184,16.168802,15.932210,15.077290,14.904941,14.630745,14.590632,14.054446
381	0	93401	14.863868	198,220,271,279,791,58,264,311	17.855257,15.380269,15.012611,14.929431,13.934109,13.836616,13.728551,13.697383
382	0	1514	10.655944	198,271,220,279,311,264,58,791	18.658211,15.697721,15.396675,15.389552,14.631625,14.165629,13.963910,13.855439
383	0	44662	14.247010	198,279,220,271,311,264,58,1148	18.677046,16.292635,15.522008,15.394477,15.216226,14.929699,14.561562,14.487525
384	0	50940	16.100864	198,220,279,271,264,311,720,459	17.269386,15.982025,15.440716,15.271053,14.387027,14.358447,13.636554,13.590408
385	0	1174	9.747046	198,220,279,271,12,58,720,264	17.274931,15.104161,14.024014,13.986966,13.593638,13.235248,13.153640,12.971921
386	0	902	7.762919	198,220,279,264,311,58,271,720	18.469376,16.581118,16.004969,14.708133,14.603971,14.530716,14.408016,14.266631
387	0	574	8.004480	198,279,271,220,58,40,1148,311	19.647606,15.996010,15.704389,15.568639,15.013417,14.833982,14.794022,14.676007
388	0	10887	12.653610	198,279,220,271,264,1148,311,58	19.078413,16.655603,16.377253,15.447289,15.319794,15.279040,15.172610,14.622897
389	0	520	6.096844	198,220,279,271,58,311,264,1148	19.072056,16.087217,16.087183,15.221082,14.977429,14.963737,14.912543,14.321465
390	0	279	2.505137	198,279,220,264,311,271,1148,720	18.263655,16.544502,16.223249,15.160970,14.813289,14.802426,14.591531,14.433982
391	0	46506	16.328009	198,279,220,271,264,1148,311,58	18.388184,16.168802,15.932210,15.077290,14.904941,14.630745,14.590632,14.054446
392	0	27315	17.198475	198,220,279,271,311,264,12,58	17.387465,16.006586,15.161716,14.778801,14.159024,14.082199,13.596065,13.534299
393	0	304	7.071148	198,220,279,271,311,264,58,1148	19.152119,16.534933,16.215454,16.200535,15.343312,15.012276,14.831180,14.651935
394	0	72098	17.346188	198,279,220,264,271,311,1148,459	18.519064,16.574282,15.978887,15.188881,15.147481,15.061620,14.807334,14.060577
395	0	323	5.531450	198,279,220,271,311,1148,264,459	18.611742,16.353998,16.048487,15.932240,15.345578,15.029294,15.016675,14.467232
396	0	279	2.770072	198,279,220,271,1148,264,311,358	18.770149,16.736853,16.100170,15.686004,15.442271,15.312279,15.139043,14.528687
397	0	11258	14.120326	198,279,220,271,264,1148,311,58	18.388184,16.168802,15.932210,15.077290,14.904941,14.630745,14.590632,14.054446
398	0	1291	11.192783	198,220,279,271,311,264,12,720	17.426050,15.810639,15.483951,14.755685,14.559554,14.457721,14.158849,14.153838
399	0	39520	16.970202	198,220,279,311,271,264,720,58	17.198153,15.693843,15.495773,14.577628,14.386791,14.303352,13.636025,13.525638
400	0	17367	14.764529	198,220,279,271,264,311,720,459	17.637028,16.374508,15.640602,15.562905,14.633771,14.632927,14.064647,13.922089
401	0	304	6.559441	198,220,279,271,311,264,720,58	17.798414,15.706229,15.625888,15.306987,14.788451,14.569692,14.059754,13.893229
402	0	7295	12.278750	198,279,220,264,271,311,1148,459	18.519064,16.574282,15.978887,15.188881,15.147481,15.061620,14.807334,14.060577
403	0	662	10.114409	198,279,220,271,311,264,1148,459	18.232821,16.455002,16.392412,15.583013,15.288937,15.230592,14.631214,14.563201
404	0	1283	11.578313	198,220,279,271,58,311,720,264	19.187689,15.877475,15.488202,15.400669,14.810989,14.283669,14.198546,14.192630
405	0	574	7.308337	198,220,279,271,264,311,720,58	18.359291,15.819080,15.639969,15.232468,14.476071,14.379478,14.309917,14.154305
406	0	15910	11.637297	198,279,220,271,264,1148,311,58	19.078413,16.655603,16.377253,15.447289,15.319794,15.279040,15.172610,14.622897
407	0	555	7.112499	198,279,220,311,264,271,58,512	17.718176,15.948926,15.673308,15.199445,14.730700,14.546227,14.145345,13.961448
408	0	3842	10.103563	198,220,279,264,311,271,1148,459	17.752638,16.837494,16.756388,15.429154,14.983307,14.965157,14.767909,14.517163
409	0	68573	14.948025	198,220,279,271,264,311,1148,459	18.167498,16.356562,16.118553,15.414622,14.829816,14.708008,14.496335,14.165478
410	0	323	5.068896	198,279,220,720,264,459,12,271	15.792038,15.178810,14.832596,14.435650,14.219159,13.841123,13.742332,13.682389
411	0	59335	15.939172	198,279,220,271,1148,264,311,358	18.770149,16.736853,16.100170,15.686004,15.442271,15.312279,15.139043,14.528687
412	0	16662	14.085614	198,220,279,264,311,459,720,477	16.354666,16.071049,15.901921,14.910133,14.788502,14.343564,13.996959,13.684823
413	0	7505	13.317725	198,279,220,264,1148,271,311,459	18.561071,17.431662,16.524225,16.018705,15.704445,15.694446,15.596840,15.382709
414	0	1254	12.134076	198,220,279,271,264,311,58,791	17.496908,15.625150,15.075107,14.632866,13.899739,13.842257,13.532494,13.473912
415	0	819	12.250545	198,271,220,279,720,998,72,66	17.615652,14.580327,14.362872,14.235936,13.955223,13.731312,13.470691,13.417649
416	0	675	13.342971	198,279,220,271,311,58,264,40	18.390388,15.228703,14.973263,14.956017,14.048462,14.010540,13.988227,13.838680
417	0	1174	9.936811	198,220,271,279,58,311,791,264	18.134516,14.986882,14.752500,14.706912,14.029640,13.683026,13.580132,13.566920
418	0	51075	16.465277	198,220,279,264,311,58,271,720	18.469376,16.581118,16.004969,14.708133,14.603971,14.530716,14.408016,14.266631
419	0	1901	10.844398	198,279,220,271,40,791,311,1148	18.438997,15.661990,15.641109,15.532483,14.434484,14.428538,14.421791,14.413850
420	0	12997	15.511802	198,220,279,271,720,311,58,264	17.807682,15.089081,14.729179,14.625459,14.153783,13.771187,13.532901,13.532704
421	0	1174	9.888525	198,220,271,279,58,311,264,791	18.395552,15.018340,14.865101,14.826320,14.037623,13.931328,13.706662,13.640625
422	0	14253	13.721167	198,220,279,264,311,58,271,720	18.469376,16.581118,16.004969,14.708133,14.603971,14.530716,14.408016,14.266631
423	0	18206	13.518652	198,220,279,271,311,264,1148,459	17.622637,15.600438,15.493257,15.293156,14.414223,14.353345,13.908535,13.784362
424	0	1174	9.114925	198,279,220,271,311,264,1148,459	17.726221,16.243464,15.955007,15.347725,15.153816,14.905377,14.485976,14.169702
425	0	56230	15.685230	198,220,279,264,311,58,271,720	18.469376,16.581118,16.004969,14.708133,14.603971,14.530716,14.408016,14.266631
426	0	24852	12.574945	198,279,220,311,271,264,459,720	17.057358,15.822835,15.518672,14.849271,14.717682,14.662853,14.038825,13.839993
427	0	417	9.904234	198,220,271,279,58,40,791,311	17.977999,15.344644,15.143482,14.471192,14.054370,13.765010,13.738312,13.526382
428	0	1174	9.830732	198,220,279,271,311,58,720,264	18.506104,15.340964,15.332046,14.957477,14.618602,14.500954,14.189659,14.155777
429	0	60410	15.110469	198,220,279,264,311,58,271,720	18.469376,16.581118,16.004969,14.708133,14.603971,14.530716,14.408016,14.266631
430	0	81764	16.231124	198,220,279,720,271,264,12,311	17.306387,15.824303,15.060483,14.476685,14.369359,14.159131,14.117638,14.100192
431	0	323	5.679650	198,220,279,271,264,720,311,12	17.314911,15.713077,14.929126,14.727937,14.122699,14.034055,13.975303,13.838826
432	0	68134	14.089778	198,279,220,271,1148,264,311,358	18.770149,16.736853,16.100170,15.686004,15.442271,15.312279,15.139043,14.528687
433	0	11166	13.114385	198,220,279,271,264,311,58,1148	18.096949,15.783890,15.301899,15.023197,14.204468,14.112531,13.868728,13.751203
434	0	662	10.173491	198,220,279,271,311,264,720,12	17.607077,15.909236,15.826714,15.140660,14.724816,14.644549,14.637235,14.131265
435	0	720	5.374903	198,220,279,271,58,311,720,264	19.187689,15.877475,15.488202,15.400669,14.810989,14.283669,14.198546,14.192630
436	0	763	8.672506	198,220,58,271,279,720,40,16	19.644581,16.411173,15.748935,15.623279,15.537326,15.111954,14.902740,14.701752
437	0	220	3.446904	198,279,220,271,264,311,1148,791	18.667864,16.161835,15.832509,15.313606,14.864795,14.399895,14.399758,14.296199
438	0	1049	6.848171	198,220,279,271,16,58,40,311	18.250689,15.287849,15.045677,14.572598,14.436955,14.199806,13.979136,13.947886
439	0	21	6.457580	198,220,271,279,58,720,311,16	19.120214,15.756775,15.449620,15.207475,14.706017,14.658938,14.207050,14.116932
440	0	1174	10.132689	198,271,220,279,58,311,40,264	19.173853,15.435124,15.384856,15.020368,14.694774,14.077094,13.956401,13.905370
441	0	426	9.456785	198,220,279,264,311,58,271,720	18.469376,16.581118,16.004969,14.708133,14.603971,14.530716,14.408016,14.266631
442	0	11206	15.800479	198,271,220,279,58,720,311,264	19.010302,15.648158,15.522079,15.174004,14.662313,14.416965,14.097843,14.081067
443	0	466	8.750254	198,271,220,58,279,791,40,311	18.699945,15.176326,14.926884,14.702409,14.340840,14.116009,14.047283,13.381112
444	0	59335	16.681694	198,279,220,271,311,264,58,720	18.018381,15.474505,15.314259,15.004749,14.418148,14.290421,14.129796,13.629609
445	0	16662	14.085614	198,220,279,264,311,459,720,477	16.354666,16.071049,15.901921,14.910133,14.788502,14.343564,13.996959,13.684823
446	0	1254	12.143390	198,279,220,264,1148,271,311,459	18.561071,17.431662,16.524225,16.018705,15.704445,15.694446,15.596840,15.382709
447	0	819	12.250545	198,271,220,279,720,998,72,66	17.615652,14.580327,14.362872,14.235936,13.955223,13.731312,13.470691,13.417649
448	0	675	13.342971	198,279,220,271,311,58,264,40	18.390388,15.228703,14.973263,14.956017,14.048462,14.010540,13.988227,13.838680
449	0	304	7.775151	198,220,271,279,58,311,791,264	18.134516,14.986882,14.752500,14.706912,14.029640,13.683026,13.580132,13.566920
450	0	279	2.649082	198,279,220,264,271,311,1148,459	18.519064,16.574282,15.978887,15.188881,15.147481,15.061620,14.807334,14.060577
451	0	1514	10.212116	198,279,220,271,264,1148,311,58	18.388184,16.168802,15.932210,15.077290,14.904941,14.630745,14.590632,14.054446
452	0	94836	19.164424	198,279,220,271,311,264,58,1148	18.677046,16.292635,15.522008,15.394477,15.216226,14.929699,14.561562,14.487525
453	0	5439	11.817430	198,220,279,271,311,264,720,58	18.036173,16.350908,15.777187,15.770671,14.966893,14.795558,14.141585,14.103019
454	0	555	7.305970	198,279,220,311,264,271,58,1148	18.774511,16.519119,16.307892,15.321221,15.213097,15.060189,14.709661,14.652073
455	0	4488	9.981213	198,220,279,264,311,271,1148,459	17.752638,16.837494,16.756388,15.429154,14.983307,14.965157,14.767909,14.517163
456	0	46207	17.486222	198,220,279,271,264,311,58,1148	17.889803,16.376390,15.931088,15.285422,14.682567,14.528659,13.991307,13.959801
457	0	28607	14.123009	198,220,279,271,264,311,58,12	17.917505,15.935361,15.603826,14.965405,14.442472,14.341176,14.003224,13.942928
458	0	662	9.586941	198,220,279,311,720,264,271,12	16.758955,15.666203,15.267987,14.564373,14.337967,14.193355,13.967941,13.339540
459	0	1283	11.578313	198,220,279,271,58,311,720,264	19.187689,15.877475,15.488202,15.400669,14.810989,14.283669,14.198546,14.192630
460	0	9922	13.748776	198,220,279,271,264,311,720,58	18.359291,15.819080,15.639969,15.232468,14.476071,14.379478,14.309917,14.154305
461	0	389	10.223518	198,220,279,271,311,264,58,1148	19.113670,16.347143,16.072521,15.057134,14.978183,14.839973,14.779691,14.292602
462	0	264	4.283450	198,279,220,271,264,311,1148,58	18.625669,16.368265,16.069803,15.198636,15.017250,14.742279,14.687381,14.343411
463	0	220	3.598522	198,279,220,271,264,311,58,1148	18.721064,15.808098,15.645566,15.210580,14.680186,14.413066,14.376305,14.356364
464	0	1049	6.848171	198,220,279,271,16,58,40,311	18.250689,15.287849,15.045677,14.572598,14.436955,14.199806,13.979136,13.947886
465	0	21	6.457580	198,220,271,279,58,720,311,16	19.120214,15.756775,15.449620,15.207475,14.706017,14.658938,14.207050,14.116932
466	0	9417	15.550807	198,271,220,279,58,311,40,264	19.173853,15.435124,15.384856,15.020368,14.694774,14.077094,13.956401,13.905370
467	0	315	6.991592	198,271,279,220,58,311,1148,40	19.685583,16.569019,16.172674,16.039568,15.308166,15.216456,15.077788,14.819859
468	0	279	2.867868	198,279,220,271,264,1148,311,58	18.483400,16.350290,15.957248,15.147049,15.037265,14.870471,14.569901,14.244808
469	0	12707	13.815658	198,279,220,271,264,1148,311,58	18.388184,16.168802,15.932210,15.077290,14.904941,14.630745,14.590632,14.054446
470	0	4101	12.536914	198,279,271,220,311,1148,264,58	18.730833,16.079119,15.625590,15.475587,15.062718,14.809311,14.704479,14.421234
471	0	1174	10.924307	198,271,220,58,279,40,311,512	19.484125,16.218569,16.043741,15.780225,15.499280,14.977506,14.771134,14.686213
472	0	54943	16.561283	198,220,279,264,311,58,271,720	18.469376,16.581118,16.004969,14.708133,14.603971,14.530716,14.408016,14.266631
473	0	1174	9.570695	198,220,279,311,271,264,459,1148	17.384640,16.594339,16.249565,15.383924,15.265405,15.147464,14.528598,14.018840
474	0	8272	13.390242	198,220,279,264,311,58,271,720	18.469376,16.581118,16.004969,14.708133,14.603971,14.530716,14.408016,14.266631
475	0	555	7.984930	198,220,279,271,311,58,264,1148	19.624487,16.512823,16.479004,15.690907,15.413180,15.087544,15.086629,15.061147
476	0	264	3.528346	198,220,279,264,311,271,1148,459	17.752638,16.837494,16.756388,15.429154,14.983307,14.965157,14.767909,14.517163
477	0	3560	12.368504	198,279,220,271,264,311,58,1148	18.721064,15.808098,15.645566,15.210580,14.680186,14.413066,14.376305,14.356364
478	0	304	6.940816	198,220,279,271,311,58,264,512	18.543518,15.634624,15.580207,15.277511,15.032018,14.448918,14.314887,13.939536
479	0	279	2.649082	198,279,220,264,271,311,1148,459	18.519064,16.574282,15.978887,15.188881,15.147481,15.061620,14.807334,14.060577
480	0	220	3.161556	198,279,220,271,264,1148,311,58	18.388184,16.168802,15.932210,15.077290,14.904941,14.630745,14.590632,14.054446
481	0	1049	6.848171	198,220,279,271,16,58,40,311	18.250689,15.287849,15.045677,14.572598,14.436955,14.199806,13.979136,13.947886
482	0	22	7.098142	198,220,271,279,58,720,311,16	19.120214,15.756775,15.449620,15.207475,14.706017,14.658938,14.207050,14.116932
483	0	34596	15.451720	198,271,220,279,58,311,40,264	19.173491,15.750352,15.668175,15.223363,14.837796,14.340179,14.220330,14.104583
484	0	5788	13.175594	198,279,220,271,311,264,58,1148	19.057268,16.250620,16.059006,16.033686,15.454762,14.983868,14.824883,14.774371
485	0	315	7.187466	198,279,271,220,311,264,58,1148	18.910406,16.140587,16.065435,15.621036,15.282016,14.871224,14.709767,14.475982
486	0	2650	7.707091	198,279,220,271,264,1148,311,58	18.483400,16.350290,15.957248,15.147049,15.037265,14.870471,14.569901,14.244808
487	0	311	4.796605	198,220,279,271,40,264,311,791	18.873747,16.174932,15.974079,15.787482,14.741927,14.717381,14.658692,14.554978
488	0	71727	17.681628	198,279,220,264,271,311,1148,58	18.400766,16.543175,16.128485,15.245259,15.200004,15.018268,14.793015,14.191047
489	0	15910	13.317989	198,271,220,279,791,40,58,3923	19.510708,16.333618,15.209380,15.204764,15.056638,15.039552,14.812547,14.415359
490	0	555	7.112499	198,279,220,311,264,271,58,512	17.718176,15.948926,15.673308,15.199445,14.730700,14.546227,14.145345,13.961448
491	0	28978	12.119516	198,220,279,264,311,271,1148,459	17.752638,16.837494,16.756388,15.429154,14.983307,14.965157,14.767909,14.517163
492	0	648	11.554739	198,220,271,279,58,720,311,12	17.996696,15.171435,14.424324,13.998604,13.572690,13.269382,13.220734,13.170718
493	0	432	9.973594	198,271,220,279,58,311,40,264	18.708498,15.491794,15.433618,15.134549,14.323642,14.153481,14.086968,13.995998
494	0	85534	17.524579	198,220,279,271,720,58,311,264	18.370005,15.382533,15.120827,14.978192,14.432849,14.160792,14.075751,13.979501
495	0	662	10.203944	198,220,271,279,58,311,720,264	18.730362,15.999146,15.909673,15.103415,14.878459,14.325604,14.309937,14.106296
496	0	2650	8.894541	198,220,279,271,58,311,720,264	19.187689,15.877475,15.488202,15.400669,14.810989,14.283669,14.198546,14.192630
497	0	311	4.796605	198,220,279,271,40,264,311,791	18.873747,16.174932,15.974079,15.787482,14.741927,14.717381,14.658692,14.554978
498	0	71727	17.681628	198,279,220,264,271,311,1148,58	18.400766,16.543175,16.128485,15.245259,15.200004,15.018268,14.793015,14.191047
499	0	574	8.386137	198,271,220,279,791,40,58,3923	19.510708,16.333618,15.209380,15.204764,15.056638,15.039552,14.812547,14.415359
500	0	10887	12.653610	198,279,220,271,264,1148,311,58	19.078413,16.655603,16.377253,15.447289,15.319794,15.279040,15.172610,14.622897
501	0	520	6.096844	198,220,279,271,58,311,264,1148	19.072056,16.087217,16.087183,15.221082,14.977429,14.963737,14.912543,14.321465
502	0	14409	13.510779	198,279,220,264,311,271,1148,720	18.263655,16.544502,16.223249,15.160970,14.813289,14.802426,14.591531,14.433982
503	0	27315	16.490576	198,279,220,271,311,264,459,1148	17.322691,16.204702,15.953267,15.537244,15.034574,14.994174,14.466189,14.057266
504	0	304	7.071148	198,220,279,271,311,264,58,1148	19.152119,16.534933,16.215454,16.200535,15.343312,15.012276,14.831180,14.651935
505	0	279	2.649082	198,279,220,264,271,311,1148,459	18.519064,16.574282,15.978887,15.188881,15.147481,15.061620,14.807334,14.060577
506	0	7295	11.999390	198,279,220,271,264,1148,311,58	18.388184,16.168802,15.932210,15.077290,14.904941,14.630745,14.590632,14.054446
507	0	85303	16.634474	198,279,220,271,311,264,1148,459	18.232821,16.455002,16.392412,15.583013,15.288937,15.230592,14.631214,14.563201
508	0	315	7.515335	198,220,279,271,264,311,720,58	17.860968,16.410812,15.820312,15.199364,14.732853,14.438343,14.361705,14.322206
509	0	473	10.636176	198,279,220,271,264,1148,311,58	18.483400,16.350290,15.957248,15.147049,15.037265,14.870471,14.569901,14.244808
510	0	43157	18.871067	198,271,220,279,720,58,311,264	18.267345,15.139759,14.943782,14.867127,14.025460,13.931272,13.838386,13.662463
511	0	44774	18.733441	198,279,220,271,311,264,58,374	18.154932,16.297979,16.131979,15.823649,15.461162,14.940716,14.383563,14.113811
512	0	323	5.906457	198,271,220,279,311,58,264,1148	18.729027,15.520204,15.381711,15.301747,14.555888,14.504724,14.222796,13.793362
513	0	48550	12.853853	198,279,220,271,1148,264,311,358	18.770149,16.736853,16.100170,15.686004,15.442271,15.312279,15.139043,14.528687
514	0	5721	12.935012	198,220,271,279,791,311,998,14428	16.480608,14.153999,13.862254,13.460597,12.939949,12.574516,12.532800,12.506446
515	0	662	9.932959	198,220,279,311,271,264,720,459	17.569265,16.119808,15.853011,14.877289,14.785451,14.707755,14.085069,13.804212
516	0	426	10.599302	198,220,279,271,58,311,720,264	19.187689,15.877475,15.488202,15.400669,14.810989,14.283669,14.198546,14.192630
517	0	11206	15.800479	198,271,220,279,58,720,311,264	19.010302,15.648158,15.522079,15.174004,14.662313,14.416965,14.097843,14.081067
518	0	466	8.750254	198,271,220,58,279,791,40,311	18.699945,15.176326,14.926884,14.702409,14.340840,14.116009,14.047283,13.381112
519	0	59335	16.681694	198,279,220,271,311,264,58,720	18.018381,15.474505,15.314259,15.004749,14.418148,14.290421,14.129796,13.629609
520	0	304	5.569828	198,220,279,264,311,459,720,477	16.354666,16.071049,15.901921,14.910133,14.788502,14.343564,13.996959,13.684823
521	0	1403	9.213380	198,279,220,264,271,311,1148,459	18.519064,16.574282,15.978887,15.188881,15.147481,15.061620,14.807334,14.060577
522	0	12631	16.157651	198,279,220,271,58,264,40,311	18.972397,15.923055,15.712791,15.353253,15.235316,14.771403,14.568199,14.494094
523	0	304	7.069839	198,279,220,271,311,58,264,1148	19.122980,16.205437,15.892961,15.857685,15.308132,14.982083,14.821057,14.512261
524	0	220	3.244478	198,279,220,264,271,311,1148,459	18.519064,16.574282,15.978887,15.188881,15.147481,15.061620,14.807334,14.060577
525	0	1049	6.848171	198,220,279,271,16,58,40,311	18.250689,15.287849,15.045677,14.572598,14.436955,14.199806,13.979136,13.947886
526	0	23	7.152100	198,220,271,279,58,720,311,16	19.120214,15.756775,15.449620,15.207475,14.706017,14.658938,14.207050,14.116932
527	0	1174	9.625321	198,271,220,279,58,311,264,40	18.903086,15.667102,15.521739,15.190548,14.558887,14.297400,13.992069,13.832771
528	0	6187	12.664345	198,220,279,264,311,58,271,720	18.469376,16.581118,16.004969,14.708133,14.603971,14.530716,14.408016,14.266631
529	0	4238	13.217531	198,220,279,271,264,311,58,1148	19.121912,16.729702,16.203560,16.161776,15.032529,15.004733,15.001889,14.537929
530	0	4997	13.503817	198,279,271,220,311,58,264,720	18.890125,15.566124,15.540324,15.457625,14.749927,14.701047,14.320107,14.238866
531	0	31304	13.854269	198,220,279,271,311,264,720,12	17.782400,15.523796,15.268341,14.930692,14.108787,13.989177,13.841423,13.789128
532	0	555	7.327458	198,220,279,271,311,264,58,374	18.040438,16.526596,15.819577,15.507703,15.118367,14.849457,14.359263,14.087578
533	0	57337	17.912618	198,220,279,264,311,271,1148,459	17.752638,16.837494,16.756388,15.429154,14.983307,14.965157,14.767909,14.517163
534	0	12366	13.612497	198,279,220,271,311,264,1148,459	17.888666,16.224411,15.821236,15.593440,15.287861,14.896152,14.548415,14.404262
535	0	2009	12.642573	198,220,279,311,264,271,720,12	16.949089,15.879967,15.662445,14.639656,14.552811,14.363923,13.985077,13.840924
536	0	546	12.629398	198,220,279,271,720,791,264,311	17.528803,15.285710,14.576023,14.484092,13.925031,13.385949,13.372169,13.195645
537	0	72	5.281506	198,220,279,271,58,311,720,998	18.086132,14.918054,14.908168,14.593492,14.065667,14.045929,13.708936,13.693489
538	0	1174	10.085578	198,271,220,279,58,720,512,311	18.915094,14.964124,14.927852,14.642616,14.587443,13.816974,13.798921,13.752660
539	0	323	5.862277	198,220,279,264,311,58,271,720	18.469376,16.581118,16.004969,14.708133,14.603971,14.530716,14.408016,14.266631
540	0	4418	10.140323	198,279,220,271,1148,264,311,358	18.770149,16.736853,16.100170,15.686004,15.442271,15.312279,15.139043,14.528687
541	0	798	10.231711	198,220,279,271,720,40,311,791	18.452301,15.505299,15.214474,15.188972,14.157239,14.079399,14.043897,13.987622
542	0	54275	17.305772	198,220,279,271,311,58,264,720	17.981546,15.632472,15.317504,15.254329,14.698745,14.511642,14.205701,14.091128
543	0	15910	12.238552	198,220,279,271,264,311,720,459	17.470201,16.259394,15.522224,14.852299,14.663121,14.421695,14.262601,14.043132
544	0	555	7.112499	198,279,220,311,264,271,58,512	17.718176,15.948926,15.673308,15.199445,14.730700,14.546227,14.145345,13.961448
545	0	12225	12.090623	198,220,279,264,311,271,1148,459	17.752638,16.837494,16.756388,15.429154,14.983307,14.965157,14.767909,14.517163
546	0	398	9.248613	198,220,271,58,720,279,791,40	17.841564,14.796539,14.369370,13.714569,13.611126,13.505024,13.101242,12.967090
547	0	89453	17.891057	198,279,220,271,311,264,58,1148	18.592323,15.625565,15.588088,15.259750,14.669652,14.509392,14.363225,14.143447
548	0	662	9.998758	220,198,279,311,264,459,477,720	15.056068,14.703725,14.600636,13.865105,13.647926,13.287761,13.170493,13.108780
549	0	763	8.511311	198,220,279,271,58,311,720,264	19.187689,15.877475,15.488202,15.400669,14.810989,14.283669,14.198546,14.192630
550	0	3297	10.885047	198,279,220,271,264,311,1148,791	18.667864,16.161835,15.832509,15.313606,14.864795,14.399895,14.399758,14.296199
551	0	220	1.765888	198,220,279,271,311,264,1148,720	18.633352,17.604834,16.423523,15.290726,15.232053,15.145282,14.605367,14.576598
552	0	1049	6.848171	198,220,279,271,16,58,40,311	18.250689,15.287849,15.045677,14.572598,14.436955,14.199806,13.979136,13.947886
553	0	23	7.152100	198,220,271,279,58,720,311,16	19.120214,15.756775,15.449620,15.207475,14.706017,14.658938,14.207050,14.116932
554	0	1174	9.625321	198,271,220,279,58,311,264,40	18.903086,15.667102,15.521739,15.190548,14.558887,14.297400,13.992069,13.832771
555	0	426	9.456785	198,220,279,264,311,58,271,720	18.469376,16.581118,16.004969,14.708133,14.603971,14.530716,14.408016,14.266631
556	0	11206	15.800479	198,271,220,279,58,720,311,264	19.010302,15.648158,15.522079,15.174004,14.662313,14.416965,14.097843,14.081067
557	0	466	8.750254	198,271,220,58,279,791,40,311	18.699945,15.176326,14.926884,14.702409,14.340840,14.116009,14.047283,13.381112
558	0	1903	9.565814	198,279,220,271,311,264,58,720	18.018381,15.474505,15.314259,15.004749,14.418148,14.290421,14.129796,13.629609
559	0	264	4.588443	198,279,220,271,311,264,58,1148	19.049431,16.310759,15.766484,15.479795,15.013565,14.959854,14.739560,14.557564
560	0	8810	15.323854	198,279,220,271,264,311,58,1148	18.721064,15.808098,15.645566,15.210580,14.680186,14.413066,14.376305,14.356364
561	0	11341	14.663985	198,279,220,311,271,264,1148,58	18.197067,16.236059,15.696541,15.320579,15.298173,14.910164,14.443523,14.264768
562	0	389	10.747286	198,271,220,279,58,311,40,512	19.356470,15.774579,15.475484,15.471866,15.166249,14.655255,14.450471,14.425319
563	0	264	4.283450	198,279,220,271,264,311,1148,58	18.625669,16.368265,16.069803,15.198636,15.017250,14.742279,14.687381,14.343411
564	0	1403	9.544565	198,279,220,271,264,311,58,1148	18.721064,15.808098,15.645566,15.210580,14.680186,14.413066,14.376305,14.356364
565	0	571	13.100368	198,279,220,271,58,264,40,311	18.972397,15.923055,15.712791,15.353253,15.235316,14.771403,14.568199,14.494094
566	0	12	7.108908	198,271,220,279,720,311,58,998	18.773460,15.565183,15.517995,15.009201,14.335807,13.921852,13.809123,13.713809
567	0	31	10.861471	198,220,279,16,720,334,58,264	18.100679,16.240309,15.793579,14.883003,14.757665,14.672672,14.662609,14.652753
568	0	961	9.359491	198,220,271,279,720,58,311,16	18.579206,15.338183,15.052930,14.774677,14.398976,13.964242,13.598842,13.574628
569	0	9417	15.294165	198,279,220,271,311,264,58,720	18.781998,16.137880,16.039940,15.444707,15.202909,14.831623,14.806519,14.388718
570	0	15952	14.457701	198,271,279,220,58,311,1148,40	19.685583,16.569019,16.172674,16.039568,15.308166,15.216456,15.077788,14.819859
571	0	315	8.062686	198,220,271,279,58,12,311,720	18.094042,15.767896,15.183566,14.987729,14.644814,14.392596,14.211090,14.056881
572	0	279	2.867868	198,279,220,271,264,1148,311,58	18.483400,16.350290,15.957248,15.147049,15.037265,14.870471,14.569901,14.244808
573	0	12707	13.815658	198,279,220,271,264,1148,311,58	18.388184,16.168802,15.932210,15.077290,14.904941,14.630745,14.590632,14.054446
574	0	4101	12.536914	198,279,271,220,311,1148,264,58	18.730833,16.079119,15.625590,15.475587,15.062718,14.809311,14.704479,14.421234
575	0	468	14.072678	198,271,220,58,279,40,311,512	19.484125,16.218569,16.043741,15.780225,15.499280,14.977506,14.771134,14.686213
576	0	1802	14.771152	198,220,271,279,720,58,311,264	18.515833,15.338913,15.259685,15.186816,14.387135,14.116849,14.093768,13.935626
577	0	279	3.118456	198,279,220,271,264,311,58,1148	18.549887,16.039244,15.978622,15.487027,14.855957,14.759192,14.564654,14.210750
578	0	15371	16.643354	198,279,220,271,264,1148,311,58	18.388184,16.168802,15.932210,15.077290,14.904941,14.630745,14.590632,14.054446
579	0	1174	9.828888	198,220,271,279,58,311,264,720	18.274885,15.899384,15.306355,14.983376,14.326365,14.158481,13.847195,13.838506
580	0	8272	13.390242	198,220,279,264,311,58,271,720	18.469376,16.581118,16.004969,14.708133,14.603971,14.530716,14.408016,14.266631
581	0	555	7.984930	198,220,279,271,311,58,264,1148	19.624487,16.512823,16.479004,15.690907,15.413180,15.087544,15.086629,15.061147
582	0	459	4.440337	198,220,279,264,311,271,1148,459	17.752638,16.837494,16.756388,15.429154,14.983307,14.965157,14.767909,14.517163
583	0	11341	14.766212	198,279,220,271,264,311,1148,40	18.613739,15.704251,15.482509,15.235103,14.537491,14.385997,14.336586,14.304864
584	0	389	10.747286	198,271,220,279,58,311,40,512	19.356470,15.774579,15.475484,15.471866,15.166249,14.655255,14.450471,14.425319
585	0	279	2.932435	198,279,220,271,264,311,1148,58	18.625669,16.368265,16.069803,15.198636,15.017250,14.742279,14.687381,14.343411
586	0	12707	13.815658	198,279,220,271,264,1148,311,58	18.388184,16.168802,15.932210,15.077290,14.904941,14.630745,14.590632,14.054446
587	0	4101	12.536914	198,279,271,220,311,1148,264,58	18.730833,16.079119,15.625590,15.475587,15.062718,14.809311,14.704479,14.421234
588	0	29878	19.977142	198,271,220,58,279,40,311,512	19.484125,16.218569,16.043741,15.780225,15.499280,14.977506,14.771134,14.686213
589	0	86493	16.941713	198,220,271,279,720,58,311,12	17.412436,15.081813,14.295666,14.037984,14.021069,13.595243,13.535004,13.260535
590	0	304	6.690486	198,271,279,220,311,58,264,512	18.502926,16.307814,16.015402,15.989131,15.326304,15.081471,14.841456,14.095211
591	0	6841	13.417884	198,279,220,264,271,311,1148,459	18.519064,16.574282,15.978887,15.188881,15.147481,15.061620,14.807334,14.060577
592	0	220	1.876294	198,220,279,271,311,264,1148,720	19.189293,17.898762,16.566839,15.910163,15.403468,15.304187,14.893695,14.796021
593	0	1049	6.848171	198,220,279,271,16,58,40,311	18.250689,15.287849,15.045677,14.572598,14.436955,14.199806,13.979136,13.947886
594	0	23	7.152100	198,220,271,279,58,720,311,16	19.120214,15.756775,15.449620,15.207475,14.706017,14.658938,14.207050,14.116932
595	0	662	10.031027	198,271,220,279,58,311,264,40	18.903086,15.667102,15.521739,15.190548,14.558887,14.297400,13.992069,13.832771
596	0	1283	11.578313	198,220,279,271,58,311,720,264	19.187689,15.877475,15.488202,15.400669,14.810989,14.283669,14.198546,14.192630
597	0	1047	8.891024	198,220,279,271,264,311,720,58	18.359291,15.819080,15.639969,15.232468,14.476071,14.379478,14.309917,14.154305
598	0	264	4.464033	198,279,220,271,264,311,1148,58	19.130800,16.474569,15.986156,15.329310,15.178885,15.060329,15.057780,14.821228
599	0	46350	15.218877	198,279,220,271,264,311,58,1148	18.721064,15.808098,15.645566,15.210580,14.680186,14.413066,14.376305,14.356364
600	0	3560	12.435679	198,220,279,271,311,264,1148,459	18.713219,16.753622,16.501245,15.608685,15.427867,15.219592,14.754570,14.629138
601	0	304	6.940816	198,220,279,271,311,58,264,512	18.543518,15.634624,15.580207,15.277511,15.032018,14.448918,14.314887,13.939536
602	0	5899	9.431890	198,279,220,264,271,311,1148,459	18.519064,16.574282,15.978887,15.188881,15.147481,15.061620,14.807334,14.060577
603	0	18243	16.351166	198,279,220,271,58,264,311,12	18.600760,15.972936,15.644704,15.174042,15.048251,14.820354,14.732941,14.444377
604	0	315	7.037321	198,271,220,279,58,311,264,1148	19.782068,16.477640,16.198298,16.161383,15.405720,15.378975,14.789139,14.773570
605	0	279	2.867868	198,279,220,271,264,1148,311,58	18.483400,16.350290,15.957248,15.147049,15.037265,14.870471,14.569901,14.244808
606	0	12707	13.815658	198,279,220,271,264,1148,311,58	18.388184,16.168802,15.932210,15.077290,14.904941,14.630745,14.590632,14.054446
607	0	4101	12.536914	198,279,271,220,311,1148,264,58	18.730833,16.079119,15.625590,15.475587,15.062718,14.809311,14.704479,14.421234
608	0	49922	17.828937	198,271,220,58,279,40,311,512	19.484125,16.218569,16.043741,15.780225,15.499280,14.977506,14.771134,14.686213
609	0	1919	11.464791	198,220,271,279,264,58,311,1148	19.193087,15.987039,15.771792,15.700503,14.491447,14.491345,14.452657,14.167537
610	0	304	7.656682	198,271,220,279,58,40,311,264	18.968916,15.510457,15.340793,15.096978,14.753118,14.294765,14.289726,14.042313
611	0	220	3.244478	198,279,220,264,271,311,1148,459	18.519064,16.574282,15.978887,15.188881,15.147481,15.061620,14.807334,14.060577
612	0	679	8.446230	198,220,279,271,16,58,40,311	18.250689,15.287849,15.045677,14.572598,14.436955,14.199806,13.979136,13.947886
613	0	15	6.721012	198,220,271,279,720,58,311,16	18.546942,15.887070,15.031994,14.967305,14.620452,14.154030,14.080726,13.811668
614	0	1174	9.935666	198,220,271,279,58,311,720,16	19.163383,15.440769,15.238574,14.992724,14.760633,14.166672,14.049591,13.984569
615	0	439	8.277636	198,220,279,264,311,58,271,720	18.469376,16.581118,16.004969,14.708133,14.603971,14.530716,14.408016,14.266631
616	0	330	5.939401	198,279,220,271,264,1148,311,58	18.774799,16.493538,15.988980,15.404846,15.173472,15.000951,14.868922,14.434593
617	0	735	11.367595	198,279,271,220,40,791,58,311	18.923531,15.352718,15.193398,14.845150,14.826497,14.452580,14.317739,14.089030
618	0	40608	14.962572	198,220,279,271,720,311,264,58	17.849855,15.248126,15.115097,15.090726,14.247207,14.030328,13.993645,13.826516
619	0	69168	17.870637	198,220,279,271,311,264,58,1148	18.369743,15.396385,15.180932,14.490590,14.044052,13.924876,13.770780,13.631058
620	0	330	6.467966	198,220,271,279,58,311,264,791	18.527067,15.793065,15.526061,15.248260,14.379143,14.354472,14.219319,14.129738
621	0	662	10.612768	198,279,271,220,40,791,58,311	18.923531,15.352718,15.193398,14.845150,14.826497,14.452580,14.317739,14.089030
622	0	426	10.599302	198,220,279,271,58,311,720,264	19.187689,15.877475,15.488202,15.400669,14.810989,14.283669,14.198546,14.192630
623	0	11206	15.800479	198,271,220,279,58,720,311,264	19.010302,15.648158,15.522079,15.174004,14.662313,14.416965,14.097843,14.081067
624	0	466	8.750254	198,271,220,58,279,791,40,311	18.699945,15.176326,14.926884,14.702409,14.340840,14.116009,14.047283,13.381112
625	0	59335	16.681694	198,279,220,271,311,264,58,720	18.018381,15.474505,15.314259,15.004749,14.418148,14.290421,14.129796,13.629609
626	0	304	5.569828	198,220,279,264,311,459,720,477	16.354666,16.071049,15.901921,14.910133,14.788502,14.343564,13.996959,13.684823
627	0	279	2.649082	198,279,220,264,271,311,1148,459	18.519064,16.574282,15.978887,15.188881,15.147481,15.061620,14.807334,14.060577
628	0	220	3.161556	198,279,220,271,264,1148,311,58	18.388184,16.168802,15.932210,15.077290,14.904941,14.630745,14.590632,14.054446
629	0	679	8.446230	198,220,279,271,16,58,40,311	18.250689,15.287849,15.045677,14.572598,14.436955,14.199806,13.979136,13.947886
630	0	16	5.206321	198,220,271,279,720,58,311,16	18.546942,15.887070,15.031994,14.967305,14.620452,14.154030,14.080726,13.811668
631	0	4632	14.913707	198,220,271,279,58,311,16,264	18.829189,15.477131,15.022128,14.968505,14.619458,14.106339,14.027806,13.916768
632	0	25145	15.249212	198,279,220,271,311,264,1148,58	18.597490,16.418043,15.975068,15.628453,15.234731,14.950297,14.736596,14.569740
633	0	85375	18.492080	198,220,271,279,311,720,264,58	16.987520,14.936874,14.018735,13.947174,13.329831,13.142224,12.800915,12.657640
634	0	15910	12.826889	198,220,271,279,58,311,264,720	18.956076,16.081455,15.544995,15.524551,14.951758,14.889791,14.529590,14.132179
635	0	555	7.112499	198,279,220,311,264,271,58,512	17.718176,15.948926,15.673308,15.199445,14.730700,14.546227,14.145345,13.961448
636	0	12366	13.351139	198,220,279,264,311,271,1148,459	17.752638,16.837494,16.756388,15.429154,14.983307,14.965157,14.767909,14.517163
637	0	2009	12.642573	198,220,279,311,264,271,720,12	16.949089,15.879967,15.662445,14.639656,14.552811,14.363923,13.985077,13.840924
638	0	546	12.629398	198,220,279,271,720,791,264,311	17.528803,15.285710,14.576023,14.484092,13.925031,13.385949,13.372169,13.195645
639	0	72	5.281506	198,220,279,271,58,311,720,998	18.086132,14.918054,14.908168,14.593492,14.065667,14.045929,13.708936,13.693489
640	0	662	10.343288	198,271,220,279,58,720,512,311	18.915094,14.964124,14.927852,14.642616,14.587443,13.816974,13.798921,13.752660
641	0	720	5.374903	198,220,279,271,58,311,720,264	19.187689,15.877475,15.488202,15.400669,14.810989,14.283669,14.198546,14.192630
642	0	284	10.565745	198,220,58,271,279,720,40,16	19.644581,16.411173,15.748935,15.623279,15.537326,15.111954,14.902740,14.701752
643	0	284	9.168951	198,220,279,720,264,311,271,58	18.027414,16.779369,15.814832,14.955400,14.734792,14.360188,14.328396,14.044576
644	0	41576	15.364739	198,220,279,720,264,311,271,58	18.027414,16.779369,15.814832,14.955400,14.734792,14.360188,14.328396,14.044576
645	0	284	10.902411	198,220,271,279,311,264,58,1148	18.851801,16.464247,16.258232,16.065706,15.195918,15.000096,14.613912,14.378924
646	0	284	9.168951	198,220,279,720,264,311,271,58	18.027414,16.779369,15.814832,14.955400,14.734792,14.360188,14.328396,14.044576
647	0	720	3.829880	198,220,279,720,264,311,271,58	18.027414,16.779369,15.814832,14.955400,14.734792,14.360188,14.328396,14.044576
648	0	284	10.565745	198,220,58,271,279,720,40,16	19.644581,16.411173,15.748935,15.623279,15.537326,15.111954,14.902740,14.701752
649	0	284	9.168951	198,220,279,720,264,311,271,58	18.027414,16.779369,15.814832,14.955400,14.734792,14.360188,14.328396,14.044576
650	0	284	9.168951	198,220,279,720,264,311,271,58	18.027414,16.779369,15.814832,14.955400,14.734792,14.360188,14.328396,14.044576
651	0	220	2.005910	198,220,279,720,264,311,271,58	18.027414,16.779369,15.814832,14.955400,14.734792,14.360188,14.328396,14.044576
652	0	1049	6.848171	198,220,279,271,16,58,40,311	18.250689,15.287849,15.045677,14.572598,14.436955,14.199806,13.979136,13.947886
653	0	15	6.807008	198,220,271,279,58,720,311,16	19.120214,15.756775,15.449620,15.207475,14.706017,14.658938,14.207050,14.116932
654	0	1389	10.960893	198,220,271,279,58,311,720,16	19.163383,15.440769,15.238574,14.992724,14.760633,14.166672,14.049591,13.984569
655	0	220	3.069516	198,220,279,264,271,720,311,1148	19.279367,16.602331,16.170835,15.004879,14.878311,14.862953,14.754807,14.594750
656	0	1049	6.848171	198,220,279,271,16,58,40,311	18.250689,15.287849,15.045677,14.572598,14.436955,14.199806,13.979136,13.947886
657	0	20	6.070088	198,220,271,279,58,720,311,16	19.120214,15.756775,15.449620,15.207475,14.706017,14.658938,14.207050,14.116932
658	0	284	10.133920	198,220,271,279,58,311,720,16	18.959612,15.285290,15.166988,14.827006,14.521924,13.972493,13.967967,13.886398
659	0	284	9.168951	198,220,279,720,264,311,271,58	18.027414,16.779369,15.814832,14.955400,14.734792,14.360188,14.328396,14.044576
660	0	284	9.168951	198,220,279,720,264,311,271,58	18.027414,16.779369,15.814832,14.955400,14.734792,14.360188,14.328396,14.044576
661	0	720	3.829880	198,220,279,720,264,311,271,58	18.027414,16.779369,15.814832,14.955400,14.734792,14.360188,14.328396,14.044576
662	0	763	8.672506	198,220,58,271,279,720,40,16	19.644581,16.411173,15.748935,15.623279,15.537326,15.111954,14.902740,14.701752
663	0	220	3.446904	198,279,220,271,264,311,1148,791	18.667864,16.161835,15.832509,15.313606,14.864795,14.399895,14.399758,14.296199
664	0	1049	6.848171	198,220,279,271,16,58,40,311	18.250689,15.287849,15.045677,14.572598,14.436955,14.199806,13.979136,13.947886
665	0	15	6.807008	198,220,271,279,58,720,311,16	19.120214,15.756775,15.449620,15.207475,14.706017,14.658938,14.207050,14.116932
666	0	426	10.964711	198,220,271,279,58,311,720,16	19.163383,15.440769,15.238574,14.992724,14.760633,14.166672,14.049591,13.984569
667	0	11206	15.800479	198,271,220,279,58,720,311,264	19.010302,15.648158,15.522079,15.174004,14.662313,14.416965,14.097843,14.081067
668	0	466	8.750254	198,271,220,58,279,791,40,311	18.699945,15.176326,14.926884,14.702409,14.340840,14.116009,14.047283,13.381112
669	0	1047	8.808973	198,279,220,271,311,264,58,720	18.018381,15.474505,15.314259,15.004749,14.418148,14.290421,14.129796,13.629609
670	0	264	4.464033	198,279,220,271,264,311,1148,58	19.130800,16.474569,15.986156,15.329310,15.178885,15.060329,15.057780,14.821228
671	0	8810	15.323854	198,279,220,271,264,311,58,1148	18.721064,15.808098,15.645566,15.210580,14.680186,14.413066,14.376305,14.356364
672	0	571	12.268095	198,279,220,311,271,264,1148,58	18.197067,16.236059,15.696541,15.320579,15.298173,14.910164,14.443523,14.264768
673	0	12	7.108908	198,271,220,279,720,311,58,998	18.773460,15.565183,15.517995,15.009201,14.335807,13.921852,13.809123,13.713809
674	0	31	10.861471	198,220,279,16,720,334,58,264	18.100679,16.240309,15.793579,14.883003,14.757665,14.672672,14.662609,14.652753
675	0	40500	15.027558	198,220,271,279,720,58,311,16	18.579206,15.338183,15.052930,14.774677,14.398976,13.964242,13.598842,13.574628
676	0	3560	12.140957	198,220,279,264,459,1148,311,271	16.854734,16.703222,16.535486,15.359390,14.971291,14.611153,14.567383,14.237022
677	0	389	9.941326	198,220,279,271,311,58,264,512	18.543518,15.634624,15.580207,15.277511,15.032018,14.448918,14.314887,13.939536
678	0	279	2.932435	198,279,220,271,264,311,1148,58	18.625669,16.368265,16.069803,15.198636,15.017250,14.742279,14.687381,14.343411
679	0	12707	13.815658	198,279,220,271,264,1148,311,58	18.388184,16.168802,15.932210,15.077290,14.904941,14.630745,14.590632,14.054446
680	0	4101	12.536914	198,279,271,220,311,1148,264,58	18.730833,16.079119,15.625590,15.475587,15.062718,14.809311,14.704479,14.421234
681	0	578	7.460881	198,271,220,58,279,40,311,512	19.484125,16.218569,16.043741,15.780225,15.499280,14.977506,14.771134,14.686213
682	0	8766	13.902522	198,220,279,271,264,720,311,1148	18.264307,16.209860,16.118322,15.195516,14.912827,14.637292,14.457492,14.343293
683	0	2652	11.278042	198,220,279,271,264,311,1148,58	18.667444,16.573977,16.441339,15.844611,15.164042,15.113618,14.814097,14.712945
684	0	568	7.177305	198,220,279,58,720,271,311,264	19.457731,16.715754,16.055429,14.903916,14.834164,14.813183,14.811752,14.711158
685	0	45877	13.622879	198,279,220,271,40,58,311,1148	18.883223,15.776414,15.581680,15.379848,14.674329,14.583679,14.576438,14.508511
686	0	330	6.745012	198,279,220,271,1148,264,311,58	19.009958,15.928497,15.667506,15.310010,14.617970,14.582314,14.560880,14.342649
687	0	10016	12.824889	198,279,271,220,40,791,58,311	18.923531,15.352718,15.193398,14.845150,14.826497,14.452580,14.317739,14.089030
688	0	4366	10.711169	198,279,220,271,264,311,1148,791	18.172493,16.098955,16.069429,16.012514,14.798230,14.670331,14.590350,14.389270
689	0	894	11.240173	198,220,271,279,720,58,40,264	17.951849,15.311673,14.836540,14.525323,13.865573,13.728360,13.552924,13.495658
690	0	330	6.465716	198,271,220,279,311,58,264,40	18.587458,15.621181,15.484979,15.467967,14.535916,14.431488,14.326972,14.272986
691	0	304	8.014700	198,279,271,220,40,791,58,311	18.923531,15.352718,15.193398,14.845150,14.826497,14.452580,14.317739,14.089030
692	0	279	2.649082	198,279,220,264,271,311,1148,459	18.519064,16.574282,15.978887,15.188881,15.147481,15.061620,14.807334,14.060577
693	0	9417	14.415776	198,279,220,271,264,1148,311,58	18.388184,16.168802,15.932210,15.077290,14.904941,14.630745,14.590632,14.054446
694	0	1174	10.977570	198,271,279,220,58,311,1148,40	19.685583,16.569019,16.172674,16.039568,15.308166,15.216456,15.077788,14.819859
695	0	330	5.625682	198,220,279,264,311,58,271,720	18.469376,16.581118,16.004969,14.708133,14.603971,14.530716,14.408016,14.266631
696	0	763	8.797120	198,279,271,220,40,791,58,311	18.923531,15.352718,15.193398,14.845150,14.826497,14.452580,14.317739,14.089030
697	0	23088	16.677268	198,279,220,271,264,311,1148,791	18.667864,16.161835,15.832509,15.313606,14.864795,14.399895,14.399758,14.296199
698	0	43396	14.809675	198,220,279,271,311,264,720,459	17.234976,15.734695,15.595654,15.325152,14.867414,14.609192,13.857410,13.817146
699	0	330	6.992758	198,220,271,279,311,58,264,791	18.321711,15.818043,15.520135,15.296273,14.550389,14.418080,14.248031,14.118285
700	0	662	10.612768	198,279,271,220,40,791,58,311	18.923531,15.352718,15.193398,14.845150,14.826497,14.452580,14.317739,14.089030
701	0	426	10.599302	198,220,279,271,58,311,720,264	19.187689,15.877475,15.488202,15.400669,14.810989,14.283669,14.198546,14.192630
702	0	11206	15.800479	198,271,220,279,58,720,311,264	19.010302,15.648158,15.522079,15.174004,14.662313,14.416965,14.097843,14.081067
703	0	466	8.750254	198,271,220,58,279,791,40,311	18.699945,15.176326,14.926884,14.702409,14.340840,14.116009,14.047283,13.381112
704	0	59335	16.681694	198,279,220,271,311,264,58,720	18.018381,15.474505,15.314259,15.004749,14.418148,14.290421,14.129796,13.629609
705	0	439	7.670610	198,220,279,264,311,459,720,477	16.354666,16.071049,15.901921,14.910133,14.788502,14.343564,13.996959,13.684823
706	0	330	5.939401	198,279,220,271,264,1148,311,58	18.774799,16.493538,15.988980,15.404846,15.173472,15.000951,14.868922,14.434593
707	0	10016	12.824889	198,279,271,220,40,791,58,311	18.923531,15.352718,15.193398,14.845150,14.826497,14.452580,14.317739,14.089030
708	0	330	6.020765	198,279,220,271,264,311,1148,791	18.172493,16.098955,16.069429,16.012514,14.798230,14.670331,14.590350,14.389270
709	0	304	8.014700	198,279,271,220,40,791,58,311	18.923531,15.352718,15.193398,14.845150,14.826497,14.452580,14.317739,14.089030
710	0	279	2.649082	198,279,220,264,271,311,1148,459	18.519064,16.574282,15.978887,15.188881,15.147481,15.061620,14.807334,14.060577
711	0	1514	10.212116	198,279,220,271,264,1148,311,58	18.388184,16.168802,15.932210,15.077290,14.904941,14.630745,14.590632,14.054446
712	0	6385	12.471736	198,279,220,271,311,264,58,1148	18.677046,16.292635,15.522008,15.394477,15.216226,14.929699,14.561562,14.487525
713	0	2439	13.171939	198,220,279,271,264,311,720,12	17.361008,15.815721,15.742660,14.816792,14.517204,14.512161,14.224858,13.910767
714	0	5439	12.209805	198,220,279,271,311,58,264,40	18.641342,15.503293,15.445206,15.376485,14.631157,14.526044,14.252255,13.808936
715	0	555	7.305970	198,279,220,311,264,271,58,1148	18.774511,16.519119,16.307892,15.321221,15.213097,15.060189,14.709661,14.652073
716	0	22021	13.827645	198,220,279,264,311,271,1148,459	17.752638,16.837494,16.756388,15.429154,14.983307,14.965157,14.767909,14.517163
717	0	77023	15.507601	198,220,279,271,264,58,311,12	17.905807,15.487836,15.000417,14.943685,13.992784,13.976212,13.778239,13.687022
718	0	1174	9.360014	198,220,279,271,58,720,311,12	17.941574,15.826214,15.005563,14.828532,14.392810,14.217006,14.188095,14.038437
719	0	902	7.762919	198,220,279,264,311,58,271,720	18.469376,16.581118,16.004969,14.708133,14.603971,14.530716,14.408016,14.266631
720	0	574	8.004480	198,279,271,220,58,40,1148,311	19.647606,15.996010,15.704389,15.568639,15.013417,14.833982,14.794022,14.676007
721	0	10887	12.653610	198,279,220,271,264,1148,311,58	19.078413,16.655603,16.377253,15.447289,15.319794,15.279040,15.172610,14.622897
722	0	304	7.429241	198,220,279,271,58,311,264,1148	19.072056,16.087217,16.087183,15.221082,14.977429,14.963737,14.912543,14.321465
723	0	220	3.244478	198,279,220,264,271,311,1148,459	18.519064,16.574282,15.978887,15.188881,15.147481,15.061620,14.807334,14.060577
724	0	1049	6.848171	198,220,279,271,16,58,40,311	18.250689,15.287849,15.045677,14.572598,14.436955,14.199806,13.979136,13.947886
725	0	16	5.352631	198,220,271,279,58,720,311,16	19.120214,15.756775,15.449620,15.207475,14.706017,14.658938,14.207050,14.116932
726	0	520	6.829308	198,220,271,279,58,311,16,264	18.829189,15.477131,15.022128,14.968505,14.619458,14.106339,14.027806,13.916768
727	0	279	2.505137	198,279,220,264,311,271,1148,720	18.263655,16.544502,16.223249,15.160970,14.813289,14.802426,14.591531,14.433982
728	0	16591	13.795625	198,279,220,271,264,1148,311,58	18.388184,16.168802,15.932210,15.077290,14.904941,14.630745,14.590632,14.054446
729	0	7301	13.003676	198,220,279,271,264,311,1148,791	17.741068,15.721024,15.359699,15.253387,14.269313,14.113931,14.010772,13.944030
730	0	27315	16.528621	198,279,220,271,311,264,720,1148	18.209181,16.646955,16.396656,15.737137,15.399712,15.227239,14.664556,14.608597
731	0	662	10.464549	198,220,279,271,311,264,58,1148	19.152119,16.534933,16.215454,16.200535,15.343312,15.012276,14.831180,14.651935
732	0	362	9.327666	198,220,279,271,58,311,720,264	19.187689,15.877475,15.488202,15.400669,14.810989,14.283669,14.198546,14.192630
733	0	3477	10.115194	198,220,279,271,58,264,720,311	18.633680,15.649663,15.444283,15.366837,14.441208,14.388641,14.369273,14.280278
734	0	315	7.368028	198,279,220,271,311,58,264,1148	19.452539,16.732548,16.525040,16.425432,15.617023,15.451050,15.406848,15.226406
735	0	426	9.503298	198,279,220,271,264,1148,311,58	18.483400,16.350290,15.957248,15.147049,15.037265,14.870471,14.569901,14.244808
736	0	11206	15.800479	198,271,220,279,58,720,311,264	19.010302,15.648158,15.522079,15.174004,14.662313,14.416965,14.097843,14.081067
737	0	466	8.750254	198,271,220,58,279,791,40,311	18.699945,15.176326,14.926884,14.702409,14.340840,14.116009,14.047283,13.381112
738	0	364	9.407499	198,279,220,271,311,264,58,720	18.018381,15.474505,15.314259,15.004749,14.418148,14.290421,14.129796,13.629609
739	0	82	5.800963	198,279,271,220,40,791,58,1820	18.836586,15.128899,14.988826,14.777493,14.582068,14.262397,14.086727,13.867572
740	0	5178	13.760367	198,271,279,220,58,311,512,264	19.025810,15.224713,15.129593,14.891358,14.769623,14.292870,14.113303,13.993477
741	0	304	7.641851	198,271,279,58,220,40,311,791	19.953814,16.654747,16.019060,15.876756,15.673608,15.322412,15.182519,15.067632
742	0	578	6.543521	198,279,220,264,271,311,1148,459	18.519064,16.574282,15.978887,15.188881,15.147481,15.061620,14.807334,14.060577
743	0	22765	13.690656	198,220,279,271,264,720,311,1148	18.264307,16.209860,16.118322,15.195516,14.912827,14.637292,14.457492,14.343293
744	0	389	10.147326	198,220,279,271,264,311,58,720	18.365063,16.249033,15.578120,15.355630,14.419201,14.351173,14.062542,14.055011
745	0	7418	14.380590	198,279,220,271,264,311,1148,58	18.625669,16.368265,16.069803,15.198636,15.017250,14.742279,14.687381,14.343411
746	0	7633	10.588146	198,220,279,271,264,311,459,720	18.105755,17.219919,16.580278,15.588391,15.463542,15.337956,14.734324,14.689869
747	0	1461	9.442127	198,220,279,271,311,264,58,1148	19.134573,16.727142,16.639116,15.595197,15.564305,15.344212,14.907018,14.906402
748	0	439	8.004490	198,279,220,271,311,264,1148,58	19.017548,16.370846,16.034969,15.639989,15.447352,15.073359,14.907157,14.758279
749	0	330	5.939401	198,279,220,271,264,1148,311,58	18.774799,16.493538,15.988980,15.404846,15.173472,15.000951,14.868922,14.434593
750	0	77104	16.526343	198,279,271,220,40,791,58,311	18.923531,15.352718,15.193398,14.845150,14.826497,14.452580,14.317739,14.089030
751	0	95072	16.881522	198,279,220,271,311,264,1148,58	19.220726,15.957954,15.904381,15.582492,14.906054,14.706013,14.699420,14.458407
752	0	330	5.745300	198,279,220,264,311,459,271,1148	16.657251,15.714223,15.499317,14.563973,14.492175,14.079506,13.963420,13.599972
753	0	304	8.014700	198,279,271,220,40,791,58,311	18.923531,15.352718,15.193398,14.845150,14.826497,14.452580,14.317739,14.089030
754	0	279	2.649082	198,279,220,264,271,311,1148,459	18.519064,16.574282,15.978887,15.188881,15.147481,15.061620,14.807334,14.060577
755	0	3560	12.098466	198,279,220,271,264,1148,311,58	18.388184,16.168802,15.932210,15.077290,14.904941,14.630745,14.590632,14.054446
756	0	1174	10.416313	198,220,279,271,311,58,264,512	18.543518,15.634624,15.580207,15.277511,15.032018,14.448918,14.314887,13.939536
757	0	323	5.862277	198,220,279,264,311,58,271,720	18.469376,16.581118,16.004969,14.708133,14.603971,14.530716,14.408016,14.266631
758	0	568	6.084406	198,279,220,271,1148,264,311,358	18.770149,16.736853,16.100170,15.686004,15.442271,15.312279,15.139043,14.528687
759	0	4036	12.379053	198,279,220,271,40,58,311,1148	18.883223,15.776414,15.581680,15.379848,14.674329,14.583679,14.576438,14.508511
760	0	9200	13.461923	198,279,220,271,264,311,58,1148	19.080727,16.749479,16.594799,15.749095,15.560483,15.425242,15.038100,14.906966
761	0	8544	12.010547	198,279,220,271,311,264,58,1148	18.329531,15.762615,15.742488,15.524228,14.969228,14.486913,14.370444,14.350558
762	0	304	6.966911	198,279,220,271,311,264,58,1148	19.444931,16.627512,16.346237,16.339888,15.697427,15.292056,15.227374,14.988751
763	0	578	6.543521	198,279,220,264,271,311,1148,459	18.519064,16.574282,15.978887,15.188881,15.147481,15.061620,14.807334,14.060577
764	0	42769	18.155550	198,220,279,271,264,720,311,1148	18.264307,16.209860,16.118322,15.195516,14.912827,14.637292,14.457492,14.343293
765	0	1174	9.156677	198,279,220,271,311,264,1148,459	17.813967,15.976087,15.811516,15.556046,14.761672,14.743625,14.088052,14.044583
766	0	323	5.862277	198,220,279,264,311,58,271,720	18.469376,16.581118,16.004969,14.708133,14.603971,14.530716,14.408016,14.266631
767	0	57202	16.188856	198,279,220,271,1148,264,311,358	18.770149,16.736853,16.100170,15.686004,15.442271,15.312279,15.139043,14.528687
768	0	12028	14.017366	198,220,279,271,264,311,58,1148	18.938395,16.540157,16.208643,15.754205,15.106999,15.005036,14.695756,14.442819
769	0	662	10.802918	198,271,220,58,279,791,40,720	19.350874,16.149282,15.937474,15.335729,15.328553,14.584866,14.577764,14.138394
770	0	1283	11.578313	198,220,279,271,58,311,720,264	19.187689,15.877475,15.488202,15.400669,14.810989,14.283669,14.198546,14.192630
771	0	9922	13.748776	198,220,279,271,264,311,720,58	18.359291,15.819080,15.639969,15.232468,14.476071,14.379478,14.309917,14.154305
772	0	304	7.199777	198,220,279,271,311,264,58,1148	19.113670,16.347143,16.072521,15.057134,14.978183,14.839973,14.779691,14.292602
773	0	279	2.649082	198,279,220,264,271,311,1148,459	18.519064,16.574282,15.978887,15.188881,15.147481,15.061620,14.807334,14.060577
774	0	12707	13.815658	198,279,220,271,264,1148,311,58	18.388184,16.168802,15.932210,15.077290,14.904941,14.630745,14.590632,14.054446
775	0	4101	12.536914	198,279,271,220,311,1148,264,58	18.730833,16.079119,15.625590,15.475587,15.062718,14.809311,14.704479,14.421234
776	0	20819	14.249649	198,271,220,58,279,40,311,512	19.484125,16.218569,16.043741,15.780225,15.499280,14.977506,14.771134,14.686213
777	0	3842	9.970857	198,220,279,271,264,311,459,1148	17.637459,16.591272,16.560776,15.333351,15.233624,15.164355,14.543129,14.461713
778	0	1611	9.211382	198,220,279,271,264,311,1148,459	18.167498,16.356562,16.118553,15.414622,14.829816,14.708008,14.496335,14.165478
779	0	291	10.081388	198,220,279,271,720,58,12,264	17.779875,15.442348,14.443569,14.357071,14.334559,13.544892,13.447637,13.396375
780	0	304	7.145653	198,279,220,271,311,58,264,40	18.320074,15.544240,15.522023,14.915189,14.465289,14.460285,14.415580,13.732224
781	0	220	3.244478	198,279,220,264,271,311,1148,459	18.519064,16.574282,15.978887,15.188881,15.147481,15.061620,14.807334,14.060577
782	0	1049	6.848171	198,220,279,271,16,58,40,311	18.250689,15.287849,15.045677,14.572598,14.436955,14.199806,13.979136,13.947886
783	0	17	6.362426	198,220,271,279,58,720,311,16	19.120214,15.756775,15.449620,15.207475,14.706017,14.658938,14.207050,14.116932
784	0	439	9.030759	198,220,271,279,58,334,720,16	18.607412,15.169293,14.791093,14.660217,14.429181,13.926860,13.913936,13.907527
785	0	330	5.939401	198,279,220,271,264,1148,311,58	18.774799,16.493538,15.988980,15.404846,15.173472,15.000951,14.868922,14.434593
786	0	2758	12.974280	198,279,271,220,40,791,58,311	18.923531,15.352718,15.193398,14.845150,14.826497,14.452580,14.317739,14.089030
787	0	336	9.473062	198,220,279,264,311,271,720,459	17.378769,16.189976,16.159332,15.011421,14.947045,14.476085,14.104692,13.976337
788	0	1676	14.412907	198,220,279,271,311,264,58,720	17.909086,15.459849,14.985344,14.537633,14.249062,13.815163,13.730484,13.717177
789	0	1800	12.164919	198,220,271,279,791,720,58,40	17.853498,15.110295,14.640942,14.292249,13.808475,13.728012,13.593339,13.592599
790	0	425	14.105423	198,220,279,271,311,264,58,12	17.215506,15.556481,15.057601,14.436717,14.286803,13.949788,13.548485,13.133571
791	0	330	6.308270	198,220,279,271,58,311,720,264	18.911829,15.861369,15.545791,15.463272,14.791875,14.739151,14.604566,14.390720
792	0	304	8.014700	198,279,271,220,40,791,58,311	18.923531,15.352718,15.193398,14.845150,14.826497,14.452580,14.317739,14.089030
793	0	279	2.649082	198,279,220,264,271,311,1148,459	18.519064,16.574282,15.978887,15.188881,15.147481,15.061620,14.807334,14.060577
794	0	9417	14.415776	198,279,220,271,264,1148,311,58	18.388184,16.168802,15.932210,15.077290,14.904941,14.630745,14.590632,14.054446
795	0	330	6.943645	198,271,279,220,58,311,1148,40	19.685583,16.569019,16.172674,16.039568,15.308166,15.216456,15.077788,14.819859
796	0	31597	14.171856	198,279,271,220,40,791,58,311	18.923531,15.352718,15.193398,14.845150,14.826497,14.452580,14.317739,14.089030
797	0	64412	18.635119	198,220,279,271,264,311,459,720	17.821621,16.038446,15.876273,15.549614,14.768085,14.509006,14.280950,14.139565
798	0	72	5.752292	198,220,271,58,279,791,40,311	18.001703,15.556041,14.882627,14.021449,14.012723,13.554733,13.489739,13.423100
799	0	2301	13.085262	198,271,220,279,58,720,512,311	18.915094,14.964124,14.927852,14.642616,14.587443,13.816974,13.798921,13.752660
800	0	330	6.095680	198,220,279,271,311,264,58,720	17.830933,15.521144,15.333736,15.017505,14.826866,14.230584,13.938794,13.561337
801	0	1174	10.586041	198,279,271,220,40,791,58,311	18.923531,15.352718,15.193398,14.845150,14.826497,14.452580,14.317739,14.089030
802	0	323	5.862277	198,220,279,264,311,58,271,720	18.469376,16.581118,16.004969,14.708133,14.603971,14.530716,14.408016,14.266631
803	0	1047	8.457680	198,279,220,271,1148,264,311,358	18.770149,16.736853,16.100170,15.686004,15.442271,15.312279,15.139043,14.528687
804	0	264	4.464033	198,279,220,271,264,311,1148,58	19.130800,16.474569,15.986156,15.329310,15.178885,15.060329,15.057780,14.821228
805	0	3560	12.368504	198,279,220,271,264,311,58,1148	18.721064,15.808098,15.645566,15.210580,14.680186,14.413066,14.376305,14.356364
806	0	439	8.224324	198,220,279,271,311,58,264,512	18.543518,15.634624,15.580207,15.277511,15.032018,14.448918,14.314887,13.939536
807	0	264	4.225054	198,279,220,271,264,1148,311,58	18.774799,16.493538,15.988980,15.404846,15.173472,15.000951,14.868922,14.434593
808	0	2204	11.258431	198,279,220,271,264,311,58,1148	18.721064,15.808098,15.645566,15.210580,14.680186,14.413066,14.376305,14.356364
809	0	3752	13.214668	198,279,220,271,311,264,720,1148	18.761086,16.406826,15.822383,15.181788,15.103856,14.967555,14.710345,14.665732
810	0	330	6.708739	198,271,220,279,311,58,264,40	19.319921,15.865214,15.689452,15.661396,14.921922,14.918980,14.449844,14.246166
811	0	79479	15.011171	198,279,271,220,40,791,58,311	18.923531,15.352718,15.193398,14.845150,14.826497,14.452580,14.317739,14.089030
812	0	57493	14.507574	198,271,220,279,58,791,40,264	18.327070,15.457187,15.407390,15.009793,14.303684,14.087209,14.005712,13.918817
813	0	330	6.578116	198,271,220,279,58,311,264,791	18.690704,15.695497,15.611153,15.422642,14.518971,14.413654,14.315509,14.274940
814	0	389	10.617807	198,279,271,220,40,791,58,311	18.923531,15.352718,15.193398,14.845150,14.826497,14.452580,14.317739,14.089030
815	0	578	6.537554	198,279,220,271,264,311,1148,58	18.625669,16.368265,16.069803,15.198636,15.017250,14.742279,14.687381,14.343411
816	0	8766	13.902522	198,220,279,271,264,720,311,1148	18.264307,16.209860,16.118322,15.195516,14.912827,14.637292,14.457492,14.343293
817	0	662	10.360773	198,220,279,271,264,311,1148,58	18.667444,16.573977,16.441339,15.844611,15.164042,15.113618,14.814097,14.712945
818	0	720	5.374903	198,220,279,271,58,311,720,264	19.187689,15.877475,15.488202,15.400669,14.810989,14.283669,14.198546,14.192630
819	0	1283	11.992622	198,220,58,271,279,720,40,16	19.644581,16.411173,15.748935,15.623279,15.537326,15.111954,14.902740,14.701752
820	0	1047	8.891024	198,220,279,271,264,311,720,58	18.359291,15.819080,15.639969,15.232468,14.476071,14.379478,14.309917,14.154305
821	0	264	4.464033	198,279,220,271,264,311,1148,58	19.130800,16.474569,15.986156,15.329310,15.178885,15.060329,15.057780,14.821228
822	0	46350	15.218877	198,279,220,271,264,311,58,1148	18.721064,15.808098,15.645566,15.210580,14.680186,14.413066,14.376305,14.356364
823	0	3560	12.435679	198,220,279,271,311,264,1148,459	18.713219,16.753622,16.501245,15.608685,15.427867,15.219592,14.754570,14.629138
824	0	304	6.940816	198,220,279,271,311,58,264,512	18.543518,15.634624,15.580207,15.277511,15.032018,14.448918,14.314887,13.939536
825	0	220	3.244478	198,279,220,264,271,311,1148,459	18.519064,16.574282,15.978887,15.188881,15.147481,15.061620,14.807334,14.060577
826	0	1049	6.848171	198,220,279,271,16,58,40,311	18.250689,15.287849,15.045677,14.572598,14.436955,14.199806,13.979136,13.947886
827	0	18	6.634510	198,220,271,279,58,720,311,16	19.120214,15.756775,15.449620,15.207475,14.706017,14.658938,14.207050,14.116932
828	0	389	10.772055	198,220,271,279,58,16,311,334	19.028513,15.533034,15.394879,15.071177,14.972035,14.382680,14.175326,14.173611
829	0	1403	9.492199	198,279,220,271,264,311,1148,58	18.625669,16.368265,16.069803,15.198636,15.017250,14.742279,14.687381,14.343411
830	0	18243	16.020230	198,279,220,271,58,264,40,311	18.972397,15.923055,15.712791,15.353253,15.235316,14.771403,14.568199,14.494094
831	0	315	7.037321	198,271,220,279,58,311,264,1148	19.782068,16.477640,16.198298,16.161383,15.405720,15.378975,14.789139,14.773570
832	0	578	6.248711	198,279,220,271,264,1148,311,58	18.483400,16.350290,15.957248,15.147049,15.037265,14.870471,14.569901,14.244808
833	0	8766	13.902522	198,220,279,271,264,720,311,1148	18.264307,16.209860,16.118322,15.195516,14.912827,14.637292,14.457492,14.343293
834	0	1174	9.876214	198,220,279,271,264,311,1148,58	18.667444,16.573977,16.441339,15.844611,15.164042,15.113618,14.814097,14.712945
835	0	439	8.277636	198,220,279,264,311,58,271,720	18.469376,16.581118,16.004969,14.708133,14.603971,14.530716,14.408016,14.266631
836	0	3752	12.820155	198,279,220,271,264,1148,311,58	18.774799,16.493538,15.988980,15.404846,15.173472,15.000951,14.868922,14.434593
837	0	330	6.708739	198,271,220,279,311,58,264,40	19.319921,15.865214,15.689452,15.661396,14.921922,14.918980,14.449844,14.246166
838	0	58280	17.426978	198,279,271,220,40,791,58,311	18.923531,15.352718,15.193398,14.845150,14.826497,14.452580,14.317739,14.089030
839	0	8650	10.098628	198,220,279,264,311,720,12,271	16.859503,15.759318,15.609038,14.675519,14.615558,14.393819,14.238477,14.018883
840	0	330	5.771064	198,220,279,271,720,264,58,311	18.064962,16.357244,15.583194,15.417649,15.077088,14.704029,14.668597,14.494252
841	0	662	10.612768	198,279,271,220,40,791,58,311	18.923531,15.352718,15.193398,14.845150,14.826497,14.452580,14.317739,14.089030
842	0	763	8.511311	198,220,279,271,58,311,720,264	19.187689,15.877475,15.488202,15.400669,14.810989,14.283669,14.198546,14.192630
843	0	220	3.446904	198,279,220,271,264,311,1148,791	18.667864,16.161835,15.832509,15.313606,14.864795,14.399895,14.399758,14.296199
844	0	1049	6.848171	198,220,279,271,16,58,40,311	18.250689,15.287849,15.045677,14.572598,14.436955,14.199806,13.979136,13.947886
845	0	19	7.484395	198,220,271,279,58,720,311,16	19.120214,15.756775,15.449620,15.207475,14.706017,14.658938,14.207050,14.116932
846	0	426	10.782517	198,220,271,279,58,311,16,720	18.976217,15.376607,15.313519,14.922067,14.628545,14.050197,13.926117,13.857280
847	0	11206	15.800479	198,271,220,279,58,720,311,264	19.010302,15.648158,15.522079,15.174004,14.662313,14.416965,14.097843,14.081067
848	0	466	8.750254	198,271,220,58,279,791,40,311	18.699945,15.176326,14.926884,14.702409,14.340840,14.116009,14.047283,13.381112
849	0	27212	13.692233	198,279,220,271,311,264,58,720	18.018381,15.474505,15.314259,15.004749,14.418148,14.290421,14.129796,13.629609
850	0	264	2.978438	198,279,220,264,311,459,271,477	16.045151,15.950794,15.354328,14.862247,14.711003,14.216834,13.793213,13.499709
851	0	3560	12.368504	198,279,220,271,264,311,58,1148	18.721064,15.808098,15.645566,15.210580,14.680186,14.413066,14.376305,14.356364
852	0	439	8.224324	198,220,279,271,311,58,264,512	18.543518,15.634624,15.580207,15.277511,15.032018,14.448918,14.314887,13.939536
853	0	330	5.939401	198,279,220,271,264,1148,311,58	18.774799,16.493538,15.988980,15.404846,15.173472,15.000951,14.868922,14.434593
854	0	29517	14.717109	198,279,271,220,40,791,58,311	18.923531,15.352718,15.193398,14.845150,14.826497,14.452580,14.317739,14.089030
855	0	330	5.987729	198,220,279,271,264,311,459,1148	17.537308,15.887593,15.784805,14.976143,14.703036,14.501624,14.000229,13.930827
856	0	304	8.014700	198,279,271,220,40,791,58,311	18.923531,15.352718,15.193398,14.845150,14.826497,14.452580,14.317739,14.089030
857	0	279	2.649082	198,279,220,264,271,311,1148,459	18.519064,16.574282,15.978887,15.188881,15.147481,15.061620,14.807334,14.060577
858	0	9417	14.415776	198,279,220,271,264,1148,311,58	18.388184,16.168802,15.932210,15.077290,14.904941,14.630745,14.590632,14.054446
859	0	330	6.943645	198,271,279,220,58,311,1148,40	19.685583,16.569019,16.172674,16.039568,15.308166,15.216456,15.077788,14.819859
860	0	71166	14.663543	198,279,271,220,40,791,58,311	18.923531,15.352718,15.193398,14.845150,14.826497,14.452580,14.317739,14.089030
861	0	364	9.061799	198,220,279,271,264,311,12,459	16.894201,15.580981,15.053929,14.427684,14.116554,14.057260,13.664948,13.551517
862	0	82	5.800963	198,279,271,220,40,791,58,1820	18.836586,15.128899,14.988826,14.777493,14.582068,14.262397,14.086727,13.867572
863	0	15457	14.856656	198,271,279,220,58,311,512,264	19.025810,15.224713,15.129593,14.891358,14.769623,14.292870,14.113303,13.993477
864	0	330	6.383389	198,220,271,279,311,58,264,720	19.097076,16.677870,16.313330,15.887877,14.981647,14.945043,14.798018,14.537917
865	0	315	8.705400	198,279,271,220,40,791,58,311	18.923531,15.352718,15.193398,14.845150,14.826497,14.452580,14.317739,14.089030
866	0	279	2.867868	198,279,220,271,264,1148,311,58	18.483400,16.350290,15.957248,15.147049,15.037265,14.870471,14.569901,14.244808
867	0	12707	13.815658	198,279,220,271,264,1148,311,58	18.388184,16.168802,15.932210,15.077290,14.904941,14.630745,14.590632,14.054446
868	0	4101	12.536914	198,279,271,220,311,1148,264,58	18.730833,16.079119,15.625590,15.475587,15.062718,14.809311,14.704479,14.421234
869	0	578	7.460881	198,271,220,58,279,40,311,512	19.484125,16.218569,16.043741,15.780225,15.499280,14.977506,14.771134,14.686213
870	0	5843	13.877000	198,220,279,271,264,720,311,1148	18.264307,16.209860,16.118322,15.195516,14.912827,14.637292,14.457492,14.343293
871	0	38725	16.983655	198,220,279,271,720,311,264,58	18.021183,15.860812,15.575378,14.650575,14.522636,14.424352,14.325820,14.113686
872	0	2652	11.367785	198,271,279,220,791,311,264,40	17.962893,15.491637,15.259338,15.242008,14.545461,14.158687,14.152561,14.121118
873	0	568	7.177305	198,220,279,58,720,271,311,264	19.457731,16.715754,16.055429,14.903916,14.834164,14.813183,14.811752,14.711158
874	0	59335	16.628571	198,279,220,271,40,58,311,1148	18.883223,15.776414,15.581680,15.379848,14.674329,14.583679,14.576438,14.508511
875	0	16662	14.085614	198,220,279,264,311,459,720,477	16.354666,16.071049,15.901921,14.910133,14.788502,14.343564,13.996959,13.684823
876	0	20142	15.656509	198,279,220,264,1148,271,311,459	18.561071,17.431662,16.524225,16.018705,15.704445,15.694446,15.596840,15.382709
877	0	4488	11.622994	198,279,220,271,311,58,264,1148	18.733343,16.029556,15.727658,15.679318,15.336774,14.758391,14.674861,14.097343
878	0	27191	15.443652	198,220,279,271,264,311,58,1148	17.889803,16.376390,15.931088,15.285422,14.682567,14.528659,13.991307,13.959801
879	0	323	6.044294	198,220,279,271,264,311,720,58	17.660284,15.498761,15.174085,14.395556,14.136684,14.061910,14.006424,13.894287
880	0	43423	12.888270	198,279,220,271,1148,264,311,358	18.770149,16.736853,16.100170,15.686004,15.442271,15.312279,15.139043,14.528687
881	0	15385	15.107032	198,220,271,279,58,311,264,791	18.321100,15.430359,15.084645,14.706622,14.261783,13.804898,13.669967,13.612465
882	0	18843	14.122690	198,220,271,279,720,58,311,998	17.423153,15.273948,14.598599,13.576756,13.166603,13.092045,13.008138,12.894177
883	0	662	10.519555	198,271,220,58,279,311,40,791	18.801714,15.909519,15.251071,14.821536,14.647026,13.867101,13.865337,13.833669
884	0	426	10.599302	198,220,279,271,58,311,720,264	19.187689,15.877475,15.488202,15.400669,14.810989,14.283669,14.198546,14.192630
885	0	11206	15.800479	198,271,220,279,58,720,311,264	19.010302,15.648158,15.522079,15.174004,14.662313,14.416965,14.097843,14.081067
886	0	466	8.750254	198,271,220,58,279,791,40,311	18.699945,15.176326,14.926884,14.702409,14.340840,14.116009,14.047283,13.381112
887	0	59335	16.681694	198,279,220,271,311,264,58,720	18.018381,15.474505,15.314259,15.004749,14.418148,14.290421,14.129796,13.629609
888	0	439	7.670610	198,220,279,264,311,459,720,477	16.354666,16.071049,15.901921,14.910133,14.788502,14.343564,13.996959,13.684823
889	0	330	5.939401	198,279,220,271,264,1148,311,58	18.774799,16.493538,15.988980,15.404846,15.173472,15.000951,14.868922,14.434593
890	0	58090	14.325363	198,279,271,220,40,791,58,311	18.923531,15.352718,15.193398,14.845150,14.826497,14.452580,14.317739,14.089030
891	0	330	6.877670	198,220,279,271,58,264,311,720	18.744965,15.731968,15.296151,14.961339,14.424596,14.293698,14.206155,13.918704
892	0	1174	10.586041	198,279,271,220,40,791,58,311	18.923531,15.352718,15.193398,14.845150,14.826497,14.452580,14.317739,14.089030
893	0	304	7.146502	198,220,279,264,311,58,271,720	18.469376,16.581118,16.004969,14.708133,14.603971,14.530716,14.408016,14.266631
894	0	279	2.649082	198,279,220,264,271,311,1148,459	18.519064,16.574282,15.978887,15.188881,15.147481,15.061620,14.807334,14.060577
895	0	220	3.161556	198,279,220,271,264,1148,311,58	18.388184,16.168802,15.932210,15.077290,14.904941,14.630745,14.590632,14.054446
896	0	1049	6.848171	198,220,279,271,16,58,40,311	18.250689,15.287849,15.045677,14.572598,14.436955,14.199806,13.979136,13.947886
897	0	20	6.070088	198,220,271,279,58,720,311,16	19.120214,15.756775,15.449620,15.207475,14.706017,14.658938,14.207050,14.116932
898	0	34596	15.488259	198,220,271,279,58,311,720,16	18.959612,15.285290,15.166988,14.827006,14.521924,13.972493,13.967967,13.886398
899	0	54248	16.206674	198,279,220,271,311,264,58,1148	19.057268,16.250620,16.059006,16.033686,15.454762,14.983868,14.824883,14.774371
900	0	315	7.590951	198,279,271,220,311,58,264,1148	19.224930,15.954226,15.825508,15.573260,15.320064,14.810661,14.714752,14.270058
901	0	279	2.867868	198,279,220,271,264,1148,311,58	18.483400,16.350290,15.957248,15.147049,15.037265,14.870471,14.569901,14.244808
902	0	26241	14.528864	198,279,220,271,264,1148,311,58	18.388184,16.168802,15.932210,15.077290,14.904941,14.630745,14.590632,14.054446
903	0	93401	14.863868	198,220,271,279,791,58,264,311	17.855257,15.380269,15.012611,14.929431,13.934109,13.836616,13.728551,13.697383
904	0	1514	10.655944	198,271,220,279,311,264,58,791	18.658211,15.697721,15.396675,15.389552,14.631625,14.165629,13.963910,13.855439
905	0	44662	14.247010	198,279,220,271,311,264,58,1148	18.677046,16.292635,15.522008,15.394477,15.216226,14.929699,14.561562,14.487525
906	0	50940	16.100864	198,220,279,271,264,311,720,459	17.269386,15.982025,15.440716,15.271053,14.387027,14.358447,13.636554,13.590408
907	0	662	10.458381	198,220,279,271,12,58,720,264	17.274931,15.104161,14.024014,13.986966,13.593638,13.235248,13.153640,12.971921
908	0	1102	10.029623	198,220,279,271,58,311,720,264	19.187689,15.877475,15.488202,15.400669,14.810989,14.283669,14.198546,14.192630
909	0	574	7.974816	198,220,271,279,58,40,311,264	19.215887,15.710163,15.628281,15.599723,14.502506,14.489819,14.455430,14.432933
910	0	10887	12.653610	198,279,220,271,264,1148,311,58	19.078413,16.655603,16.377253,15.447289,15.319794,15.279040,15.172610,14.622897
911	0	520	6.096844	198,220,279,271,58,311,264,1148	19.072056,16.087217,16.087183,15.221082,14.977429,14.963737,14.912543,14.321465
912	0	279	2.505137	198,279,220,264,311,271,1148,720	18.263655,16.544502,16.223249,15.160970,14.813289,14.802426,14.591531,14.433982
913	0	46506	16.328009	198,279,220,271,264,1148,311,58	18.388184,16.168802,15.932210,15.077290,14.904941,14.630745,14.590632,14.054446
914	0	27315	17.198475	198,220,279,271,311,264,12,58	17.387465,16.006586,15.161716,14.778801,14.159024,14.082199,13.596065,13.534299
915	0	304	7.071148	198,220,279,271,311,264,58,1148	19.152119,16.534933,16.215454,16.200535,15.343312,15.012276,14.831180,14.651935
916	0	72098	17.346188	198,279,220,264,271,311,1148,459	18.519064,16.574282,15.978887,15.188881,15.147481,15.061620,14.807334,14.060577
917	0	1174	9.851589	198,279,220,271,311,1148,264,459	18.611742,16.353998,16.048487,15.932240,15.345578,15.029294,15.016675,14.467232
918	0	323	5.862277	198,220,279,264,311,58,271,720	18.469376,16.581118,16.004969,14.708133,14.603971,14.530716,14.408016,14.266631
919	0	279	2.770072	198,279,220,271,1148,264,311,358	18.770149,16.736853,16.100170,15.686004,15.442271,15.312279,15.139043,14.528687
920	0	11258	14.120326	198,279,220,271,264,1148,311,58	18.388184,16.168802,15.932210,15.077290,14.904941,14.630745,14.590632,14.054446
921	0	1291	11.192783	198,220,279,271,311,264,12,720	17.426050,15.810639,15.483951,14.755685,14.559554,14.457721,14.158849,14.153838
922	0	39520	16.970202	198,220,279,311,271,264,720,58	17.198153,15.693843,15.495773,14.577628,14.386791,14.303352,13.636025,13.525638
923	0	17367	14.764529	198,220,279,271,264,311,720,459	17.637028,16.374508,15.640602,15.562905,14.633771,14.632927,14.064647,13.922089
924	0	304	6.559441	198,220,279,271,311,264,720,58	17.798414,15.706229,15.625888,15.306987,14.788451,14.569692,14.059754,13.893229
925	0	7295	12.278750	198,279,220,264,271,311,1148,459	18.519064,16.574282,15.978887,15.188881,15.147481,15.061620,14.807334,14.060577
926	0	662	10.114409	198,279,220,271,311,264,1148,459	18.232821,16.455002,16.392412,15.583013,15.288937,15.230592,14.631214,14.563201
927	0	1283	11.578313	198,220,279,271,58,311,720,264	19.187689,15.877475,15.488202,15.400669,14.810989,14.283669,14.198546,14.192630
928	0	574	7.308337	198,220,279,271,264,311,720,58	18.359291,15.819080,15.639969,15.232468,14.476071,14.379478,14.309917,14.154305
929	0	15910	11.637297	198,279,220,271,264,1148,311,58	19.078413,16.655603,16.377253,15.447289,15.319794,15.279040,15.172610,14.622897
930	0	555	7.112499	198,279,220,311,264,271,58,512	17.718176,15.948926,15.673308,15.199445,14.730700,14.546227,14.145345,13.961448
931	0	3842	10.103563	198,220,279,264,311,271,1148,459	17.752638,16.837494,16.756388,15.429154,14.983307,14.965157,14.767909,14.517163
932	0	68573	14.948025	198,220,279,271,264,311,1148,459	18.167498,16.356562,16.118553,15.414622,14.829816,14.708008,14.496335,14.165478
933	0	323	5.068896	198,279,220,720,264,459,12,271	15.792038,15.178810,14.832596,14.435650,14.219159,13.841123,13.742332,13.682389
934	0	59335	15.939172	198,279,220,271,1148,264,311,358	18.770149,16.736853,16.100170,15.686004,15.442271,15.312279,15.139043,14.528687
935	0	16662	14.085614	198,220,279,264,311,459,720,477	16.354666,16.071049,15.901921,14.910133,14.788502,14.343564,13.996959,13.684823
936	0	7505	13.317725	198,279,220,264,1148,271,311,459	18.561071,17.431662,16.524225,16.018705,15.704445,15.694446,15.596840,15.382709
937	0	1254	12.134076	198,220,279,271,264,311,58,791	17.496908,15.625150,15.075107,14.632866,13.899739,13.842257,13.532494,13.473912
938	0	819	12.250545	198,271,220,279,720,998,72,66	17.615652,14.580327,14.362872,14.235936,13.955223,13.731312,13.470691,13.417649
939	0	675	13.342971	198,279,220,271,311,58,264,40	18.390388,15.228703,14.973263,14.956017,14.048462,14.010540,13.988227,13.838680
940	0	1174	9.936811	198,220,271,279,58,311,791,264	18.134516,14.986882,14.752500,14.706912,14.029640,13.683026,13.580132,13.566920
941	0	51075	16.465277	198,220,279,264,311,58,271,720	18.469376,16.581118,16.004969,14.708133,14.603971,14.530716,14.408016,14.266631
942	0	1901	10.844398	198,279,220,271,40,791,311,1148	18.438997,15.661990,15.641109,15.532483,14.434484,14.428538,14.421791,14.413850
943	0	12997	15.511802	198,220,279,271,720,311,58,264	17.807682,15.089081,14.729179,14.625459,14.153783,13.771187,13.532901,13.532704
944	0	1174	9.888525	198,220,271,279,58,311,264,791	18.395552,15.018340,14.865101,14.826320,14.037623,13.931328,13.706662,13.640625
945	0	14253	13.721167	198,220,279,264,311,58,271,720	18.469376,16.581118,16.004969,14.708133,14.603971,14.530716,14.408016,14.266631
946	0	18206	13.518652	198,220,279,271,311,264,1148,459	17.622637,15.600438,15.493257,15.293156,14.414223,14.353345,13.908535,13.784362
947	0	1174	9.114925	198,279,220,271,311,264,1148,459	17.726221,16.243464,15.955007,15.347725,15.153816,14.905377,14.485976,14.169702
948	0	56230	15.685230	198,220,279,264,311,58,271,720	18.469376,16.581118,16.004969,14.708133,14.603971,14.530716,14.408016,14.266631
949	0	24852	12.574945	198,279,220,311,271,264,459,720	17.057358,15.822835,15.518672,14.849271,14.717682,14.662853,14.038825,13.839993
950	0	417	9.904234	198,220,271,279,58,40,791,311	17.977999,15.344644,15.143482,14.471192,14.054370,13.765010,13.738312,13.526382
951	0	1174	9.830732	198,220,279,271,311,58,720,264	18.506104,15.340964,15.332046,14.957477,14.618602,14.500954,14.189659,14.155777
952	0	60410	15.110469	198,220,279,264,311,58,271,720	18.469376,16.581118,16.004969,14.708133,14.603971,14.530716,14.408016,14.266631
953	0	81764	16.231124	198,220,279,720,271,264,12,311	17.306387,15.824303,15.060483,14.476685,14.369359,14.159131,14.117638,14.100192
954	0	323	5.679650	198,220,279,271,264,720,311,12	17.314911,15.713077,14.929126,14.727937,14.122699,14.034055,13.975303,13.838826
955	0	68134	14.089778	198,279,220,271,1148,264,311,358	18.770149,16.736853,16.100170,15.686004,15.442271,15.312279,15.139043,14.528687
956	0	11166	13.114385	198,220,279,271,264,311,58,1148	18.096949,15.783890,15.301899,15.023197,14.204468,14.112531,13.868728,13.751203
957	0	662	10.173491	198,220,279,271,311,264,720,12	17.607077,15.909236,15.826714,15.140660,14.724816,14.644549,14.637235,14.131265
958	0	426	10.599302	198,220,279,271,58,311,720,264	19.187689,15.877475,15.488202,15.400669,14.810989,14.283669,14.198546,14.192630
959	0	11206	15.800479	198,271,220,279,58,720,311,264	19.010302,15.648158,15.522079,15.174004,14.662313,14.416965,14.097843,14.081067
960	0	466	8.750254	198,271,220,58,279,791,40,311	18.699945,15.176326,14.926884,14.702409,14.340840,14.116009,14.047283,13.381112
961	0	4036	12.467435	198,279,220,271,311,264,58,720	18.018381,15.474505,15.314259,15.004749,14.418148,14.290421,14.129796,13.629609
962	0	264	4.060850	198,279,220,271,264,311,58,1148	19.080727,16.749479,16.594799,15.749095,15.560483,15.425242,15.038100,14.906966
963	0	37849	13.771681	198,279,220,271,264,311,58,1148	18.721064,15.808098,15.645566,15.210580,14.680186,14.413066,14.376305,14.356364
964	0	3477	9.504529	198,220,279,311,271,264,720,1148	18.373938,16.045458,15.899581,14.952136,14.731328,14.711225,14.190578,14.094396
965	0	304	7.000821	198,279,220,271,311,58,264,1148	19.452539,16.732548,16.525040,16.425432,15.617023,15.451050,15.406848,15.226406
966	0	578	6.543521	198,279,220,264,271,311,1148,459	18.519064,16.574282,15.978887,15.188881,15.147481,15.061620,14.807334,14.060577
967	0	13690	12.472387	198,220,279,271,264,720,311,1148	18.264307,16.209860,16.118322,15.195516,14.912827,14.637292,14.457492,14.343293
968	0	49906	19.343242	198,220,279,271,264,311,720,459	17.953989,16.699005,16.163877,15.537201,15.046379,14.939655,14.650111,14.374283
969	0	551	9.980743	198,279,220,271,12,311,720,264	18.364046,15.587975,15.579623,15.574145,15.062278,14.680388,14.627309,14.467685
970	0	330	5.896772	198,220,279,271,720,311,264,58	18.641630,16.214342,15.736394,14.656769,14.648499,14.458579,14.457645,14.438881
971	0	578	7.109485	198,279,271,220,40,791,58,311	18.923531,15.352718,15.193398,14.845150,14.826497,14.452580,14.317739,14.089030
972	0	15718	10.823046	198,220,279,271,264,720,311,1148	18.264307,16.209860,16.118322,15.195516,14.912827,14.637292,14.457492,14.343293
973	0	374	5.089231	198,220,279,311,264,271,720,459	17.713930,16.145851,15.920152,15.236428,14.609634,14.470653,13.970036,13.889379
974	0	559	12.380171	198,279,220,271,264,311,58,1148	18.823517,16.096752,15.995412,15.304616,14.897952,14.714049,14.544384,14.524961
975	0	1683	10.805433	198,279,271,220,311,998,58,264	17.765602,14.777705,14.565556,14.453041,13.607516,13.524470,13.467014,13.382569
976	0	11559	14.424698	198,220,279,271,311,264,58,720	17.470144,15.213643,14.906512,14.548402,14.021358,13.887113,13.695332,13.461886
977	0	19428	13.018773	198,279,220,271,311,264,1148,58	18.968267,16.129335,15.601444,15.591179,15.006137,14.899918,14.675716,14.571130
978	0	1174	9.919600	198,279,220,271,311,264,1148,459	17.939123,15.856369,15.436134,14.784955,14.774274,14.572525,14.113833,13.853637
979	0	449	8.490806	198,220,279,264,311,58,271,720	18.469376,16.581118,16.004969,14.708133,14.603971,14.530716,14.408016,14.266631
980	0	53221	15.518762	198,279,220,264,271,311,1148,459	18.285009,16.782999,16.256470,15.511803,15.121808,15.025968,14.923241,14.519414
981	0	24601	15.756835	198,279,220,311,264,271,459,1148	17.385712,16.001638,15.627263,15.209094,14.627803,14.428542,14.122192,14.027081
982	0	505	10.179836	198,271,279,220,58,311,40,512	20.019403,16.217400,15.620204,15.513542,15.424294,15.013153,14.661705,14.620449
983	0	7505	13.744180	198,279,220,264,271,311,1148,58	18.724478,16.514359,16.450817,15.189777,15.170387,14.869039,14.637123,14.548163
984	0	1254	12.134076	198,220,279,271,264,311,58,791	17.496908,15.625150,15.075107,14.632866,13.899739,13.842257,13.532494,13.473912
985	0	819	12.250545	198,271,220,279,720,998,72,66	17.615652,14.580327,14.362872,14.235936,13.955223,13.731312,13.470691,13.417649
986	0	675	13.342971	198,279,220,271,311,58,264,40	18.390388,15.228703,14.973263,14.956017,14.048462,14.010540,13.988227,13.838680
987	0	320	8.135480	198,220,271,279,58,311,791,264	18.134516,14.986882,14.752500,14.706912,14.029640,13.683026,13.580132,13.566920
988	0	1457	11.624734	198,220,279,271,40,58,791,16	18.721544,15.217444,15.153217,14.989417,14.694210,14.486781,14.328110,14.046458
989	0	653	11.199723	198,279,220,271,311,264,1148,58	19.041998,16.429344,16.231379,15.481456,15.324773,15.078807,14.791026,14.753993
990	0	34551	13.129107	198,279,220,271,311,264,720,58	17.840549,15.114349,14.819154,14.505760,14.055751,13.784642,13.718170,13.680388
991	0	82585	17.814053	198,271,220,58,998,334,720,279	18.494215,14.665133,14.454015,14.332736,13.919247,13.714887,13.593043,13.487892
992	0	505	10.447033	198,271,220,279,58,311,40,791	19.028490,15.400815,15.285480,15.102908,14.835431,14.167218,14.076266,14.005004
993	0	813	7.122125	198,279,220,264,271,311,1148,58	18.724478,16.514359,16.450817,15.189777,15.170387,14.869039,14.637123,14.548163
994	0	5178	12.810321	198,279,220,271,264,311,1148,40	18.545744,16.037176,15.672874,15.169734,14.685763,14.634338,14.622207,14.339329
995	0	439	8.724514	198,271,279,58,220,40,311,791	19.953814,16.654747,16.019060,15.876756,15.673608,15.322412,15.182519,15.067632
996	0	54651	13.549192	198,279,220,271,264,1148,311,58	18.774799,16.493538,15.988980,15.404846,15.173472,15.000951,14.868922,14.434593
997	0	452	10.637950	198,220,279,271,311,58,264,791	18.814142,15.741799,15.393216,15.372622,14.413060,14.358148,14.214049,14.070996
998	0	15278	15.066608	198,271,220,279,720,58,311,264	18.294954,15.316864,15.243912,15.017704,14.332470,14.245633,13.996117,13.916377
999	0	364	10.330148	198,220,279,271,58,311,998,720	18.411140,14.682496,14.439435,14.410060,14.251945,13.753535,13.688506,13.504172
1000	0	82	5.800963	198,279,271,220,40,791,58,1820	18.836586,15.128899,14.988826,14.777493,14.582068,14.262397,14.086727,13.867572
1001	0	9777	15.755456	198,271,279,220,58,311,512,264	19.025810,15.224713,15.129593,14.891358,14.769623,14.292870,14.113303,13.993477
1002	0	1169	9.799126	198,220,271,279,58,720,12,311	18.106812,15.769561,14.867110,14.634210,14.233386,13.970523,13.853305,13.774709
1003	0	883	10.386481	198,279,220,311,271,264,58,1148	17.942591,15.991028,15.722584,14.843307,14.753144,14.736068,14.048503,13.999352
1004	0	1174	9.355590	198,220,279,58,720,271,311,264	18.910116,15.722341,15.229359,14.802258,14.761115,14.552098,14.387841,14.076190
1005	0	8563	11.751826	198,220,279,264,311,58,271,720	18.469376,16.581118,16.004969,14.708133,14.603971,14.530716,14.408016,14.266631
1006	0	426	9.548055	198,220,279,271,264,311,720,1148	17.959396,16.442461,15.834765,15.268372,14.735929,14.415851,14.249603,14.143796
1007	0	11206	15.800479	198,271,220,279,58,720,311,264	19.010302,15.648158,15.522079,15.174004,14.662313,14.416965,14.097843,14.081067
1008	0	466	8.750254	198,271,220,58,279,791,40,311	18.699945,15.176326,14.926884,14.702409,14.340840,14.116009,14.047283,13.381112
1009	0	1174	9.822699	198,279,220,271,311,264,58,720	18.018381,15.474505,15.314259,15.004749,14.418148,14.290421,14.129796,13.629609
1010	0	51075	16.465277	198,220,279,264,311,58,271,720	18.469376,16.581118,16.004969,14.708133,14.603971,14.530716,14.408016,14.266631
1011	0	1901	10.844398	198,279,220,271,40,791,311,1148	18.438997,15.661990,15.641109,15.532483,14.434484,14.428538,14.421791,14.413850
1012	0	12997	15.511802	198,220,279,271,720,311,58,264	17.807682,15.089081,14.729179,14.625459,14.153783,13.771187,13.532901,13.532704
1013	0	323	6.364353	198,220,271,279,58,311,264,791	18.395552,15.018340,14.865101,14.826320,14.037623,13.931328,13.706662,13.640625
1014	0	56230	15.193254	198,279,220,271,1148,264,311,358	18.770149,16.736853,16.100170,15.686004,15.442271,15.312279,15.139043,14.528687
1015	0	24852	12.574945	198,279,220,311,271,264,459,720	17.057358,15.822835,15.518672,14.849271,14.717682,14.662853,14.038825,13.839993
1016	0	417	9.904234	198,220,271,279,58,40,791,311	17.977999,15.344644,15.143482,14.471192,14.054370,13.765010,13.738312,13.526382
1017	0	662	10.293418	198,220,279,271,311,58,720,264	18.506104,15.340964,15.332046,14.957477,14.618602,14.500954,14.189659,14.155777
1018	0	330	6.334740	198,220,279,271,58,311,720,264	19.187689,15.877475,15.488202,15.400669,14.810989,14.283669,14.198546,14.192630
1019	0	578	7.109485	198,279,271,220,40,791,58,311	18.923531,15.352718,15.193398,14.845150,14.826497,14.452580,14.317739,14.089030
1020	0	25460	16.740378	198,220,279,271,264,720,311,1148	18.264307,16.209860,16.118322,15.195516,14.912827,14.637292,14.457492,14.343293
1021	0	10555	11.128070	198,279,220,271,311,264,459,720	17.362122,15.918056,15.744832,15.144684,14.883504,14.851420,14.156213,13.859078
1022	0	1174	9.694022	198,279,220,311,271,264,1148,58	18.307220,16.307133,16.006958,15.225924,15.183394,14.940524,14.540421,14.267394
1023	0	330	5.625682	198,220,279,264,311,58,271,720	18.469376,16.581118,16.004969,14.708133,14.603971,14.530716,14.408016,14.266631
