# arm	f32gpu
0	0	43205	18.413923	198,220,279,58,271,720,16,334	18.633774,15.722041,14.852368,14.660626,14.529719,14.493672,14.339978,13.816695
1	0	275	8.717358	198,271,220,279,311,791,998,14428	16.942085,14.520573,14.480596,13.980943,13.241071,13.176182,13.114131,12.910694
2	0	428	13.912034	198,279,220,271,311,58,264,512	18.244858,14.885712,14.857892,14.673671,14.143086,13.960935,13.730876,13.532529
3	0	12	5.733797	198,220,279,271,58,311,720,334	18.102091,15.104970,14.799886,14.755280,14.577599,14.140991,13.926789,13.606899
4	0	17	5.090474	198,220,279,16,720,334,264,58	17.962423,16.182930,15.737256,14.870091,14.674470,14.642589,14.606262,14.592705
5	0	3475	14.409138	198,220,271,58,279,16,334,720	18.812578,15.347720,14.934731,14.892779,14.746396,14.404778,14.158937,13.983752
6	0	76834	15.227249	198,220,279,271,58,264,311,720	18.273773,16.226891,16.072670,15.679940,14.871865,14.792877,14.783604,14.434178
7	0	80583	14.769005	198,271,220,279,311,58,264,720	18.357191,16.219049,16.165606,15.534336,14.881429,14.496711,14.385573,14.298088
8	0	3692	12.605226	198,220,720,58,271,334,279,40	19.026609,16.149635,15.267643,15.208829,14.904361,14.676735,14.097257,13.719009
9	0	257	9.165482	198,271,220,279,58,512,311,264	18.406052,15.819697,15.610504,15.244115,14.921794,14.371391,14.309647,14.108215
10	0	551	8.851485	198,220,279,720,58,264,311,16	17.875040,17.179029,15.963654,15.726165,15.031203,14.977534,14.914590,14.789657
11	0	3788	12.710489	198,220,279,271,58,720,311,264	18.887465,16.208870,15.709750,14.854477,14.638397,14.622299,14.438544,14.427322
12	0	1129	14.271111	198,220,271,279,720,58,311,264	19.374937,15.917812,15.558357,15.118480,14.702412,14.684522,14.449745,13.609761
13	0	71	6.960777	198,220,271,279,720,311,58,264	18.709047,15.572059,15.280651,15.218097,14.199691,14.050285,13.719394,13.637359
14	0	36368	15.743355	198,220,271,279,58,720,311,264	18.360291,14.878735,14.567912,14.560875,14.219196,13.746155,13.723892,13.469365
15	0	1594	12.314081	198,220,279,271,264,311,58,459	17.536661,16.152960,16.044550,14.867732,14.860248,14.776319,14.095859,13.957017
16	0	6973	18.672950	198,271,220,279,58,311,720,264	18.955887,15.518775,15.494560,15.357113,14.784131,14.516647,14.317340,14.112572
17	0	3529	15.713046	198,220,271,720,279,58,311,998	18.245836,15.203094,14.915790,14.554114,14.176884,14.047719,13.447639,13.061778
18	0	77749	17.408368	198,220,271,279,58,720,311,998	18.977509,15.841619,15.386933,15.350747,14.753787,14.495296,14.294597,13.920903
19	0	11628	17.884439	198,271,220,58,279,311,512,264	19.391724,16.635542,16.055841,15.846955,15.315343,14.715118,14.341915,14.217987
20	0	3916	16.387462	198,220,271,279,58,720,311,998	19.292597,15.930794,15.583424,15.262988,14.715627,14.587951,14.215861,13.897450
21	0	9009	12.257892	198,220,271,279,58,311,264,40	18.922012,15.668477,15.483277,15.452456,14.690704,14.597674,14.331798,13.953979
22	0	6458	15.180769	198,279,220,271,264,311,58,720	17.843710,15.936116,15.546273,14.931552,14.856294,14.806893,14.309123,14.033195
23	0	61503	17.694600	198,220,279,271,311,58,264,720	18.999851,15.914756,15.614661,15.264137,14.578210,14.385791,14.155614,14.080307
24	0	428	14.338820	198,220,279,311,271,264,720,12	16.088026,15.153974,14.078403,13.870862,13.779198,13.168183,13.012695,12.674785
25	0	198	0.539229	198,220,279,271,58,311,720,334	18.102091,15.104970,14.799886,14.755280,14.577599,14.140991,13.926789,13.606899
26	0	71684	15.972629	198,271,220,279,58,40,311,16	19.727762,15.780137,15.559371,15.395822,15.342702,14.883090,14.443416,14.435748
27	0	257	8.306168	198,220,271,279,264,58,720,334	16.035376,14.698148,13.876851,13.813344,13.148094,13.137460,13.136706,13.011228
28	0	551	8.851485	198,220,279,720,58,264,311,16	17.875040,17.179029,15.963654,15.726165,15.031203,14.977534,14.914590,14.789657
29	0	289	9.825464	198,220,279,271,58,720,311,264	18.887465,16.208870,15.709750,14.854477,14.638397,14.622299,14.438544,14.427322
30	0	61503	17.384913	198,220,271,279,58,311,720,40	18.721647,15.181035,15.172147,15.053822,14.548915,14.111203,14.054611,13.924062
31	0	428	14.338820	198,220,279,311,271,264,720,12	16.088026,15.153974,14.078403,13.870862,13.779198,13.168183,13.012695,12.674785
32	0	12	5.733797	198,220,279,271,58,311,720,334	18.102091,15.104970,14.799886,14.755280,14.577599,14.140991,13.926789,13.606899
33	0	17	5.090474	198,220,279,16,720,334,264,58	17.962423,16.182930,15.737256,14.870091,14.674470,14.642589,14.606262,14.592705
34	0	12	6.548899	198,220,271,58,279,16,334,720	18.812578,15.347720,14.934731,14.892779,14.746396,14.404778,14.158937,13.983752
35	0	1059	15.810981	198,220,279,16,720,334,264,58	17.962423,16.182930,15.737256,14.870091,14.674470,14.642589,14.606262,14.592705
36	0	8437	15.735336	198,220,271,58,279,311,998,720	18.266071,15.142819,14.735379,14.554371,14.495384,13.672227,13.547119,13.531970
37	0	16	5.546087	198,220,279,271,720,58,998,311	18.713915,15.856542,15.117211,14.779571,14.630825,14.517270,14.167847,14.141968
38	0	198	0.336142	198,220,271,279,58,311,16,264	18.852226,15.474106,15.033519,14.970981,14.595897,14.104907,14.015340,13.918342
39	0	20805	14.824045	198,271,220,279,58,40,311,16	19.727762,15.780137,15.559371,15.395822,15.342702,14.883090,14.443416,14.435748
40	0	415	10.104678	198,220,271,279,58,264,311,334	18.265753,15.503342,15.088723,15.073070,14.941342,13.997313,13.983968,13.895936
41	0	551	8.605489	198,220,279,720,264,271,311,58	18.284830,16.734627,16.005655,15.204914,14.835896,14.634131,14.610782,14.134789
42	0	1296	13.602874	198,220,279,271,58,720,311,264	18.887465,16.208870,15.709750,14.854477,14.638397,14.622299,14.438544,14.427322
43	0	320	7.672932	198,279,271,220,58,311,264,40	18.835443,16.088381,15.976996,15.657435,15.225307,14.987605,14.656166,14.562064
44	0	19305	13.205693	198,279,220,271,40,58,791,16	18.788969,15.074268,15.049923,14.956505,14.574801,14.430901,14.133147,14.028943
45	0	23	7.100871	198,220,271,279,58,720,311,264	18.610497,15.904065,15.216449,14.843303,14.412789,14.201378,14.107333,13.846840
46	0	7123	17.323171	198,271,220,279,58,311,264,40	19.008949,15.674862,15.488357,15.164617,14.627919,14.271183,13.976387,13.897720
47	0	340	8.096829	198,220,279,271,311,58,264,720	19.011847,16.484968,16.001425,15.452744,15.234703,15.219346,14.851428,14.501029
48	0	10028	12.961378	198,220,271,58,279,720,40,16	19.692514,15.773675,15.729497,15.727806,15.234577,14.790855,14.698298,14.695546
49	0	262	7.202180	198,220,271,279,311,720,264,58	18.567734,17.177912,15.601153,15.598195,15.302444,14.977176,14.709632,14.358493
50	0	551	8.821858	198,220,279,271,720,264,311,58	18.285660,16.468893,16.032896,15.014885,14.883697,14.858498,14.786410,14.036647
51	0	13844	14.147832	198,220,279,271,58,720,311,264	18.887465,16.208870,15.709750,14.854477,14.638397,14.622299,14.438544,14.427322
52	0	7866	14.293902	198,279,220,271,311,264,720,58	18.444616,16.017530,15.788671,15.459835,14.938535,14.656102,14.459847,14.108800
53	0	93314	14.043621	198,220,279,264,271,311,720,459	18.151838,16.952456,16.512104,15.002914,14.909753,14.685184,14.395020,14.314346
54	0	220	3.760039	198,220,271,279,311,58,720,264	19.369677,15.918742,15.846963,15.554317,14.606921,14.346412,14.343455,14.282475
55	0	18	5.594937	198,220,279,271,16,58,311,40	18.200583,15.290863,15.045789,14.543933,14.417670,14.175552,13.947650,13.904452
56	0	13	8.893482	198,220,271,279,58,16,334,40	19.047827,15.494367,15.324380,15.005248,14.972045,14.405398,14.223447,14.139114
57	0	15	7.074642	198,220,279,271,40,791,58,264	18.964512,15.629245,15.501163,15.495583,14.668094,14.542375,14.498921,14.387111
58	0	320	8.224211	198,220,271,279,58,311,720,16	19.217934,15.396083,15.235913,14.971485,14.774175,14.147156,13.996427,13.981500
59	0	2485	12.867529	198,279,220,271,40,58,791,16	18.788969,15.074268,15.049923,14.956505,14.574801,14.430901,14.133147,14.028943
60	0	1129	13.110946	198,220,720,271,279,58,311,512	18.659685,15.679023,14.848328,14.723976,14.363434,14.139569,14.046626,13.383334
61	0	86331	16.386518	198,220,271,279,720,311,58,264	18.709047,15.572059,15.280651,15.218097,14.199691,14.050285,13.719394,13.637359
62	0	2726	11.957879	198,220,271,279,720,311,264,459	18.490314,16.181931,15.008411,14.735168,14.526408,14.282784,13.380264,13.165074
63	0	7116	15.580279	198,220,271,279,720,311,58,264	18.905983,16.326704,15.628695,15.508769,14.980044,14.774219,14.494270,14.083836
64	0	68833	17.594734	198,220,279,271,720,311,264,459	19.021244,16.648748,15.699925,15.692142,15.080625,14.831061,13.921936,13.597973
65	0	1355	13.053253	198,220,279,271,311,264,720,998	18.321377,16.292448,15.880731,14.641922,14.441196,14.229608,14.145383,13.903451
66	0	64	5.673052	198,271,279,220,58,998,311,720	19.186214,15.185454,15.118022,15.001163,14.661236,14.243711,14.099258,14.018315
67	0	14	10.346793	198,220,279,271,58,311,264,720	18.374895,15.225749,14.795150,14.564652,14.227486,13.892471,13.799615,13.709969
68	0	18	5.898935	198,279,220,271,311,16,264,58	18.492476,15.751389,15.569505,14.926723,14.471089,14.305234,14.295429,14.223491
69	0	13	8.893482	198,220,271,279,58,16,334,40	19.047827,15.494367,15.324380,15.005248,14.972045,14.405398,14.223447,14.139114
70	0	15	7.074642	198,220,279,271,40,791,58,264	18.964512,15.629245,15.501163,15.495583,14.668094,14.542375,14.498921,14.387111
71	0	54660	16.820016	198,220,271,279,58,311,720,16	19.217934,15.396083,15.235913,14.971485,14.774175,14.147156,13.996427,13.981500
72	0	20241	13.712686	198,271,220,279,58,311,720,264	20.539852,16.872124,16.561838,16.244806,15.626882,15.466956,15.459342,14.789157
73	0	1516	15.297669	198,220,271,58,998,279,512,311	17.558050,15.010841,14.550110,14.148697,13.765854,13.615550,13.403766,13.400555
74	0	25	8.388875	198,220,279,271,311,58,264,720	18.453133,16.029982,15.559711,15.364438,14.911194,14.585594,14.493114,14.096303
75	0	27685	14.045055	198,220,279,264,720,271,311,58	17.830601,16.423948,15.855454,14.823283,14.663413,14.484730,14.453723,14.187800
76	0	20965	15.604292	198,279,220,271,311,264,459,720	17.446413,16.741552,16.683325,15.768425,15.553464,15.511947,14.881337,14.873202
77	0	11	5.900708	198,220,279,271,311,264,58,1148	19.317831,16.501753,16.271523,16.124802,15.840530,15.087758,14.902570,14.612641
78	0	82035	17.755538	198,279,220,271,264,311,1148,58	18.659857,16.059759,15.858699,15.129474,14.808352,14.635262,14.567573,14.496056
79	0	15592	11.231505	198,279,271,220,311,264,459,1148	17.748175,16.011656,15.703555,15.574237,15.068909,14.737880,14.187485,13.924529
80	0	8483	13.488431	198,279,220,311,271,264,459,720	16.257463,15.513333,14.953330,14.919605,14.481303,14.430145,13.739250,13.455178
81	0	198	0.693625	198,220,271,279,311,264,1148,58	18.709723,16.383810,16.377556,16.185701,15.104378,14.951912,14.550742,14.488464
82	0	1835	13.248397	198,271,220,279,58,40,311,16	19.727762,15.780137,15.559371,15.395822,15.342702,14.883090,14.443416,14.435748
83	0	320	8.219994	198,220,279,271,720,58,264,311	19.265535,16.268599,15.463126,14.983670,14.891049,14.845952,14.405713,14.303761
84	0	50	7.589164	198,279,220,271,40,58,791,16	18.788969,15.074268,15.049923,14.956505,14.574801,14.430901,14.133147,14.028943
85	0	13	8.387345	198,271,220,279,58,720,334,512	18.826031,15.206174,14.990893,14.586347,14.526912,13.983704,13.926311,13.836301
86	0	8930	15.228939	198,220,279,271,40,791,58,264	18.964512,15.629245,15.501163,15.495583,14.668094,14.542375,14.498921,14.387111
87	0	488	13.262478	198,271,220,279,791,40,58,720	18.092911,14.844708,14.822709,14.278614,13.679332,13.597835,13.567096,13.421677
88	0	11	6.214943	198,271,220,279,58,40,311,791	18.730650,15.665410,15.227908,15.176272,14.626186,14.287568,14.286489,14.133507
89	0	452	9.489050	198,279,220,271,264,311,1148,58	18.659857,16.059759,15.858699,15.129474,14.808352,14.635262,14.567573,14.496056
90	0	13	8.151146	198,271,220,279,720,58,311,264	18.372593,15.338340,15.272151,15.033305,14.408933,14.292058,13.991633,13.938436
91	0	50356	17.864922	198,220,279,271,40,791,58,264	18.964512,15.629245,15.501163,15.495583,14.668094,14.542375,14.498921,14.387111
92	0	819	12.915245	198,271,220,791,40,279,44,10267	17.450594,14.214940,13.945273,13.773568,13.558141,13.509646,13.224998,13.097598
93	0	84077	17.163491	198,279,220,271,264,311,58,40	18.267462,15.254846,15.120770,14.861398,14.089859,14.083142,13.991196,13.660434
94	0	29234	12.175706	198,220,271,279,791,58,311,40	18.063694,15.077308,14.762482,14.324039,13.689473,13.653209,13.480606,13.448730
95	0	11	5.674567	198,220,271,279,58,311,264,720	18.131956,15.373803,15.080407,14.908414,14.362502,14.064429,13.929237,13.646117
96	0	432	9.045288	198,279,220,271,264,311,1148,58	18.659857,16.059759,15.858699,15.129474,14.808352,14.635262,14.567573,14.496056
97	0	13	8.305419	198,220,271,279,720,58,311,264	18.387150,15.405217,15.187889,15.167703,14.432485,14.188237,14.127133,14.039515
98	0	2100	9.862520	198,220,279,271,40,791,58,264	18.964512,15.629245,15.501163,15.495583,14.668094,14.542375,14.498921,14.387111
99	0	9211	14.063126	198,279,220,271,264,311,720,1148	18.489647,16.212145,16.024271,15.135776,14.896916,14.840932,14.657940,14.557874
100	0	2001	10.537538	198,220,279,311,271,264,720,12	17.193533,15.790891,15.433703,14.696827,14.506799,14.242776,13.750481,13.355718
101	0	330	5.945255	198,220,279,720,264,311,271,1148	19.105377,16.718111,16.308823,15.075432,15.028221,14.904716,14.875640,14.513083
102	0	9261	11.587689	198,279,271,40,220,791,58,311	19.096392,15.344003,15.264649,14.894455,14.842511,14.537339,14.373055,14.093930
103	0	57893	17.221544	198,220,271,58,279,334,512,311	18.477165,15.523590,15.441489,14.813014,14.602826,14.235950,14.176727,14.065312
104	0	386	10.406771	198,271,220,279,58,311,264,40	18.842684,16.017653,15.531304,15.252388,15.025455,14.330284,14.170700,14.142131
105	0	13025	17.669888	198,271,220,279,58,720,311,264	18.517277,15.414215,15.261963,15.093465,14.277973,14.253186,14.003802,13.950368
106	0	27972	15.935475	198,220,271,279,58,334,720,264	18.213453,15.688782,15.376773,14.940387,14.762120,14.247096,14.169934,14.009070
107	0	498	12.424779	198,220,271,279,58,311,720,264	18.543978,16.598724,15.654468,15.456009,14.829305,14.746983,14.680958,14.545052
108	0	220	3.289303	198,220,279,720,264,271,311,58	19.241438,16.370230,16.329538,15.231644,14.952217,14.934512,14.836632,14.757401
109	0	679	8.449227	198,220,279,271,16,58,311,40	18.200583,15.290863,15.045789,14.543933,14.417670,14.175552,13.947650,13.904452
110	0	21	6.235399	198,220,271,279,720,58,311,16	18.759903,15.902192,15.108653,14.924067,14.515083,14.371099,14.037530,14.006561
111	0	340	8.934414	198,271,220,279,58,311,40,264	19.227285,15.545575,15.463307,15.081502,14.746434,14.133967,14.028157,13.956370
112	0	1835	12.349130	198,220,271,58,279,720,40,16	19.692514,15.773675,15.729497,15.727806,15.234577,14.790855,14.698298,14.695546
113	0	40283	16.025022	198,220,279,271,720,58,264,311	19.265535,16.268599,15.463126,14.983670,14.891049,14.845952,14.405713,14.303761
114	0	3786	16.459974	198,271,220,58,279,311,264,791	19.316301,16.892197,16.343798,15.950774,15.678383,14.751251,14.686738,14.298225
115	0	25	9.266021	198,271,220,279,311,58,264,40	19.010057,15.902873,15.895439,15.863383,15.055646,14.719237,14.611179,14.440060
116	0	3788	11.993902	198,220,279,264,720,271,311,58	17.830601,16.423948,15.855454,14.823283,14.663413,14.484730,14.453723,14.187800
117	0	1129	14.271111	198,220,271,279,720,58,311,264	19.374937,15.917812,15.558357,15.118480,14.702412,14.684522,14.449745,13.609761
118	0	71	6.960777	198,220,271,279,720,311,58,264	18.709047,15.572059,15.280651,15.218097,14.199691,14.050285,13.719394,13.637359
119	0	36368	15.743355	198,220,271,279,58,720,311,264	18.360291,14.878735,14.567912,14.560875,14.219196,13.746155,13.723892,13.469365
120	0	1594	12.314081	198,220,279,271,264,311,58,459	17.536661,16.152960,16.044550,14.867732,14.860248,14.776319,14.095859,13.957017
121	0	6973	18.672950	198,271,220,279,58,311,720,264	18.955887,15.518775,15.494560,15.357113,14.784131,14.516647,14.317340,14.112572
122	0	3529	15.713046	198,220,271,720,279,58,311,998	18.245836,15.203094,14.915790,14.554114,14.176884,14.047719,13.447639,13.061778
123	0	77749	17.408368	198,220,271,279,58,720,311,998	18.977509,15.841619,15.386933,15.350747,14.753787,14.495296,14.294597,13.920903
124	0	11628	17.884439	198,271,220,58,279,311,512,264	19.391724,16.635542,16.055841,15.846955,15.315343,14.715118,14.341915,14.217987
125	0	3916	16.387462	198,220,271,279,58,720,311,998	19.292597,15.930794,15.583424,15.262988,14.715627,14.587951,14.215861,13.897450
126	0	9009	12.257892	198,220,271,279,58,311,264,40	18.922012,15.668477,15.483277,15.452456,14.690704,14.597674,14.331798,13.953979
127	0	6458	15.180769	198,279,220,271,264,311,58,720	17.843710,15.936116,15.546273,14.931552,14.856294,14.806893,14.309123,14.033195
128	0	61503	17.694600	198,220,279,271,311,58,264,720	18.999851,15.914756,15.614661,15.264137,14.578210,14.385791,14.155614,14.080307
129	0	428	14.338820	198,220,279,311,271,264,720,12	16.088026,15.153974,14.078403,13.870862,13.779198,13.168183,13.012695,12.674785
130	0	271	3.886040	198,220,279,271,58,311,720,334	18.102091,15.104970,14.799886,14.755280,14.577599,14.140991,13.926789,13.606899
131	0	34336	12.576399	198,271,220,279,791,40,58,3923	19.539572,16.255669,15.514512,15.324033,15.160767,15.149627,15.140872,14.520226
132	0	415	10.960670	198,271,220,58,279,16,40,512	19.326044,15.720387,15.485311,15.437892,14.842216,14.220794,14.057080,13.999039
133	0	551	8.605489	198,220,279,720,264,271,311,58	18.284830,16.734627,16.005655,15.204914,14.835896,14.634131,14.610782,14.134789
134	0	2539	10.025185	198,220,279,271,58,720,311,264	18.887465,16.208870,15.709750,14.854477,14.638397,14.622299,14.438544,14.427322
135	0	1296	13.218520	198,279,220,271,311,58,264,1148	18.941233,15.992554,15.426145,15.361396,14.881592,14.591491,14.495618,14.406609
136	0	6859	14.587232	198,279,271,220,58,311,264,40	18.835443,16.088381,15.976996,15.657435,15.225307,14.987605,14.656166,14.562064
137	0	320	7.950397	198,279,220,271,311,58,264,512	18.016043,15.656871,15.465123,14.786613,14.618279,14.529485,14.421054,13.613154
138	0	543	11.337184	198,279,220,271,40,58,791,16	18.788969,15.074268,15.049923,14.956505,14.574801,14.430901,14.133147,14.028943
139	0	220	3.728256	198,279,220,271,58,311,264,40	18.335489,15.311890,15.145226,14.829703,14.476323,14.121906,14.037492,13.883643
140	0	19305	12.924138	198,220,279,271,16,58,311,40	18.200583,15.290863,15.045789,14.543933,14.417670,14.175552,13.947650,13.904452
141	0	23	7.100871	198,220,271,279,58,720,311,264	18.610497,15.904065,15.216449,14.843303,14.412789,14.201378,14.107333,13.846840
142	0	7123	17.323171	198,271,220,279,58,311,264,40	19.008949,15.674862,15.488357,15.164617,14.627919,14.271183,13.976387,13.897720
143	0	98634	16.526912	198,220,279,271,311,58,264,720	19.011847,16.484968,16.001425,15.452744,15.234703,15.219346,14.851428,14.501029
144	0	340	8.278506	198,220,279,264,311,271,58,720	18.561632,16.723188,16.047050,14.963447,14.962096,14.938439,14.570191,14.074631
145	0	38	9.132352	198,220,271,58,279,720,40,16	19.692514,15.773675,15.729497,15.727806,15.234577,14.790855,14.698298,14.695546
146	0	2898	11.674966	198,220,271,279,58,720,334,311	18.498032,14.877271,14.839736,14.612033,14.313262,13.877528,13.680593,13.648678
147	0	12	6.306197	198,271,220,279,311,58,264,512	18.913195,15.769917,15.426940,15.268517,14.544377,14.455583,14.084737,13.727599
148	0	17	5.090474	198,220,279,16,720,334,264,58	17.962423,16.182930,15.737256,14.870091,14.674470,14.642589,14.606262,14.592705
149	0	426	10.700886	198,220,271,58,279,16,334,720	18.812578,15.347720,14.934731,14.892779,14.746396,14.404778,14.158937,13.983752
150	0	1777	11.636627	198,271,220,279,58,720,311,264	18.896643,15.607526,15.556897,15.204730,14.595376,14.419917,14.160167,14.117824
151	0	11460	16.710877	198,271,220,279,58,311,264,720	19.093529,15.829587,15.123940,14.959849,14.665957,14.141724,13.775159,13.645898
152	0	320	8.166834	198,220,279,271,58,311,264,512	18.824102,16.111174,15.429063,15.355052,15.059143,14.556710,14.292796,14.153282
153	0	83	8.009944	198,279,220,271,40,58,791,16	18.788969,15.074268,15.049923,14.956505,14.574801,14.430901,14.133147,14.028943
154	0	1609	12.658195	198,220,271,279,58,720,311,512	18.565306,15.010930,14.749791,14.731628,14.526540,13.955598,13.857841,13.753503
155	0	5963	13.989634	198,220,271,279,58,311,264,720	17.962439,14.962975,14.909259,14.525131,13.951576,13.885040,13.442952,13.331111
156	0	1680	12.528146	198,220,271,279,58,512,311,720	18.478312,15.657170,15.621582,14.975922,14.696467,14.328850,14.027648,13.855545
157	0	220	1.810571	198,220,279,720,264,311,58,334	17.617662,16.755972,15.737198,15.290324,14.958504,14.614441,14.382451,14.334834
158	0	16085	10.616661	198,220,279,271,16,58,311,40	18.200583,15.290863,15.045789,14.543933,14.417670,14.175552,13.947650,13.904452
159	0	17897	12.997082	198,220,271,279,58,720,311,264	18.529623,15.874660,14.901357,14.707245,14.427258,14.342838,13.894488,13.644246
160	0	198	0.368960	198,220,271,279,58,720,311,16	18.927790,15.953431,15.168624,14.832448,14.735188,14.545143,13.997112,13.983937
161	0	1688	8.675194	198,271,220,279,58,40,311,16	19.727762,15.780137,15.559371,15.395822,15.342702,14.883090,14.443416,14.435748
162	0	393	9.285174	198,220,279,271,264,58,720,40	17.811975,15.635425,15.569686,14.530731,14.447308,14.214448,13.983272,13.795638
163	0	2989	10.096482	198,271,220,279,58,720,311,264	18.415039,15.316212,14.953247,14.854327,14.308217,14.126044,13.774010,13.700145
164	0	71608	17.335360	198,271,279,220,58,311,264,998	18.617865,15.150890,14.798317,14.662926,14.210027,14.024098,13.576550,13.438067
165	0	15906	16.835035	198,220,271,58,279,720,16,311	18.811523,15.840634,15.354014,14.731254,14.363861,14.054512,13.712662,13.679549
166	0	28	7.943039	198,220,271,720,279,58,311,512	17.140043,15.707324,14.422236,14.192555,14.155777,14.038594,13.849309,13.544086
167	0	12378	11.760743	198,220,279,58,271,720,16,334	18.633774,15.722041,14.852368,14.660626,14.529719,14.493672,14.339978,13.816695
168	0	21	6.353880	198,220,271,58,279,720,334,16	18.961370,15.867400,15.331333,14.953012,14.685592,14.517082,14.471458,14.182532
169	0	420	8.689927	198,271,220,279,58,311,40,264	19.227285,15.545575,15.463307,15.081502,14.746434,14.133967,14.028157,13.956370
170	0	36508	14.427143	198,279,271,220,58,40,311,264	19.322744,15.588520,15.486600,15.189908,14.656911,14.554858,14.438916,14.360833
171	0	220	2.234498	198,220,279,264,311,271,58,459	17.937159,16.622486,16.382895,15.328720,15.047642,14.803319,14.457934,14.405811
172	0	3076	8.836756	198,220,279,271,16,58,311,40	18.200583,15.290863,15.045789,14.543933,14.417670,14.175552,13.947650,13.904452
173	0	2536	13.410626	198,220,271,58,279,720,311,16	19.280603,15.935208,15.530841,14.940623,14.807437,14.123570,14.008100,13.891749
174	0	29352	16.283980	198,271,279,220,58,720,40,311	18.957533,15.345386,15.242615,14.978280,14.604764,14.369961,14.335304,14.166928
175	0	91719	14.553981	198,279,220,271,58,311,264,720	19.437529,16.328691,16.013552,15.498565,15.240036,15.147499,14.930722,14.587314
176	0	27855	15.228898	198,220,279,271,264,58,311,720	18.858063,16.659245,16.563105,15.712216,15.406845,15.393085,14.880685,14.726565
177	0	345	7.815772	198,271,220,279,58,311,512,16	19.710299,16.480589,15.942013,15.590970,15.539405,14.904277,14.747758,14.534297
178	0	19975	15.831992	198,220,271,279,58,720,40,311	20.102381,15.910088,15.788409,15.569804,15.461021,14.723063,14.625709,14.499410
179	0	2915	13.553468	198,220,271,279,311,264,58,12	18.350109,15.818523,15.645989,15.640599,14.968216,14.614903,14.590339,14.414721
180	0	49005	15.509351	198,279,220,271,311,264,58,1148	18.983221,15.852309,15.798160,15.484576,14.897049,14.728416,14.571050,14.466278
181	0	279	2.737872	198,220,279,264,271,311,1148,720	18.926950,16.923384,16.810833,15.418271,15.393281,15.093770,15.090282,14.965245
182	0	220	3.180223	198,279,220,271,264,1148,311,58	18.388281,16.133863,15.906568,15.067668,14.881234,14.611791,14.571383,14.040767
183	0	508	5.314720	198,220,279,271,16,58,311,40	18.200583,15.290863,15.045789,14.543933,14.417670,14.175552,13.947650,13.904452
184	0	11843	15.511854	198,220,271,58,279,720,16,334	19.304995,16.107796,15.505931,15.284599,15.222778,14.588231,14.562633,14.431798
185	0	3200	13.117974	198,220,271,279,58,998,72,40	18.886139,15.341846,15.054912,15.034608,14.391688,14.217422,14.162038,13.982459
186	0	16686	16.290781	198,220,279,271,311,58,264,720	18.059685,15.200969,14.989049,14.751172,14.194710,14.132339,13.821671,13.464049
187	0	315	8.118403	198,220,271,279,311,58,720,264	19.277914,16.165173,16.028923,15.908359,15.198639,15.159345,14.866681,14.721944
188	0	279	2.920383	198,279,220,271,264,1148,311,58	18.554834,16.341965,15.933125,15.193143,15.042483,14.865140,14.583386,14.278881
189	0	426	9.577241	198,279,220,271,264,1148,311,58	18.388281,16.133863,15.906568,15.067668,14.881234,14.611791,14.571383,14.040767
190	0	18	6.838879	198,271,220,279,58,720,311,264	18.896643,15.607526,15.556897,15.204730,14.595376,14.419917,14.160167,14.117824
191	0	4367	12.903353	198,220,271,279,58,16,334,40	19.047827,15.494367,15.324380,15.005248,14.972045,14.405398,14.223447,14.139114
192	0	18618	15.359914	198,271,279,220,311,58,1148,264	19.414122,16.279366,16.131563,15.354255,15.197156,14.874614,14.848564,14.739227
193	0	382	8.301066	198,220,279,311,271,264,720,374	17.913149,16.476660,16.368158,15.563881,15.399254,15.048799,14.490627,14.320909
194	0	2028	7.326037	198,271,40,791,220,58,279,3923	19.971834,16.792004,16.006617,15.841698,15.775959,15.722173,15.320903,15.091011
195	0	1052	14.997793	198,220,271,279,58,40,791,264	19.336647,15.584271,15.461224,15.251996,14.723965,14.636821,14.376142,14.220356
196	0	374	5.273378	198,279,220,271,311,264,58,720	18.775520,16.443895,16.062092,15.936343,15.514768,15.128124,15.012059,14.313423
197	0	1511	10.958502	198,279,220,271,264,311,58,1148	18.873755,16.049904,15.948443,15.323236,14.857495,14.684155,14.592929,14.500064
198	0	439	8.360862	198,279,220,271,311,264,58,1148	18.632233,16.193226,15.921382,15.360503,15.143748,14.841418,14.719090,14.260770
199	0	264	4.247683	198,279,220,271,264,1148,311,58	18.818239,16.488148,15.999707,15.381482,15.171841,14.979446,14.884881,14.444190
200	0	12790	16.718096	198,279,220,271,264,311,58,1148	18.681841,15.766167,15.618202,15.180958,14.666783,14.392591,14.356293,14.305618
201	0	369	7.514702	198,279,220,271,311,264,459,58	17.399191,15.760327,15.542274,14.938474,14.879962,14.562932,13.735124,13.580559
202	0	279	2.835475	198,279,220,264,271,311,1148,58	18.527748,16.351435,15.878785,15.055672,15.040067,14.707301,14.640965,14.498832
203	0	48275	15.661126	198,279,220,271,264,1148,311,58	18.388281,16.133863,15.906568,15.067668,14.881234,14.611791,14.571383,14.040767
204	0	45320	9.456669	198,220,279,271,311,264,58,459	17.991480,16.444317,15.674129,15.497753,14.752311,14.561456,14.183029,13.694909
205	0	85748	16.931979	198,220,271,58,279,334,12,512	17.782576,15.231317,14.687137,14.303238,13.642573,13.526477,13.446300,13.383873
206	0	6636	14.179464	198,220,279,271,311,264,720,58	17.746103,15.213574,14.897838,14.633027,14.042987,13.768216,13.761505,13.759697
207	0	74252	14.188563	198,279,220,271,311,264,58,512	18.148890,15.808391,15.676876,15.433820,14.853706,14.596011,14.585274,13.825935
208	0	488	12.623576	198,220,271,279,58,12,512,311	17.810638,14.991176,14.631683,14.109965,13.767011,13.726921,13.493702,13.474730
209	0	18618	16.003670	198,271,220,279,58,40,311,791	18.730650,15.665410,15.227908,15.176272,14.626186,14.287568,14.286489,14.133507
210	0	198	0.962549	198,220,279,311,271,264,720,374	17.913149,16.476660,16.368158,15.563881,15.399254,15.048799,14.490627,14.320909
211	0	8793	19.419848	198,271,220,279,58,40,311,16	19.727762,15.780137,15.559371,15.395822,15.342702,14.883090,14.443416,14.435748
212	0	82	5.586277	198,220,58,271,720,279,16,998	19.061434,15.940952,15.881351,15.546021,15.039578,14.616612,14.498761,14.298223
213	0	5640	16.868376	198,271,279,220,58,311,512,264	19.030003,15.210355,15.120807,14.877759,14.771843,14.303617,14.129064,13.987092
214	0	324	11.588671	198,220,279,271,58,311,720,264	19.027252,15.741631,15.502277,15.411008,14.710786,14.484099,14.430382,14.073346
215	0	754	10.375971	198,220,271,279,311,58,264,40	18.053122,14.957062,14.920180,14.854955,13.991634,13.887639,13.724980,13.407805
216	0	98166	17.556089	198,220,271,279,58,720,16,311	18.725500,15.486415,14.940707,14.568990,14.304349,13.904162,13.658132,13.637765
217	0	2253	14.986179	198,220,271,512,58,16,279,12	16.625475,14.175641,14.002307,13.783062,13.345784,12.930982,12.873032,12.776451
218	0	17	5.909228	198,220,271,58,279,334,720,16	18.551149,15.147113,14.822764,14.685588,14.262149,14.255834,14.168407,14.089719
219	0	68	8.194334	198,220,271,58,279,16,334,720	18.812578,15.347720,14.934731,14.892779,14.746396,14.404778,14.158937,13.983752
220	0	26721	16.944885	198,220,271,279,58,720,334,512	18.839025,15.146992,14.853787,14.574375,14.519722,13.950478,13.877324,13.778111
221	0	4390	12.496165	198,271,220,279,720,311,58,264	18.983862,15.797864,15.717275,15.282115,14.746902,14.598796,13.957538,13.724631
222	0	8780	11.752258	198,271,58,220,334,40,720,16	20.355162,16.385077,16.280207,16.175941,15.722140,15.432220,15.375160,15.017807
223	0	32905	12.238348	198,220,279,271,58,40,311,264	18.820421,15.479069,15.431231,15.290123,15.036995,14.338269,14.201820,14.159821
224	0	1005	10.190884	198,220,279,271,58,311,720,334	19.030874,15.943954,15.601879,15.514942,15.128414,14.675509,14.568486,14.511569
225	0	2011	9.713351	198,279,220,271,311,264,58,1148	18.543200,16.329420,15.668303,15.620883,15.011428,14.940021,14.760158,14.496277
226	0	14389	14.712777	198,220,279,311,271,264,1148,58	18.444601,15.994586,15.936717,14.959946,14.944436,14.686058,14.183014,14.132233
227	0	420	7.173377	198,279,220,271,264,311,1148,459	18.184109,16.651083,15.894469,15.413320,15.333042,15.010020,14.732857,14.553787
228	0	13844	15.366118	198,279,271,220,58,40,311,264	19.322744,15.588520,15.486600,15.189908,14.656911,14.554858,14.438916,14.360833
229	0	7866	14.293902	198,279,220,271,311,264,720,58	18.444616,16.017530,15.788671,15.459835,14.938535,14.656102,14.459847,14.108800
230	0	93314	14.043621	198,220,279,264,271,311,720,459	18.151838,16.952456,16.512104,15.002914,14.909753,14.685184,14.395020,14.314346
231	0	220	3.760039	198,220,271,279,311,58,720,264	19.369677,15.918742,15.846963,15.554317,14.606921,14.346412,14.343455,14.282475
232	0	18	5.594937	198,220,279,271,16,58,311,40	18.200583,15.290863,15.045789,14.543933,14.417670,14.175552,13.947650,13.904452
233	0	13	8.893482	198,220,271,279,58,16,334,40	19.047827,15.494367,15.324380,15.005248,14.972045,14.405398,14.223447,14.139114
234	0	15	7.074642	198,220,279,271,40,791,58,264	18.964512,15.629245,15.501163,15.495583,14.668094,14.542375,14.498921,14.387111
235	0	63124	15.484237	198,220,271,279,58,311,720,16	19.217934,15.396083,15.235913,14.971485,14.774175,14.147156,13.996427,13.981500
236	0	382	8.938818	198,220,271,279,311,58,264,1148	19.134699,16.014828,15.983867,15.832515,15.312973,14.813828,14.550927,14.115449
237	0	284	11.993200	198,271,40,791,220,58,279,3923	19.971834,16.792004,16.006617,15.841698,15.775959,15.722173,15.320903,15.091011
238	0	8563	12.008538	198,220,279,720,264,271,311,58	18.198288,16.744255,15.827802,14.993085,14.744781,14.395294,14.347748,14.192169
239	0	426	9.556897	198,220,279,271,264,311,1148,720	17.961451,16.322229,15.834908,15.286885,14.653752,14.394814,14.200158,14.098377
240	0	11206	15.729721	198,271,220,279,58,720,311,264	18.896643,15.607526,15.556897,15.204730,14.595376,14.419917,14.160167,14.117824
241	0	466	8.707172	198,271,220,58,279,791,40,311	18.634825,15.135406,14.940483,14.629676,14.364007,14.024724,13.949158,13.418384
242	0	284	10.234928	198,279,220,271,311,264,58,720	18.062395,15.516780,15.355563,15.030047,14.477283,14.325046,14.117153,13.579068
243	0	720	3.897480	198,220,279,720,264,271,311,58	18.198288,16.744255,15.827802,14.993085,14.744781,14.395294,14.347748,14.192169
244	0	8563	13.223613	198,220,58,271,279,720,40,16	19.748505,16.338421,15.802742,15.648244,15.438807,15.065495,14.953037,14.707893
245	0	426	9.556897	198,220,279,271,264,311,1148,720	17.961451,16.322229,15.834908,15.286885,14.653752,14.394814,14.200158,14.098377
246	0	11206	15.729721	198,271,220,279,58,720,311,264	18.896643,15.607526,15.556897,15.204730,14.595376,14.419917,14.160167,14.117824
247	0	466	8.707172	198,271,220,58,279,791,40,311	18.634825,15.135406,14.940483,14.629676,14.364007,14.024724,13.949158,13.418384
248	0	374	5.627489	198,279,220,271,311,264,58,720	18.062395,15.516780,15.355563,15.030047,14.477283,14.325046,14.117153,13.579068
249	0	459	5.662484	198,279,220,271,264,311,58,1148	18.873755,16.049904,15.948443,15.323236,14.857495,14.684155,14.592929,14.500064
250	0	6498	9.776954	198,279,220,271,264,311,1148,58	18.609297,15.731963,15.546458,15.243217,14.582219,14.417562,14.320076,14.296249
251	0	4632	14.582652	198,220,279,271,311,264,720,58	18.554766,16.235283,16.153418,15.493114,15.097923,14.955771,14.629494,14.345645
252	0	1174	10.011613	198,279,220,271,311,264,1148,58	18.568918,16.377672,15.947581,15.613040,15.206585,14.928967,14.689723,14.569152
253	0	12707	14.934590	198,220,279,264,311,58,271,720	18.463491,16.564707,16.021124,14.723996,14.614728,14.547897,14.440694,14.304616
254	0	323	5.957321	198,279,271,220,311,1148,264,58	18.774139,15.996921,15.692531,15.398137,14.981437,14.809792,14.625094,14.461789
255	0	34596	13.476679	198,279,220,271,1148,264,311,358	18.806618,16.788897,16.166283,15.716388,15.465238,15.361683,15.189278,14.518840
256	0	12360	14.809890	198,279,271,220,311,264,58,1148	19.049116,16.244390,16.035280,16.030125,15.445633,14.968738,14.811379,14.760175
257	0	662	10.508709	198,279,220,271,311,58,264,512	18.363676,15.920306,15.799064,15.516665,15.134418,14.622529,14.586720,13.920428
258	0	1283	11.546984	198,220,279,271,58,311,264,720	19.140196,15.890434,15.496982,15.384702,14.764667,14.295154,14.198318,14.152835
259	0	1047	8.893414	198,220,279,271,264,311,720,58	18.412004,15.835037,15.663033,15.263275,14.490520,14.429282,14.208425,14.190236
260	0	264	4.406055	198,279,220,271,264,311,1148,58	19.071039,16.466192,16.015074,15.336415,15.191231,15.101555,15.014659,14.803538
261	0	8810	15.371057	198,279,220,271,264,311,58,1148	18.681841,15.766167,15.618202,15.180958,14.666783,14.392591,14.356293,14.305618
262	0	571	12.230697	198,279,220,311,271,264,1148,459	18.021311,16.174028,15.686778,15.287262,15.175885,14.871442,14.309110,14.136744
263	0	12	7.132213	198,271,220,279,720,311,58,998	18.713091,15.521846,15.436183,14.919930,14.154105,13.859134,13.828537,13.700436
264	0	31	10.828281	198,220,279,16,720,334,264,58	17.962423,16.182930,15.737256,14.870091,14.674470,14.642589,14.606262,14.592705
265	0	40500	15.001402	198,220,271,279,720,58,311,16	18.573072,15.368407,15.069077,14.803327,14.358377,14.000720,13.631154,13.588612
266	0	3560	12.091653	198,220,279,264,459,311,1148,271	16.906843,16.700356,16.548508,15.304261,14.940173,14.693974,14.612285,14.122478
267	0	389	9.991689	198,220,279,271,311,58,264,512	18.586412,15.658653,15.568211,15.301808,15.009721,14.483235,14.306867,13.977139
268	0	279	2.984141	198,279,220,271,264,311,1148,58	18.687243,16.352997,16.087622,15.221990,14.998940,14.740971,14.679851,14.366616
269	0	12707	13.795347	198,279,220,271,264,1148,311,58	18.388281,16.133863,15.906568,15.067668,14.881234,14.611791,14.571383,14.040767
270	0	4101	12.539797	198,279,271,220,311,1148,264,58	18.774139,15.996921,15.692531,15.398137,14.981437,14.809792,14.625094,14.461789
271	0	578	7.473532	198,271,220,58,279,40,311,512	19.493879,16.235140,16.068316,15.764508,15.527217,14.981776,14.796997,14.667768
272	0	8766	13.930463	198,220,279,271,264,720,311,1148	18.262087,16.149395,15.985192,15.181091,14.809737,14.504509,14.332049,14.264968
273	0	304	6.965780	198,220,279,271,264,311,1148,58	18.706064,16.582541,16.424770,15.853320,15.155322,15.088172,14.835419,14.758906
274	0	220	3.297001	198,279,220,264,271,311,1148,58	18.553045,16.570900,15.950856,15.179959,15.159373,15.055298,14.842690,14.061920
275	0	1049	6.843937	198,220,279,271,16,58,311,40	18.200583,15.290863,15.045789,14.543933,14.417670,14.175552,13.947650,13.904452
276	0	15	6.716293	198,220,271,279,58,720,311,16	18.989294,15.740161,15.385025,15.203473,14.690890,14.601125,14.203839,14.119110
277	0	662	10.341277	198,220,271,279,58,311,720,16	19.217934,15.396083,15.235913,14.971485,14.774175,14.147156,13.996427,13.981500
278	0	1115	9.046668	198,220,279,271,58,311,264,720	19.140196,15.890434,15.496982,15.384702,14.764667,14.295154,14.198318,14.152835
279	0	574	8.212746	198,279,220,271,40,264,58,311	19.376406,15.553651,15.545522,15.465866,14.423119,14.400439,14.346612,14.290334
280	0	8272	13.163953	198,279,220,271,264,1148,311,58	19.094358,16.566076,16.357965,15.381474,15.258018,15.198232,15.099415,14.608856
281	0	555	8.034250	198,220,279,271,311,58,264,1148	19.661169,16.483124,16.440155,15.713146,15.386467,15.096190,15.066448,15.061839
282	0	264	3.650642	198,220,279,264,271,311,1148,459	17.990641,16.802574,16.720964,15.397855,15.087209,14.940994,14.770226,14.444087
283	0	40500	14.207802	198,279,220,271,264,311,58,1148	18.681841,15.766167,15.618202,15.180958,14.666783,14.392591,14.356293,14.305618
284	0	3560	12.091653	198,220,279,264,459,311,1148,271	16.906843,16.700356,16.548508,15.304261,14.940173,14.693974,14.612285,14.122478
285	0	304	6.984397	198,220,279,271,311,58,264,512	18.586412,15.658653,15.568211,15.301808,15.009721,14.483235,14.306867,13.977139
286	0	279	2.676958	198,279,220,264,271,311,1148,58	18.553045,16.570900,15.950856,15.179959,15.159373,15.055298,14.842690,14.061920
287	0	1514	10.248881	198,279,220,271,264,1148,311,58	18.388281,16.133863,15.906568,15.067668,14.881234,14.611791,14.571383,14.040767
288	0	6385	12.543478	198,279,220,271,311,264,58,1148	18.775702,16.280804,15.497169,15.469264,15.201833,14.926895,14.599987,14.538209
289	0	2439	13.204469	198,220,279,271,264,311,720,12	17.536043,15.777176,15.687778,14.889609,14.471904,14.420182,14.189786,13.910794
290	0	5439	12.272257	198,220,271,279,311,58,264,40	18.736624,15.437374,15.387826,15.373372,14.566025,14.561976,14.186726,13.879367
291	0	555	7.362526	198,279,220,311,264,271,58,1148	18.862116,16.526619,16.336218,15.343216,15.221898,15.112010,14.784793,14.681838
292	0	22021	13.878649	198,220,279,264,271,311,1148,459	17.990641,16.802574,16.720964,15.397855,15.087209,14.940994,14.770226,14.444087
293	0	77023	15.428293	198,220,279,271,264,58,311,12	17.691511,15.486721,14.929721,14.805435,13.950280,13.846566,13.762478,13.708100
294	0	1174	9.182680	198,220,279,271,58,720,311,12	17.706303,15.819552,14.965077,14.699168,14.246951,14.246331,14.184772,14.108630
295	0	902	7.763622	198,220,279,264,311,58,271,720	18.463491,16.564707,16.021124,14.723996,14.614728,14.547897,14.440694,14.304616
296	0	574	8.048136	198,279,271,220,58,40,1148,311	19.645432,15.946065,15.735232,15.541885,15.022214,14.871032,14.772480,14.633056
297	0	10887	12.692824	198,279,220,271,264,1148,311,58	19.094358,16.566076,16.357965,15.381474,15.258018,15.198232,15.099415,14.608856
298	0	304	7.354299	198,279,220,271,311,58,264,1148	19.012110,16.097319,16.095585,15.189017,14.989311,14.943936,14.933541,14.305534
299	0	220	3.297001	198,279,220,264,271,311,1148,58	18.553045,16.570900,15.950856,15.179959,15.159373,15.055298,14.842690,14.061920
300	0	1049	6.843937	198,220,279,271,16,58,311,40	18.200583,15.290863,15.045789,14.543933,14.417670,14.175552,13.947650,13.904452
301	0	16	5.254328	198,220,271,279,58,720,311,16	18.989294,15.740161,15.385025,15.203473,14.690890,14.601125,14.203839,14.119110
302	0	520	6.882281	198,220,271,279,58,311,16,264	18.852226,15.474106,15.033519,14.970981,14.595897,14.104907,14.015340,13.918342
303	0	279	2.588719	198,279,220,264,271,311,1148,720	18.321764,16.485748,16.211639,15.118861,14.811668,14.770607,14.538604,14.304149
304	0	16591	13.811263	198,279,220,271,264,1148,311,58	18.388281,16.133863,15.906568,15.067668,14.881234,14.611791,14.571383,14.040767
305	0	7301	13.026748	198,220,279,271,264,311,1148,791	17.829645,15.690948,15.377368,15.329608,14.271579,14.118699,14.074285,14.044346
306	0	27315	16.564328	198,279,220,271,311,264,720,459	18.077356,16.645992,16.450132,15.645967,15.420461,15.245289,14.673364,14.562778
307	0	662	10.483140	198,220,279,271,311,264,58,1148	19.106169,16.477690,16.176741,16.159918,15.304851,14.972289,14.760078,14.625257
308	0	1283	11.546984	198,220,279,271,58,311,264,720	19.140196,15.890434,15.496982,15.384702,14.764667,14.295154,14.198318,14.152835
309	0	1047	8.893414	198,220,279,271,264,311,720,58	18.412004,15.835037,15.663033,15.263275,14.490520,14.429282,14.208425,14.190236
310	0	264	4.406055	198,279,220,271,264,311,1148,58	19.071039,16.466192,16.015074,15.336415,15.191231,15.101555,15.014659,14.803538
311	0	8810	15.371057	198,279,220,271,264,311,58,1148	18.681841,15.766167,15.618202,15.180958,14.666783,14.392591,14.356293,14.305618
312	0	3560	11.986791	198,279,220,311,271,264,1148,459	18.021311,16.174028,15.686778,15.287262,15.175885,14.871442,14.309110,14.136744
313	0	304	6.984397	198,220,279,271,311,58,264,512	18.586412,15.658653,15.568211,15.301808,15.009721,14.483235,14.306867,13.977139
314	0	279	2.676958	198,279,220,264,271,311,1148,58	18.553045,16.570900,15.950856,15.179959,15.159373,15.055298,14.842690,14.061920
315	0	12707	13.795347	198,279,220,271,264,1148,311,58	18.388281,16.133863,15.906568,15.067668,14.881234,14.611791,14.571383,14.040767
316	0	4101	12.539797	198,279,271,220,311,1148,264,58	18.774139,15.996921,15.692531,15.398137,14.981437,14.809792,14.625094,14.461789
317	0	20819	14.305392	198,271,220,58,279,40,311,512	19.493879,16.235140,16.068316,15.764508,15.527217,14.981776,14.796997,14.667768
318	0	3842	9.998365	198,220,279,271,264,311,459,1148	17.513931,16.563562,16.490198,15.254527,15.194837,15.108365,14.485542,14.378250
319	0	1611	9.299307	198,220,279,271,264,311,1148,459	18.297289,16.331263,16.102461,15.513568,14.818058,14.700406,14.535149,14.132289
320	0	291	10.106146	198,220,279,271,720,58,12,791	17.816149,15.412549,14.408414,14.398473,14.268828,13.587394,13.419930,13.378510
321	0	304	7.267177	198,279,220,271,58,311,264,40	18.463408,15.511082,15.483627,14.991756,14.554542,14.436925,14.380177,13.882209
322	0	220	3.297001	198,279,220,264,271,311,1148,58	18.553045,16.570900,15.950856,15.179959,15.159373,15.055298,14.842690,14.061920
323	0	1049	6.843937	198,220,279,271,16,58,311,40	18.200583,15.290863,15.045789,14.543933,14.417670,14.175552,13.947650,13.904452
324	0	17	6.274035	198,220,271,279,58,720,311,16	18.989294,15.740161,15.385025,15.203473,14.690890,14.601125,14.203839,14.119110
325	0	662	10.105599	198,220,271,58,279,16,334,720	18.812578,15.347720,14.934731,14.892779,14.746396,14.404778,14.158937,13.983752
326	0	763	8.508952	198,220,279,271,58,311,264,720	19.140196,15.890434,15.496982,15.384702,14.764667,14.295154,14.198318,14.152835
327	0	220	3.415846	198,279,220,271,264,311,1148,791	18.574821,16.109406,15.796054,15.250192,14.827100,14.349507,14.343488,14.260179
328	0	1049	6.843937	198,220,279,271,16,58,311,40	18.200583,15.290863,15.045789,14.543933,14.417670,14.175552,13.947650,13.904452
329	0	19	7.381416	198,220,271,279,58,720,311,16	18.989294,15.740161,15.385025,15.203473,14.690890,14.601125,14.203839,14.119110
330	0	426	10.765855	198,220,271,279,58,311,16,40	19.017492,15.369679,15.316297,14.923759,14.698157,14.049708,13.945701,13.865181
331	0	11206	15.729721	198,271,220,279,58,720,311,264	18.896643,15.607526,15.556897,15.204730,14.595376,14.419917,14.160167,14.117824
332	0	466	8.707172	198,271,220,58,279,791,40,311	18.634825,15.135406,14.940483,14.629676,14.364007,14.024724,13.949158,13.418384
333	0	27212	13.712274	198,279,220,271,311,264,58,720	18.062395,15.516780,15.355563,15.030047,14.477283,14.325046,14.117153,13.579068
334	0	264	3.035131	198,279,220,264,311,459,271,1148	16.318377,16.047869,15.443599,14.947810,14.774498,14.287663,14.014381,13.563819
335	0	3560	12.398384	198,279,220,271,264,311,58,1148	18.681841,15.766167,15.618202,15.180958,14.666783,14.392591,14.356293,14.305618
336	0	439	8.262031	198,220,279,271,311,58,264,512	18.586412,15.658653,15.568211,15.301808,15.009721,14.483235,14.306867,13.977139
337	0	330	5.963295	198,279,220,271,264,1148,311,58	18.818239,16.488148,15.999707,15.381482,15.171841,14.979446,14.884881,14.444190
338	0	29517	14.817680	198,279,271,40,220,791,58,311	19.096392,15.344003,15.264649,14.894455,14.842511,14.537339,14.373055,14.093930
339	0	330	5.942255	198,220,279,271,264,311,459,1148	17.520330,15.922179,15.826243,14.941711,14.747731,14.529063,14.036236,13.908805
340	0	304	8.103915	198,279,271,40,220,791,58,311	19.096392,15.344003,15.264649,14.894455,14.842511,14.537339,14.373055,14.093930
341	0	279	2.676958	198,279,220,264,271,311,1148,58	18.553045,16.570900,15.950856,15.179959,15.159373,15.055298,14.842690,14.061920
342	0	9417	14.388059	198,279,220,271,264,1148,311,58	18.388281,16.133863,15.906568,15.067668,14.881234,14.611791,14.571383,14.040767
343	0	330	6.869418	198,271,279,220,311,58,1148,264	19.589428,16.539690,16.208403,16.107304,15.254817,15.248340,15.073012,14.820735
344	0	71166	14.794187	198,279,271,40,220,791,58,311	19.096392,15.344003,15.264649,14.894455,14.842511,14.537339,14.373055,14.093930
345	0	364	9.027619	198,220,279,271,264,311,12,459	16.849255,15.610398,15.041055,14.406703,14.107704,14.033376,13.651071,13.537991
346	0	82	5.780169	198,279,271,220,40,791,58,311	18.689421,15.113163,14.908081,14.807195,14.474439,14.179429,14.002370,13.841481
347	0	15457	14.899779	198,271,279,220,58,311,512,264	19.030003,15.210355,15.120807,14.877759,14.771843,14.303617,14.129064,13.987092
348	0	330	6.437407	198,220,271,279,58,311,264,720	19.233992,16.603182,16.389189,15.826752,15.084203,14.909953,14.740621,14.458125
349	0	315	8.726849	198,279,271,40,220,791,58,311	19.096392,15.344003,15.264649,14.894455,14.842511,14.537339,14.373055,14.093930
350	0	279	2.920383	198,279,220,271,264,1148,311,58	18.554834,16.341965,15.933125,15.193143,15.042483,14.865140,14.583386,14.278881
351	0	12707	13.795347	198,279,220,271,264,1148,311,58	18.388281,16.133863,15.906568,15.067668,14.881234,14.611791,14.571383,14.040767
352	0	4101	12.539797	198,279,271,220,311,1148,264,58	18.774139,15.996921,15.692531,15.398137,14.981437,14.809792,14.625094,14.461789
353	0	578	7.473532	198,271,220,58,279,40,311,512	19.493879,16.235140,16.068316,15.764508,15.527217,14.981776,14.796997,14.667768
354	0	5843	13.885283	198,220,279,271,264,720,311,1148	18.262087,16.149395,15.985192,15.181091,14.809737,14.504509,14.332049,14.264968
355	0	38725	16.988825	198,220,279,271,311,720,264,58	17.944984,15.876340,15.537173,14.658215,14.405728,14.372313,14.300265,14.123469
356	0	2652	11.296200	198,271,220,279,791,311,264,58	17.828634,15.414624,15.273971,15.251370,14.420218,14.172383,14.150108,14.007892
357	0	568	7.179309	198,220,279,58,720,311,271,264	19.458673,16.729233,16.098803,14.917592,14.875245,14.854347,14.823288,14.748710
358	0	59335	16.680348	198,279,220,271,40,311,58,264	18.897474,15.787578,15.596549,15.449710,14.701687,14.610265,14.599261,14.517285
359	0	16662	14.026832	198,220,279,264,311,459,720,477	16.130598,15.906854,15.661387,14.730067,14.545341,14.134799,13.815272,13.532735
360	0	20142	15.685552	198,279,220,264,271,1148,311,459	18.521479,17.370575,16.533411,15.963478,15.642384,15.623296,15.558702,15.324501
361	0	4488	11.655629	198,279,220,271,311,58,264,1148	18.731987,15.928752,15.678673,15.658839,15.246074,14.776901,14.591229,14.053746
362	0	27191	15.403955	198,220,279,271,264,311,58,1148	18.042715,16.317728,15.927279,15.396613,14.691607,14.459447,14.243154,14.105774
363	0	323	5.943379	198,220,279,271,264,311,720,58	17.582758,15.556038,15.172746,14.343099,14.143331,14.102620,13.977155,13.824348
364	0	43423	12.922194	198,279,220,271,1148,264,311,358	18.806618,16.788897,16.166283,15.716388,15.465238,15.361683,15.189278,14.518840
365	0	15385	15.144660	198,220,271,279,58,311,264,791	18.415468,15.446813,15.144193,14.719277,14.340736,13.815217,13.686496,13.669327
366	0	18843	14.169759	198,220,271,279,720,58,311,998	17.462172,15.277888,14.577441,13.523849,13.152161,13.136490,12.976448,12.911462
367	0	662	10.504590	198,271,220,58,279,311,40,791	18.744715,15.901126,15.264180,14.768260,14.670259,13.905892,13.800775,13.798134
368	0	1283	11.546984	198,220,279,271,58,311,264,720	19.140196,15.890434,15.496982,15.384702,14.764667,14.295154,14.198318,14.152835
369	0	574	7.307206	198,220,279,271,264,311,720,58	18.412004,15.835037,15.663033,15.263275,14.490520,14.429282,14.208425,14.190236
370	0	6445	11.682420	198,279,220,271,264,1148,311,58	19.094358,16.566076,16.357965,15.381474,15.258018,15.198232,15.099415,14.608856
371	0	304	6.739856	198,279,220,311,271,264,58,459	18.001417,16.094379,15.541638,15.097737,14.708097,14.655713,14.179090,13.936963
372	0	279	2.676958	198,279,220,264,271,311,1148,58	18.553045,16.570900,15.950856,15.179959,15.159373,15.055298,14.842690,14.061920
373	0	220	3.180223	198,279,220,271,264,1148,311,58	18.388281,16.133863,15.906568,15.067668,14.881234,14.611791,14.571383,14.040767
374	0	1049	6.843937	198,220,279,271,16,58,311,40	18.200583,15.290863,15.045789,14.543933,14.417670,14.175552,13.947650,13.904452
375	0	20	5.967826	198,220,271,279,58,720,311,16	18.989294,15.740161,15.385025,15.203473,14.690890,14.601125,14.203839,14.119110
376	0	34596	15.482953	198,220,271,279,58,311,720,16	18.948675,15.331729,15.198634,14.883079,14.507016,14.027347,13.922191,13.852722
377	0	54248	16.206967	198,279,271,220,311,264,58,1148	19.049116,16.244390,16.035280,16.030125,15.445633,14.968738,14.811379,14.760175
378	0	315	7.525184	198,279,271,220,311,58,264,1148	19.179373,15.949336,15.833140,15.588988,15.329473,14.792374,14.719826,14.284259
379	0	279	2.920383	198,279,220,271,264,1148,311,58	18.554834,16.341965,15.933125,15.193143,15.042483,14.865140,14.583386,14.278881
380	0	26241	14.512340	198,279,220,271,264,1148,311,58	18.388281,16.133863,15.906568,15.067668,14.881234,14.611791,14.571383,14.040767
381	0	93401	14.924980	198,220,271,279,791,58,264,40	17.898232,15.427701,15.103427,14.954310,13.988500,13.890325,13.768285,13.747745
382	0	1514	10.653822	198,271,220,279,311,264,58,1148	18.680452,15.731486,15.459290,15.430115,14.661742,14.204320,14.006495,13.846787
383	0	44662	14.280027	198,279,220,271,311,264,58,1148	18.775702,16.280804,15.497169,15.469264,15.201833,14.926895,14.599987,14.538209
384	0	50940	16.162719	198,220,279,271,264,311,720,459	17.424950,16.002594,15.409175,15.355792,14.350872,14.334258,13.618039,13.543353
385	0	1174	9.732953	198,220,279,271,12,58,720,264	17.251522,15.099935,14.021274,13.970925,13.552279,13.223409,13.086792,12.969407
386	0	902	7.763622	198,220,279,264,311,58,271,720	18.463491,16.564707,16.021124,14.723996,14.614728,14.547897,14.440694,14.304616
387	0	574	8.048136	198,279,271,220,58,40,1148,311	19.645432,15.946065,15.735232,15.541885,15.022214,14.871032,14.772480,14.633056
388	0	10887	12.692824	198,279,220,271,264,1148,311,58	19.094358,16.566076,16.357965,15.381474,15.258018,15.198232,15.099415,14.608856
389	0	520	6.015708	198,279,220,271,311,58,264,1148	19.012110,16.097319,16.095585,15.189017,14.989311,14.943936,14.933541,14.305534
390	0	279	2.588719	198,279,220,264,271,311,1148,720	18.321764,16.485748,16.211639,15.118861,14.811668,14.770607,14.538604,14.304149
391	0	46506	16.330596	198,279,220,271,264,1148,311,58	18.388281,16.133863,15.906568,15.067668,14.881234,14.611791,14.571383,14.040767
392	0	27315	17.227511	198,220,279,271,311,264,12,720	17.147160,15.979480,15.029617,14.643487,14.014004,13.988327,13.618054,13.472583
393	0	304	7.063504	198,220,279,271,311,264,58,1148	19.106169,16.477690,16.176741,16.159918,15.304851,14.972289,14.760078,14.625257
394	0	72098	17.348566	198,279,220,264,271,311,1148,58	18.553045,16.570900,15.950856,15.179959,15.159373,15.055298,14.842690,14.061920
395	0	323	5.537940	198,279,220,271,311,1148,264,459	18.648968,16.373381,16.035917,15.998203,15.352092,15.086162,15.024826,14.477136
396	0	279	2.748594	198,279,220,271,1148,264,311,358	18.806618,16.788897,16.166283,15.716388,15.465238,15.361683,15.189278,14.518840
397	0	11258	14.089776	198,279,220,271,264,1148,311,58	18.388281,16.133863,15.906568,15.067668,14.881234,14.611791,14.571383,14.040767
398	0	1291	11.206915	198,220,279,271,311,264,12,720	17.403719,15.776546,15.461696,14.695378,14.533276,14.437782,14.116912,14.045131
399	0	39520	17.002442	198,220,279,311,271,264,58,720	17.285501,15.671311,15.412640,14.508263,14.446449,14.235990,13.597378,13.579099
400	0	17367	14.780963	198,220,279,271,264,311,720,459	17.670921,16.365217,15.581734,15.560634,14.586688,14.559296,14.078776,13.845418
401	0	304	6.669205	198,220,279,271,311,264,58,720	17.956966,15.727348,15.618123,15.433518,14.760643,14.564080,14.030900,14.012421
402	0	7295	12.305968	198,279,220,264,271,311,1148,58	18.553045,16.570900,15.950856,15.179959,15.159373,15.055298,14.842690,14.061920
403	0	662	10.109751	198,279,220,271,311,264,1148,459	18.200602,16.427813,16.402395,15.553612,15.277823,15.215934,14.585579,14.548817
404	0	1283	11.546984	198,220,279,271,58,311,264,720	19.140196,15.890434,15.496982,15.384702,14.764667,14.295154,14.198318,14.152835
405	0	574	7.307206	198,220,279,271,264,311,720,58	18.412004,15.835037,15.663033,15.263275,14.490520,14.429282,14.208425,14.190236
406	0	15910	11.729376	198,279,220,271,264,1148,311,58	19.094358,16.566076,16.357965,15.381474,15.258018,15.198232,15.099415,14.608856
407	0	555	7.199219	198,279,220,311,264,271,58,512	17.889429,15.979408,15.676456,15.207948,14.745870,14.587451,14.194046,14.018664
408	0	3842	10.167843	198,220,279,264,271,311,1148,459	17.990641,16.802574,16.720964,15.397855,15.087209,14.940994,14.770226,14.444087
409	0	68573	15.012409	198,220,279,271,264,311,1148,459	18.297289,16.331263,16.102461,15.513568,14.818058,14.700406,14.535149,14.132289
410	0	323	5.086429	198,279,220,264,720,271,12,459	15.874638,15.133128,14.846906,14.170487,13.911401,13.874257,13.835491,13.833179
411	0	59335	15.964137	198,279,220,271,1148,264,311,358	18.806618,16.788897,16.166283,15.716388,15.465238,15.361683,15.189278,14.518840
412	0	16662	14.026832	198,220,279,264,311,459,720,477	16.130598,15.906854,15.661387,14.730067,14.545341,14.134799,13.815272,13.532735
413	0	7505	13.352529	198,279,220,264,271,1148,311,459	18.521479,17.370575,16.533411,15.963478,15.642384,15.623296,15.558702,15.324501
414	0	1254	12.146077	198,220,279,271,264,311,58,720	17.371634,15.672073,15.116506,14.560636,13.937576,13.878291,13.436810,13.392113
415	0	819	12.363470	198,271,220,279,720,998,40,72	17.782429,14.654660,14.361102,14.210136,13.884468,13.743627,13.528926,13.510020
416	0	675	13.247882	198,279,220,271,264,311,58,40	18.267462,15.254846,15.120770,14.861398,14.089859,14.083142,13.991196,13.660434
417	0	1174	9.941930	198,220,279,271,58,311,264,40	18.188917,14.950063,14.759513,14.681203,14.019585,13.780046,13.573363,13.508389
418	0	51075	16.484744	198,220,279,264,311,58,271,720	18.463491,16.564707,16.021124,14.723996,14.614728,14.547897,14.440694,14.304616
419	0	1901	10.852801	198,279,220,271,40,791,311,1148	18.427698,15.637164,15.636891,15.536862,14.426440,14.418155,14.409413,14.391786
420	0	12997	15.611907	198,220,279,271,720,311,58,264	17.956345,15.097423,14.698705,14.670350,14.129962,13.725671,13.640409,13.515218
421	0	1174	9.685720	198,220,279,271,311,58,264,791	18.236500,15.080452,14.952954,14.766235,14.025714,13.965508,13.819141,13.458137
422	0	14253	13.752949	198,220,279,264,311,58,271,720	18.463491,16.564707,16.021124,14.723996,14.614728,14.547897,14.440694,14.304616
423	0	18206	13.553208	198,220,279,271,311,264,1148,791	17.697212,15.589740,15.480937,15.343079,14.382133,14.337338,13.936458,13.809303
424	0	1174	9.132261	198,279,220,271,311,264,1148,459	17.726559,16.223982,15.951818,15.357358,15.130555,14.891200,14.464451,14.146535
425	0	56230	15.699442	198,220,279,264,311,58,271,720	18.463491,16.564707,16.021124,14.723996,14.614728,14.547897,14.440694,14.304616
426	0	24852	12.586521	198,279,220,311,271,264,459,720	17.176062,15.880279,15.589507,14.883232,14.821177,14.729304,14.081271,13.927306
427	0	417	9.936013	198,220,271,279,58,40,791,311	17.931261,15.387665,15.112568,14.502654,14.029275,13.701205,13.686376,13.559532
428	0	1174	9.910370	198,220,279,271,311,58,720,264	18.621513,15.345818,15.273862,14.801061,14.565361,14.534574,14.174613,14.094363
429	0	60410	15.123725	198,220,279,264,311,58,271,720	18.463491,16.564707,16.021124,14.723996,14.614728,14.547897,14.440694,14.304616
430	0	81764	16.256892	198,220,279,720,271,264,12,311	17.339880,15.836235,15.049011,14.415481,14.394320,14.152614,14.108912,14.069168
431	0	323	5.729866	198,220,279,271,264,720,311,12	17.387211,15.734101,14.935773,14.720958,14.117621,14.022209,13.960797,13.790310
432	0	68134	14.129602	198,279,220,271,1148,264,311,358	18.806618,16.788897,16.166283,15.716388,15.465238,15.361683,15.189278,14.518840
433	0	11166	13.088698	198,220,279,271,264,311,58,1148	18.039324,15.809947,15.284076,14.997754,14.192601,14.060501,13.821837,13.690674
434	0	662	10.216404	198,220,279,271,311,264,720,12	17.829329,15.914024,15.847241,15.255424,14.722744,14.640918,14.542050,14.038203
435	0	720	5.386600	198,220,279,271,58,311,264,720	19.140196,15.890434,15.496982,15.384702,14.764667,14.295154,14.198318,14.152835
436	0	763	8.757958	198,220,58,271,279,720,40,16	19.748505,16.338421,15.802742,15.648244,15.438807,15.065495,14.953037,14.707893
437	0	220	3.415846	198,279,220,271,264,311,1148,791	18.574821,16.109406,15.796054,15.250192,14.827100,14.349507,14.343488,14.260179
438	0	1049	6.843937	198,220,279,271,16,58,311,40	18.200583,15.290863,15.045789,14.543933,14.417670,14.175552,13.947650,13.904452
439	0	21	6.370990	198,220,271,279,58,720,311,16	18.989294,15.740161,15.385025,15.203473,14.690890,14.601125,14.203839,14.119110
440	0	1174	10.158021	198,271,220,279,58,311,40,264	19.227285,15.545575,15.463307,15.081502,14.746434,14.133967,14.028157,13.956370
441	0	426	9.494641	198,220,279,264,311,58,271,720	18.463491,16.564707,16.021124,14.723996,14.614728,14.547897,14.440694,14.304616
442	0	11206	15.729721	198,271,220,279,58,720,311,264	18.896643,15.607526,15.556897,15.204730,14.595376,14.419917,14.160167,14.117824
443	0	466	8.707172	198,271,220,58,279,791,40,311	18.634825,15.135406,14.940483,14.629676,14.364007,14.024724,13.949158,13.418384
444	0	59335	16.720973	198,279,220,271,311,264,58,720	18.062395,15.516780,15.355563,15.030047,14.477283,14.325046,14.117153,13.579068
445	0	16662	14.026832	198,220,279,264,311,459,720,477	16.130598,15.906854,15.661387,14.730067,14.545341,14.134799,13.815272,13.532735
446	0	1254	12.139967	198,279,220,264,271,1148,311,459	18.521479,17.370575,16.533411,15.963478,15.642384,15.623296,15.558702,15.324501
447	0	819	12.363470	198,271,220,279,720,998,40,72	17.782429,14.654660,14.361102,14.210136,13.884468,13.743627,13.528926,13.510020
448	0	675	13.247882	198,279,220,271,264,311,58,40	18.267462,15.254846,15.120770,14.861398,14.089859,14.083142,13.991196,13.660434
449	0	304	7.728820	198,220,279,271,58,311,264,40	18.188917,14.950063,14.759513,14.681203,14.019585,13.780046,13.573363,13.508389
450	0	279	2.676958	198,279,220,264,271,311,1148,58	18.553045,16.570900,15.950856,15.179959,15.159373,15.055298,14.842690,14.061920
451	0	1514	10.248881	198,279,220,271,264,1148,311,58	18.388281,16.133863,15.906568,15.067668,14.881234,14.611791,14.571383,14.040767
452	0	94836	19.196310	198,279,220,271,311,264,58,1148	18.775702,16.280804,15.497169,15.469264,15.201833,14.926895,14.599987,14.538209
453	0	5439	11.758966	198,220,279,271,311,264,720,459	17.829786,16.324711,15.703715,15.628528,14.914641,14.746638,14.109324,14.059277
454	0	555	7.362526	198,279,220,311,264,271,58,1148	18.862116,16.526619,16.336218,15.343216,15.221898,15.112010,14.784793,14.681838
455	0	4488	10.006219	198,220,279,264,271,311,1148,459	17.990641,16.802574,16.720964,15.397855,15.087209,14.940994,14.770226,14.444087
456	0	46207	17.468438	198,220,279,271,264,311,58,1148	18.042715,16.317728,15.927279,15.396613,14.691607,14.459447,14.243154,14.105774
457	0	28607	14.064881	198,220,279,271,264,311,12,459	17.498255,15.970128,15.497096,14.618675,14.398170,14.296726,13.864268,13.715218
458	0	662	9.571930	198,220,279,311,720,264,271,12	16.783691,15.650195,15.216465,14.529259,14.332954,14.143486,13.936778,13.330135
459	0	1283	11.546984	198,220,279,271,58,311,264,720	19.140196,15.890434,15.496982,15.384702,14.764667,14.295154,14.198318,14.152835
460	0	9922	13.751511	198,220,279,271,264,311,720,58	18.412004,15.835037,15.663033,15.263275,14.490520,14.429282,14.208425,14.190236
461	0	389	10.185858	198,220,279,271,311,264,58,1148	19.037483,16.304077,16.031990,15.005134,14.951556,14.809475,14.716916,14.222530
462	0	264	4.338199	198,279,220,271,264,311,1148,58	18.687243,16.352997,16.087622,15.221990,14.998940,14.740971,14.679851,14.366616
463	0	220	3.587598	198,279,220,271,264,311,58,1148	18.681841,15.766167,15.618202,15.180958,14.666783,14.392591,14.356293,14.305618
464	0	1049	6.843937	198,220,279,271,16,58,311,40	18.200583,15.290863,15.045789,14.543933,14.417670,14.175552,13.947650,13.904452
465	0	21	6.370990	198,220,271,279,58,720,311,16	18.989294,15.740161,15.385025,15.203473,14.690890,14.601125,14.203839,14.119110
466	0	9417	15.575109	198,271,220,279,58,311,40,264	19.227285,15.545575,15.463307,15.081502,14.746434,14.133967,14.028157,13.956370
467	0	315	6.920683	198,271,279,220,311,58,1148,264	19.589428,16.539690,16.208403,16.107304,15.254817,15.248340,15.073012,14.820735
468	0	279	2.920383	198,279,220,271,264,1148,311,58	18.554834,16.341965,15.933125,15.193143,15.042483,14.865140,14.583386,14.278881
469	0	12707	13.795347	198,279,220,271,264,1148,311,58	18.388281,16.133863,15.906568,15.067668,14.881234,14.611791,14.571383,14.040767
470	0	4101	12.539797	198,279,271,220,311,1148,264,58	18.774139,15.996921,15.692531,15.398137,14.981437,14.809792,14.625094,14.461789
471	0	1174	10.937159	198,271,220,58,279,40,311,512	19.493879,16.235140,16.068316,15.764508,15.527217,14.981776,14.796997,14.667768
472	0	54943	16.584415	198,220,279,264,311,58,271,720	18.463491,16.564707,16.021124,14.723996,14.614728,14.547897,14.440694,14.304616
473	0	1174	9.545708	198,220,279,311,271,264,459,1148	17.321596,16.664408,16.298307,15.459495,15.255295,15.211284,14.591438,14.049420
474	0	8272	13.397438	198,220,279,264,311,58,271,720	18.463491,16.564707,16.021124,14.723996,14.614728,14.547897,14.440694,14.304616
475	0	555	8.034250	198,220,279,271,311,58,264,1148	19.661169,16.483124,16.440155,15.713146,15.386467,15.096190,15.066448,15.061839
476	0	264	3.650642	198,220,279,264,271,311,1148,459	17.990641,16.802574,16.720964,15.397855,15.087209,14.940994,14.770226,14.444087
477	0	3560	12.398384	198,279,220,271,264,311,58,1148	18.681841,15.766167,15.618202,15.180958,14.666783,14.392591,14.356293,14.305618
478	0	304	6.984397	198,220,279,271,311,58,264,512	18.586412,15.658653,15.568211,15.301808,15.009721,14.483235,14.306867,13.977139
479	0	279	2.676958	198,279,220,264,271,311,1148,58	18.553045,16.570900,15.950856,15.179959,15.159373,15.055298,14.842690,14.061920
480	0	220	3.180223	198,279,220,271,264,1148,311,58	18.388281,16.133863,15.906568,15.067668,14.881234,14.611791,14.571383,14.040767
481	0	1049	6.843937	198,220,279,271,16,58,311,40	18.200583,15.290863,15.045789,14.543933,14.417670,14.175552,13.947650,13.904452
482	0	22	7.008970	198,220,271,279,58,720,311,16	18.989294,15.740161,15.385025,15.203473,14.690890,14.601125,14.203839,14.119110
483	0	34596	15.544388	198,271,220,279,58,311,40,264	19.238184,15.564488,15.497012,15.120571,14.753240,14.223845,14.088661,13.974449
484	0	5788	13.195217	198,279,271,220,311,264,58,1148	19.049116,16.244390,16.035280,16.030125,15.445633,14.968738,14.811379,14.760175
485	0	315	7.170214	198,279,271,220,311,264,58,1148	18.865971,16.121681,16.040369,15.628661,15.266162,14.863214,14.628751,14.473067
486	0	2650	7.742698	198,279,220,271,264,1148,311,58	18.554834,16.341965,15.933125,15.193143,15.042483,14.865140,14.583386,14.278881
487	0	311	4.707195	198,220,279,271,311,40,264,1148	18.879919,16.094023,15.883293,15.756057,14.734294,14.630324,14.604892,14.519317
488	0	71727	17.790964	198,279,220,271,264,311,1148,58	18.556116,16.525911,16.148920,15.293006,15.243051,15.013507,14.824292,14.275097
489	0	15910	13.238029	198,271,279,220,791,40,58,3923	19.505339,16.541117,15.361979,15.280622,15.136958,14.950088,14.810776,14.555756
490	0	555	7.199219	198,279,220,311,264,271,58,512	17.889429,15.979408,15.676456,15.207948,14.745870,14.587451,14.194046,14.018664
491	0	28978	12.159865	198,220,279,264,271,311,1148,459	17.990641,16.802574,16.720964,15.397855,15.087209,14.940994,14.770226,14.444087
492	0	648	11.568146	198,220,271,279,58,311,720,12	17.864786,15.181786,14.366935,14.043506,13.455800,13.294965,13.276452,13.155357
493	0	432	9.956097	198,271,220,279,58,311,40,264	18.697206,15.491681,15.414239,15.137981,14.347533,14.155425,14.111145,14.006692
494	0	85534	17.530958	198,220,271,279,720,58,311,264	18.387150,15.405217,15.187889,15.167703,14.432485,14.188237,14.127133,14.039515
495	0	662	10.217019	198,220,271,279,58,311,720,264	18.753069,16.035698,15.930687,15.151271,14.912568,14.357254,14.324941,14.151807
496	0	2650	8.894122	198,220,279,271,58,311,264,720	19.140196,15.890434,15.496982,15.384702,14.764667,14.295154,14.198318,14.152835
497	0	311	4.707195	198,220,279,271,311,40,264,1148	18.879919,16.094023,15.883293,15.756057,14.734294,14.630324,14.604892,14.519317
498	0	71727	17.790964	198,279,220,271,264,311,1148,58	18.556116,16.525911,16.148920,15.293006,15.243051,15.013507,14.824292,14.275097
499	0	574	8.272717	198,271,279,220,791,40,58,3923	19.505339,16.541117,15.361979,15.280622,15.136958,14.950088,14.810776,14.555756
500	0	10887	12.692824	198,279,220,271,264,1148,311,58	19.094358,16.566076,16.357965,15.381474,15.258018,15.198232,15.099415,14.608856
501	0	520	6.015708	198,279,220,271,311,58,264,1148	19.012110,16.097319,16.095585,15.189017,14.989311,14.943936,14.933541,14.305534
502	0	14409	13.547207	198,279,220,264,271,311,1148,720	18.321764,16.485748,16.211639,15.118861,14.811668,14.770607,14.538604,14.304149
503	0	27315	16.443917	198,279,220,271,311,264,459,374	17.209883,16.165998,15.917901,15.423347,15.023880,14.962318,14.439082,13.988809
504	0	304	7.063504	198,220,279,271,311,264,58,1148	19.106169,16.477690,16.176741,16.159918,15.304851,14.972289,14.760078,14.625257
505	0	279	2.676958	198,279,220,264,271,311,1148,58	18.553045,16.570900,15.950856,15.179959,15.159373,15.055298,14.842690,14.061920
506	0	7295	11.972632	198,279,220,271,264,1148,311,58	18.388281,16.133863,15.906568,15.067668,14.881234,14.611791,14.571383,14.040767
507	0	85303	16.640541	198,279,220,271,311,264,1148,459	18.200602,16.427813,16.402395,15.553612,15.277823,15.215934,14.585579,14.548817
508	0	315	7.527454	198,220,279,271,264,311,58,720	17.905087,16.409298,15.782360,15.214383,14.680552,14.407856,14.336385,14.240673
509	0	473	10.683176	198,279,220,271,264,1148,311,58	18.554834,16.341965,15.933125,15.193143,15.042483,14.865140,14.583386,14.278881
510	0	43157	18.875294	198,271,220,279,720,58,311,264	18.281284,15.122113,14.886798,14.794635,14.060887,13.965337,13.759445,13.607516
511	0	44774	18.734128	198,279,220,271,311,264,58,374	18.223911,16.273506,16.100378,15.820485,15.445972,14.916577,14.396385,14.096966
512	0	323	5.766676	198,271,220,279,311,58,264,1148	18.552298,15.409642,15.395653,15.295926,14.558414,14.367658,14.221425,13.719472
513	0	48550	12.887188	198,279,220,271,1148,264,311,358	18.806618,16.788897,16.166283,15.716388,15.465238,15.361683,15.189278,14.518840
514	0	5721	12.921642	198,220,271,279,791,998,311,44	16.520018,14.155255,13.860847,13.395615,12.977347,12.521232,12.501416,12.463069
515	0	662	9.916266	198,220,279,311,271,264,720,459	17.536135,16.102806,15.851214,14.878926,14.755506,14.710885,14.168904,13.803612
516	0	426	10.570025	198,220,279,271,58,311,264,720	19.140196,15.890434,15.496982,15.384702,14.764667,14.295154,14.198318,14.152835
517	0	11206	15.729721	198,271,220,279,58,720,311,264	18.896643,15.607526,15.556897,15.204730,14.595376,14.419917,14.160167,14.117824
518	0	466	8.707172	198,271,220,58,279,791,40,311	18.634825,15.135406,14.940483,14.629676,14.364007,14.024724,13.949158,13.418384
519	0	59335	16.720973	198,279,220,271,311,264,58,720	18.062395,15.516780,15.355563,15.030047,14.477283,14.325046,14.117153,13.579068
520	0	304	5.558578	198,220,279,264,311,459,720,477	16.130598,15.906854,15.661387,14.730067,14.545341,14.134799,13.815272,13.532735
521	0	1403	9.232720	198,279,220,264,271,311,1148,58	18.553045,16.570900,15.950856,15.179959,15.159373,15.055298,14.842690,14.061920
522	0	12631	16.215047	198,279,220,271,58,40,264,311	19.041965,15.751395,15.545770,15.308895,15.229562,14.645762,14.624832,14.330855
523	0	304	7.048692	198,279,220,271,311,58,264,1148	19.112749,16.203634,15.892104,15.851825,15.309587,14.969887,14.818942,14.528235
524	0	220	3.297001	198,279,220,264,271,311,1148,58	18.553045,16.570900,15.950856,15.179959,15.159373,15.055298,14.842690,14.061920
525	0	1049	6.843937	198,220,279,271,16,58,311,40	18.200583,15.290863,15.045789,14.543933,14.417670,14.175552,13.947650,13.904452
526	0	23	7.053174	198,220,271,279,58,720,311,16	18.989294,15.740161,15.385025,15.203473,14.690890,14.601125,14.203839,14.119110
527	0	1174	9.731148	198,271,220,279,58,311,264,40	19.008949,15.674862,15.488357,15.164617,14.627919,14.271183,13.976387,13.897720
528	0	6187	12.679272	198,220,279,264,311,58,271,720	18.463491,16.564707,16.021124,14.723996,14.614728,14.547897,14.440694,14.304616
529	0	4238	13.255192	198,220,279,271,264,58,311,1148	19.213455,16.751842,16.221598,16.188011,15.056675,15.053687,15.025388,14.555043
530	0	4997	13.491663	198,279,271,220,311,58,264,720	18.900408,15.563722,15.489349,15.438728,14.742736,14.687897,14.307541,14.232269
531	0	31304	13.698988	198,220,279,271,311,264,12,720	17.527021,15.468155,15.206447,14.814941,14.078307,13.948966,13.745179,13.729960
532	0	555	7.192927	198,220,279,271,311,264,720,12	17.713520,16.445438,15.752850,15.321724,15.086932,14.840748,14.231529,14.161228
533	0	57337	18.024252	198,220,279,264,271,311,1148,459	17.990641,16.802574,16.720964,15.397855,15.087209,14.940994,14.770226,14.444087
534	0	12366	13.642767	198,279,220,271,311,264,1148,459	17.892403,16.230879,15.818343,15.584007,15.306365,14.892266,14.551770,14.408933
535	0	2009	12.665464	198,220,279,311,264,271,720,12	16.795689,15.886563,15.551692,14.615773,14.457878,14.237618,13.976082,13.912457
536	0	546	12.596596	198,220,279,271,720,791,264,311	17.459724,15.233509,14.534515,14.483939,13.745044,13.390134,13.344142,13.163624
537	0	72	5.293406	198,220,279,271,58,311,998,720	18.159620,14.920960,14.913884,14.661357,14.144376,14.045161,13.720332,13.719266
538	0	1174	10.046744	198,220,271,279,58,311,720,512	18.883780,14.988559,14.955798,14.674870,14.544238,13.805091,13.765435,13.752248
539	0	323	5.833036	198,220,279,264,311,58,271,720	18.463491,16.564707,16.021124,14.723996,14.614728,14.547897,14.440694,14.304616
540	0	4418	10.163387	198,279,220,271,1148,264,311,358	18.806618,16.788897,16.166283,15.716388,15.465238,15.361683,15.189278,14.518840
541	0	798	10.324049	198,220,271,279,40,720,791,311	18.563881,15.436311,15.217793,15.165261,14.237935,14.115746,14.105324,13.955276
542	0	54275	17.332195	198,220,279,271,311,58,264,720	17.829046,15.618686,15.214456,15.135921,14.630795,14.394197,14.131265,13.985835
543	0	15910	12.345957	198,220,279,271,264,311,720,459	17.565577,16.293608,15.492581,14.876063,14.633798,14.395969,14.215840,13.988492
544	0	555	7.199219	198,279,220,311,264,271,58,512	17.889429,15.979408,15.676456,15.207948,14.745870,14.587451,14.194046,14.018664
545	0	12225	12.149964	198,220,279,264,271,311,1148,459	17.990641,16.802574,16.720964,15.397855,15.087209,14.940994,14.770226,14.444087
546	0	398	9.301621	198,220,271,58,720,279,791,40	17.853449,14.839584,14.381045,13.651607,13.556720,13.549797,13.082957,12.958945
547	0	89453	17.879706	198,279,220,271,311,264,58,1148	18.602160,15.696011,15.644383,15.303299,14.742962,14.570000,14.367640,14.188310
548	0	662	10.029032	220,198,279,311,264,459,477,720	15.132298,14.746564,14.630532,13.873479,13.656650,13.292027,13.143947,12.974086
549	0	763	8.508952	198,220,279,271,58,311,264,720	19.140196,15.890434,15.496982,15.384702,14.764667,14.295154,14.198318,14.152835
550	0	3297	10.890633	198,279,220,271,264,311,1148,791	18.574821,16.109406,15.796054,15.250192,14.827100,14.349507,14.343488,14.260179
551	0	220	1.709289	198,220,279,271,311,264,720,1148	18.545321,17.604706,16.388117,15.243787,15.197238,15.128493,14.625772,14.560300
552	0	1049	6.843937	198,220,279,271,16,58,311,40	18.200583,15.290863,15.045789,14.543933,14.417670,14.175552,13.947650,13.904452
553	0	23	7.053174	198,220,271,279,58,720,311,16	18.989294,15.740161,15.385025,15.203473,14.690890,14.601125,14.203839,14.119110
554	0	1174	9.731148	198,271,220,279,58,311,264,40	19.008949,15.674862,15.488357,15.164617,14.627919,14.271183,13.976387,13.897720
555	0	426	9.494641	198,220,279,264,311,58,271,720	18.463491,16.564707,16.021124,14.723996,14.614728,14.547897,14.440694,14.304616
556	0	11206	15.729721	198,271,220,279,58,720,311,264	18.896643,15.607526,15.556897,15.204730,14.595376,14.419917,14.160167,14.117824
557	0	466	8.707172	198,271,220,58,279,791,40,311	18.634825,15.135406,14.940483,14.629676,14.364007,14.024724,13.949158,13.418384
558	0	1903	9.574421	198,279,220,271,311,264,58,720	18.062395,15.516780,15.355563,15.030047,14.477283,14.325046,14.117153,13.579068
559	0	264	4.608592	198,279,220,271,311,264,58,1148	19.043009,16.269083,15.734204,15.460986,15.000473,14.925095,14.700315,14.517555
560	0	8810	15.371057	198,279,220,271,264,311,58,1148	18.681841,15.766167,15.618202,15.180958,14.666783,14.392591,14.356293,14.305618
561	0	11341	14.651794	198,279,220,311,271,264,1148,459	18.021311,16.174028,15.686778,15.287262,15.175885,14.871442,14.309110,14.136744
562	0	389	10.742950	198,271,220,279,58,311,40,512	19.369520,15.787969,15.499726,15.488101,15.144300,14.678241,14.438499,14.432850
563	0	264	4.338199	198,279,220,271,264,311,1148,58	18.687243,16.352997,16.087622,15.221990,14.998940,14.740971,14.679851,14.366616
564	0	1403	9.568191	198,279,220,271,264,311,58,1148	18.681841,15.766167,15.618202,15.180958,14.666783,14.392591,14.356293,14.305618
565	0	571	13.183010	198,279,220,271,58,40,264,311	19.041965,15.751395,15.545770,15.308895,15.229562,14.645762,14.624832,14.330855
566	0	12	7.132213	198,271,220,279,720,311,58,998	18.713091,15.521846,15.436183,14.919930,14.154105,13.859134,13.828537,13.700436
567	0	31	10.828281	198,220,279,16,720,334,264,58	17.962423,16.182930,15.737256,14.870091,14.674470,14.642589,14.606262,14.592705
568	0	961	9.328573	198,220,271,279,720,58,311,16	18.573072,15.368407,15.069077,14.803327,14.358377,14.000720,13.631154,13.588612
569	0	9417	15.248760	198,279,220,271,311,264,58,1148	18.715717,16.124918,16.048832,15.431354,15.219182,14.824246,14.743920,14.341352
570	0	15952	14.433299	198,271,279,220,311,58,1148,264	19.589428,16.539690,16.208403,16.107304,15.254817,15.248340,15.073012,14.820735
571	0	315	8.093638	198,220,271,279,58,12,311,720	18.029505,15.722351,15.141210,14.920726,14.609767,14.315717,14.139714,13.992085
572	0	279	2.920383	198,279,220,271,264,1148,311,58	18.554834,16.341965,15.933125,15.193143,15.042483,14.865140,14.583386,14.278881
573	0	12707	13.795347	198,279,220,271,264,1148,311,58	18.388281,16.133863,15.906568,15.067668,14.881234,14.611791,14.571383,14.040767
574	0	4101	12.539797	198,279,271,220,311,1148,264,58	18.774139,15.996921,15.692531,15.398137,14.981437,14.809792,14.625094,14.461789
575	0	468	14.085313	198,271,220,58,279,40,311,512	19.493879,16.235140,16.068316,15.764508,15.527217,14.981776,14.796997,14.667768
576	0	1802	14.762359	198,220,271,279,720,58,311,264	18.505104,15.281719,15.269433,15.138893,14.394826,14.108815,14.032677,13.905574
577	0	279	3.037250	198,279,220,271,264,311,58,1148	18.460909,16.054274,16.044580,15.429283,14.879741,14.803325,14.496898,14.141416
578	0	15371	16.616712	198,279,220,271,264,1148,311,58	18.388281,16.133863,15.906568,15.067668,14.881234,14.611791,14.571383,14.040767
579	0	1174	9.773107	198,220,271,279,58,311,264,720	18.272470,15.837364,15.298785,14.968213,14.382472,14.083779,13.855171,13.761806
580	0	8272	13.397438	198,220,279,264,311,58,271,720	18.463491,16.564707,16.021124,14.723996,14.614728,14.547897,14.440694,14.304616
581	0	555	8.034250	198,220,279,271,311,58,264,1148	19.661169,16.483124,16.440155,15.713146,15.386467,15.096190,15.066448,15.061839
582	0	459	4.604409	198,220,279,264,271,311,1148,459	17.990641,16.802574,16.720964,15.397855,15.087209,14.940994,14.770226,14.444087
583	0	11341	14.783065	198,279,220,271,264,311,1148,58	18.609297,15.731963,15.546458,15.243217,14.582219,14.417562,14.320076,14.296249
584	0	389	10.742950	198,271,220,279,58,311,40,512	19.369520,15.787969,15.499726,15.488101,15.144300,14.678241,14.438499,14.432850
585	0	279	2.984141	198,279,220,271,264,311,1148,58	18.687243,16.352997,16.087622,15.221990,14.998940,14.740971,14.679851,14.366616
586	0	12707	13.795347	198,279,220,271,264,1148,311,58	18.388281,16.133863,15.906568,15.067668,14.881234,14.611791,14.571383,14.040767
587	0	4101	12.539797	198,279,271,220,311,1148,264,58	18.774139,15.996921,15.692531,15.398137,14.981437,14.809792,14.625094,14.461789
588	0	29878	20.013709	198,271,220,58,279,40,311,512	19.493879,16.235140,16.068316,15.764508,15.527217,14.981776,14.796997,14.667768
589	0	86493	17.071535	198,220,271,279,720,58,311,12	17.560648,15.101804,14.386754,14.017474,13.911922,13.780304,13.482816,13.292664
590	0	304	6.738868	198,271,220,279,311,58,264,40	18.568390,16.336802,16.016685,15.999272,15.297538,15.081294,14.830106,14.141098
591	0	6841	13.458575	198,279,220,264,271,311,1148,58	18.553045,16.570900,15.950856,15.179959,15.159373,15.055298,14.842690,14.061920
592	0	220	1.845225	198,220,279,271,311,264,1148,720	19.178688,17.927254,16.572035,15.924619,15.398610,15.317917,14.872985,14.776417
593	0	1049	6.843937	198,220,279,271,16,58,311,40	18.200583,15.290863,15.045789,14.543933,14.417670,14.175552,13.947650,13.904452
594	0	23	7.053174	198,220,271,279,58,720,311,16	18.989294,15.740161,15.385025,15.203473,14.690890,14.601125,14.203839,14.119110
595	0	662	10.072915	198,271,220,279,58,311,264,40	19.008949,15.674862,15.488357,15.164617,14.627919,14.271183,13.976387,13.897720
596	0	1283	11.546984	198,220,279,271,58,311,264,720	19.140196,15.890434,15.496982,15.384702,14.764667,14.295154,14.198318,14.152835
597	0	1047	8.893414	198,220,279,271,264,311,720,58	18.412004,15.835037,15.663033,15.263275,14.490520,14.429282,14.208425,14.190236
598	0	264	4.406055	198,279,220,271,264,311,1148,58	19.071039,16.466192,16.015074,15.336415,15.191231,15.101555,15.014659,14.803538
599	0	46350	15.252797	198,279,220,271,264,311,58,1148	18.681841,15.766167,15.618202,15.180958,14.666783,14.392591,14.356293,14.305618
600	0	3560	12.446268	198,220,279,271,311,264,1148,459	18.594086,16.761877,16.489166,15.516070,15.449250,15.219299,14.656158,14.645312
601	0	304	6.984397	198,220,279,271,311,58,264,512	18.586412,15.658653,15.568211,15.301808,15.009721,14.483235,14.306867,13.977139
602	0	5899	9.448946	198,279,220,264,271,311,1148,58	18.553045,16.570900,15.950856,15.179959,15.159373,15.055298,14.842690,14.061920
603	0	18243	16.344381	198,279,220,271,58,264,311,12	18.483677,15.944055,15.644917,15.071429,14.940295,14.808721,14.710887,14.464953
604	0	315	7.021985	198,271,220,279,58,311,264,1148	19.749413,16.475388,16.130615,16.115597,15.363910,15.356807,14.753960,14.739223
605	0	279	2.920383	198,279,220,271,264,1148,311,58	18.554834,16.341965,15.933125,15.193143,15.042483,14.865140,14.583386,14.278881
606	0	12707	13.795347	198,279,220,271,264,1148,311,58	18.388281,16.133863,15.906568,15.067668,14.881234,14.611791,14.571383,14.040767
607	0	4101	12.539797	198,279,271,220,311,1148,264,58	18.774139,15.996921,15.692531,15.398137,14.981437,14.809792,14.625094,14.461789
608	0	49922	17.856110	198,271,220,58,279,40,311,512	19.493879,16.235140,16.068316,15.764508,15.527217,14.981776,14.796997,14.667768
609	0	1919	11.387830	198,220,271,279,264,58,311,1148	19.103632,15.972832,15.730855,15.692683,14.496547,14.466884,14.434896,14.179150
610	0	304	7.593174	198,271,220,279,58,311,40,264	18.948126,15.533654,15.395874,15.145463,14.769890,14.357005,14.313155,14.087588
611	0	220	3.297001	198,279,220,264,271,311,1148,58	18.553045,16.570900,15.950856,15.179959,15.159373,15.055298,14.842690,14.061920
612	0	679	8.449227	198,220,279,271,16,58,311,40	18.200583,15.290863,15.045789,14.543933,14.417670,14.175552,13.947650,13.904452
613	0	15	6.679228	198,220,271,279,720,58,311,16	18.759903,15.902192,15.108653,14.924067,14.515083,14.371099,14.037530,14.006561
614	0	1174	10.010114	198,220,271,279,58,311,720,16	19.217934,15.396083,15.235913,14.971485,14.774175,14.147156,13.996427,13.981500
615	0	439	8.274607	198,220,279,264,311,58,271,720	18.463491,16.564707,16.021124,14.723996,14.614728,14.547897,14.440694,14.304616
616	0	330	5.963295	198,279,220,271,264,1148,311,58	18.818239,16.488148,15.999707,15.381482,15.171841,14.979446,14.884881,14.444190
617	0	735	11.408189	198,279,271,40,220,791,58,311	19.096392,15.344003,15.264649,14.894455,14.842511,14.537339,14.373055,14.093930
618	0	40608	15.108040	198,220,271,279,720,58,311,264	18.058605,15.228607,15.212930,15.070416,14.229366,13.969546,13.967450,13.956604
619	0	69168	17.883052	198,220,279,271,311,264,58,1148	18.356310,15.423808,15.204135,14.498463,14.063999,13.947665,13.755673,13.645886
620	0	330	6.462983	198,220,271,279,311,58,264,791	18.503012,15.824017,15.521535,15.276080,14.400330,14.317199,14.237522,14.070198
621	0	662	10.702508	198,279,271,40,220,791,58,311	19.096392,15.344003,15.264649,14.894455,14.842511,14.537339,14.373055,14.093930
622	0	426	10.570025	198,220,279,271,58,311,264,720	19.140196,15.890434,15.496982,15.384702,14.764667,14.295154,14.198318,14.152835
623	0	11206	15.729721	198,271,220,279,58,720,311,264	18.896643,15.607526,15.556897,15.204730,14.595376,14.419917,14.160167,14.117824
624	0	466	8.707172	198,271,220,58,279,791,40,311	18.634825,15.135406,14.940483,14.629676,14.364007,14.024724,13.949158,13.418384
625	0	59335	16.720973	198,279,220,271,311,264,58,720	18.062395,15.516780,15.355563,15.030047,14.477283,14.325046,14.117153,13.579068
626	0	304	5.558578	198,220,279,264,311,459,720,477	16.130598,15.906854,15.661387,14.730067,14.545341,14.134799,13.815272,13.532735
627	0	279	2.676958	198,279,220,264,271,311,1148,58	18.553045,16.570900,15.950856,15.179959,15.159373,15.055298,14.842690,14.061920
628	0	220	3.180223	198,279,220,271,264,1148,311,58	18.388281,16.133863,15.906568,15.067668,14.881234,14.611791,14.571383,14.040767
629	0	679	8.449227	198,220,279,271,16,58,311,40	18.200583,15.290863,15.045789,14.543933,14.417670,14.175552,13.947650,13.904452
630	0	16	5.177438	198,220,271,279,720,58,311,16	18.759903,15.902192,15.108653,14.924067,14.515083,14.371099,14.037530,14.006561
631	0	4632	14.900989	198,220,271,279,58,311,16,264	18.852226,15.474106,15.033519,14.970981,14.595897,14.104907,14.015340,13.918342
632	0	25145	15.242585	198,279,220,271,311,264,1148,58	18.568918,16.377672,15.947581,15.613040,15.206585,14.928967,14.689723,14.569152
633	0	85375	18.413963	198,220,271,279,311,720,264,58	16.857668,14.910614,13.918088,13.882279,13.301478,13.083065,12.758118,12.564517
634	0	15910	12.899904	198,220,271,279,58,311,264,720	19.066454,16.156546,15.608377,15.556736,14.993230,14.926763,14.556600,14.094678
635	0	555	7.199219	198,279,220,311,264,271,58,512	17.889429,15.979408,15.676456,15.207948,14.745870,14.587451,14.194046,14.018664
636	0	12366	13.417549	198,220,279,264,271,311,1148,459	17.990641,16.802574,16.720964,15.397855,15.087209,14.940994,14.770226,14.444087
637	0	2009	12.665464	198,220,279,311,264,271,720,12	16.795689,15.886563,15.551692,14.615773,14.457878,14.237618,13.976082,13.912457
638	0	546	12.596596	198,220,279,271,720,791,264,311	17.459724,15.233509,14.534515,14.483939,13.745044,13.390134,13.344142,13.163624
639	0	72	5.293406	198,220,279,271,58,311,998,720	18.159620,14.920960,14.913884,14.661357,14.144376,14.045161,13.720332,13.719266
640	0	662	10.334378	198,220,271,279,58,311,720,512	18.883780,14.988559,14.955798,14.674870,14.544238,13.805091,13.765435,13.752248
641	0	720	5.386600	198,220,279,271,58,311,264,720	19.140196,15.890434,15.496982,15.384702,14.764667,14.295154,14.198318,14.152835
642	0	284	10.678919	198,220,58,271,279,720,40,16	19.748505,16.338421,15.802742,15.648244,15.438807,15.065495,14.953037,14.707893
643	0	284	9.225860	198,220,279,720,264,271,311,58	18.198288,16.744255,15.827802,14.993085,14.744781,14.395294,14.347748,14.192169
644	0	41576	15.355312	198,220,279,720,264,271,311,58	18.198288,16.744255,15.827802,14.993085,14.744781,14.395294,14.347748,14.192169
645	0	284	11.011110	198,220,271,279,311,264,58,1148	19.002775,16.455194,16.321785,16.007544,15.129295,14.949965,14.749825,14.410182
646	0	284	9.225860	198,220,279,720,264,271,311,58	18.198288,16.744255,15.827802,14.993085,14.744781,14.395294,14.347748,14.192169
647	0	720	3.897480	198,220,279,720,264,271,311,58	18.198288,16.744255,15.827802,14.993085,14.744781,14.395294,14.347748,14.192169
648	0	284	10.678919	198,220,58,271,279,720,40,16	19.748505,16.338421,15.802742,15.648244,15.438807,15.065495,14.953037,14.707893
649	0	284	9.225860	198,220,279,720,264,271,311,58	18.198288,16.744255,15.827802,14.993085,14.744781,14.395294,14.347748,14.192169
650	0	284	9.225860	198,220,279,720,264,271,311,58	18.198288,16.744255,15.827802,14.993085,14.744781,14.395294,14.347748,14.192169
651	0	220	2.146310	198,220,279,720,264,271,311,58	18.198288,16.744255,15.827802,14.993085,14.744781,14.395294,14.347748,14.192169
652	0	1049	6.843937	198,220,279,271,16,58,311,40	18.200583,15.290863,15.045789,14.543933,14.417670,14.175552,13.947650,13.904452
653	0	15	6.716293	198,220,271,279,58,720,311,16	18.989294,15.740161,15.385025,15.203473,14.690890,14.601125,14.203839,14.119110
654	0	1389	11.026374	198,220,271,279,58,311,720,16	19.217934,15.396083,15.235913,14.971485,14.774175,14.147156,13.996427,13.981500
655	0	220	3.006661	198,220,279,264,271,720,311,1148	19.169664,16.571650,16.120064,14.973366,14.810292,14.790671,14.726231,14.505534
656	0	1049	6.843937	198,220,279,271,16,58,311,40	18.200583,15.290863,15.045789,14.543933,14.417670,14.175552,13.947650,13.904452
657	0	20	5.967826	198,220,271,279,58,720,311,16	18.989294,15.740161,15.385025,15.203473,14.690890,14.601125,14.203839,14.119110
658	0	284	10.110143	198,220,271,279,58,311,720,16	18.948675,15.331729,15.198634,14.883079,14.507016,14.027347,13.922191,13.852722
659	0	284	9.225860	198,220,279,720,264,271,311,58	18.198288,16.744255,15.827802,14.993085,14.744781,14.395294,14.347748,14.192169
660	0	284	9.225860	198,220,279,720,264,271,311,58	18.198288,16.744255,15.827802,14.993085,14.744781,14.395294,14.347748,14.192169
661	0	720	3.897480	198,220,279,720,264,271,311,58	18.198288,16.744255,15.827802,14.993085,14.744781,14.395294,14.347748,14.192169
662	0	763	8.757958	198,220,58,271,279,720,40,16	19.748505,16.338421,15.802742,15.648244,15.438807,15.065495,14.953037,14.707893
663	0	220	3.415846	198,279,220,271,264,311,1148,791	18.574821,16.109406,15.796054,15.250192,14.827100,14.349507,14.343488,14.260179
664	0	1049	6.843937	198,220,279,271,16,58,311,40	18.200583,15.290863,15.045789,14.543933,14.417670,14.175552,13.947650,13.904452
665	0	15	6.716293	198,220,271,279,58,720,311,16	18.989294,15.740161,15.385025,15.203473,14.690890,14.601125,14.203839,14.119110
666	0	426	10.986760	198,220,271,279,58,311,720,16	19.217934,15.396083,15.235913,14.971485,14.774175,14.147156,13.996427,13.981500
667	0	11206	15.729721	198,271,220,279,58,720,311,264	18.896643,15.607526,15.556897,15.204730,14.595376,14.419917,14.160167,14.117824
668	0	466	8.707172	198,271,220,58,279,791,40,311	18.634825,15.135406,14.940483,14.629676,14.364007,14.024724,13.949158,13.418384
669	0	1047	8.798505	198,279,220,271,311,264,58,720	18.062395,15.516780,15.355563,15.030047,14.477283,14.325046,14.117153,13.579068
670	0	264	4.406055	198,279,220,271,264,311,1148,58	19.071039,16.466192,16.015074,15.336415,15.191231,15.101555,15.014659,14.803538
671	0	8810	15.371057	198,279,220,271,264,311,58,1148	18.681841,15.766167,15.618202,15.180958,14.666783,14.392591,14.356293,14.305618
672	0	571	12.230697	198,279,220,311,271,264,1148,459	18.021311,16.174028,15.686778,15.287262,15.175885,14.871442,14.309110,14.136744
673	0	12	7.132213	198,271,220,279,720,311,58,998	18.713091,15.521846,15.436183,14.919930,14.154105,13.859134,13.828537,13.700436
674	0	31	10.828281	198,220,279,16,720,334,264,58	17.962423,16.182930,15.737256,14.870091,14.674470,14.642589,14.606262,14.592705
675	0	40500	15.001402	198,220,271,279,720,58,311,16	18.573072,15.368407,15.069077,14.803327,14.358377,14.000720,13.631154,13.588612
676	0	3560	12.091653	198,220,279,264,459,311,1148,271	16.906843,16.700356,16.548508,15.304261,14.940173,14.693974,14.612285,14.122478
677	0	389	9.991689	198,220,279,271,311,58,264,512	18.586412,15.658653,15.568211,15.301808,15.009721,14.483235,14.306867,13.977139
678	0	279	2.984141	198,279,220,271,264,311,1148,58	18.687243,16.352997,16.087622,15.221990,14.998940,14.740971,14.679851,14.366616
679	0	12707	13.795347	198,279,220,271,264,1148,311,58	18.388281,16.133863,15.906568,15.067668,14.881234,14.611791,14.571383,14.040767
680	0	4101	12.539797	198,279,271,220,311,1148,264,58	18.774139,15.996921,15.692531,15.398137,14.981437,14.809792,14.625094,14.461789
681	0	578	7.473532	198,271,220,58,279,40,311,512	19.493879,16.235140,16.068316,15.764508,15.527217,14.981776,14.796997,14.667768
682	0	8766	13.930463	198,220,279,271,264,720,311,1148	18.262087,16.149395,15.985192,15.181091,14.809737,14.504509,14.332049,14.264968
683	0	2652	11.346211	198,220,279,271,264,311,1148,58	18.706064,16.582541,16.424770,15.853320,15.155322,15.088172,14.835419,14.758906
684	0	568	7.179309	198,220,279,58,720,311,271,264	19.458673,16.729233,16.098803,14.917592,14.875245,14.854347,14.823288,14.748710
685	0	45877	13.609656	198,279,220,271,40,311,58,264	18.897474,15.787578,15.596549,15.449710,14.701687,14.610265,14.599261,14.517285
686	0	330	6.717824	198,279,220,271,1148,311,264,58	18.995153,15.988724,15.664357,15.347382,14.707038,14.629764,14.622742,14.301723
687	0	10016	12.913651	198,279,271,40,220,791,58,311	19.096392,15.344003,15.264649,14.894455,14.842511,14.537339,14.373055,14.093930
688	0	4366	10.721151	198,279,220,271,264,311,1148,791	18.254461,16.084784,16.051046,16.043495,14.793437,14.652973,14.610318,14.458664
689	0	894	11.202932	198,220,271,279,720,58,40,264	17.841806,15.294637,14.739825,14.459163,13.804011,13.671880,13.457377,13.451248
690	0	330	6.466681	198,271,220,279,311,58,264,40	18.616350,15.630058,15.485202,15.470085,14.539165,14.464082,14.332738,14.312756
691	0	304	8.103915	198,279,271,40,220,791,58,311	19.096392,15.344003,15.264649,14.894455,14.842511,14.537339,14.373055,14.093930
692	0	279	2.676958	198,279,220,264,271,311,1148,58	18.553045,16.570900,15.950856,15.179959,15.159373,15.055298,14.842690,14.061920
693	0	9417	14.388059	198,279,220,271,264,1148,311,58	18.388281,16.133863,15.906568,15.067668,14.881234,14.611791,14.571383,14.040767
694	0	1174	10.886084	198,271,279,220,311,58,1148,264	19.589428,16.539690,16.208403,16.107304,15.254817,15.248340,15.073012,14.820735
695	0	330	5.601168	198,220,279,264,311,58,271,720	18.463491,16.564707,16.021124,14.723996,14.614728,14.547897,14.440694,14.304616
696	0	763	8.830952	198,279,271,40,220,791,58,311	19.096392,15.344003,15.264649,14.894455,14.842511,14.537339,14.373055,14.093930
697	0	23088	16.641124	198,279,220,271,264,311,1148,791	18.574821,16.109406,15.796054,15.250192,14.827100,14.349507,14.343488,14.260179
698	0	43396	14.930805	198,220,279,271,311,264,58,720	17.402542,15.763756,15.664436,15.459412,14.923961,14.578946,13.907134,13.793614
699	0	330	6.970592	198,220,271,279,311,58,264,791	18.296736,15.846637,15.491815,15.332074,14.596459,14.353867,14.276980,14.066220
700	0	662	10.702508	198,279,271,40,220,791,58,311	19.096392,15.344003,15.264649,14.894455,14.842511,14.537339,14.373055,14.093930
701	0	426	10.570025	198,220,279,271,58,311,264,720	19.140196,15.890434,15.496982,15.384702,14.764667,14.295154,14.198318,14.152835
702	0	11206	15.729721	198,271,220,279,58,720,311,264	18.896643,15.607526,15.556897,15.204730,14.595376,14.419917,14.160167,14.117824
703	0	466	8.707172	198,271,220,58,279,791,40,311	18.634825,15.135406,14.940483,14.629676,14.364007,14.024724,13.949158,13.418384
704	0	59335	16.720973	198,279,220,271,311,264,58,720	18.062395,15.516780,15.355563,15.030047,14.477283,14.325046,14.117153,13.579068
705	0	439	7.696545	198,220,279,264,311,459,720,477	16.130598,15.906854,15.661387,14.730067,14.545341,14.134799,13.815272,13.532735
706	0	330	5.963295	198,279,220,271,264,1148,311,58	18.818239,16.488148,15.999707,15.381482,15.171841,14.979446,14.884881,14.444190
707	0	10016	12.913651	198,279,271,40,220,791,58,311	19.096392,15.344003,15.264649,14.894455,14.842511,14.537339,14.373055,14.093930
708	0	330	6.016383	198,279,220,271,264,311,1148,791	18.254461,16.084784,16.051046,16.043495,14.793437,14.652973,14.610318,14.458664
709	0	304	8.103915	198,279,271,40,220,791,58,311	19.096392,15.344003,15.264649,14.894455,14.842511,14.537339,14.373055,14.093930
710	0	279	2.676958	198,279,220,264,271,311,1148,58	18.553045,16.570900,15.950856,15.179959,15.159373,15.055298,14.842690,14.061920
711	0	1514	10.248881	198,279,220,271,264,1148,311,58	18.388281,16.133863,15.906568,15.067668,14.881234,14.611791,14.571383,14.040767
712	0	6385	12.543478	198,279,220,271,311,264,58,1148	18.775702,16.280804,15.497169,15.469264,15.201833,14.926895,14.599987,14.538209
713	0	2439	13.204469	198,220,279,271,264,311,720,12	17.536043,15.777176,15.687778,14.889609,14.471904,14.420182,14.189786,13.910794
714	0	5439	12.272257	198,220,271,279,311,58,264,40	18.736624,15.437374,15.387826,15.373372,14.566025,14.561976,14.186726,13.879367
715	0	555	7.362526	198,279,220,311,264,271,58,1148	18.862116,16.526619,16.336218,15.343216,15.221898,15.112010,14.784793,14.681838
716	0	22021	13.878649	198,220,279,264,271,311,1148,459	17.990641,16.802574,16.720964,15.397855,15.087209,14.940994,14.770226,14.444087
717	0	77023	15.428293	198,220,279,271,264,58,311,12	17.691511,15.486721,14.929721,14.805435,13.950280,13.846566,13.762478,13.708100
718	0	1174	9.182680	198,220,279,271,58,720,311,12	17.706303,15.819552,14.965077,14.699168,14.246951,14.246331,14.184772,14.108630
719	0	902	7.763622	198,220,279,264,311,58,271,720	18.463491,16.564707,16.021124,14.723996,14.614728,14.547897,14.440694,14.304616
720	0	574	8.048136	198,279,271,220,58,40,1148,311	19.645432,15.946065,15.735232,15.541885,15.022214,14.871032,14.772480,14.633056
721	0	10887	12.692824	198,279,220,271,264,1148,311,58	19.094358,16.566076,16.357965,15.381474,15.258018,15.198232,15.099415,14.608856
722	0	304	7.354299	198,279,220,271,311,58,264,1148	19.012110,16.097319,16.095585,15.189017,14.989311,14.943936,14.933541,14.305534
723	0	220	3.297001	198,279,220,264,271,311,1148,58	18.553045,16.570900,15.950856,15.179959,15.159373,15.055298,14.842690,14.061920
724	0	1049	6.843937	198,220,279,271,16,58,311,40	18.200583,15.290863,15.045789,14.543933,14.417670,14.175552,13.947650,13.904452
725	0	16	5.254328	198,220,271,279,58,720,311,16	18.989294,15.740161,15.385025,15.203473,14.690890,14.601125,14.203839,14.119110
726	0	520	6.882281	198,220,271,279,58,311,16,264	18.852226,15.474106,15.033519,14.970981,14.595897,14.104907,14.015340,13.918342
727	0	279	2.588719	198,279,220,264,271,311,1148,720	18.321764,16.485748,16.211639,15.118861,14.811668,14.770607,14.538604,14.304149
728	0	16591	13.811263	198,279,220,271,264,1148,311,58	18.388281,16.133863,15.906568,15.067668,14.881234,14.611791,14.571383,14.040767
729	0	7301	13.026748	198,220,279,271,264,311,1148,791	17.829645,15.690948,15.377368,15.329608,14.271579,14.118699,14.074285,14.044346
730	0	27315	16.564328	198,279,220,271,311,264,720,459	18.077356,16.645992,16.450132,15.645967,15.420461,15.245289,14.673364,14.562778
731	0	662	10.483140	198,220,279,271,311,264,58,1148	19.106169,16.477690,16.176741,16.159918,15.304851,14.972289,14.760078,14.625257
732	0	362	9.305498	198,220,279,271,58,311,264,720	19.140196,15.890434,15.496982,15.384702,14.764667,14.295154,14.198318,14.152835
733	0	3477	10.245315	198,220,271,279,58,264,720,311	18.718765,15.614244,15.402226,15.374322,14.456279,14.329277,14.270802,14.221294
734	0	315	7.474830	198,279,271,220,311,58,264,1148	19.645906,16.688923,16.464537,16.449286,15.578408,15.495872,15.376312,15.272151
735	0	426	9.548823	198,279,220,271,264,1148,311,58	18.554834,16.341965,15.933125,15.193143,15.042483,14.865140,14.583386,14.278881
736	0	11206	15.729721	198,271,220,279,58,720,311,264	18.896643,15.607526,15.556897,15.204730,14.595376,14.419917,14.160167,14.117824
737	0	466	8.707172	198,271,220,58,279,791,40,311	18.634825,15.135406,14.940483,14.629676,14.364007,14.024724,13.949158,13.418384
738	0	364	9.415510	198,279,220,271,311,264,58,720	18.062395,15.516780,15.355563,15.030047,14.477283,14.325046,14.117153,13.579068
739	0	82	5.780169	198,279,271,220,40,791,58,311	18.689421,15.113163,14.908081,14.807195,14.474439,14.179429,14.002370,13.841481
740	0	5178	13.777240	198,271,279,220,58,311,512,264	19.030003,15.210355,15.120807,14.877759,14.771843,14.303617,14.129064,13.987092
741	0	304	7.577106	198,271,279,58,220,311,40,512	19.815977,16.493059,15.881088,15.430592,15.404813,15.152763,14.829837,14.625614
742	0	578	6.589666	198,279,220,264,271,311,1148,58	18.553045,16.570900,15.950856,15.179959,15.159373,15.055298,14.842690,14.061920
743	0	22765	13.689218	198,220,279,271,264,720,311,1148	18.262087,16.149395,15.985192,15.181091,14.809737,14.504509,14.332049,14.264968
744	0	389	10.250487	198,220,279,271,264,311,58,791	18.523203,16.247183,15.572558,15.506858,14.406810,14.361786,14.194774,14.097584
745	0	7418	14.460439	198,279,220,271,264,311,1148,58	18.687243,16.352997,16.087622,15.221990,14.998940,14.740971,14.679851,14.366616
746	0	7633	10.677107	198,220,279,271,264,311,459,1148	18.302011,17.219980,16.627451,15.720016,15.507213,15.407588,14.747266,14.721042
747	0	1461	9.447309	198,220,279,271,311,264,58,1148	19.063763,16.648331,16.531134,15.536809,15.477054,15.265950,14.877269,14.836152
748	0	439	7.989241	198,279,220,271,311,264,1148,58	18.990612,16.373201,16.067476,15.668812,15.467221,15.088806,14.874524,14.780572
749	0	330	5.963295	198,279,220,271,264,1148,311,58	18.818239,16.488148,15.999707,15.381482,15.171841,14.979446,14.884881,14.444190
750	0	77104	16.610642	198,279,271,40,220,791,58,311	19.096392,15.344003,15.264649,14.894455,14.842511,14.537339,14.373055,14.093930
751	0	95072	16.895742	198,279,220,271,311,264,1148,58	19.147884,16.020479,15.971199,15.583439,14.979295,14.771356,14.716847,14.413709
752	0	330	5.751695	198,279,220,264,311,459,271,1148	16.507317,15.646852,15.486557,14.514478,14.483033,14.049256,13.861007,13.461708
753	0	304	8.103915	198,279,271,40,220,791,58,311	19.096392,15.344003,15.264649,14.894455,14.842511,14.537339,14.373055,14.093930
754	0	279	2.676958	198,279,220,264,271,311,1148,58	18.553045,16.570900,15.950856,15.179959,15.159373,15.055298,14.842690,14.061920
755	0	3560	12.114568	198,279,220,271,264,1148,311,58	18.388281,16.133863,15.906568,15.067668,14.881234,14.611791,14.571383,14.040767
756	0	1174	10.440249	198,220,279,271,311,58,264,512	18.586412,15.658653,15.568211,15.301808,15.009721,14.483235,14.306867,13.977139
757	0	323	5.833036	198,220,279,264,311,58,271,720	18.463491,16.564707,16.021124,14.723996,14.614728,14.547897,14.440694,14.304616
758	0	568	6.063141	198,279,220,271,1148,264,311,358	18.806618,16.788897,16.166283,15.716388,15.465238,15.361683,15.189278,14.518840
759	0	4036	12.388647	198,279,220,271,40,311,58,264	18.897474,15.787578,15.596549,15.449710,14.701687,14.610265,14.599261,14.517285
760	0	9200	13.489934	198,279,220,271,264,311,58,1148	19.080950,16.675505,16.554270,15.725067,15.502559,15.360008,15.032479,14.850888
761	0	8544	11.962589	198,220,279,271,311,264,1148,58	18.054865,15.786174,15.772052,15.391415,15.011098,14.504582,14.235402,14.188434
762	0	304	7.006841	198,279,271,220,311,264,58,1148	19.548141,16.663429,16.412180,16.380247,15.733335,15.339488,15.309265,15.050149
763	0	578	6.589666	198,279,220,264,271,311,1148,58	18.553045,16.570900,15.950856,15.179959,15.159373,15.055298,14.842690,14.061920
764	0	42769	18.155104	198,220,279,271,264,720,311,1148	18.262087,16.149395,15.985192,15.181091,14.809737,14.504509,14.332049,14.264968
765	0	1174	9.214056	198,279,220,271,311,264,1148,459	17.842710,15.942960,15.799664,15.532494,14.730659,14.716380,14.024059,14.004604
766	0	323	5.833036	198,220,279,264,311,58,271,720	18.463491,16.564707,16.021124,14.723996,14.614728,14.547897,14.440694,14.304616
767	0	57202	16.212248	198,279,220,271,1148,264,311,358	18.806618,16.788897,16.166283,15.716388,15.465238,15.361683,15.189278,14.518840
768	0	12028	14.035365	198,220,279,271,264,311,58,1148	18.790138,16.644613,16.218260,15.702188,15.116280,15.029587,14.558000,14.379150
769	0	662	10.822095	198,271,220,58,279,791,40,720	19.339937,16.139832,15.943788,15.354579,15.303700,14.558478,14.549400,14.146092
770	0	1283	11.546984	198,220,279,271,58,311,264,720	19.140196,15.890434,15.496982,15.384702,14.764667,14.295154,14.198318,14.152835
771	0	9922	13.751511	198,220,279,271,264,311,720,58	18.412004,15.835037,15.663033,15.263275,14.490520,14.429282,14.208425,14.190236
772	0	304	7.157243	198,220,279,271,311,264,58,1148	19.037483,16.304077,16.031990,15.005134,14.951556,14.809475,14.716916,14.222530
773	0	279	2.676958	198,279,220,264,271,311,1148,58	18.553045,16.570900,15.950856,15.179959,15.159373,15.055298,14.842690,14.061920
774	0	12707	13.795347	198,279,220,271,264,1148,311,58	18.388281,16.133863,15.906568,15.067668,14.881234,14.611791,14.571383,14.040767
775	0	4101	12.539797	198,279,271,220,311,1148,264,58	18.774139,15.996921,15.692531,15.398137,14.981437,14.809792,14.625094,14.461789
776	0	20819	14.305392	198,271,220,58,279,40,311,512	19.493879,16.235140,16.068316,15.764508,15.527217,14.981776,14.796997,14.667768
777	0	3842	9.998365	198,220,279,271,264,311,459,1148	17.513931,16.563562,16.490198,15.254527,15.194837,15.108365,14.485542,14.378250
778	0	1611	9.299307	198,220,279,271,264,311,1148,459	18.297289,16.331263,16.102461,15.513568,14.818058,14.700406,14.535149,14.132289
779	0	291	10.106146	198,220,279,271,720,58,12,791	17.816149,15.412549,14.408414,14.398473,14.268828,13.587394,13.419930,13.378510
780	0	304	7.267177	198,279,220,271,58,311,264,40	18.463408,15.511082,15.483627,14.991756,14.554542,14.436925,14.380177,13.882209
781	0	220	3.297001	198,279,220,264,271,311,1148,58	18.553045,16.570900,15.950856,15.179959,15.159373,15.055298,14.842690,14.061920
782	0	1049	6.843937	198,220,279,271,16,58,311,40	18.200583,15.290863,15.045789,14.543933,14.417670,14.175552,13.947650,13.904452
783	0	17	6.274035	198,220,271,279,58,720,311,16	18.989294,15.740161,15.385025,15.203473,14.690890,14.601125,14.203839,14.119110
784	0	439	9.068454	198,220,271,58,279,16,334,720	18.812578,15.347720,14.934731,14.892779,14.746396,14.404778,14.158937,13.983752
785	0	330	5.963295	198,279,220,271,264,1148,311,58	18.818239,16.488148,15.999707,15.381482,15.171841,14.979446,14.884881,14.444190
786	0	2758	13.012116	198,279,271,40,220,791,58,311	19.096392,15.344003,15.264649,14.894455,14.842511,14.537339,14.373055,14.093930
787	0	336	9.510566	198,220,279,264,311,271,720,459	17.444191,16.160122,16.147921,14.991160,14.906106,14.492770,14.042964,13.952377
788	0	1676	14.460761	198,220,279,271,311,264,58,720	17.872728,15.455833,14.959249,14.524098,14.245197,13.804618,13.705720,13.647607
789	0	1800	12.168327	198,220,271,279,791,720,58,40	17.841713,15.094208,14.623057,14.275659,13.807857,13.694904,13.600467,13.585452
790	0	425	14.110943	198,220,279,271,311,264,58,12	17.214504,15.561405,15.035907,14.387717,14.262360,13.920395,13.529564,13.104049
791	0	330	6.295686	198,220,279,271,58,311,720,264	18.858704,15.833580,15.502873,15.408969,14.738980,14.712529,14.555782,14.360497
792	0	304	8.103915	198,279,271,40,220,791,58,311	19.096392,15.344003,15.264649,14.894455,14.842511,14.537339,14.373055,14.093930
793	0	279	2.676958	198,279,220,264,271,311,1148,58	18.553045,16.570900,15.950856,15.179959,15.159373,15.055298,14.842690,14.061920
794	0	9417	14.388059	198,279,220,271,264,1148,311,58	18.388281,16.133863,15.906568,15.067668,14.881234,14.611791,14.571383,14.040767
795	0	330	6.869418	198,271,279,220,311,58,1148,264	19.589428,16.539690,16.208403,16.107304,15.254817,15.248340,15.073012,14.820735
796	0	31597	14.237856	198,279,271,40,220,791,58,311	19.096392,15.344003,15.264649,14.894455,14.842511,14.537339,14.373055,14.093930
797	0	64412	18.583172	198,220,279,271,264,311,459,720	17.608496,16.025080,15.849655,15.407802,14.757110,14.483304,14.290652,14.039464
798	0	72	5.761084	198,220,271,279,58,791,40,311	17.970123,15.529124,14.892055,14.035325,13.961673,13.561528,13.444867,13.443424
799	0	2301	13.067101	198,220,271,279,58,311,720,512	18.883780,14.988559,14.955798,14.674870,14.544238,13.805091,13.765435,13.752248
800	0	330	6.126967	198,220,279,271,311,264,58,720	17.836939,15.437339,15.249713,14.972328,14.747036,14.157477,13.908399,13.495749
801	0	1174	10.731446	198,279,271,40,220,791,58,311	19.096392,15.344003,15.264649,14.894455,14.842511,14.537339,14.373055,14.093930
802	0	323	5.833036	198,220,279,264,311,58,271,720	18.463491,16.564707,16.021124,14.723996,14.614728,14.547897,14.440694,14.304616
803	0	1047	8.437350	198,279,220,271,1148,264,311,358	18.806618,16.788897,16.166283,15.716388,15.465238,15.361683,15.189278,14.518840
804	0	264	4.406055	198,279,220,271,264,311,1148,58	19.071039,16.466192,16.015074,15.336415,15.191231,15.101555,15.014659,14.803538
805	0	3560	12.398384	198,279,220,271,264,311,58,1148	18.681841,15.766167,15.618202,15.180958,14.666783,14.392591,14.356293,14.305618
806	0	439	8.262031	198,220,279,271,311,58,264,512	18.586412,15.658653,15.568211,15.301808,15.009721,14.483235,14.306867,13.977139
807	0	264	4.247683	198,279,220,271,264,1148,311,58	18.818239,16.488148,15.999707,15.381482,15.171841,14.979446,14.884881,14.444190
808	0	2204	11.288179	198,279,220,271,264,311,58,1148	18.681841,15.766167,15.618202,15.180958,14.666783,14.392591,14.356293,14.305618
809	0	3752	13.266754	198,279,220,271,311,264,1148,720	18.920752,16.534731,16.074404,15.353668,15.227895,15.148086,14.887401,14.868676
810	0	330	6.676046	198,271,220,279,58,311,264,40	19.292749,15.868581,15.684784,15.622817,14.913625,14.894356,14.438774,14.251962
811	0	79479	15.126617	198,279,271,40,220,791,58,311	19.096392,15.344003,15.264649,14.894455,14.842511,14.537339,14.373055,14.093930
812	0	57493	14.499833	198,271,220,279,58,791,264,40	18.268333,15.446515,15.395904,15.087532,14.204521,14.047432,13.970382,13.942238
813	0	330	6.576055	198,271,220,279,58,311,264,791	18.737020,15.771558,15.642021,15.446284,14.590519,14.436684,14.344296,14.313165
814	0	389	10.700872	198,279,271,40,220,791,58,311	19.096392,15.344003,15.264649,14.894455,14.842511,14.537339,14.373055,14.093930
815	0	578	6.606325	198,279,220,271,264,311,1148,58	18.687243,16.352997,16.087622,15.221990,14.998940,14.740971,14.679851,14.366616
816	0	8766	13.930463	198,220,279,271,264,720,311,1148	18.262087,16.149395,15.985192,15.181091,14.809737,14.504509,14.332049,14.264968
817	0	662	10.373629	198,220,279,271,264,311,1148,58	18.706064,16.582541,16.424770,15.853320,15.155322,15.088172,14.835419,14.758906
818	0	720	5.386600	198,220,279,271,58,311,264,720	19.140196,15.890434,15.496982,15.384702,14.764667,14.295154,14.198318,14.152835
819	0	1283	12.098523	198,220,58,271,279,720,40,16	19.748505,16.338421,15.802742,15.648244,15.438807,15.065495,14.953037,14.707893
820	0	1047	8.893414	198,220,279,271,264,311,720,58	18.412004,15.835037,15.663033,15.263275,14.490520,14.429282,14.208425,14.190236
821	0	264	4.406055	198,279,220,271,264,311,1148,58	19.071039,16.466192,16.015074,15.336415,15.191231,15.101555,15.014659,14.803538
822	0	46350	15.252797	198,279,220,271,264,311,58,1148	18.681841,15.766167,15.618202,15.180958,14.666783,14.392591,14.356293,14.305618
823	0	3560	12.446268	198,220,279,271,311,264,1148,459	18.594086,16.761877,16.489166,15.516070,15.449250,15.219299,14.656158,14.645312
824	0	304	6.984397	198,220,279,271,311,58,264,512	18.586412,15.658653,15.568211,15.301808,15.009721,14.483235,14.306867,13.977139
825	0	220	3.297001	198,279,220,264,271,311,1148,58	18.553045,16.570900,15.950856,15.179959,15.159373,15.055298,14.842690,14.061920
826	0	1049	6.843937	198,220,279,271,16,58,311,40	18.200583,15.290863,15.045789,14.543933,14.417670,14.175552,13.947650,13.904452
827	0	18	6.544578	198,220,271,279,58,720,311,16	18.989294,15.740161,15.385025,15.203473,14.690890,14.601125,14.203839,14.119110
828	0	389	10.829223	198,220,271,279,58,16,334,40	19.047827,15.494367,15.324380,15.005248,14.972045,14.405398,14.223447,14.139114
829	0	1403	9.545831	198,279,220,271,264,311,1148,58	18.687243,16.352997,16.087622,15.221990,14.998940,14.740971,14.679851,14.366616
830	0	18243	15.999498	198,279,220,271,58,40,264,311	19.041965,15.751395,15.545770,15.308895,15.229562,14.645762,14.624832,14.330855
831	0	315	7.021985	198,271,220,279,58,311,264,1148	19.749413,16.475388,16.130615,16.115597,15.363910,15.356807,14.753960,14.739223
832	0	578	6.289339	198,279,220,271,264,1148,311,58	18.554834,16.341965,15.933125,15.193143,15.042483,14.865140,14.583386,14.278881
833	0	8766	13.930463	198,220,279,271,264,720,311,1148	18.262087,16.149395,15.985192,15.181091,14.809737,14.504509,14.332049,14.264968
834	0	1174	9.936333	198,220,279,271,264,311,1148,58	18.706064,16.582541,16.424770,15.853320,15.155322,15.088172,14.835419,14.758906
835	0	439	8.274607	198,220,279,264,311,58,271,720	18.463491,16.564707,16.021124,14.723996,14.614728,14.547897,14.440694,14.304616
836	0	3752	12.853265	198,279,220,271,264,1148,311,58	18.818239,16.488148,15.999707,15.381482,15.171841,14.979446,14.884881,14.444190
837	0	330	6.676046	198,271,220,279,58,311,264,40	19.292749,15.868581,15.684784,15.622817,14.913625,14.894356,14.438774,14.251962
838	0	58280	17.502508	198,279,271,40,220,791,58,311	19.096392,15.344003,15.264649,14.894455,14.842511,14.537339,14.373055,14.093930
839	0	8650	10.057623	198,220,279,264,311,720,12,271	16.793999,15.699764,15.439549,14.526299,14.428032,14.163028,14.068703,13.915047
840	0	330	5.793699	198,220,279,271,720,264,58,311	17.935915,16.351318,15.517398,15.346356,14.954823,14.669247,14.559369,14.473720
841	0	662	10.702508	198,279,271,40,220,791,58,311	19.096392,15.344003,15.264649,14.894455,14.842511,14.537339,14.373055,14.093930
842	0	763	8.508952	198,220,279,271,58,311,264,720	19.140196,15.890434,15.496982,15.384702,14.764667,14.295154,14.198318,14.152835
843	0	220	3.415846	198,279,220,271,264,311,1148,791	18.574821,16.109406,15.796054,15.250192,14.827100,14.349507,14.343488,14.260179
844	0	1049	6.843937	198,220,279,271,16,58,311,40	18.200583,15.290863,15.045789,14.543933,14.417670,14.175552,13.947650,13.904452
845	0	19	7.381416	198,220,271,279,58,720,311,16	18.989294,15.740161,15.385025,15.203473,14.690890,14.601125,14.203839,14.119110
846	0	426	10.765855	198,220,271,279,58,311,16,40	19.017492,15.369679,15.316297,14.923759,14.698157,14.049708,13.945701,13.865181
847	0	11206	15.729721	198,271,220,279,58,720,311,264	18.896643,15.607526,15.556897,15.204730,14.595376,14.419917,14.160167,14.117824
848	0	466	8.707172	198,271,220,58,279,791,40,311	18.634825,15.135406,14.940483,14.629676,14.364007,14.024724,13.949158,13.418384
849	0	27212	13.712274	198,279,220,271,311,264,58,720	18.062395,15.516780,15.355563,15.030047,14.477283,14.325046,14.117153,13.579068
850	0	264	3.035131	198,279,220,264,311,459,271,1148	16.318377,16.047869,15.443599,14.947810,14.774498,14.287663,14.014381,13.563819
851	0	3560	12.398384	198,279,220,271,264,311,58,1148	18.681841,15.766167,15.618202,15.180958,14.666783,14.392591,14.356293,14.305618
852	0	439	8.262031	198,220,279,271,311,58,264,512	18.586412,15.658653,15.568211,15.301808,15.009721,14.483235,14.306867,13.977139
853	0	330	5.963295	198,279,220,271,264,1148,311,58	18.818239,16.488148,15.999707,15.381482,15.171841,14.979446,14.884881,14.444190
854	0	29517	14.817680	198,279,271,40,220,791,58,311	19.096392,15.344003,15.264649,14.894455,14.842511,14.537339,14.373055,14.093930
855	0	330	5.942255	198,220,279,271,264,311,459,1148	17.520330,15.922179,15.826243,14.941711,14.747731,14.529063,14.036236,13.908805
856	0	304	8.103915	198,279,271,40,220,791,58,311	19.096392,15.344003,15.264649,14.894455,14.842511,14.537339,14.373055,14.093930
857	0	279	2.676958	198,279,220,264,271,311,1148,58	18.553045,16.570900,15.950856,15.179959,15.159373,15.055298,14.842690,14.061920
858	0	9417	14.388059	198,279,220,271,264,1148,311,58	18.388281,16.133863,15.906568,15.067668,14.881234,14.611791,14.571383,14.040767
859	0	330	6.869418	198,271,279,220,311,58,1148,264	19.589428,16.539690,16.208403,16.107304,15.254817,15.248340,15.073012,14.820735
860	0	71166	14.794187	198,279,271,40,220,791,58,311	19.096392,15.344003,15.264649,14.894455,14.842511,14.537339,14.373055,14.093930
861	0	364	9.027619	198,220,279,271,264,311,12,459	16.849255,15.610398,15.041055,14.406703,14.107704,14.033376,13.651071,13.537991
862	0	82	5.780169	198,279,271,220,40,791,58,311	18.689421,15.113163,14.908081,14.807195,14.474439,14.179429,14.002370,13.841481
863	0	15457	14.899779	198,271,279,220,58,311,512,264	19.030003,15.210355,15.120807,14.877759,14.771843,14.303617,14.129064,13.987092
864	0	330	6.437407	198,220,271,279,58,311,264,720	19.233992,16.603182,16.389189,15.826752,15.084203,14.909953,14.740621,14.458125
865	0	315	8.726849	198,279,271,40,220,791,58,311	19.096392,15.344003,15.264649,14.894455,14.842511,14.537339,14.373055,14.093930
866	0	279	2.920383	198,279,220,271,264,1148,311,58	18.554834,16.341965,15.933125,15.193143,15.042483,14.865140,14.583386,14.278881
867	0	12707	13.795347	198,279,220,271,264,1148,311,58	18.388281,16.133863,15.906568,15.067668,14.881234,14.611791,14.571383,14.040767
868	0	4101	12.539797	198,279,271,220,311,1148,264,58	18.774139,15.996921,15.692531,15.398137,14.981437,14.809792,14.625094,14.461789
869	0	578	7.473532	198,271,220,58,279,40,311,512	19.493879,16.235140,16.068316,15.764508,15.527217,14.981776,14.796997,14.667768
870	0	5843	13.885283	198,220,279,271,264,720,311,1148	18.262087,16.149395,15.985192,15.181091,14.809737,14.504509,14.332049,14.264968
871	0	38725	16.988825	198,220,279,271,311,720,264,58	17.944984,15.876340,15.537173,14.658215,14.405728,14.372313,14.300265,14.123469
872	0	2652	11.296200	198,271,220,279,791,311,264,58	17.828634,15.414624,15.273971,15.251370,14.420218,14.172383,14.150108,14.007892
873	0	568	7.179309	198,220,279,58,720,311,271,264	19.458673,16.729233,16.098803,14.917592,14.875245,14.854347,14.823288,14.748710
874	0	59335	16.680348	198,279,220,271,40,311,58,264	18.897474,15.787578,15.596549,15.449710,14.701687,14.610265,14.599261,14.517285
875	0	16662	14.026832	198,220,279,264,311,459,720,477	16.130598,15.906854,15.661387,14.730067,14.545341,14.134799,13.815272,13.532735
876	0	20142	15.685552	198,279,220,264,271,1148,311,459	18.521479,17.370575,16.533411,15.963478,15.642384,15.623296,15.558702,15.324501
877	0	4488	11.655629	198,279,220,271,311,58,264,1148	18.731987,15.928752,15.678673,15.658839,15.246074,14.776901,14.591229,14.053746
878	0	27191	15.403955	198,220,279,271,264,311,58,1148	18.042715,16.317728,15.927279,15.396613,14.691607,14.459447,14.243154,14.105774
879	0	323	5.943379	198,220,279,271,264,311,720,58	17.582758,15.556038,15.172746,14.343099,14.143331,14.102620,13.977155,13.824348
880	0	43423	12.922194	198,279,220,271,1148,264,311,358	18.806618,16.788897,16.166283,15.716388,15.465238,15.361683,15.189278,14.518840
881	0	15385	15.144660	198,220,271,279,58,311,264,791	18.415468,15.446813,15.144193,14.719277,14.340736,13.815217,13.686496,13.669327
882	0	18843	14.169759	198,220,271,279,720,58,311,998	17.462172,15.277888,14.577441,13.523849,13.152161,13.136490,12.976448,12.911462
883	0	662	10.504590	198,271,220,58,279,311,40,791	18.744715,15.901126,15.264180,14.768260,14.670259,13.905892,13.800775,13.798134
884	0	426	10.570025	198,220,279,271,58,311,264,720	19.140196,15.890434,15.496982,15.384702,14.764667,14.295154,14.198318,14.152835
885	0	11206	15.729721	198,271,220,279,58,720,311,264	18.896643,15.607526,15.556897,15.204730,14.595376,14.419917,14.160167,14.117824
886	0	466	8.707172	198,271,220,58,279,791,40,311	18.634825,15.135406,14.940483,14.629676,14.364007,14.024724,13.949158,13.418384
887	0	59335	16.720973	198,279,220,271,311,264,58,720	18.062395,15.516780,15.355563,15.030047,14.477283,14.325046,14.117153,13.579068
888	0	439	7.696545	198,220,279,264,311,459,720,477	16.130598,15.906854,15.661387,14.730067,14.545341,14.134799,13.815272,13.532735
889	0	330	5.963295	198,279,220,271,264,1148,311,58	18.818239,16.488148,15.999707,15.381482,15.171841,14.979446,14.884881,14.444190
890	0	58090	14.429749	198,279,271,40,220,791,58,311	19.096392,15.344003,15.264649,14.894455,14.842511,14.537339,14.373055,14.093930
891	0	330	6.858615	198,220,279,271,58,264,311,720	18.771917,15.693242,15.296643,14.999185,14.464935,14.292966,14.215068,13.881169
892	0	1174	10.731446	198,279,271,40,220,791,58,311	19.096392,15.344003,15.264649,14.894455,14.842511,14.537339,14.373055,14.093930
893	0	304	7.112780	198,220,279,264,311,58,271,720	18.463491,16.564707,16.021124,14.723996,14.614728,14.547897,14.440694,14.304616
894	0	279	2.676958	198,279,220,264,271,311,1148,58	18.553045,16.570900,15.950856,15.179959,15.159373,15.055298,14.842690,14.061920
895	0	220	3.180223	198,279,220,271,264,1148,311,58	18.388281,16.133863,15.906568,15.067668,14.881234,14.611791,14.571383,14.040767
896	0	1049	6.843937	198,220,279,271,16,58,311,40	18.200583,15.290863,15.045789,14.543933,14.417670,14.175552,13.947650,13.904452
897	0	20	5.967826	198,220,271,279,58,720,311,16	18.989294,15.740161,15.385025,15.203473,14.690890,14.601125,14.203839,14.119110
898	0	34596	15.482953	198,220,271,279,58,311,720,16	18.948675,15.331729,15.198634,14.883079,14.507016,14.027347,13.922191,13.852722
899	0	54248	16.206967	198,279,271,220,311,264,58,1148	19.049116,16.244390,16.035280,16.030125,15.445633,14.968738,14.811379,14.760175
900	0	315	7.525184	198,279,271,220,311,58,264,1148	19.179373,15.949336,15.833140,15.588988,15.329473,14.792374,14.719826,14.284259
901	0	279	2.920383	198,279,220,271,264,1148,311,58	18.554834,16.341965,15.933125,15.193143,15.042483,14.865140,14.583386,14.278881
902	0	26241	14.512340	198,279,220,271,264,1148,311,58	18.388281,16.133863,15.906568,15.067668,14.881234,14.611791,14.571383,14.040767
903	0	93401	14.924980	198,220,271,279,791,58,264,40	17.898232,15.427701,15.103427,14.954310,13.988500,13.890325,13.768285,13.747745
904	0	1514	10.653822	198,271,220,279,311,264,58,1148	18.680452,15.731486,15.459290,15.430115,14.661742,14.204320,14.006495,13.846787
905	0	44662	14.280027	198,279,220,271,311,264,58,1148	18.775702,16.280804,15.497169,15.469264,15.201833,14.926895,14.599987,14.538209
906	0	50940	16.162719	198,220,279,271,264,311,720,459	17.424950,16.002594,15.409175,15.355792,14.350872,14.334258,13.618039,13.543353
907	0	662	10.505770	198,220,279,271,12,58,720,264	17.251522,15.099935,14.021274,13.970925,13.552279,13.223409,13.086792,12.969407
908	0	1102	10.019908	198,220,279,271,58,311,264,720	19.140196,15.890434,15.496982,15.384702,14.764667,14.295154,14.198318,14.152835
909	0	574	7.945927	198,220,271,279,40,58,311,264	19.220970,15.726776,15.629945,15.622575,14.516318,14.494044,14.490861,14.452929
910	0	10887	12.692824	198,279,220,271,264,1148,311,58	19.094358,16.566076,16.357965,15.381474,15.258018,15.198232,15.099415,14.608856
911	0	520	6.015708	198,279,220,271,311,58,264,1148	19.012110,16.097319,16.095585,15.189017,14.989311,14.943936,14.933541,14.305534
912	0	279	2.588719	198,279,220,264,271,311,1148,720	18.321764,16.485748,16.211639,15.118861,14.811668,14.770607,14.538604,14.304149
913	0	46506	16.330596	198,279,220,271,264,1148,311,58	18.388281,16.133863,15.906568,15.067668,14.881234,14.611791,14.571383,14.040767
914	0	27315	17.227511	198,220,279,271,311,264,12,720	17.147160,15.979480,15.029617,14.643487,14.014004,13.988327,13.618054,13.472583
915	0	304	7.063504	198,220,279,271,311,264,58,1148	19.106169,16.477690,16.176741,16.159918,15.304851,14.972289,14.760078,14.625257
916	0	72098	17.348566	198,279,220,264,271,311,1148,58	18.553045,16.570900,15.950856,15.179959,15.159373,15.055298,14.842690,14.061920
917	0	1174	9.842652	198,279,220,271,311,1148,264,459	18.648968,16.373381,16.035917,15.998203,15.352092,15.086162,15.024826,14.477136
918	0	323	5.833036	198,220,279,264,311,58,271,720	18.463491,16.564707,16.021124,14.723996,14.614728,14.547897,14.440694,14.304616
919	0	279	2.748594	198,279,220,271,1148,264,311,358	18.806618,16.788897,16.166283,15.716388,15.465238,15.361683,15.189278,14.518840
920	0	11258	14.089776	198,279,220,271,264,1148,311,58	18.388281,16.133863,15.906568,15.067668,14.881234,14.611791,14.571383,14.040767
921	0	1291	11.206915	198,220,279,271,311,264,12,720	17.403719,15.776546,15.461696,14.695378,14.533276,14.437782,14.116912,14.045131
922	0	39520	17.002442	198,220,279,311,271,264,58,720	17.285501,15.671311,15.412640,14.508263,14.446449,14.235990,13.597378,13.579099
923	0	17367	14.780963	198,220,279,271,264,311,720,459	17.670921,16.365217,15.581734,15.560634,14.586688,14.559296,14.078776,13.845418
924	0	304	6.669205	198,220,279,271,311,264,58,720	17.956966,15.727348,15.618123,15.433518,14.760643,14.564080,14.030900,14.012421
925	0	7295	12.305968	198,279,220,264,271,311,1148,58	18.553045,16.570900,15.950856,15.179959,15.159373,15.055298,14.842690,14.061920
926	0	662	10.109751	198,279,220,271,311,264,1148,459	18.200602,16.427813,16.402395,15.553612,15.277823,15.215934,14.585579,14.548817
927	0	1283	11.546984	198,220,279,271,58,311,264,720	19.140196,15.890434,15.496982,15.384702,14.764667,14.295154,14.198318,14.152835
928	0	574	7.307206	198,220,279,271,264,311,720,58	18.412004,15.835037,15.663033,15.263275,14.490520,14.429282,14.208425,14.190236
929	0	15910	11.729376	198,279,220,271,264,1148,311,58	19.094358,16.566076,16.357965,15.381474,15.258018,15.198232,15.099415,14.608856
930	0	555	7.199219	198,279,220,311,264,271,58,512	17.889429,15.979408,15.676456,15.207948,14.745870,14.587451,14.194046,14.018664
931	0	3842	10.167843	198,220,279,264,271,311,1148,459	17.990641,16.802574,16.720964,15.397855,15.087209,14.940994,14.770226,14.444087
932	0	68573	15.012409	198,220,279,271,264,311,1148,459	18.297289,16.331263,16.102461,15.513568,14.818058,14.700406,14.535149,14.132289
933	0	323	5.086429	198,279,220,264,720,271,12,459	15.874638,15.133128,14.846906,14.170487,13.911401,13.874257,13.835491,13.833179
934	0	59335	15.964137	198,279,220,271,1148,264,311,358	18.806618,16.788897,16.166283,15.716388,15.465238,15.361683,15.189278,14.518840
935	0	16662	14.026832	198,220,279,264,311,459,720,477	16.130598,15.906854,15.661387,14.730067,14.545341,14.134799,13.815272,13.532735
936	0	7505	13.352529	198,279,220,264,271,1148,311,459	18.521479,17.370575,16.533411,15.963478,15.642384,15.623296,15.558702,15.324501
937	0	1254	12.146077	198,220,279,271,264,311,58,720	17.371634,15.672073,15.116506,14.560636,13.937576,13.878291,13.436810,13.392113
938	0	819	12.363470	198,271,220,279,720,998,40,72	17.782429,14.654660,14.361102,14.210136,13.884468,13.743627,13.528926,13.510020
939	0	675	13.247882	198,279,220,271,264,311,58,40	18.267462,15.254846,15.120770,14.861398,14.089859,14.083142,13.991196,13.660434
940	0	1174	9.941930	198,220,279,271,58,311,264,40	18.188917,14.950063,14.759513,14.681203,14.019585,13.780046,13.573363,13.508389
941	0	51075	16.484744	198,220,279,264,311,58,271,720	18.463491,16.564707,16.021124,14.723996,14.614728,14.547897,14.440694,14.304616
942	0	1901	10.852801	198,279,220,271,40,791,311,1148	18.427698,15.637164,15.636891,15.536862,14.426440,14.418155,14.409413,14.391786
943	0	12997	15.611907	198,220,279,271,720,311,58,264	17.956345,15.097423,14.698705,14.670350,14.129962,13.725671,13.640409,13.515218
944	0	1174	9.685720	198,220,279,271,311,58,264,791	18.236500,15.080452,14.952954,14.766235,14.025714,13.965508,13.819141,13.458137
945	0	14253	13.752949	198,220,279,264,311,58,271,720	18.463491,16.564707,16.021124,14.723996,14.614728,14.547897,14.440694,14.304616
946	0	18206	13.553208	198,220,279,271,311,264,1148,791	17.697212,15.589740,15.480937,15.343079,14.382133,14.337338,13.936458,13.809303
947	0	1174	9.132261	198,279,220,271,311,264,1148,459	17.726559,16.223982,15.951818,15.357358,15.130555,14.891200,14.464451,14.146535
948	0	56230	15.699442	198,220,279,264,311,58,271,720	18.463491,16.564707,16.021124,14.723996,14.614728,14.547897,14.440694,14.304616
949	0	24852	12.586521	198,279,220,311,271,264,459,720	17.176062,15.880279,15.589507,14.883232,14.821177,14.729304,14.081271,13.927306
950	0	417	9.936013	198,220,271,279,58,40,791,311	17.931261,15.387665,15.112568,14.502654,14.029275,13.701205,13.686376,13.559532
951	0	1174	9.910370	198,220,279,271,311,58,720,264	18.621513,15.345818,15.273862,14.801061,14.565361,14.534574,14.174613,14.094363
952	0	60410	15.123725	198,220,279,264,311,58,271,720	18.463491,16.564707,16.021124,14.723996,14.614728,14.547897,14.440694,14.304616
953	0	81764	16.256892	198,220,279,720,271,264,12,311	17.339880,15.836235,15.049011,14.415481,14.394320,14.152614,14.108912,14.069168
954	0	323	5.729866	198,220,279,271,264,720,311,12	17.387211,15.734101,14.935773,14.720958,14.117621,14.022209,13.960797,13.790310
955	0	68134	14.129602	198,279,220,271,1148,264,311,358	18.806618,16.788897,16.166283,15.716388,15.465238,15.361683,15.189278,14.518840
956	0	11166	13.088698	198,220,279,271,264,311,58,1148	18.039324,15.809947,15.284076,14.997754,14.192601,14.060501,13.821837,13.690674
957	0	662	10.216404	198,220,279,271,311,264,720,12	17.829329,15.914024,15.847241,15.255424,14.722744,14.640918,14.542050,14.038203
958	0	426	10.570025	198,220,279,271,58,311,264,720	19.140196,15.890434,15.496982,15.384702,14.764667,14.295154,14.198318,14.152835
959	0	11206	15.729721	198,271,220,279,58,720,311,264	18.896643,15.607526,15.556897,15.204730,14.595376,14.419917,14.160167,14.117824
960	0	466	8.707172	198,271,220,58,279,791,40,311	18.634825,15.135406,14.940483,14.629676,14.364007,14.024724,13.949158,13.418384
961	0	4036	12.474604	198,279,220,271,311,264,58,720	18.062395,15.516780,15.355563,15.030047,14.477283,14.325046,14.117153,13.579068
962	0	264	4.104672	198,279,220,271,264,311,58,1148	19.080950,16.675505,16.554270,15.725067,15.502559,15.360008,15.032479,14.850888
963	0	37849	13.732957	198,279,220,271,264,311,58,1148	18.681841,15.766167,15.618202,15.180958,14.666783,14.392591,14.356293,14.305618
964	0	3477	9.482941	198,220,279,311,264,271,720,459	18.244423,16.035772,15.893283,14.965335,14.696975,14.614347,14.133822,14.050876
965	0	304	7.144099	198,279,271,220,311,58,264,1148	19.645906,16.688923,16.464537,16.449286,15.578408,15.495872,15.376312,15.272151
966	0	578	6.589666	198,279,220,264,271,311,1148,58	18.553045,16.570900,15.950856,15.179959,15.159373,15.055298,14.842690,14.061920
967	0	13690	12.516355	198,220,279,271,264,720,311,1148	18.262087,16.149395,15.985192,15.181091,14.809737,14.504509,14.332049,14.264968
968	0	49906	19.320299	198,220,279,271,264,311,720,459	17.910419,16.682165,16.157431,15.485329,15.037514,14.944507,14.560374,14.360133
969	0	551	9.975024	198,220,279,271,12,311,720,264	18.344896,15.562846,15.541084,15.528741,15.068128,14.643970,14.596984,14.437373
970	0	330	6.039634	198,220,279,271,58,720,311,264	18.887465,16.208870,15.709750,14.854477,14.638397,14.622299,14.438544,14.427322
971	0	578	7.170584	198,279,271,40,220,791,58,311	19.096392,15.344003,15.264649,14.894455,14.842511,14.537339,14.373055,14.093930
972	0	15718	10.839754	198,220,279,271,264,720,311,1148	18.262087,16.149395,15.985192,15.181091,14.809737,14.504509,14.332049,14.264968
973	0	374	5.250100	198,220,279,311,264,271,1148,720	17.961752,16.109053,15.950096,15.177335,14.652786,14.591885,14.001732,13.967292
974	0	559	12.444051	198,279,220,271,264,311,58,1148	18.873755,16.049904,15.948443,15.323236,14.857495,14.684155,14.592929,14.500064
975	0	1683	10.951245	198,279,271,220,58,998,40,311	18.005308,14.601274,14.595245,14.434906,13.691312,13.598053,13.551702,13.503871
976	0	11559	14.517081	198,220,279,271,311,264,58,720	17.483622,15.224865,14.926334,14.569234,14.070424,13.836761,13.664989,13.385166
977	0	19428	12.956461	198,279,271,220,311,264,1148,40	18.824903,16.129959,15.716121,15.563506,14.973430,14.851772,14.740536,14.435266
978	0	1174	9.832495	198,279,220,311,271,264,1148,459	17.824638,15.887923,15.450711,14.801234,14.768333,14.600890,14.108958,13.911357
979	0	449	8.452966	198,220,279,264,311,58,271,720	18.463491,16.564707,16.021124,14.723996,14.614728,14.547897,14.440694,14.304616
980	0	53221	15.580205	198,279,220,264,271,311,1148,459	18.385935,16.763197,16.274918,15.500850,15.198522,15.016923,14.946342,14.494891
981	0	24601	15.711072	198,279,220,311,264,271,459,1148	17.307682,15.966306,15.619019,15.183581,14.608307,14.412295,14.099927,13.995719
982	0	505	10.171212	198,271,279,220,58,311,40,512	20.047472,16.226856,15.637809,15.565953,15.422436,15.059410,14.662833,14.614942
983	0	7505	13.789199	198,279,220,271,264,311,1148,58	18.776495,16.472628,16.419294,15.183517,15.159184,14.836601,14.639081,14.583257
984	0	1254	12.146077	198,220,279,271,264,311,58,720	17.371634,15.672073,15.116506,14.560636,13.937576,13.878291,13.436810,13.392113
985	0	819	12.363470	198,271,220,279,720,998,40,72	17.782429,14.654660,14.361102,14.210136,13.884468,13.743627,13.528926,13.510020
986	0	675	13.247882	198,279,220,271,264,311,58,40	18.267462,15.254846,15.120770,14.861398,14.089859,14.083142,13.991196,13.660434
987	0	320	8.119598	198,220,279,271,58,311,264,40	18.188917,14.950063,14.759513,14.681203,14.019585,13.780046,13.573363,13.508389
988	0	1457	11.544247	198,279,220,271,40,58,791,16	18.788969,15.074268,15.049923,14.956505,14.574801,14.430901,14.133147,14.028943
989	0	653	11.204969	198,279,220,271,311,264,1148,58	19.012873,16.392965,16.241819,15.480225,15.291848,15.049449,14.767535,14.712037
990	0	34551	13.135340	198,279,220,271,311,58,264,720	18.053698,15.142802,14.848695,14.607747,14.050763,13.856862,13.808556,13.763705
991	0	82585	17.944298	198,271,220,58,998,334,40,720	18.655546,14.728668,14.511375,14.469704,13.929206,13.824218,13.655059,13.600276
992	0	505	10.315933	198,220,271,279,58,311,264,40	18.960833,15.371154,15.370334,15.204193,14.765732,14.253848,14.011143,13.959408
993	0	813	7.181624	198,279,220,271,264,311,1148,58	18.776495,16.472628,16.419294,15.183517,15.159184,14.836601,14.639081,14.583257
994	0	5178	12.825396	198,279,220,271,264,311,1148,40	18.589891,16.011337,15.657380,15.197860,14.675216,14.614459,14.614244,14.365173
995	0	439	8.630795	198,271,279,58,220,311,40,512	19.815977,16.493059,15.881088,15.430592,15.404813,15.152763,14.829837,14.625614
996	0	54651	13.601401	198,279,220,271,264,1148,311,58	18.818239,16.488148,15.999707,15.381482,15.171841,14.979446,14.884881,14.444190
997	0	452	10.635948	198,220,279,271,311,58,264,791	18.775429,15.703902,15.375633,15.374725,14.403186,14.263950,14.192433,14.094230
998	0	15278	15.105835	198,271,220,279,720,58,311,264	18.372593,15.338340,15.272151,15.033305,14.408933,14.292058,13.991633,13.938436
999	0	364	10.206309	198,220,279,271,58,311,998,720	18.218836,14.669017,14.446546,14.306602,14.107487,13.788247,13.637479,13.470317
1000	0	82	5.780169	198,279,271,220,40,791,58,311	18.689421,15.113163,14.908081,14.807195,14.474439,14.179429,14.002370,13.841481
1001	0	9777	15.810373	198,271,279,220,58,311,512,264	19.030003,15.210355,15.120807,14.877759,14.771843,14.303617,14.129064,13.987092
1002	0	1169	9.844573	198,220,271,279,58,720,311,12	18.089523,15.745499,14.861481,14.623418,14.211978,13.815872,13.783658,13.740355
1003	0	883	10.444932	198,279,220,311,271,264,58,1148	18.008753,15.942512,15.686219,14.806156,14.754827,14.688258,14.054654,13.968986
1004	0	1174	9.300281	198,220,279,58,720,271,311,264	18.845621,15.750371,15.264943,14.786464,14.772061,14.524920,14.414322,14.110654
1005	0	8563	11.785397	198,220,279,264,311,58,271,720	18.463491,16.564707,16.021124,14.723996,14.614728,14.547897,14.440694,14.304616
1006	0	426	9.556897	198,220,279,271,264,311,1148,720	17.961451,16.322229,15.834908,15.286885,14.653752,14.394814,14.200158,14.098377
1007	0	11206	15.729721	198,271,220,279,58,720,311,264	18.896643,15.607526,15.556897,15.204730,14.595376,14.419917,14.160167,14.117824
1008	0	466	8.707172	198,271,220,58,279,791,40,311	18.634825,15.135406,14.940483,14.629676,14.364007,14.024724,13.949158,13.418384
1009	0	1174	9.860653	198,279,220,271,311,264,58,720	18.062395,15.516780,15.355563,15.030047,14.477283,14.325046,14.117153,13.579068
1010	0	51075	16.484744	198,220,279,264,311,58,271,720	18.463491,16.564707,16.021124,14.723996,14.614728,14.547897,14.440694,14.304616
1011	0	1901	10.852801	198,279,220,271,40,791,311,1148	18.427698,15.637164,15.636891,15.536862,14.426440,14.418155,14.409413,14.391786
1012	0	12997	15.611907	198,220,279,271,720,311,58,264	17.956345,15.097423,14.698705,14.670350,14.129962,13.725671,13.640409,13.515218
1013	0	323	6.155080	198,220,279,271,311,58,264,791	18.236500,15.080452,14.952954,14.766235,14.025714,13.965508,13.819141,13.458137
1014	0	56230	15.225836	198,279,220,271,1148,264,311,358	18.806618,16.788897,16.166283,15.716388,15.465238,15.361683,15.189278,14.518840
1015	0	24852	12.586521	198,279,220,311,271,264,459,720	17.176062,15.880279,15.589507,14.883232,14.821177,14.729304,14.081271,13.927306
1016	0	417	9.936013	198,220,271,279,58,40,791,311	17.931261,15.387665,15.112568,14.502654,14.029275,13.701205,13.686376,13.559532
1017	0	662	10.373025	198,220,279,271,311,58,720,264	18.621513,15.345818,15.273862,14.801061,14.565361,14.534574,14.174613,14.094363
1018	0	330	6.269113	198,220,279,271,58,311,264,720	19.140196,15.890434,15.496982,15.384702,14.764667,14.295154,14.198318,14.152835
1019	0	578	7.170584	198,279,271,40,220,791,58,311	19.096392,15.344003,15.264649,14.894455,14.842511,14.537339,14.373055,14.093930
1020	0	25460	16.779784	198,220,279,271,264,720,311,1148	18.262087,16.149395,15.985192,15.181091,14.809737,14.504509,14.332049,14.264968
1021	0	10555	11.120592	198,279,220,271,311,264,459,374	17.197693,15.964946,15.838051,15.313831,14.969635,14.887951,14.188069,13.926605
1022	0	1174	9.760607	198,279,220,271,311,264,1148,58	18.377007,16.265495,16.019272,15.249873,15.181294,14.911370,14.562607,14.301066
1023	0	330	5.601168	198,220,279,264,311,58,271,720	18.463491,16.564707,16.021124,14.723996,14.614728,14.547897,14.440694,14.304616
