# mix	shared
0	0	43205	18.450021	198,220,279,58,271,720,16,334	18.668159,15.722832,14.874664,14.676651,14.548503,14.514525,14.353967,13.853465
1	0	275	8.783343	198,271,220,279,791,311,998,40	17.141459,14.654793,14.470345,14.034870,13.377423,13.255482,13.151344,13.094563
2	0	428	13.904287	198,279,220,271,311,58,264,720	18.122055,14.898972,14.889203,14.584212,14.162829,13.832370,13.749870,13.496377
3	0	12	5.778674	198,220,271,279,58,311,720,334	18.200968,15.153915,14.855695,14.833893,14.726833,14.155667,13.971995,13.798047
4	0	17	5.104999	198,220,279,16,334,720,58,264	17.943554,16.146152,15.731198,14.865796,14.738125,14.714875,14.634114,14.606553
5	0	3475	14.560736	198,220,271,279,58,16,334,720	18.697865,15.158066,14.833476,14.664243,14.487411,13.922585,13.855568,13.828176
6	0	76834	15.287282	198,220,279,271,58,264,311,720	18.364847,16.231537,16.092167,15.768509,15.026608,14.820109,14.800812,14.534019
7	0	80583	14.743928	198,271,220,279,311,58,264,720	18.297026,16.192427,16.095821,15.461391,14.826660,14.469832,14.331357,14.301017
8	0	3692	12.616220	198,220,720,58,271,334,279,40	19.018038,16.140366,15.235513,15.185097,14.878047,14.642392,14.069627,13.694225
9	0	257	9.205361	198,271,220,279,58,512,311,264	18.464025,15.854182,15.574908,15.234653,15.006436,14.446054,14.278455,14.098811
10	0	551	8.811538	198,220,279,720,58,264,311,16	17.777992,17.193308,15.924030,15.660656,14.980671,14.955857,14.897964,14.778796
11	0	3788	12.650445	198,220,279,271,720,58,311,264	18.879311,16.217218,15.740357,14.811810,14.721565,14.668752,14.468287,14.449191
12	0	1129	14.336386	198,220,271,279,58,720,311,40	19.526314,15.935576,15.657204,15.134426,14.852031,14.759708,14.435452,13.655265
13	0	71	6.975112	198,220,279,271,720,311,264,58	18.546999,15.521633,15.188965,15.134956,14.048411,14.036649,13.597148,13.531934
14	0	36368	15.725004	198,220,271,279,58,720,311,334	18.372574,14.857018,14.587146,14.566018,14.256890,13.789928,13.708379,13.569584
15	0	1594	12.421924	198,220,279,271,264,311,58,1148	17.765322,16.193481,16.073805,14.995341,14.876053,14.791882,14.235440,13.999424
16	0	6973	18.665078	198,220,271,279,58,311,720,264	18.932156,15.497749,15.488251,15.339737,14.744985,14.506383,14.289203,14.094485
17	0	3529	15.727404	198,220,271,720,279,58,311,11	18.361734,15.229584,15.004555,14.575325,14.270251,14.134603,13.498016,13.078982
18	0	77749	17.378874	198,220,271,279,58,720,311,998	18.969933,15.871119,15.395495,15.367157,14.729802,14.512741,14.316314,13.941283
19	0	11628	17.897703	198,271,220,58,279,311,512,334	19.494970,16.681305,16.041082,15.906257,15.331346,14.720542,14.355596,14.222289
20	0	3916	16.380325	198,220,271,279,58,720,311,264	19.276566,15.906200,15.576701,15.261505,14.632840,14.550835,14.235481,13.859752
21	0	9009	12.266973	198,220,279,271,58,311,264,40	18.903624,15.701076,15.464623,15.455585,14.634908,14.618976,14.338371,13.866355
22	0	6458	15.192601	198,279,220,271,264,311,58,720	17.860365,15.942459,15.510609,14.936661,14.851124,14.795124,14.340557,14.081174
23	0	61503	17.656990	198,220,279,271,311,58,264,720	18.980204,15.910289,15.639915,15.240947,14.594719,14.296014,14.161881,13.958371
24	0	428	14.324534	198,220,279,311,271,264,720,12	16.184267,15.118289,14.127887,13.869699,13.866025,13.184438,13.021752,12.656642
25	0	198	0.531674	198,220,271,279,58,311,720,334	18.200968,15.153915,14.855695,14.833893,14.726833,14.155667,13.971995,13.798047
26	0	71684	15.974869	198,271,220,279,58,40,16,311	19.724028,15.784711,15.542207,15.395207,15.344377,14.887859,14.443559,14.423543
27	0	257	8.314858	198,220,271,279,264,720,58,334	16.147665,14.755528,13.977855,13.921799,13.241478,13.215083,13.210502,13.086324
28	0	551	8.811538	198,220,279,720,58,264,311,16	17.777992,17.193308,15.924030,15.660656,14.980671,14.955857,14.897964,14.778796
29	0	289	9.765668	198,220,279,271,720,58,311,264	18.879311,16.217218,15.740357,14.811810,14.721565,14.668752,14.468287,14.449191
30	0	61503	17.457396	198,271,220,279,58,311,720,40	18.833115,15.251424,15.203610,15.124164,14.634082,14.173202,14.105863,14.017238
31	0	428	14.324534	198,220,279,311,271,264,720,12	16.184267,15.118289,14.127887,13.869699,13.866025,13.184438,13.021752,12.656642
32	0	12	5.778674	198,220,271,279,58,311,720,334	18.200968,15.153915,14.855695,14.833893,14.726833,14.155667,13.971995,13.798047
33	0	17	5.104999	198,220,279,16,334,720,58,264	17.943554,16.146152,15.731198,14.865796,14.738125,14.714875,14.634114,14.606553
34	0	12	6.664885	198,220,271,279,58,16,334,720	18.697865,15.158066,14.833476,14.664243,14.487411,13.922585,13.855568,13.828176
35	0	1059	15.787770	198,220,279,16,334,720,58,264	17.943554,16.146152,15.731198,14.865796,14.738125,14.714875,14.634114,14.606553
36	0	8437	15.728693	198,220,271,58,279,311,998,720	18.270472,15.170131,14.730624,14.532392,14.522017,13.710046,13.535150,13.494084
37	0	16	5.571712	198,220,279,271,720,58,311,998	18.511164,15.826607,15.088242,14.614742,14.530662,14.342282,14.112466,14.057454
38	0	198	0.319367	198,220,271,279,58,311,16,264	18.920250,15.441808,15.050113,14.991370,14.627640,14.113086,14.016017,13.917623
39	0	20805	14.819434	198,271,220,279,58,40,16,311	19.724028,15.784711,15.542207,15.395207,15.344377,14.887859,14.443559,14.423543
40	0	415	10.092605	198,220,271,279,58,264,311,334	18.203449,15.471513,15.069253,15.048492,14.913325,13.976146,13.959134,13.920792
41	0	551	8.639747	198,220,279,720,264,271,311,58	18.322029,16.774872,16.038813,15.243802,14.875192,14.674594,14.655441,14.183492
42	0	1296	13.537370	198,220,279,271,720,58,311,264	18.879311,16.217218,15.740357,14.811810,14.721565,14.668752,14.468287,14.449191
43	0	320	7.727595	198,279,271,220,58,311,40,264	19.005081,16.086292,16.069824,15.636027,15.338262,14.980800,14.675659,14.661540
44	0	19305	13.237575	198,279,220,271,40,58,791,16	18.876238,15.084588,15.010799,14.975494,14.575386,14.449138,14.134338,14.028088
45	0	23	7.093889	198,220,271,279,58,720,311,264	18.524313,15.933052,15.131928,14.824097,14.299563,14.122540,14.101474,13.823562
46	0	7123	17.306869	198,271,220,279,58,311,264,40	18.958534,15.648926,15.498210,15.160305,14.577527,14.259559,13.974785,13.876861
47	0	340	8.105244	198,220,279,271,311,58,264,720	18.994331,16.505737,16.029585,15.425591,15.260211,15.165776,14.875133,14.540414
48	0	10028	12.955806	198,220,271,58,279,720,16,40	19.703983,15.833371,15.766125,15.755363,15.314525,14.813342,14.751473,14.711308
49	0	262	7.113239	198,220,279,271,311,720,264,58	18.363094,17.042414,15.405246,15.390018,15.111256,14.847844,14.548739,14.188965
50	0	551	8.846917	198,220,279,271,264,720,311,58	18.286888,16.491652,16.034931,14.976033,14.859222,14.821590,14.796390,13.982430
51	0	13844	14.064613	198,220,279,271,720,58,311,264	18.879311,16.217218,15.740357,14.811810,14.721565,14.668752,14.468287,14.449191
52	0	7866	14.233369	198,279,220,271,311,264,720,58	18.540995,16.043556,15.772807,15.533040,14.931564,14.665412,14.437630,14.148236
53	0	93314	14.219810	198,220,279,264,271,311,720,459	18.312513,16.984163,16.576469,15.066883,15.037605,14.740669,14.520802,14.364552
54	0	220	3.793163	198,220,271,279,311,58,720,264	19.412979,15.923714,15.884171,15.565227,14.603747,14.414986,14.394916,14.303260
55	0	18	5.631596	198,220,279,271,16,58,311,264	18.230627,15.316635,15.070613,14.563418,14.380092,14.137372,13.981071,13.897049
56	0	13	8.937108	198,220,271,279,58,16,334,40	19.095764,15.509472,15.364436,15.026362,15.002423,14.416753,14.250893,14.199620
57	0	15	7.042155	198,220,271,279,40,791,58,264	18.948301,15.602643,15.488475,15.439733,14.704262,14.566429,14.557817,14.347629
58	0	320	8.224238	198,220,271,279,58,311,720,16	19.235685,15.379531,15.254570,14.997246,14.798023,14.160632,13.991219,13.980866
59	0	2485	12.935955	198,279,220,271,40,58,791,16	18.876238,15.084588,15.010799,14.975494,14.575386,14.449138,14.134338,14.028088
60	0	1129	12.975090	198,220,720,271,279,311,58,998	18.338419,15.585582,14.681207,14.487811,14.195552,13.953377,13.858485,13.233624
61	0	86331	16.308318	198,220,279,271,720,311,264,58	18.546999,15.521633,15.188965,15.134956,14.048411,14.036649,13.597148,13.531934
62	0	2726	12.031228	198,220,271,279,720,311,264,58	18.675709,16.275743,15.164043,14.855840,14.727753,14.407638,13.500144,13.362720
63	0	7116	15.631853	198,220,271,279,720,311,58,264	18.997421,16.328310,15.689500,15.536716,15.060596,14.779960,14.596306,14.114535
64	0	68833	17.579748	198,220,279,271,720,311,264,459	19.049746,16.666683,15.776429,15.740100,15.122292,14.886670,13.996455,13.672589
65	0	1355	13.065437	198,220,279,271,311,264,720,998	18.331022,16.295416,15.889015,14.623151,14.447578,14.237422,14.172139,13.891551
66	0	64	5.745794	198,271,279,220,58,998,40,311	19.342718,15.291978,15.128404,15.007710,14.776081,14.272962,14.122910,14.109462
67	0	14	10.357181	198,220,279,271,58,311,264,720	18.377945,15.226151,14.820445,14.598788,14.272335,13.910417,13.832585,13.755219
68	0	18	5.839056	198,279,220,271,311,264,16,58	18.395773,15.758269,15.623647,14.870529,14.479234,14.318601,14.298640,14.171023
69	0	13	8.937108	198,220,271,279,58,16,334,40	19.095764,15.509472,15.364436,15.026362,15.002423,14.416753,14.250893,14.199620
70	0	15	7.042155	198,220,271,279,40,791,58,264	18.948301,15.602643,15.488475,15.439733,14.704262,14.566429,14.557817,14.347629
71	0	54660	16.843681	198,220,271,279,58,311,720,16	19.235685,15.379531,15.254570,14.997246,14.798023,14.160632,13.991219,13.980866
72	0	20241	13.623490	198,271,220,279,58,311,720,264	20.478838,16.833282,16.568735,16.224579,15.532641,15.436531,15.364563,14.768085
73	0	1516	15.254244	198,220,271,58,998,279,512,311	17.527630,15.042999,14.557750,14.134278,13.795589,13.569430,13.427442,13.381358
74	0	25	8.401498	198,220,279,271,311,58,264,720	18.586401,16.009230,15.594035,15.461072,14.922587,14.676332,14.519080,14.138835
75	0	27685	14.020507	198,220,279,264,720,311,271,58	17.648418,16.458303,15.877060,14.857354,14.665313,14.481046,14.384851,14.115932
76	0	20965	15.580275	198,279,220,271,311,264,720,459	17.407034,16.767715,16.698931,15.737587,15.588361,15.539448,14.956197,14.923930
77	0	11	5.911509	198,220,279,271,311,264,58,1148	19.205755,16.477053,16.270514,16.057249,15.828862,15.074933,14.763082,14.596637
78	0	82035	17.717894	198,279,220,271,264,311,1148,58	18.617258,16.067879,15.848133,15.115894,14.816779,14.645299,14.584893,14.450695
79	0	15592	11.209811	198,279,271,220,311,264,459,1148	17.685488,16.013102,15.688293,15.583923,15.066623,14.743598,14.212242,13.927135
80	0	8483	13.495672	198,279,220,311,271,264,459,720	16.371225,15.631748,15.011088,14.992557,14.599479,14.529506,13.832367,13.519551
81	0	198	0.709686	198,271,220,279,311,264,1148,791	18.702410,16.390203,16.366545,16.211111,15.117906,14.964813,14.608505,14.504102
82	0	1835	13.212386	198,271,220,279,58,40,16,311	19.724028,15.784711,15.542207,15.395207,15.344377,14.887859,14.443559,14.423543
83	0	320	8.175830	198,220,279,271,720,58,264,311	19.160715,16.267694,15.413792,14.893379,14.799573,14.751328,14.363795,14.273921
84	0	50	7.625387	198,279,220,271,40,58,791,16	18.876238,15.084588,15.010799,14.975494,14.575386,14.449138,14.134338,14.028088
85	0	13	8.444650	198,271,220,58,279,334,512,16	19.076159,15.376712,15.125554,14.948977,14.662656,14.185725,14.181708,14.069283
86	0	8930	15.231376	198,220,271,279,40,791,58,264	18.948301,15.602643,15.488475,15.439733,14.704262,14.566429,14.557817,14.347629
87	0	488	13.257884	198,271,220,279,791,40,58,720	18.118845,14.825793,14.780602,14.317627,13.655551,13.583285,13.545932,13.440539
88	0	11	6.221743	198,271,220,279,58,40,311,791	18.697878,15.680069,15.207532,15.125949,14.644458,14.343453,14.263608,14.152214
89	0	452	9.476024	198,279,220,271,264,311,1148,58	18.617258,16.067879,15.848133,15.115894,14.816779,14.645299,14.584893,14.450695
90	0	13	8.137305	198,220,271,279,720,58,311,264	18.231981,15.229777,15.101738,15.069728,14.311259,14.129879,14.037688,13.897498
91	0	50356	17.893944	198,220,271,279,40,791,58,264	18.948301,15.602643,15.488475,15.439733,14.704262,14.566429,14.557817,14.347629
92	0	819	12.923188	198,271,220,791,279,40,44,10267	17.433193,14.200664,13.993054,13.725755,13.535810,13.507609,13.203914,13.038146
93	0	84077	17.174463	198,279,220,271,311,264,58,40	18.271933,15.316257,15.167176,14.849221,14.144530,14.118664,13.923507,13.569252
94	0	29234	12.165759	198,220,271,279,791,58,311,40	17.997992,15.070477,14.687985,14.290011,13.623302,13.573181,13.444400,13.368520
95	0	11	5.616191	198,220,271,279,58,311,264,720	18.041662,15.366302,15.020588,14.918720,14.286912,14.084999,13.932152,13.645116
96	0	432	9.027691	198,279,220,271,264,311,1148,58	18.617258,16.067879,15.848133,15.115894,14.816779,14.645299,14.584893,14.450695
97	0	13	8.409080	198,220,279,271,720,58,311,264	18.306761,15.337532,15.070033,14.982677,14.379254,14.114616,14.045815,13.963506
98	0	2100	9.875298	198,220,271,279,40,791,58,264	18.948301,15.602643,15.488475,15.439733,14.704262,14.566429,14.557817,14.347629
99	0	9211	14.036528	198,279,220,271,264,311,720,1148	18.459587,16.260818,16.060610,15.130527,14.936120,14.889915,14.704959,14.616721
100	0	2001	10.582137	198,220,279,311,271,264,720,12	17.307335,15.820916,15.463432,14.699471,14.569524,14.277011,13.807300,13.376002
101	0	330	5.930855	198,220,279,720,264,311,271,1148	19.135082,16.768288,16.361177,15.175453,15.085808,14.960134,14.940310,14.568275
102	0	9261	11.577173	198,279,271,40,220,791,58,311	19.078341,15.332141,15.265424,14.887479,14.834552,14.532063,14.326514,14.088627
103	0	57893	17.152762	198,220,271,58,279,334,512,311	18.378756,15.531640,15.366721,14.732491,14.558291,14.160247,14.113730,14.037906
104	0	386	10.405202	198,271,220,279,58,311,264,40	18.831503,16.015932,15.546639,15.261097,14.987636,14.348808,14.177461,14.106027
105	0	13025	17.676303	198,271,220,279,58,720,311,264	18.516302,15.260610,15.186498,15.054665,14.306599,14.243294,13.961778,13.906232
106	0	27972	15.842460	198,220,271,279,58,720,334,264	18.071350,15.709465,15.265872,14.917465,14.624897,14.107601,14.093819,13.986156
107	0	498	12.449062	198,220,271,279,58,311,720,264	18.507010,16.622353,15.601928,15.434270,14.764014,14.709188,14.638694,14.532211
108	0	220	3.312103	198,279,220,720,264,271,311,58	19.234177,16.356165,16.353426,15.290988,14.977666,14.944419,14.847907,14.840770
109	0	679	8.445384	198,220,279,271,16,58,311,264	18.230627,15.316635,15.070613,14.563418,14.380092,14.137372,13.981071,13.897049
110	0	21	6.231647	198,220,271,279,720,58,311,16	18.669979,15.905932,15.033864,14.953205,14.414882,14.267749,14.059578,13.913776
111	0	340	8.830794	198,271,220,279,58,311,40,264	19.157030,15.654770,15.488948,15.083565,14.729482,14.151649,14.032196,13.964719
112	0	1835	12.323377	198,220,271,58,279,720,16,40	19.703983,15.833371,15.766125,15.755363,15.314525,14.813342,14.751473,14.711308
113	0	40283	15.970443	198,220,279,271,720,58,264,311	19.160715,16.267694,15.413792,14.893379,14.799573,14.751328,14.363795,14.273921
114	0	3786	16.430938	198,271,220,58,279,311,264,791	19.322025,16.899961,16.297985,15.980714,15.690598,14.749397,14.692607,14.330403
115	0	25	9.233766	198,271,220,279,311,58,264,40	19.056509,15.946605,15.888837,15.867415,15.053979,14.751407,14.613420,14.453313
116	0	3788	11.954989	198,220,279,264,720,311,271,58	17.648418,16.458303,15.877060,14.857354,14.665313,14.481046,14.384851,14.115932
117	0	1129	14.336386	198,220,271,279,58,720,311,40	19.526314,15.935576,15.657204,15.134426,14.852031,14.759708,14.435452,13.655265
118	0	71	6.975112	198,220,279,271,720,311,264,58	18.546999,15.521633,15.188965,15.134956,14.048411,14.036649,13.597148,13.531934
119	0	36368	15.725004	198,220,271,279,58,720,311,334	18.372574,14.857018,14.587146,14.566018,14.256890,13.789928,13.708379,13.569584
120	0	1594	12.421924	198,220,279,271,264,311,58,1148	17.765322,16.193481,16.073805,14.995341,14.876053,14.791882,14.235440,13.999424
121	0	6973	18.665078	198,220,271,279,58,311,720,264	18.932156,15.497749,15.488251,15.339737,14.744985,14.506383,14.289203,14.094485
122	0	3529	15.727404	198,220,271,720,279,58,311,11	18.361734,15.229584,15.004555,14.575325,14.270251,14.134603,13.498016,13.078982
123	0	77749	17.378874	198,220,271,279,58,720,311,998	18.969933,15.871119,15.395495,15.367157,14.729802,14.512741,14.316314,13.941283
124	0	11628	17.897703	198,271,220,58,279,311,512,334	19.494970,16.681305,16.041082,15.906257,15.331346,14.720542,14.355596,14.222289
125	0	3916	16.380325	198,220,271,279,58,720,311,264	19.276566,15.906200,15.576701,15.261505,14.632840,14.550835,14.235481,13.859752
126	0	9009	12.266973	198,220,279,271,58,311,264,40	18.903624,15.701076,15.464623,15.455585,14.634908,14.618976,14.338371,13.866355
127	0	6458	15.192601	198,279,220,271,264,311,58,720	17.860365,15.942459,15.510609,14.936661,14.851124,14.795124,14.340557,14.081174
128	0	61503	17.656990	198,220,279,271,311,58,264,720	18.980204,15.910289,15.639915,15.240947,14.594719,14.296014,14.161881,13.958371
129	0	428	14.324534	198,220,279,311,271,264,720,12	16.184267,15.118289,14.127887,13.869699,13.866025,13.184438,13.021752,12.656642
130	0	271	3.876947	198,220,271,279,58,311,720,334	18.200968,15.153915,14.855695,14.833893,14.726833,14.155667,13.971995,13.798047
131	0	34336	12.540433	198,271,220,279,791,40,58,3923	19.518042,16.281782,15.538846,15.335045,15.175838,15.159017,15.097066,14.539089
132	0	415	10.932041	198,271,220,58,279,16,40,512	19.327074,15.760738,15.509425,15.450318,14.934667,14.218147,14.067468,14.045259
133	0	551	8.639747	198,220,279,720,264,271,311,58	18.322029,16.774872,16.038813,15.243802,14.875192,14.674594,14.655441,14.183492
134	0	2539	10.020306	198,220,279,271,720,58,311,264	18.879311,16.217218,15.740357,14.811810,14.721565,14.668752,14.468287,14.449191
135	0	1296	13.274935	198,279,271,220,311,58,264,1148	19.063112,16.006130,15.439644,15.415387,14.884892,14.705789,14.504189,14.453422
136	0	6859	14.640238	198,279,271,220,58,311,40,264	19.005081,16.086292,16.069824,15.636027,15.338262,14.980800,14.675659,14.661540
137	0	320	7.941922	198,279,220,271,311,58,264,512	18.004328,15.678009,15.476547,14.798184,14.642072,14.512773,14.452446,13.614299
138	0	543	11.384984	198,279,220,271,40,58,791,16	18.876238,15.084588,15.010799,14.975494,14.575386,14.449138,14.134338,14.028088
139	0	220	3.758559	198,279,220,271,58,311,264,40	18.414322,15.344516,15.197928,15.023900,14.591987,14.142955,14.118983,13.990692
140	0	19305	12.891749	198,220,279,271,16,58,311,264	18.230627,15.316635,15.070613,14.563418,14.380092,14.137372,13.981071,13.897049
141	0	23	7.093889	198,220,271,279,58,720,311,264	18.524313,15.933052,15.131928,14.824097,14.299563,14.122540,14.101474,13.823562
142	0	7123	17.306869	198,271,220,279,58,311,264,40	18.958534,15.648926,15.498210,15.160305,14.577527,14.259559,13.974785,13.876861
143	0	98634	16.500244	198,220,279,271,311,58,264,720	18.994331,16.505737,16.029585,15.425591,15.260211,15.165776,14.875133,14.540414
144	0	340	8.383392	198,220,279,271,311,264,58,720	18.651020,16.669909,16.064852,14.996306,14.959004,14.950981,14.599571,14.070859
145	0	38	9.102962	198,220,271,58,279,720,16,40	19.703983,15.833371,15.766125,15.755363,15.314525,14.813342,14.751473,14.711308
146	0	2898	11.681059	198,271,220,279,58,720,334,311	18.594978,14.912747,14.870067,14.654732,14.410062,13.943440,13.822270,13.663617
147	0	12	6.396679	198,271,220,279,58,311,264,512	19.039000,15.829923,15.394933,15.258884,14.582661,14.524925,14.074298,13.828922
148	0	17	5.104999	198,220,279,16,334,720,58,264	17.943554,16.146152,15.731198,14.865796,14.738125,14.714875,14.634114,14.606553
149	0	426	10.696328	198,220,271,279,58,16,334,720	18.697865,15.158066,14.833476,14.664243,14.487411,13.922585,13.855568,13.828176
150	0	1777	11.599827	198,271,220,279,58,720,311,264	18.971809,15.640945,15.544440,15.224937,14.653773,14.438469,14.157155,14.121606
151	0	11460	16.692975	198,271,220,279,58,311,264,720	19.062447,15.802983,15.119779,14.955307,14.630844,14.140083,13.768409,13.642586
152	0	320	8.242309	198,220,271,279,58,311,264,512	18.986616,16.062738,15.460297,15.458267,15.202809,14.518712,14.313359,14.258725
153	0	83	8.082722	198,279,220,271,40,58,791,16	18.876238,15.084588,15.010799,14.975494,14.575386,14.449138,14.134338,14.028088
154	0	1609	12.625242	198,220,279,271,58,720,311,512	18.496552,15.040923,14.746528,14.689101,14.442771,13.923405,13.884286,13.681152
155	0	5963	13.974382	198,220,271,279,58,311,264,720	17.900734,14.933673,14.865731,14.508591,13.886967,13.879483,13.419202,13.297859
156	0	1680	12.612167	198,220,271,279,58,512,311,720	18.557486,15.704043,15.654872,15.002514,14.721454,14.354808,14.040677,13.904500
157	0	220	1.717014	198,220,279,720,264,311,58,334	17.416594,16.737738,15.709424,15.211339,14.930539,14.574962,14.228278,14.091362
158	0	16085	10.600201	198,220,279,271,16,58,311,264	18.230627,15.316635,15.070613,14.563418,14.380092,14.137372,13.981071,13.897049
159	0	17897	13.068577	198,220,271,279,58,720,311,334	18.580362,15.870853,14.954315,14.750016,14.509709,14.398145,13.924342,13.735759
160	0	198	0.353869	198,220,271,279,58,720,311,16	18.943157,15.962657,15.139789,14.856502,14.665184,14.469159,14.037908,13.935870
161	0	1688	8.680334	198,271,220,279,58,40,16,311	19.724028,15.784711,15.542207,15.395207,15.344377,14.887859,14.443559,14.423543
162	0	393	9.264630	198,220,279,271,264,58,720,311	17.830908,15.625506,15.587945,14.539834,14.464635,14.182968,14.023845,13.795059
163	0	2989	10.022194	198,271,220,279,58,720,311,264	18.242352,15.229314,14.974002,14.888925,14.200263,14.193410,13.800899,13.744431
164	0	71608	17.388587	198,271,279,220,58,311,264,998	18.734980,15.225311,14.849240,14.635358,14.331021,14.031727,13.626723,13.418259
165	0	15906	16.743239	198,220,271,58,279,720,311,16	18.602318,15.774590,15.179985,14.526761,14.254032,13.981158,13.624980,13.516022
166	0	28	7.852839	198,220,271,720,279,58,311,512	16.877546,15.613811,14.206550,14.029709,13.867104,13.837407,13.613506,13.334694
167	0	12378	11.824776	198,220,279,58,271,720,16,334	18.668159,15.722832,14.874664,14.676651,14.548503,14.514525,14.353967,13.853465
168	0	21	6.337280	198,220,271,58,279,720,334,16	18.918154,15.866832,15.292987,14.916238,14.664325,14.519929,14.446479,14.163615
169	0	420	8.622798	198,271,220,279,58,311,40,264	19.157030,15.654770,15.488948,15.083565,14.729482,14.151649,14.032196,13.964719
170	0	36508	14.378311	198,279,271,220,58,40,311,264	19.254496,15.568418,15.430611,15.201764,14.609067,14.513614,14.409535,14.350095
171	0	220	2.218295	198,220,279,264,311,271,58,459	17.921030,16.655546,16.442099,15.396741,15.090600,14.826375,14.510846,14.475854
172	0	3076	8.832659	198,220,279,271,16,58,311,264	18.230627,15.316635,15.070613,14.563418,14.380092,14.137372,13.981071,13.897049
173	0	2536	13.416317	198,220,271,58,279,720,311,16	19.307741,15.873807,15.536336,14.965436,14.781265,14.102471,13.984935,13.915112
174	0	29352	16.298758	198,271,279,220,58,720,40,311	18.961960,15.328624,15.281375,15.037709,14.580462,14.396665,14.290538,14.209568
175	0	91719	14.568273	198,279,220,271,58,311,264,720	19.468439,16.327023,16.025740,15.542424,15.276004,15.142352,14.946544,14.616099
176	0	27855	15.208096	198,220,279,271,264,58,311,720	18.851341,16.649879,16.552464,15.692119,15.398392,15.381572,14.863421,14.747451
177	0	345	7.780105	198,271,220,279,58,311,512,16	19.702538,16.478601,15.932607,15.620144,15.525744,14.928691,14.737144,14.495860
178	0	19975	15.865536	198,220,58,271,279,40,720,16	20.272776,16.074497,15.968292,15.919894,15.664604,15.039323,14.827222,14.592751
179	0	2915	13.564821	198,220,279,271,311,264,58,720	18.336317,15.767529,15.627477,15.321986,15.139065,14.559601,14.410398,14.191769
180	0	49005	15.523043	198,279,220,271,311,264,58,1148	19.003263,15.852319,15.787364,15.471902,14.884644,14.733772,14.618220,14.459087
181	0	279	2.768885	198,220,279,264,271,1148,311,720	18.941454,16.918274,16.793650,15.416291,15.399994,15.126046,15.080533,14.981130
182	0	220	3.082241	198,279,220,271,264,1148,311,58	18.281538,16.181835,15.949547,15.022346,14.926849,14.630123,14.609525,13.976231
183	0	508	5.343546	198,220,279,271,16,58,311,264	18.230627,15.316635,15.070613,14.563418,14.380092,14.137372,13.981071,13.897049
184	0	11843	15.591140	198,220,271,58,279,720,16,334	19.396826,16.111822,15.591576,15.366399,15.263934,14.661427,14.595806,14.567901
185	0	3200	13.156057	198,220,271,279,58,998,72,40	18.954741,15.338567,15.115222,15.042080,14.473866,14.244141,14.215322,14.063972
186	0	16686	16.301129	198,220,279,271,311,58,264,720	18.078135,15.218844,15.015862,14.809659,14.215652,14.185410,13.864682,13.539810
187	0	315	8.108116	198,220,271,279,311,58,720,264	19.271807,16.225267,15.979518,15.939471,15.223456,15.104614,14.793625,14.739128
188	0	279	2.924929	198,279,220,271,264,1148,311,58	18.558348,16.339060,15.925717,15.189373,15.040176,14.882072,14.583290,14.256733
189	0	426	9.522950	198,279,220,271,264,1148,311,58	18.281538,16.181835,15.949547,15.022346,14.926849,14.630123,14.609525,13.976231
190	0	18	6.866028	198,271,220,279,58,720,311,264	18.971809,15.640945,15.544440,15.224937,14.653773,14.438469,14.157155,14.121606
191	0	4367	12.907065	198,220,271,279,58,16,334,40	19.095764,15.509472,15.364436,15.026362,15.002423,14.416753,14.250893,14.199620
192	0	18618	15.332179	198,271,279,220,311,1148,58,264	19.410101,16.253492,16.131983,15.366830,15.205288,14.853972,14.824250,14.729398
193	0	382	8.288893	198,220,279,311,271,264,720,374	17.991158,16.474737,16.387657,15.585761,15.470799,15.076619,14.568008,14.361140
194	0	2028	7.341151	198,271,40,58,791,220,279,3923	20.010965,16.806612,16.070707,15.850688,15.849177,15.694753,15.297994,15.140541
195	0	1052	14.973954	198,220,271,279,58,40,791,264	19.290121,15.550828,15.423860,15.195148,14.661896,14.607979,14.352951,14.170821
196	0	374	5.263437	198,279,220,271,311,264,58,720	18.790251,16.471628,16.064096,15.957791,15.523046,15.143593,15.031478,14.312100
197	0	1511	10.928544	198,279,220,271,264,311,58,1148	18.844049,16.044889,15.947102,15.335442,14.866580,14.684947,14.583486,14.527141
198	0	439	8.349567	198,279,220,271,311,264,58,1148	18.599295,16.179560,15.859103,15.374675,15.108265,14.833752,14.744168,14.279495
199	0	264	4.192028	198,279,220,271,264,1148,311,58	18.748381,16.501490,16.011358,15.346931,15.185025,14.974002,14.893910,14.386367
200	0	12790	16.765161	198,279,220,271,264,58,311,1148	18.751463,15.801364,15.621955,15.252650,14.708426,14.446498,14.414749,14.338305
201	0	369	7.513192	198,279,220,271,311,264,459,58	17.322706,15.705367,15.548955,14.861716,14.849407,14.516308,13.698115,13.514656
202	0	279	2.874264	198,279,220,271,264,311,1148,58	18.592707,16.363417,15.887179,15.090152,15.065602,14.721142,14.707832,14.536835
203	0	48275	15.625460	198,279,220,271,264,1148,311,58	18.281538,16.181835,15.949547,15.022346,14.926849,14.630123,14.609525,13.976231
204	0	45320	9.458570	198,220,279,271,311,264,58,459	17.939142,16.410309,15.645917,15.463220,14.727646,14.542168,14.096620,13.690022
205	0	85748	16.912971	198,220,271,58,279,334,12,512	17.722733,15.251205,14.656980,14.238847,13.605957,13.453987,13.452235,13.308560
206	0	6636	14.225872	198,220,279,271,311,58,264,720	17.831675,15.203298,14.927897,14.691189,14.065372,13.828484,13.782193,13.772019
207	0	74252	14.167733	198,279,220,271,311,264,58,512	18.074257,15.798972,15.723111,15.331714,14.849338,14.588554,14.501767,13.728929
208	0	488	12.601915	198,220,271,279,12,58,311,998	17.668501,14.971808,14.546351,14.120294,13.689350,13.644852,13.525420,13.397243
209	0	18618	16.005102	198,271,220,279,58,40,311,791	18.697878,15.680069,15.207532,15.125949,14.644458,14.343453,14.263608,14.152214
210	0	198	0.933230	198,220,279,311,271,264,720,374	17.991158,16.474737,16.387657,15.585761,15.470799,15.076619,14.568008,14.361140
211	0	8793	19.393948	198,271,220,279,58,40,16,311	19.724028,15.784711,15.542207,15.395207,15.344377,14.887859,14.443559,14.423543
212	0	82	5.533231	198,220,58,271,720,279,16,72	18.996950,15.942540,15.845623,15.517367,15.056254,14.556012,14.472888,14.306347
213	0	5640	16.822509	198,271,279,220,58,311,512,264	19.037361,15.195218,15.125630,14.841640,14.772583,14.292484,14.104294,13.973298
214	0	324	11.652209	198,220,279,271,58,311,720,264	19.115168,15.737399,15.548892,15.458065,14.794154,14.510633,14.482002,14.109566
215	0	754	10.333805	198,220,279,271,311,58,264,40	17.987169,15.007388,14.905273,14.869794,14.043300,13.791270,13.752754,13.276253
216	0	98166	17.671455	198,220,271,279,58,720,16,311	18.881933,15.494266,15.050666,14.649620,14.412949,13.935987,13.764359,13.693742
217	0	2253	15.010711	198,220,271,512,58,16,279,12	16.681280,14.167705,14.087934,13.872838,13.442903,12.983315,12.926132,12.791850
218	0	17	5.891177	198,220,271,58,279,334,720,16	18.435404,15.130712,14.737077,14.567859,14.228951,14.154096,14.134677,14.004360
219	0	68	8.125828	198,220,271,279,58,16,334,720	18.697865,15.158066,14.833476,14.664243,14.487411,13.922585,13.855568,13.828176
220	0	26721	16.866366	198,220,271,279,58,720,334,311	18.763315,15.117417,14.816449,14.566358,14.430379,13.881958,13.756459,13.733279
221	0	4390	12.507703	198,271,220,279,720,311,58,264	18.986151,15.790677,15.712112,15.309540,14.759067,14.631946,13.978622,13.750026
222	0	8780	11.752261	198,271,58,220,334,40,720,16	20.330427,16.345274,16.257105,16.155855,15.719044,15.407590,15.364125,14.997464
223	0	32905	12.145567	198,220,279,271,58,311,40,264	18.701668,15.506064,15.439884,15.187675,14.930705,14.213043,14.191030,14.157379
224	0	1005	10.103113	198,220,279,271,58,311,720,334	19.061468,15.822486,15.562757,15.484329,14.997833,14.746640,14.512382,14.485561
225	0	2011	9.704404	198,279,220,271,311,264,58,1148	18.572226,16.318075,15.640063,15.620956,14.996338,14.935597,14.763016,14.544969
226	0	14389	14.616644	198,220,279,311,271,264,1148,720	18.305523,16.064968,15.991311,15.044624,14.843930,14.709554,14.138313,14.100857
227	0	420	7.282583	198,279,220,271,264,311,1148,58	18.351660,16.611675,15.895866,15.449226,15.263435,15.069874,14.714032,14.497819
228	0	13844	15.321309	198,279,271,220,58,40,311,264	19.254496,15.568418,15.430611,15.201764,14.609067,14.513614,14.409535,14.350095
229	0	7866	14.233369	198,279,220,271,311,264,720,58	18.540995,16.043556,15.772807,15.533040,14.931564,14.665412,14.437630,14.148236
230	0	93314	14.219810	198,220,279,264,271,311,720,459	18.312513,16.984163,16.576469,15.066883,15.037605,14.740669,14.520802,14.364552
231	0	220	3.793163	198,220,271,279,311,58,720,264	19.412979,15.923714,15.884171,15.565227,14.603747,14.414986,14.394916,14.303260
232	0	18	5.631596	198,220,279,271,16,58,311,264	18.230627,15.316635,15.070613,14.563418,14.380092,14.137372,13.981071,13.897049
233	0	13	8.937108	198,220,271,279,58,16,334,40	19.095764,15.509472,15.364436,15.026362,15.002423,14.416753,14.250893,14.199620
234	0	15	7.042155	198,220,271,279,40,791,58,264	18.948301,15.602643,15.488475,15.439733,14.704262,14.566429,14.557817,14.347629
235	0	63124	15.460105	198,220,271,279,58,311,720,16	19.235685,15.379531,15.254570,14.997246,14.798023,14.160632,13.991219,13.980866
236	0	382	8.975131	198,271,220,279,311,58,264,1148	19.199053,16.015543,15.961652,15.832574,15.286458,14.841561,14.546229,14.147847
237	0	284	12.026602	198,271,40,58,791,220,279,3923	20.010965,16.806612,16.070707,15.850688,15.849177,15.694753,15.297994,15.140541
238	0	8563	11.952328	198,220,279,720,264,271,311,58	18.198996,16.786980,15.883892,15.057443,14.805186,14.399529,14.393764,14.210217
239	0	426	9.584884	198,220,279,271,264,311,1148,720	18.002295,16.399740,15.857280,15.329556,14.733230,14.437408,14.238400,14.091107
240	0	11206	15.774983	198,271,220,279,58,720,311,264	18.971809,15.640945,15.544440,15.224937,14.653773,14.438469,14.157155,14.121606
241	0	466	8.821812	198,271,220,58,279,791,40,12	18.782667,15.229290,14.952205,14.790211,14.362987,14.163742,14.107722,13.418416
242	0	284	10.152031	198,279,220,271,311,264,58,720	17.946594,15.559649,15.394261,14.939255,14.515100,14.355550,13.996243,13.555650
243	0	720	3.853389	198,220,279,720,264,271,311,58	18.198996,16.786980,15.883892,15.057443,14.805186,14.399529,14.393764,14.210217
244	0	8563	13.248518	198,220,58,271,279,720,40,16	19.814211,16.279238,15.840131,15.674975,15.406901,15.016828,15.014438,14.719310
245	0	426	9.584884	198,220,279,271,264,311,1148,720	18.002295,16.399740,15.857280,15.329556,14.733230,14.437408,14.238400,14.091107
246	0	11206	15.774983	198,271,220,279,58,720,311,264	18.971809,15.640945,15.544440,15.224937,14.653773,14.438469,14.157155,14.121606
247	0	466	8.821812	198,271,220,58,279,791,40,12	18.782667,15.229290,14.952205,14.790211,14.362987,14.163742,14.107722,13.418416
248	0	374	5.505723	198,279,220,271,311,264,58,720	17.946594,15.559649,15.394261,14.939255,14.515100,14.355550,13.996243,13.555650
249	0	459	5.634759	198,279,220,271,264,311,58,1148	18.844049,16.044889,15.947102,15.335442,14.866580,14.684947,14.583486,14.527141
250	0	6498	9.826898	198,279,220,271,264,311,58,40	18.672598,15.728105,15.544276,15.305316,14.597755,14.411023,14.408542,14.382993
251	0	4632	14.592395	198,220,279,271,311,264,720,58	18.539799,16.204277,16.093615,15.485115,15.069903,14.903572,14.596393,14.309262
252	0	1174	10.170324	198,279,220,271,311,264,1148,58	18.735401,16.361034,15.898839,15.709029,15.187874,14.904069,14.748169,14.662777
253	0	12707	14.902801	198,220,279,264,311,58,271,720	18.417871,16.566164,16.026886,14.726276,14.621022,14.508044,14.421611,14.255143
254	0	323	5.883553	198,279,271,220,311,1148,264,58	18.744301,16.033493,15.688878,15.463421,15.036083,14.838688,14.656766,14.422336
255	0	34596	13.428760	198,279,220,271,1148,264,311,358	18.809038,16.782984,16.148386,15.726738,15.497357,15.348355,15.178121,14.541374
256	0	12360	14.770297	198,279,220,271,311,264,1148,58	18.958597,16.270397,16.093149,15.996625,15.481129,15.001709,14.770016,14.767426
257	0	662	10.467495	198,279,220,271,311,264,58,512	18.249029,15.935173,15.860840,15.405353,15.161923,14.602511,14.496152,13.825267
258	0	1283	11.540765	198,220,279,271,58,311,720,264	19.128475,15.942500,15.523772,15.389438,14.793854,14.335574,14.240611,14.237844
259	0	1047	8.748051	198,220,279,271,264,311,720,58	18.276121,15.855809,15.722692,15.182132,14.529157,14.491093,14.193362,14.024287
260	0	264	4.448028	198,279,220,271,264,311,1148,58	19.070030,16.409849,15.997455,15.335617,15.142207,15.072551,14.975262,14.795101
261	0	8810	15.431917	198,279,220,271,264,58,311,1148	18.751463,15.801364,15.621955,15.252650,14.708426,14.446498,14.414749,14.338305
262	0	571	12.164671	198,279,220,311,271,264,1148,459	17.811144,16.135925,15.663979,15.252933,14.996114,14.826710,14.196960,14.123584
263	0	12	7.045840	198,220,271,279,720,311,58,998	18.598261,15.448403,15.409642,14.931046,14.094644,13.878494,13.699826,13.635900
264	0	31	10.819318	198,220,279,16,334,720,58,264	17.943554,16.146152,15.731198,14.865796,14.738125,14.714875,14.634114,14.606553
265	0	40500	15.035610	198,220,271,279,720,58,311,16	18.598869,15.402226,15.064103,14.814658,14.313606,13.974874,13.641150,13.559944
266	0	3560	12.145337	198,220,279,264,459,1148,311,271	16.857584,16.717934,16.585520,15.397935,15.035697,14.674993,14.627906,14.235837
267	0	389	10.127060	198,220,279,271,311,58,264,512	18.736259,15.661036,15.559987,15.378448,14.984211,14.609314,14.320271,14.067046
268	0	279	2.933338	198,279,220,271,264,311,1148,58	18.616884,16.359766,16.073267,15.203568,15.011413,14.741101,14.680077,14.318049
269	0	12707	13.786065	198,279,220,271,264,1148,311,58	18.281538,16.181835,15.949547,15.022346,14.926849,14.630123,14.609525,13.976231
270	0	4101	12.553657	198,279,271,220,311,1148,264,58	18.744301,16.033493,15.688878,15.463421,15.036083,14.838688,14.656766,14.422336
271	0	578	7.510269	198,271,220,58,279,40,311,512	19.591208,16.268684,16.046431,15.851169,15.539857,15.093738,14.795482,14.743119
272	0	8766	13.972881	198,220,279,271,264,720,311,1148	18.377182,16.139263,15.955888,15.248319,14.768138,14.514500,14.297528,14.224919
273	0	304	6.993583	198,220,279,271,264,311,1148,58	18.721523,16.566666,16.417305,15.883251,15.149072,15.085528,14.875707,14.767543
274	0	220	3.312194	198,279,220,271,264,311,1148,459	18.581232,16.574959,15.950836,15.174968,15.173999,15.069580,14.844859,14.051890
275	0	1049	6.843983	198,220,279,271,16,58,311,264	18.230627,15.316635,15.070613,14.563418,14.380092,14.137372,13.981071,13.897049
276	0	15	6.729908	198,220,271,279,58,720,311,264	18.960594,15.807960,15.348653,15.244698,14.647419,14.574806,14.250389,14.096814
277	0	662	10.362737	198,220,271,279,58,311,720,16	19.235685,15.379531,15.254570,14.997246,14.798023,14.160632,13.991219,13.980866
278	0	1115	9.037463	198,220,279,271,58,311,720,264	19.128475,15.942500,15.523772,15.389438,14.793854,14.335574,14.240611,14.237844
279	0	574	8.178188	198,279,220,271,264,40,311,58	19.337290,15.583138,15.559653,15.471959,14.432157,14.384210,14.311108,14.289084
280	0	8272	13.145691	198,279,220,271,264,1148,311,58	19.124529,16.585127,16.328056,15.395570,15.262961,15.223289,15.117439,14.581594
281	0	555	7.890444	198,220,279,271,311,264,1148,58	19.511545,16.570322,16.507521,15.613879,15.464649,15.116567,15.050048,14.994751
282	0	264	3.703907	198,220,279,264,271,311,1148,459	18.092993,16.764917,16.737211,15.405040,15.176272,14.947225,14.833687,14.446324
283	0	40500	14.240606	198,279,220,271,264,58,311,1148	18.751463,15.801364,15.621955,15.252650,14.708426,14.446498,14.414749,14.338305
284	0	3560	12.145337	198,220,279,264,459,1148,311,271	16.857584,16.717934,16.585520,15.397935,15.035697,14.674993,14.627906,14.235837
285	0	304	7.099910	198,220,279,271,311,58,264,512	18.736259,15.661036,15.559987,15.378448,14.984211,14.609314,14.320271,14.067046
286	0	279	2.688072	198,279,220,271,264,311,1148,459	18.581232,16.574959,15.950836,15.174968,15.173999,15.069580,14.844859,14.051890
287	0	1514	10.177500	198,279,220,271,264,1148,311,58	18.281538,16.181835,15.949547,15.022346,14.926849,14.630123,14.609525,13.976231
288	0	6385	12.526429	198,279,220,271,311,264,58,1148	18.794226,16.271311,15.503970,15.484184,15.186549,14.922852,14.598407,14.579412
289	0	2439	13.242023	198,220,279,271,264,311,720,12	17.585777,15.796115,15.747722,14.944194,14.531975,14.435883,14.339328,13.991408
290	0	5439	12.201105	198,220,279,271,311,58,264,40	18.622026,15.436002,15.359649,15.315736,14.561306,14.450992,14.175570,13.768562
291	0	555	7.346362	198,279,220,311,264,271,58,1148	18.880022,16.490158,16.267950,15.423009,15.168011,15.096992,14.673305,14.669861
292	0	22021	13.884169	198,220,279,264,271,311,1148,459	18.092993,16.764917,16.737211,15.405040,15.176272,14.947225,14.833687,14.446324
293	0	77023	15.494696	198,220,279,271,264,58,12,311	17.784090,15.474133,14.934960,14.877319,13.955709,13.952080,13.755044,13.750028
294	0	1174	9.126305	198,220,279,271,720,311,58,12	17.631645,15.815061,14.970271,14.669563,14.211803,14.207428,14.183072,14.096257
295	0	902	7.722255	198,220,279,264,311,58,271,720	18.417871,16.566164,16.026886,14.726276,14.621022,14.508044,14.421611,14.255143
296	0	574	8.018886	198,279,271,220,58,40,1148,311	19.628447,15.994050,15.763785,15.613162,15.065648,14.915374,14.832767,14.688438
297	0	10887	12.666166	198,279,220,271,264,1148,311,58	19.124529,16.585127,16.328056,15.395570,15.262961,15.223289,15.117439,14.581594
298	0	304	7.355450	198,279,220,271,311,264,58,1148	19.054424,16.122759,16.122055,15.202225,15.012833,14.953560,14.935371,14.341046
299	0	220	3.312194	198,279,220,271,264,311,1148,459	18.581232,16.574959,15.950836,15.174968,15.173999,15.069580,14.844859,14.051890
300	0	1049	6.843983	198,220,279,271,16,58,311,264	18.230627,15.316635,15.070613,14.563418,14.380092,14.137372,13.981071,13.897049
301	0	16	5.273605	198,220,271,279,58,720,311,264	18.960594,15.807960,15.348653,15.244698,14.647419,14.574806,14.250389,14.096814
302	0	520	6.965912	198,220,271,279,58,311,16,264	18.920250,15.441808,15.050113,14.991370,14.627640,14.113086,14.016017,13.917623
303	0	279	2.629058	198,279,220,264,271,311,1148,720	18.327932,16.445507,16.193323,15.084755,14.824795,14.738688,14.513839,14.307670
304	0	16591	13.733022	198,279,220,271,264,1148,311,58	18.281538,16.181835,15.949547,15.022346,14.926849,14.630123,14.609525,13.976231
305	0	7301	12.956936	198,220,279,271,264,311,1148,791	17.818678,15.708133,15.423747,15.324455,14.292732,14.154008,14.122434,13.975811
306	0	27315	16.519882	198,279,220,271,311,264,720,459	17.938578,16.606405,16.433693,15.513290,15.404403,15.196971,14.563596,14.534328
307	0	662	10.476744	198,220,271,279,311,264,58,1148	19.123528,16.483202,16.162529,16.161205,15.282781,14.971191,14.802685,14.610793
308	0	1283	11.540765	198,220,279,271,58,311,720,264	19.128475,15.942500,15.523772,15.389438,14.793854,14.335574,14.240611,14.237844
309	0	1047	8.748051	198,220,279,271,264,311,720,58	18.276121,15.855809,15.722692,15.182132,14.529157,14.491093,14.193362,14.024287
310	0	264	4.448028	198,279,220,271,264,311,1148,58	19.070030,16.409849,15.997455,15.335617,15.142207,15.072551,14.975262,14.795101
311	0	8810	15.431917	198,279,220,271,264,58,311,1148	18.751463,15.801364,15.621955,15.252650,14.708426,14.446498,14.414749,14.338305
312	0	3560	11.948129	198,279,220,311,271,264,1148,459	17.811144,16.135925,15.663979,15.252933,14.996114,14.826710,14.196960,14.123584
313	0	304	7.099910	198,220,279,271,311,58,264,512	18.736259,15.661036,15.559987,15.378448,14.984211,14.609314,14.320271,14.067046
314	0	279	2.688072	198,279,220,271,264,311,1148,459	18.581232,16.574959,15.950836,15.174968,15.173999,15.069580,14.844859,14.051890
315	0	12707	13.786065	198,279,220,271,264,1148,311,58	18.281538,16.181835,15.949547,15.022346,14.926849,14.630123,14.609525,13.976231
316	0	4101	12.553657	198,279,271,220,311,1148,264,58	18.744301,16.033493,15.688878,15.463421,15.036083,14.838688,14.656766,14.422336
317	0	20819	14.376238	198,271,220,58,279,40,311,512	19.591208,16.268684,16.046431,15.851169,15.539857,15.093738,14.795482,14.743119
318	0	3842	9.985409	198,220,279,271,264,311,459,1148	17.554785,16.574572,16.515604,15.290637,15.214559,15.138560,14.501382,14.427218
319	0	1611	9.274009	198,220,279,271,264,311,1148,459	18.287188,16.388853,16.150669,15.534424,14.867630,14.750617,14.611176,14.189160
320	0	291	10.044240	198,220,279,720,271,58,12,264	17.720739,15.403262,14.429591,14.349240,14.341347,13.518280,13.457298,13.414380
321	0	304	7.107420	198,220,279,271,311,264,58,1148	18.328428,15.613645,15.600717,14.905742,14.547745,14.444453,14.392514,13.702008
322	0	220	3.312194	198,279,220,271,264,311,1148,459	18.581232,16.574959,15.950836,15.174968,15.173999,15.069580,14.844859,14.051890
323	0	1049	6.843983	198,220,279,271,16,58,311,264	18.230627,15.316635,15.070613,14.563418,14.380092,14.137372,13.981071,13.897049
324	0	17	6.290699	198,220,271,279,58,720,311,264	18.960594,15.807960,15.348653,15.244698,14.647419,14.574806,14.250389,14.096814
325	0	662	10.180018	198,220,271,279,58,16,334,720	18.697865,15.158066,14.833476,14.664243,14.487411,13.922585,13.855568,13.828176
326	0	763	8.471750	198,220,279,271,58,311,720,264	19.128475,15.942500,15.523772,15.389438,14.793854,14.335574,14.240611,14.237844
327	0	220	3.369243	198,279,220,271,264,311,1148,791	18.546343,16.173697,15.824374,15.242478,14.868874,14.393247,14.386601,14.183976
328	0	1049	6.843983	198,220,279,271,16,58,311,264	18.230627,15.316635,15.070613,14.563418,14.380092,14.137372,13.981071,13.897049
329	0	19	7.391152	198,220,271,279,58,720,311,264	18.960594,15.807960,15.348653,15.244698,14.647419,14.574806,14.250389,14.096814
330	0	426	10.753884	198,220,271,279,58,311,16,264	18.985329,15.395734,15.313670,14.937111,14.655246,14.072109,13.887067,13.869576
331	0	11206	15.774983	198,271,220,279,58,720,311,264	18.971809,15.640945,15.544440,15.224937,14.653773,14.438469,14.157155,14.121606
332	0	466	8.821812	198,271,220,58,279,791,40,12	18.782667,15.229290,14.952205,14.790211,14.362987,14.163742,14.107722,13.418416
333	0	27212	13.657388	198,279,220,271,311,264,58,720	17.946594,15.559649,15.394261,14.939255,14.515100,14.355550,13.996243,13.555650
334	0	264	3.090875	198,279,220,264,311,459,271,1148	16.567493,16.129972,15.510638,15.022176,14.834254,14.334493,14.223887,13.714821
335	0	3560	12.435501	198,279,220,271,264,58,311,1148	18.751463,15.801364,15.621955,15.252650,14.708426,14.446498,14.414749,14.338305
336	0	439	8.349956	198,220,279,271,311,58,264,512	18.736259,15.661036,15.559987,15.378448,14.984211,14.609314,14.320271,14.067046
337	0	330	5.931049	198,279,220,271,264,1148,311,58	18.748381,16.501490,16.011358,15.346931,15.185025,14.974002,14.893910,14.386367
338	0	29517	14.812906	198,279,271,40,220,791,58,311	19.078341,15.332141,15.265424,14.887479,14.834552,14.532063,14.326514,14.088627
339	0	330	5.959828	198,220,279,271,264,311,459,1148	17.536047,15.955056,15.827641,14.935040,14.743205,14.545077,14.030251,13.909907
340	0	304	8.097850	198,279,271,40,220,791,58,311	19.078341,15.332141,15.265424,14.887479,14.834552,14.532063,14.326514,14.088627
341	0	279	2.688072	198,279,220,271,264,311,1148,459	18.581232,16.574959,15.950836,15.174968,15.173999,15.069580,14.844859,14.051890
342	0	9417	14.363332	198,279,220,271,264,1148,311,58	18.281538,16.181835,15.949547,15.022346,14.926849,14.630123,14.609525,13.976231
343	0	330	6.848531	198,271,279,220,311,58,1148,264	19.530212,16.525248,16.192024,16.089071,15.247052,15.194459,15.066513,14.808887
344	0	71166	14.789371	198,279,271,40,220,791,58,311	19.078341,15.332141,15.265424,14.887479,14.834552,14.532063,14.326514,14.088627
345	0	364	9.043173	198,220,279,271,264,311,12,459	16.957521,15.642368,15.104630,14.494315,14.186091,14.098778,13.762599,13.593460
346	0	82	5.786015	198,279,271,220,40,791,58,311	18.662668,15.104373,14.873768,14.796692,14.449008,14.158383,13.938891,13.835622
347	0	15457	14.862341	198,271,279,220,58,311,512,264	19.037361,15.195218,15.125630,14.841640,14.772583,14.292484,14.104294,13.973298
348	0	330	6.483745	198,220,271,279,58,311,264,791	19.355675,16.603582,16.471645,15.838130,15.170845,14.899566,14.751843,14.494317
349	0	315	8.708070	198,279,271,40,220,791,58,311	19.078341,15.332141,15.265424,14.887479,14.834552,14.532063,14.326514,14.088627
350	0	279	2.924929	198,279,220,271,264,1148,311,58	18.558348,16.339060,15.925717,15.189373,15.040176,14.882072,14.583290,14.256733
351	0	12707	13.786065	198,279,220,271,264,1148,311,58	18.281538,16.181835,15.949547,15.022346,14.926849,14.630123,14.609525,13.976231
352	0	4101	12.553657	198,279,271,220,311,1148,264,58	18.744301,16.033493,15.688878,15.463421,15.036083,14.838688,14.656766,14.422336
353	0	578	7.510269	198,271,220,58,279,40,311,512	19.591208,16.268684,16.046431,15.851169,15.539857,15.093738,14.795482,14.743119
354	0	5843	13.938053	198,220,279,271,264,720,311,1148	18.377182,16.139263,15.955888,15.248319,14.768138,14.514500,14.297528,14.224919
355	0	38725	16.928957	198,220,279,271,311,720,264,58	17.805254,15.864971,15.482951,14.519366,14.370023,14.299876,14.255719,13.949489
356	0	2652	11.296116	198,271,220,279,791,311,264,40	17.763342,15.395894,15.244073,15.196069,14.408452,14.149582,14.113215,14.012567
357	0	568	7.181286	198,220,279,58,720,311,271,264	19.482531,16.712919,16.120386,14.970420,14.926305,14.861625,14.854584,14.768498
358	0	59335	16.632373	198,279,220,271,40,311,58,264	18.924110,15.848000,15.584343,15.460556,14.703903,14.661315,14.601543,14.559207
359	0	16662	14.173109	198,220,279,264,459,311,720,477	15.915291,15.867565,15.568764,14.756531,14.209076,14.185925,13.787196,13.516719
360	0	20142	15.629453	198,279,220,264,1148,271,311,459	18.523542,17.381655,16.505379,15.960261,15.681461,15.635213,15.560702,15.336620
361	0	4488	11.651199	198,279,271,220,311,58,264,512	18.755840,15.932018,15.687129,15.675815,15.241446,14.830274,14.607932,14.085200
362	0	27191	15.374497	198,220,279,271,264,311,58,1148	17.983671,16.316984,15.942749,15.387271,14.706584,14.476673,14.194408,14.149783
363	0	323	6.004195	198,220,279,271,264,311,720,58	17.620419,15.546269,15.155787,14.356799,14.131427,14.080104,13.957244,13.832989
364	0	43423	12.895432	198,279,220,271,1148,264,311,358	18.809038,16.782984,16.148386,15.726738,15.497357,15.348355,15.178121,14.541374
365	0	15385	15.061988	198,220,271,279,58,311,791,264	18.377953,15.404607,15.120730,14.719207,14.249329,13.808331,13.677780,13.664921
366	0	18843	14.085142	198,220,271,279,720,311,58,998	17.313017,15.256978,14.431483,13.526925,13.072448,12.999690,12.948078,12.812511
367	0	662	10.518220	198,271,220,58,279,311,40,791	18.767731,15.909622,15.215363,14.810273,14.615932,13.847851,13.846549,13.815045
368	0	1283	11.540765	198,220,279,271,58,311,720,264	19.128475,15.942500,15.523772,15.389438,14.793854,14.335574,14.240611,14.237844
369	0	574	7.151792	198,220,279,271,264,311,720,58	18.276121,15.855809,15.722692,15.182132,14.529157,14.491093,14.193362,14.024287
370	0	6445	11.682025	198,279,220,271,264,1148,311,58	19.124529,16.585127,16.328056,15.395570,15.262961,15.223289,15.117439,14.581594
371	0	304	6.769694	198,279,220,311,271,264,58,459	18.051298,16.079582,15.511863,15.084292,14.720673,14.628983,14.194299,13.902794
372	0	279	2.688072	198,279,220,271,264,311,1148,459	18.581232,16.574959,15.950836,15.174968,15.173999,15.069580,14.844859,14.051890
373	0	220	3.082241	198,279,220,271,264,1148,311,58	18.281538,16.181835,15.949547,15.022346,14.926849,14.630123,14.609525,13.976231
374	0	1049	6.843983	198,220,279,271,16,58,311,264	18.230627,15.316635,15.070613,14.563418,14.380092,14.137372,13.981071,13.897049
375	0	20	5.972239	198,220,271,279,58,720,311,264	18.960594,15.807960,15.348653,15.244698,14.647419,14.574806,14.250389,14.096814
376	0	34596	15.549111	198,220,271,279,58,311,720,16	19.019440,15.339816,15.262996,14.919011,14.563249,14.054840,13.950307,13.886842
377	0	54248	16.164836	198,279,220,271,311,264,1148,58	18.958597,16.270397,16.093149,15.996625,15.481129,15.001709,14.770016,14.767426
378	0	315	7.528311	198,279,271,220,311,58,264,1148	19.186766,15.965213,15.838019,15.580319,15.342229,14.808369,14.739978,14.281906
379	0	279	2.924929	198,279,220,271,264,1148,311,58	18.558348,16.339060,15.925717,15.189373,15.040176,14.882072,14.583290,14.256733
380	0	26241	14.441949	198,279,220,271,264,1148,311,58	18.281538,16.181835,15.949547,15.022346,14.926849,14.630123,14.609525,13.976231
381	0	93401	14.779001	198,220,271,279,791,264,311,58	17.782248,15.418708,15.023646,14.964938,13.859120,13.764979,13.752808,13.731133
382	0	1514	10.686308	198,271,220,279,311,264,58,1148	18.783197,15.841164,15.491586,15.486729,14.720345,14.266441,14.112714,13.958565
383	0	44662	14.239100	198,279,220,271,311,264,58,1148	18.794226,16.271311,15.503970,15.484184,15.186549,14.922852,14.598407,14.579412
384	0	50940	16.110883	198,220,279,271,264,311,720,459	17.352829,16.002913,15.398509,15.312358,14.340851,14.332822,13.573125,13.557765
385	0	1174	9.715845	198,220,279,271,12,58,720,264	17.205069,15.061737,13.994630,13.934437,13.532738,13.166118,13.090752,12.942163
386	0	902	7.722255	198,220,279,264,311,58,271,720	18.417871,16.566164,16.026886,14.726276,14.621022,14.508044,14.421611,14.255143
387	0	574	8.018886	198,279,271,220,58,40,1148,311	19.628447,15.994050,15.763785,15.613162,15.065648,14.915374,14.832767,14.688438
388	0	10887	12.666166	198,279,220,271,264,1148,311,58	19.124529,16.585127,16.328056,15.395570,15.262961,15.223289,15.117439,14.581594
389	0	520	6.034307	198,279,220,271,311,264,58,1148	19.054424,16.122759,16.122055,15.202225,15.012833,14.953560,14.935371,14.341046
390	0	279	2.629058	198,279,220,264,271,311,1148,720	18.327932,16.445507,16.193323,15.084755,14.824795,14.738688,14.513839,14.307670
391	0	46506	16.301900	198,279,220,271,264,1148,311,58	18.281538,16.181835,15.949547,15.022346,14.926849,14.630123,14.609525,13.976231
392	0	27315	17.210811	198,220,279,271,311,264,12,720	17.216990,15.976888,15.097003,14.696454,14.063586,14.037982,13.614650,13.514572
393	0	304	7.075136	198,220,271,279,311,264,58,1148	19.123528,16.483202,16.162529,16.161205,15.282781,14.971191,14.802685,14.610793
394	0	72098	17.347282	198,279,220,271,264,311,1148,459	18.581232,16.574959,15.950836,15.174968,15.173999,15.069580,14.844859,14.051890
395	0	323	5.536885	198,279,220,271,311,1148,264,459	18.639702,16.374725,16.080275,15.997876,15.368230,15.105991,15.053456,14.508438
396	0	279	2.758877	198,279,220,271,1148,264,311,358	18.809038,16.782984,16.148386,15.726738,15.497357,15.348355,15.178121,14.541374
397	0	11258	14.024341	198,279,220,271,264,1148,311,58	18.281538,16.181835,15.949547,15.022346,14.926849,14.630123,14.609525,13.976231
398	0	1291	11.183120	198,220,279,271,311,264,720,12	17.388557,15.784866,15.471725,14.706757,14.566560,14.457986,14.153892,14.149265
399	0	39520	17.018750	198,220,279,311,271,264,58,720	17.275011,15.673259,15.417999,14.527020,14.457031,14.248181,13.634453,13.542980
400	0	17367	14.805824	198,220,271,279,264,311,720,459	17.773413,16.312952,15.625130,15.604581,14.583493,14.552204,14.054845,13.825534
401	0	304	6.629954	198,220,279,271,311,264,58,720	17.834295,15.717224,15.554730,15.318542,14.728825,14.508476,13.928796,13.879514
402	0	7295	12.345298	198,279,220,271,264,311,1148,459	18.581232,16.574959,15.950836,15.174968,15.173999,15.069580,14.844859,14.051890
403	0	662	10.121842	198,279,220,271,311,264,1148,459	18.157833,16.431971,16.392450,15.501740,15.278722,15.196467,14.560987,14.546901
404	0	1283	11.540765	198,220,279,271,58,311,720,264	19.128475,15.942500,15.523772,15.389438,14.793854,14.335574,14.240611,14.237844
405	0	574	7.151792	198,220,279,271,264,311,720,58	18.276121,15.855809,15.722692,15.182132,14.529157,14.491093,14.193362,14.024287
406	0	15910	11.691193	198,279,220,271,264,1148,311,58	19.124529,16.585127,16.328056,15.395570,15.262961,15.223289,15.117439,14.581594
407	0	555	7.095387	198,279,220,311,264,271,58,1148	17.674623,15.950477,15.651275,15.206764,14.716434,14.422460,14.010574,13.893433
408	0	3842	10.187549	198,220,279,264,271,311,1148,459	18.092993,16.764917,16.737211,15.405040,15.176272,14.947225,14.833687,14.446324
409	0	68573	15.016039	198,220,279,271,264,311,1148,459	18.287188,16.388853,16.150669,15.534424,14.867630,14.750617,14.611176,14.189160
410	0	323	5.065938	198,279,220,264,720,459,271,12	15.794110,15.065574,14.811017,14.119746,13.826833,13.784749,13.775852,13.767652
411	0	59335	15.952726	198,279,220,271,1148,264,311,358	18.809038,16.782984,16.148386,15.726738,15.497357,15.348355,15.178121,14.541374
412	0	16662	14.173109	198,220,279,264,459,311,720,477	15.915291,15.867565,15.568764,14.756531,14.209076,14.185925,13.787196,13.516719
413	0	7505	13.334466	198,279,220,264,1148,271,311,459	18.523542,17.381655,16.505379,15.960261,15.681461,15.635213,15.560702,15.336620
414	0	1254	12.141885	198,220,279,271,264,311,58,791	17.548674,15.642097,15.146884,14.660645,13.945811,13.888131,13.570045,13.502122
415	0	819	12.359410	198,271,220,279,720,998,40,72	17.854601,14.722698,14.367011,14.199032,13.991119,13.833629,13.672496,13.610431
416	0	675	13.244785	198,279,220,271,311,264,58,40	18.271933,15.316257,15.167176,14.849221,14.144530,14.118664,13.923507,13.569252
417	0	1174	10.021073	198,220,279,271,58,311,40,791	18.231947,14.912175,14.691456,14.680959,14.036555,13.712112,13.586486,13.531125
418	0	51075	16.458639	198,220,279,264,311,58,271,720	18.417871,16.566164,16.026886,14.726276,14.621022,14.508044,14.421611,14.255143
419	0	1901	10.862122	198,220,279,271,791,40,311,264	18.435717,15.632810,15.618924,15.538371,14.423821,14.416122,14.399551,14.369830
420	0	12997	15.597294	198,220,279,271,720,311,58,264	17.949209,15.078351,14.709092,14.671298,14.157678,13.728108,13.637416,13.523145
421	0	1174	9.647060	198,220,279,271,311,58,264,791	18.119444,15.060245,14.915263,14.678035,14.001793,13.864982,13.789601,13.357272
422	0	14253	13.747730	198,220,279,264,311,58,271,720	18.417871,16.566164,16.026886,14.726276,14.621022,14.508044,14.421611,14.255143
423	0	18206	13.589299	198,220,279,271,311,264,1148,791	17.735876,15.569020,15.468562,15.338115,14.364533,14.319920,13.928070,13.825829
424	0	1174	9.144901	198,279,220,271,311,264,1148,459	17.684118,16.233225,15.932060,15.327937,15.134831,14.881886,14.470333,14.146806
425	0	56230	15.658699	198,220,279,264,311,58,271,720	18.417871,16.566164,16.026886,14.726276,14.621022,14.508044,14.421611,14.255143
426	0	24852	12.543796	198,279,220,311,264,271,459,720	17.091898,15.890803,15.606492,14.899497,14.720726,14.720096,14.087429,13.847823
427	0	417	9.981221	198,220,271,279,58,40,791,311	18.036306,15.431725,15.150932,14.578324,14.081378,13.725261,13.709249,13.614139
428	0	1174	9.895485	198,220,279,271,311,58,720,264	18.631216,15.461390,15.362554,14.932609,14.662181,14.502910,14.224504,14.176145
429	0	60410	15.097029	198,220,279,264,311,58,271,720	18.417871,16.566164,16.026886,14.726276,14.621022,14.508044,14.421611,14.255143
430	0	81764	16.193872	198,220,279,720,271,264,12,311	17.300180,15.842094,15.076230,14.482165,14.355267,14.169591,14.120093,14.111745
431	0	323	5.820552	198,220,279,271,264,311,720,58	17.637154,15.800382,14.985885,14.870445,14.133792,14.014167,13.880578,13.782031
432	0	68134	14.104100	198,279,220,271,1148,264,311,358	18.809038,16.782984,16.148386,15.726738,15.497357,15.348355,15.178121,14.541374
433	0	11166	13.009531	198,220,279,271,264,311,58,1148	17.963308,15.811303,15.277710,14.958827,14.188954,14.052566,13.773602,13.720979
434	0	662	10.198712	198,220,279,271,311,264,720,12	17.823046,15.914500,15.856262,15.261744,14.716176,14.681842,14.664230,14.131226
435	0	720	5.294730	198,220,279,271,58,311,720,264	19.128475,15.942500,15.523772,15.389438,14.793854,14.335574,14.240611,14.237844
436	0	763	8.778500	198,220,58,271,279,720,40,16	19.814211,16.279238,15.840131,15.674975,15.406901,15.016828,15.014438,14.719310
437	0	220	3.369243	198,279,220,271,264,311,1148,791	18.546343,16.173697,15.824374,15.242478,14.868874,14.393247,14.386601,14.183976
438	0	1049	6.843983	198,220,279,271,16,58,311,264	18.230627,15.316635,15.070613,14.563418,14.380092,14.137372,13.981071,13.897049
439	0	21	6.384205	198,220,271,279,58,720,311,264	18.960594,15.807960,15.348653,15.244698,14.647419,14.574806,14.250389,14.096814
440	0	1174	10.087039	198,271,220,279,58,311,40,264	19.157030,15.654770,15.488948,15.083565,14.729482,14.151649,14.032196,13.964719
441	0	426	9.484253	198,220,279,264,311,58,271,720	18.417871,16.566164,16.026886,14.726276,14.621022,14.508044,14.421611,14.255143
442	0	11206	15.774983	198,271,220,279,58,720,311,264	18.971809,15.640945,15.544440,15.224937,14.653773,14.438469,14.157155,14.121606
443	0	466	8.821812	198,271,220,58,279,791,40,12	18.782667,15.229290,14.952205,14.790211,14.362987,14.163742,14.107722,13.418416
444	0	59335	16.638292	198,279,220,271,311,264,58,720	17.946594,15.559649,15.394261,14.939255,14.515100,14.355550,13.996243,13.555650
445	0	16662	14.173109	198,220,279,264,459,311,720,477	15.915291,15.867565,15.568764,14.756531,14.209076,14.185925,13.787196,13.516719
446	0	1254	12.123647	198,279,220,264,1148,271,311,459	18.523542,17.381655,16.505379,15.960261,15.681461,15.635213,15.560702,15.336620
447	0	819	12.359410	198,271,220,279,720,998,40,72	17.854601,14.722698,14.367011,14.199032,13.991119,13.833629,13.672496,13.610431
448	0	675	13.244785	198,279,220,271,311,264,58,40	18.271933,15.316257,15.167176,14.849221,14.144530,14.118664,13.923507,13.569252
449	0	304	7.822177	198,220,279,271,58,311,40,791	18.231947,14.912175,14.691456,14.680959,14.036555,13.712112,13.586486,13.531125
450	0	279	2.688072	198,279,220,271,264,311,1148,459	18.581232,16.574959,15.950836,15.174968,15.173999,15.069580,14.844859,14.051890
451	0	1514	10.177500	198,279,220,271,264,1148,311,58	18.281538,16.181835,15.949547,15.022346,14.926849,14.630123,14.609525,13.976231
452	0	94836	19.176710	198,279,220,271,311,264,58,1148	18.794226,16.271311,15.503970,15.484184,15.186549,14.922852,14.598407,14.579412
453	0	5439	11.767133	198,220,279,271,311,264,720,459	17.779205,16.344366,15.689430,15.611279,14.901767,14.750695,14.075356,14.073081
454	0	555	7.346362	198,279,220,311,264,271,58,1148	18.880022,16.490158,16.267950,15.423009,15.168011,15.096992,14.673305,14.669861
455	0	4488	10.027048	198,220,279,264,271,311,1148,459	18.092993,16.764917,16.737211,15.405040,15.176272,14.947225,14.833687,14.446324
456	0	46207	17.426944	198,220,279,271,264,311,58,1148	17.983671,16.316984,15.942749,15.387271,14.706584,14.476673,14.194408,14.149783
457	0	28607	14.073804	198,220,279,271,264,311,12,58	17.714491,15.986923,15.567765,14.760223,14.440675,14.332538,13.809235,13.753674
458	0	662	9.569045	198,220,279,311,720,264,271,12	16.782568,15.643074,15.226224,14.546611,14.369236,14.152641,13.942672,13.335246
459	0	1283	11.540765	198,220,279,271,58,311,720,264	19.128475,15.942500,15.523772,15.389438,14.793854,14.335574,14.240611,14.237844
460	0	9922	13.745377	198,220,279,271,264,311,720,58	18.276121,15.855809,15.722692,15.182132,14.529157,14.491093,14.193362,14.024287
461	0	389	10.188783	198,220,279,271,311,264,58,1148	18.975702,16.301245,15.996671,14.953021,14.908813,14.788396,14.688741,14.179698
462	0	264	4.281691	198,279,220,271,264,311,1148,58	18.616884,16.359766,16.073267,15.203568,15.011413,14.741101,14.680077,14.318049
463	0	220	3.639709	198,279,220,271,264,58,311,1148	18.751463,15.801364,15.621955,15.252650,14.708426,14.446498,14.414749,14.338305
464	0	1049	6.843983	198,220,279,271,16,58,311,264	18.230627,15.316635,15.070613,14.563418,14.380092,14.137372,13.981071,13.897049
465	0	21	6.384205	198,220,271,279,58,720,311,264	18.960594,15.807960,15.348653,15.244698,14.647419,14.574806,14.250389,14.096814
466	0	9417	15.610373	198,271,220,279,58,311,40,264	19.157030,15.654770,15.488948,15.083565,14.729482,14.151649,14.032196,13.964719
467	0	315	6.874299	198,271,279,220,311,58,1148,264	19.530212,16.525248,16.192024,16.089071,15.247052,15.194459,15.066513,14.808887
468	0	279	2.924929	198,279,220,271,264,1148,311,58	18.558348,16.339060,15.925717,15.189373,15.040176,14.882072,14.583290,14.256733
469	0	12707	13.786065	198,279,220,271,264,1148,311,58	18.281538,16.181835,15.949547,15.022346,14.926849,14.630123,14.609525,13.976231
470	0	4101	12.553657	198,279,271,220,311,1148,264,58	18.744301,16.033493,15.688878,15.463421,15.036083,14.838688,14.656766,14.422336
471	0	1174	11.042057	198,271,220,58,279,40,311,512	19.591208,16.268684,16.046431,15.851169,15.539857,15.093738,14.795482,14.743119
472	0	54943	16.561978	198,220,279,264,311,58,271,720	18.417871,16.566164,16.026886,14.726276,14.621022,14.508044,14.421611,14.255143
473	0	1174	9.572941	198,220,279,311,271,264,459,1148	17.389433,16.708025,16.350317,15.513570,15.333920,15.260476,14.650598,14.153259
474	0	8272	13.368724	198,220,279,264,311,58,271,720	18.417871,16.566164,16.026886,14.726276,14.621022,14.508044,14.421611,14.255143
475	0	555	7.890444	198,220,279,271,311,264,1148,58	19.511545,16.570322,16.507521,15.613879,15.464649,15.116567,15.050048,14.994751
476	0	264	3.703907	198,220,279,264,271,311,1148,459	18.092993,16.764917,16.737211,15.405040,15.176272,14.947225,14.833687,14.446324
477	0	3560	12.435501	198,279,220,271,264,58,311,1148	18.751463,15.801364,15.621955,15.252650,14.708426,14.446498,14.414749,14.338305
478	0	304	7.099910	198,220,279,271,311,58,264,512	18.736259,15.661036,15.559987,15.378448,14.984211,14.609314,14.320271,14.067046
479	0	279	2.688072	198,279,220,271,264,311,1148,459	18.581232,16.574959,15.950836,15.174968,15.173999,15.069580,14.844859,14.051890
480	0	220	3.082241	198,279,220,271,264,1148,311,58	18.281538,16.181835,15.949547,15.022346,14.926849,14.630123,14.609525,13.976231
481	0	1049	6.843983	198,220,279,271,16,58,311,264	18.230627,15.316635,15.070613,14.563418,14.380092,14.137372,13.981071,13.897049
482	0	22	7.020161	198,220,271,279,58,720,311,264	18.960594,15.807960,15.348653,15.244698,14.647419,14.574806,14.250389,14.096814
483	0	34596	15.563457	198,271,220,279,58,311,40,264	19.287477,15.576739,15.434528,15.118367,14.790527,14.213138,14.124573,13.959140
484	0	5788	13.162044	198,279,220,271,311,264,1148,58	18.958597,16.270397,16.093149,15.996625,15.481129,15.001709,14.770016,14.767426
485	0	315	7.224276	198,279,271,220,311,264,58,1148	18.929977,16.066786,16.047934,15.589589,15.213069,14.805222,14.637492,14.468269
486	0	2650	7.739391	198,279,220,271,264,1148,311,58	18.558348,16.339060,15.925717,15.189373,15.040176,14.882072,14.583290,14.256733
487	0	311	4.771298	198,220,279,271,40,311,264,1148	18.925320,16.056166,15.857589,15.772237,14.706691,14.703687,14.586212,14.503330
488	0	71727	17.776859	198,279,220,264,271,311,1148,459	18.410919,16.563204,16.218920,15.286335,15.205623,15.036594,14.789880,14.217792
489	0	15910	13.284216	198,271,279,220,791,40,58,3923	19.601965,16.617357,15.402423,15.323608,15.196586,15.006097,14.899559,14.623058
490	0	555	7.095387	198,279,220,311,264,271,58,1148	17.674623,15.950477,15.651275,15.206764,14.716434,14.422460,14.010574,13.893433
491	0	28978	12.183604	198,220,279,264,271,311,1148,459	18.092993,16.764917,16.737211,15.405040,15.176272,14.947225,14.833687,14.446324
492	0	648	11.514149	198,220,271,279,58,311,720,12	17.723429,15.186349,14.246056,13.988490,13.356983,13.267422,13.260350,13.197483
493	0	432	9.994120	198,271,220,279,58,311,40,264	18.701654,15.494586,15.367267,15.127948,14.332475,14.143094,14.142184,13.990293
494	0	85534	17.480061	198,220,279,271,720,58,311,264	18.306761,15.337532,15.070033,14.982677,14.379254,14.114616,14.045815,13.963506
495	0	662	10.237709	198,220,271,279,58,720,311,264	18.823290,16.008579,16.000452,15.171796,14.987748,14.430450,14.366366,14.179988
496	0	2650	8.865031	198,220,279,271,58,311,720,264	19.128475,15.942500,15.523772,15.389438,14.793854,14.335574,14.240611,14.237844
497	0	311	4.771298	198,220,279,271,40,311,264,1148	18.925320,16.056166,15.857589,15.772237,14.706691,14.703687,14.586212,14.503330
498	0	71727	17.776859	198,279,220,264,271,311,1148,459	18.410919,16.563204,16.218920,15.286335,15.205623,15.036594,14.789880,14.217792
499	0	574	8.306460	198,271,279,220,791,40,58,3923	19.601965,16.617357,15.402423,15.323608,15.196586,15.006097,14.899559,14.623058
500	0	10887	12.666166	198,279,220,271,264,1148,311,58	19.124529,16.585127,16.328056,15.395570,15.262961,15.223289,15.117439,14.581594
501	0	520	6.034307	198,279,220,271,311,264,58,1148	19.054424,16.122759,16.122055,15.202225,15.012833,14.953560,14.935371,14.341046
502	0	14409	13.560763	198,279,220,264,271,311,1148,720	18.327932,16.445507,16.193323,15.084755,14.824795,14.738688,14.513839,14.307670
503	0	27315	16.450081	198,279,220,271,311,264,459,12	17.164560,16.136042,15.902270,15.345605,15.010033,14.933494,14.419803,14.021187
504	0	304	7.075136	198,220,271,279,311,264,58,1148	19.123528,16.483202,16.162529,16.161205,15.282781,14.971191,14.802685,14.610793
505	0	279	2.688072	198,279,220,271,264,311,1148,459	18.581232,16.574959,15.950836,15.174968,15.173999,15.069580,14.844859,14.051890
506	0	7295	11.929941	198,279,220,271,264,1148,311,58	18.281538,16.181835,15.949547,15.022346,14.926849,14.630123,14.609525,13.976231
507	0	85303	16.556657	198,279,220,271,311,264,1148,459	18.157833,16.431971,16.392450,15.501740,15.278722,15.196467,14.560987,14.546901
508	0	315	7.521053	198,220,279,271,264,311,58,720	18.005873,16.437416,15.806946,15.304500,14.714050,14.446259,14.417213,14.296833
509	0	473	10.709491	198,279,220,271,264,1148,311,58	18.558348,16.339060,15.925717,15.189373,15.040176,14.882072,14.583290,14.256733
510	0	43157	18.960782	198,271,220,279,720,58,311,791	18.412020,15.225064,14.900291,14.835255,14.148740,14.105934,13.801450,13.677562
511	0	44774	18.724510	198,279,220,271,311,264,58,374	18.049734,16.234110,16.113764,15.702519,15.462650,14.877777,14.278542,14.094945
512	0	323	5.727027	198,220,271,279,311,58,264,1148	18.544241,15.426642,15.405434,15.327312,14.597130,14.337139,14.249883,13.738788
513	0	48550	12.846426	198,279,220,271,1148,264,311,358	18.809038,16.782984,16.148386,15.726738,15.497357,15.348355,15.178121,14.541374
514	0	5721	12.903143	198,220,271,279,791,998,311,44	16.520384,14.182134,13.888440,13.341393,12.955914,12.556241,12.469989,12.453471
515	0	662	9.900237	198,220,279,311,271,264,720,459	17.552979,16.118494,15.876629,14.893350,14.747367,14.736320,14.230992,13.831553
516	0	426	10.534834	198,220,279,271,58,311,720,264	19.128475,15.942500,15.523772,15.389438,14.793854,14.335574,14.240611,14.237844
517	0	11206	15.774983	198,271,220,279,58,720,311,264	18.971809,15.640945,15.544440,15.224937,14.653773,14.438469,14.157155,14.121606
518	0	466	8.821812	198,271,220,58,279,791,40,12	18.782667,15.229290,14.952205,14.790211,14.362987,14.163742,14.107722,13.418416
519	0	59335	16.638292	198,279,220,271,311,264,58,720	17.946594,15.559649,15.394261,14.939255,14.515100,14.355550,13.996243,13.555650
520	0	304	5.580313	198,220,279,264,459,311,720,477	15.915291,15.867565,15.568764,14.756531,14.209076,14.185925,13.787196,13.516719
521	0	1403	9.252688	198,279,220,271,264,311,1148,459	18.581232,16.574959,15.950836,15.174968,15.173999,15.069580,14.844859,14.051890
522	0	12631	16.167970	198,279,220,271,58,264,40,311	19.013189,15.842710,15.632716,15.296151,15.193986,14.700328,14.558520,14.426171
523	0	304	7.071716	198,279,271,220,311,58,264,1148	19.149214,16.203499,15.898284,15.866399,15.300995,15.039986,14.826408,14.534164
524	0	220	3.312194	198,279,220,271,264,311,1148,459	18.581232,16.574959,15.950836,15.174968,15.173999,15.069580,14.844859,14.051890
525	0	1049	6.843983	198,220,279,271,16,58,311,264	18.230627,15.316635,15.070613,14.563418,14.380092,14.137372,13.981071,13.897049
526	0	23	7.050704	198,220,271,279,58,720,311,264	18.960594,15.807960,15.348653,15.244698,14.647419,14.574806,14.250389,14.096814
527	0	1174	9.693489	198,271,220,279,58,311,264,40	18.958534,15.648926,15.498210,15.160305,14.577527,14.259559,13.974785,13.876861
528	0	6187	12.655742	198,220,279,264,311,58,271,720	18.417871,16.566164,16.026886,14.726276,14.621022,14.508044,14.421611,14.255143
529	0	4238	13.267713	198,220,279,271,264,311,58,1148	19.176065,16.753283,16.212801,16.151079,15.041051,15.011647,14.964223,14.561527
530	0	4997	13.522227	198,279,271,220,311,58,264,720	18.971083,15.598476,15.560460,15.467044,14.768482,14.755269,14.340420,14.268115
531	0	31304	13.696536	198,220,279,271,311,264,720,12	17.498720,15.452392,15.215568,14.802890,14.076896,13.964026,13.759860,13.742188
532	0	555	7.179548	198,220,279,271,311,264,720,12	17.690359,16.466707,15.778172,15.330601,15.101856,14.875781,14.263684,14.175944
533	0	57337	18.076454	198,220,279,264,271,311,1148,459	18.092993,16.764917,16.737211,15.405040,15.176272,14.947225,14.833687,14.446324
534	0	12366	13.643268	198,279,220,271,311,264,1148,459	18.058390,16.264971,15.825127,15.720244,15.316986,14.930191,14.664001,14.414688
535	0	2009	12.685370	198,220,279,311,264,271,720,12	16.942320,15.920597,15.629463,14.667636,14.537403,14.347558,14.081502,13.998464
536	0	546	12.624535	198,220,279,271,720,791,264,311	17.516268,15.244992,14.557767,14.535243,13.743655,13.446862,13.363167,13.194168
537	0	72	5.277220	198,220,279,271,58,311,720,998	18.140892,14.931521,14.916817,14.638003,14.109799,14.039768,13.717454,13.715676
538	0	1174	10.067734	198,220,271,279,58,311,720,512	18.939135,15.018777,14.953877,14.715035,14.536857,13.838898,13.777539,13.717873
539	0	323	5.810621	198,220,279,264,311,58,271,720	18.417871,16.566164,16.026886,14.726276,14.621022,14.508044,14.421611,14.255143
540	0	4418	10.140414	198,279,220,271,1148,264,311,358	18.809038,16.782984,16.148386,15.726738,15.497357,15.348355,15.178121,14.541374
541	0	798	10.385008	198,220,271,279,40,791,720,58	18.739126,15.433131,15.300475,15.191654,14.402417,14.256752,14.141781,14.050490
542	0	54275	17.373189	198,220,279,271,311,58,264,720	17.949787,15.633197,15.246028,15.229141,14.651952,14.513161,14.166946,14.022541
543	0	15910	12.259847	198,220,279,271,264,311,720,459	17.468958,16.266495,15.475421,14.753371,14.596905,14.411540,14.094853,13.977265
544	0	555	7.095387	198,279,220,311,264,271,58,1148	17.674623,15.950477,15.651275,15.206764,14.716434,14.422460,14.010574,13.893433
545	0	12225	12.208242	198,220,279,264,271,311,1148,459	18.092993,16.764917,16.737211,15.405040,15.176272,14.947225,14.833687,14.446324
546	0	398	9.405911	198,220,271,58,720,279,791,40	17.987196,14.831874,14.453572,13.734807,13.604938,13.595628,13.168565,13.050781
547	0	89453	17.866052	198,279,220,271,311,264,58,1148	18.552881,15.638789,15.634622,15.262374,14.711892,14.523301,14.314674,14.116513
548	0	662	10.053799	220,198,279,311,264,459,477,720	15.159909,14.917005,14.705598,13.889683,13.682297,13.310150,13.128812,12.962903
549	0	763	8.471750	198,220,279,271,58,311,720,264	19.128475,15.942500,15.523772,15.389438,14.793854,14.335574,14.240611,14.237844
550	0	3297	10.827832	198,279,220,271,264,311,1148,791	18.546343,16.173697,15.824374,15.242478,14.868874,14.393247,14.386601,14.183976
551	0	220	1.785937	198,220,279,271,311,264,1148,720	18.682798,17.610819,16.426237,15.334278,15.239273,15.155209,14.613620,14.611457
552	0	1049	6.843983	198,220,279,271,16,58,311,264	18.230627,15.316635,15.070613,14.563418,14.380092,14.137372,13.981071,13.897049
553	0	23	7.050704	198,220,271,279,58,720,311,264	18.960594,15.807960,15.348653,15.244698,14.647419,14.574806,14.250389,14.096814
554	0	1174	9.693489	198,271,220,279,58,311,264,40	18.958534,15.648926,15.498210,15.160305,14.577527,14.259559,13.974785,13.876861
555	0	426	9.484253	198,220,279,264,311,58,271,720	18.417871,16.566164,16.026886,14.726276,14.621022,14.508044,14.421611,14.255143
556	0	11206	15.774983	198,271,220,279,58,720,311,264	18.971809,15.640945,15.544440,15.224937,14.653773,14.438469,14.157155,14.121606
557	0	466	8.821812	198,271,220,58,279,791,40,12	18.782667,15.229290,14.952205,14.790211,14.362987,14.163742,14.107722,13.418416
558	0	1903	9.539445	198,279,220,271,311,264,58,720	17.946594,15.559649,15.394261,14.939255,14.515100,14.355550,13.996243,13.555650
559	0	264	4.651309	198,279,220,271,311,264,58,40	19.095276,16.270834,15.718060,15.528850,14.981875,14.929760,14.795898,14.611140
560	0	8810	15.431917	198,279,220,271,264,58,311,1148	18.751463,15.801364,15.621955,15.252650,14.708426,14.446498,14.414749,14.338305
561	0	11341	14.618600	198,279,220,311,271,264,1148,459	17.811144,16.135925,15.663979,15.252933,14.996114,14.826710,14.196960,14.123584
562	0	389	10.733010	198,271,279,220,58,311,512,40	19.380932,15.810532,15.517731,15.497783,15.164074,14.701614,14.476836,14.434605
563	0	264	4.281691	198,279,220,271,264,311,1148,58	18.616884,16.359766,16.073267,15.203568,15.011413,14.741101,14.680077,14.318049
564	0	1403	9.602316	198,279,220,271,264,58,311,1148	18.751463,15.801364,15.621955,15.252650,14.708426,14.446498,14.414749,14.338305
565	0	571	13.102086	198,279,220,271,58,264,40,311	19.013189,15.842710,15.632716,15.296151,15.193986,14.700328,14.558520,14.426171
566	0	12	7.045840	198,220,271,279,720,311,58,998	18.598261,15.448403,15.409642,14.931046,14.094644,13.878494,13.699826,13.635900
567	0	31	10.819318	198,220,279,16,334,720,58,264	17.943554,16.146152,15.731198,14.865796,14.738125,14.714875,14.634114,14.606553
568	0	961	9.317759	198,220,271,279,720,58,311,16	18.598869,15.402226,15.064103,14.814658,14.313606,13.974874,13.641150,13.559944
569	0	9417	15.207334	198,279,220,271,311,264,58,1148	18.649717,16.106092,16.029007,15.389236,15.207700,14.813975,14.671951,14.331096
570	0	15952	14.346100	198,271,279,220,311,58,1148,264	19.530212,16.525248,16.192024,16.089071,15.247052,15.194459,15.066513,14.808887
571	0	315	8.049264	198,220,271,279,58,12,311,720	17.938547,15.731853,15.035136,14.897500,14.504102,14.277901,14.131287,13.907285
572	0	279	2.924929	198,279,220,271,264,1148,311,58	18.558348,16.339060,15.925717,15.189373,15.040176,14.882072,14.583290,14.256733
573	0	12707	13.786065	198,279,220,271,264,1148,311,58	18.281538,16.181835,15.949547,15.022346,14.926849,14.630123,14.609525,13.976231
574	0	4101	12.553657	198,279,271,220,311,1148,264,58	18.744301,16.033493,15.688878,15.463421,15.036083,14.838688,14.656766,14.422336
575	0	468	14.133270	198,271,220,58,279,40,311,512	19.591208,16.268684,16.046431,15.851169,15.539857,15.093738,14.795482,14.743119
576	0	1802	14.814579	198,271,220,279,720,58,311,264	18.625055,15.357743,15.318276,15.167534,14.405418,14.202370,14.056648,13.946822
577	0	279	3.006200	198,220,279,271,264,311,58,1148	18.438929,16.088835,16.062841,15.395219,14.883441,14.837008,14.434310,14.093368
578	0	15371	16.590139	198,279,220,271,264,1148,311,58	18.281538,16.181835,15.949547,15.022346,14.926849,14.630123,14.609525,13.976231
579	0	1174	9.814971	198,220,271,279,58,311,720,264	18.209391,15.872757,15.270332,14.876060,14.273732,14.073865,13.819165,13.762558
580	0	8272	13.368724	198,220,279,264,311,58,271,720	18.417871,16.566164,16.026886,14.726276,14.621022,14.508044,14.421611,14.255143
581	0	555	7.890444	198,220,279,271,311,264,1148,58	19.511545,16.570322,16.507521,15.613879,15.464649,15.116567,15.050048,14.994751
582	0	459	4.662622	198,220,279,264,271,311,1148,459	18.092993,16.764917,16.737211,15.405040,15.176272,14.947225,14.833687,14.446324
583	0	11341	14.839350	198,279,220,271,264,311,58,40	18.672598,15.728105,15.544276,15.305316,14.597755,14.411023,14.408542,14.382993
584	0	389	10.733010	198,271,279,220,58,311,512,40	19.380932,15.810532,15.517731,15.497783,15.164074,14.701614,14.476836,14.434605
585	0	279	2.933338	198,279,220,271,264,311,1148,58	18.616884,16.359766,16.073267,15.203568,15.011413,14.741101,14.680077,14.318049
586	0	12707	13.786065	198,279,220,271,264,1148,311,58	18.281538,16.181835,15.949547,15.022346,14.926849,14.630123,14.609525,13.976231
587	0	4101	12.553657	198,279,271,220,311,1148,264,58	18.744301,16.033493,15.688878,15.463421,15.036083,14.838688,14.656766,14.422336
588	0	29878	20.056261	198,271,220,58,279,40,311,512	19.591208,16.268684,16.046431,15.851169,15.539857,15.093738,14.795482,14.743119
589	0	86493	17.256391	198,220,271,279,58,720,311,12	17.827318,15.172704,14.560603,14.140922,14.002841,13.955024,13.557594,13.347493
590	0	304	6.804142	198,271,279,220,311,58,264,40	18.731510,16.454842,16.100296,16.047672,15.374944,15.148007,14.857345,14.274311
591	0	6841	13.481662	198,279,220,271,264,311,1148,459	18.581232,16.574959,15.950836,15.174968,15.173999,15.069580,14.844859,14.051890
592	0	220	1.948732	198,220,279,271,311,264,1148,720	19.279100,17.883337,16.573151,15.970609,15.379214,15.319763,14.926789,14.797704
593	0	1049	6.843983	198,220,279,271,16,58,311,264	18.230627,15.316635,15.070613,14.563418,14.380092,14.137372,13.981071,13.897049
594	0	23	7.050704	198,220,271,279,58,720,311,264	18.960594,15.807960,15.348653,15.244698,14.647419,14.574806,14.250389,14.096814
595	0	662	10.037597	198,271,220,279,58,311,264,40	18.958534,15.648926,15.498210,15.160305,14.577527,14.259559,13.974785,13.876861
596	0	1283	11.540765	198,220,279,271,58,311,720,264	19.128475,15.942500,15.523772,15.389438,14.793854,14.335574,14.240611,14.237844
597	0	1047	8.748051	198,220,279,271,264,311,720,58	18.276121,15.855809,15.722692,15.182132,14.529157,14.491093,14.193362,14.024287
598	0	264	4.448028	198,279,220,271,264,311,1148,58	19.070030,16.409849,15.997455,15.335617,15.142207,15.072551,14.975262,14.795101
599	0	46350	15.273347	198,279,220,271,264,58,311,1148	18.751463,15.801364,15.621955,15.252650,14.708426,14.446498,14.414749,14.338305
600	0	3560	12.479657	198,220,279,311,271,264,459,1148	18.463259,16.798368,16.490618,15.465165,15.444764,15.245927,14.679400,14.589671
601	0	304	7.099910	198,220,279,271,311,58,264,512	18.736259,15.661036,15.559987,15.378448,14.984211,14.609314,14.320271,14.067046
602	0	5899	9.487315	198,279,220,271,264,311,1148,459	18.581232,16.574959,15.950836,15.174968,15.173999,15.069580,14.844859,14.051890
603	0	18243	16.325497	198,279,220,271,58,264,311,12	18.409750,15.948326,15.658284,14.989850,14.861050,14.802273,14.739678,14.444633
604	0	315	7.026095	198,271,220,279,58,311,1148,264	19.704329,16.474478,16.134226,16.088448,15.354642,15.329358,14.748417,14.744884
605	0	279	2.924929	198,279,220,271,264,1148,311,58	18.558348,16.339060,15.925717,15.189373,15.040176,14.882072,14.583290,14.256733
606	0	12707	13.786065	198,279,220,271,264,1148,311,58	18.281538,16.181835,15.949547,15.022346,14.926849,14.630123,14.609525,13.976231
607	0	4101	12.553657	198,279,271,220,311,1148,264,58	18.744301,16.033493,15.688878,15.463421,15.036083,14.838688,14.656766,14.422336
608	0	49922	17.926487	198,271,220,58,279,40,311,512	19.591208,16.268684,16.046431,15.851169,15.539857,15.093738,14.795482,14.743119
609	0	1919	11.364866	198,220,271,279,264,58,311,1148	19.091978,15.944793,15.713010,15.654420,14.466446,14.416657,14.399491,14.163788
610	0	304	7.622593	198,271,220,279,58,311,40,264	19.003290,15.552997,15.421737,15.170464,14.769356,14.376782,14.329240,14.108261
611	0	220	3.312194	198,279,220,271,264,311,1148,459	18.581232,16.574959,15.950836,15.174968,15.173999,15.069580,14.844859,14.051890
612	0	679	8.445384	198,220,279,271,16,58,311,264	18.230627,15.316635,15.070613,14.563418,14.380092,14.137372,13.981071,13.897049
613	0	15	6.681041	198,220,271,279,720,58,311,16	18.669979,15.905932,15.033864,14.953205,14.414882,14.267749,14.059578,13.913776
614	0	1174	10.021140	198,220,271,279,58,311,720,16	19.235685,15.379531,15.254570,14.997246,14.798023,14.160632,13.991219,13.980866
615	0	439	8.244923	198,220,279,264,311,58,271,720	18.417871,16.566164,16.026886,14.726276,14.621022,14.508044,14.421611,14.255143
616	0	330	5.931049	198,279,220,271,264,1148,311,58	18.748381,16.501490,16.011358,15.346931,15.185025,14.974002,14.893910,14.386367
617	0	735	11.415807	198,279,271,40,220,791,58,311	19.078341,15.332141,15.265424,14.887479,14.834552,14.532063,14.326514,14.088627
618	0	40608	15.042703	198,220,271,279,720,311,264,58	18.049456,15.226230,15.206923,15.131223,14.178882,14.032356,13.936910,13.886937
619	0	69168	17.891742	198,220,279,271,311,264,58,1148	18.385633,15.414417,15.187640,14.514565,14.038674,13.934342,13.770470,13.616130
620	0	330	6.516745	198,220,271,279,311,58,264,791	18.570353,15.719635,15.530567,15.317107,14.482631,14.261617,14.195767,13.916617
621	0	662	10.702140	198,279,271,40,220,791,58,311	19.078341,15.332141,15.265424,14.887479,14.834552,14.532063,14.326514,14.088627
622	0	426	10.534834	198,220,279,271,58,311,720,264	19.128475,15.942500,15.523772,15.389438,14.793854,14.335574,14.240611,14.237844
623	0	11206	15.774983	198,271,220,279,58,720,311,264	18.971809,15.640945,15.544440,15.224937,14.653773,14.438469,14.157155,14.121606
624	0	466	8.821812	198,271,220,58,279,791,40,12	18.782667,15.229290,14.952205,14.790211,14.362987,14.163742,14.107722,13.418416
625	0	59335	16.638292	198,279,220,271,311,264,58,720	17.946594,15.559649,15.394261,14.939255,14.515100,14.355550,13.996243,13.555650
626	0	304	5.580313	198,220,279,264,459,311,720,477	15.915291,15.867565,15.568764,14.756531,14.209076,14.185925,13.787196,13.516719
627	0	279	2.688072	198,279,220,271,264,311,1148,459	18.581232,16.574959,15.950836,15.174968,15.173999,15.069580,14.844859,14.051890
628	0	220	3.082241	198,279,220,271,264,1148,311,58	18.281538,16.181835,15.949547,15.022346,14.926849,14.630123,14.609525,13.976231
629	0	679	8.445384	198,220,279,271,16,58,311,264	18.230627,15.316635,15.070613,14.563418,14.380092,14.137372,13.981071,13.897049
630	0	16	5.197814	198,220,271,279,720,58,311,16	18.669979,15.905932,15.033864,14.953205,14.414882,14.267749,14.059578,13.913776
631	0	4632	14.914026	198,220,271,279,58,311,16,264	18.920250,15.441808,15.050113,14.991370,14.627640,14.113086,14.016017,13.917623
632	0	25145	15.321412	198,279,220,271,311,264,1148,58	18.735401,16.361034,15.898839,15.709029,15.187874,14.904069,14.748169,14.662777
633	0	85375	18.614232	198,220,271,279,311,720,264,58	17.084063,14.980438,14.074483,13.967837,13.333839,13.138512,12.846347,12.783134
634	0	15910	12.805160	198,220,279,271,311,58,264,720	18.975084,16.157047,15.574155,15.513840,14.956241,14.890411,14.556764,14.047631
635	0	555	7.095387	198,279,220,311,264,271,58,1148	17.674623,15.950477,15.651275,15.206764,14.716434,14.422460,14.010574,13.893433
636	0	12366	13.447488	198,220,279,264,271,311,1148,459	18.092993,16.764917,16.737211,15.405040,15.176272,14.947225,14.833687,14.446324
637	0	2009	12.685370	198,220,279,311,264,271,720,12	16.942320,15.920597,15.629463,14.667636,14.537403,14.347558,14.081502,13.998464
638	0	546	12.624535	198,220,279,271,720,791,264,311	17.516268,15.244992,14.557767,14.535243,13.743655,13.446862,13.363167,13.194168
639	0	72	5.277220	198,220,279,271,58,311,720,998	18.140892,14.931521,14.916817,14.638003,14.109799,14.039768,13.717454,13.715676
640	0	662	10.350044	198,220,271,279,58,311,720,512	18.939135,15.018777,14.953877,14.715035,14.536857,13.838898,13.777539,13.717873
641	0	720	5.294730	198,220,279,271,58,311,720,264	19.128475,15.942500,15.523772,15.389438,14.793854,14.335574,14.240611,14.237844
642	0	284	10.772530	198,220,58,271,279,720,40,16	19.814211,16.279238,15.840131,15.674975,15.406901,15.016828,15.014438,14.719310
643	0	284	9.244790	198,220,279,720,264,271,311,58	18.198996,16.786980,15.883892,15.057443,14.805186,14.399529,14.393764,14.210217
644	0	41576	15.326749	198,220,279,720,264,271,311,58	18.198996,16.786980,15.883892,15.057443,14.805186,14.399529,14.393764,14.210217
645	0	284	10.909619	198,220,271,279,311,264,58,1148	18.856867,16.497881,16.265676,16.012331,15.138551,14.960124,14.655898,14.365993
646	0	284	9.244790	198,220,279,720,264,271,311,58	18.198996,16.786980,15.883892,15.057443,14.805186,14.399529,14.393764,14.210217
647	0	720	3.853389	198,220,279,720,264,271,311,58	18.198996,16.786980,15.883892,15.057443,14.805186,14.399529,14.393764,14.210217
648	0	284	10.772530	198,220,58,271,279,720,40,16	19.814211,16.279238,15.840131,15.674975,15.406901,15.016828,15.014438,14.719310
649	0	284	9.244790	198,220,279,720,264,271,311,58	18.198996,16.786980,15.883892,15.057443,14.805186,14.399529,14.393764,14.210217
650	0	284	9.244790	198,220,279,720,264,271,311,58	18.198996,16.786980,15.883892,15.057443,14.805186,14.399529,14.393764,14.210217
651	0	220	2.123852	198,220,279,720,264,271,311,58	18.198996,16.786980,15.883892,15.057443,14.805186,14.399529,14.393764,14.210217
652	0	1049	6.843983	198,220,279,271,16,58,311,264	18.230627,15.316635,15.070613,14.563418,14.380092,14.137372,13.981071,13.897049
653	0	15	6.729908	198,220,271,279,58,720,311,264	18.960594,15.807960,15.348653,15.244698,14.647419,14.574806,14.250389,14.096814
654	0	1389	11.054504	198,220,271,279,58,311,720,16	19.235685,15.379531,15.254570,14.997246,14.798023,14.160632,13.991219,13.980866
655	0	220	3.033413	198,220,279,264,720,271,311,1148	19.211103,16.576679,16.140966,14.995791,14.837209,14.823722,14.739380,14.541217
656	0	1049	6.843983	198,220,279,271,16,58,311,264	18.230627,15.316635,15.070613,14.563418,14.380092,14.137372,13.981071,13.897049
657	0	20	5.972239	198,220,271,279,58,720,311,264	18.960594,15.807960,15.348653,15.244698,14.647419,14.574806,14.250389,14.096814
658	0	284	10.151602	198,220,271,279,58,311,720,16	19.019440,15.339816,15.262996,14.919011,14.563249,14.054840,13.950307,13.886842
659	0	284	9.244790	198,220,279,720,264,271,311,58	18.198996,16.786980,15.883892,15.057443,14.805186,14.399529,14.393764,14.210217
660	0	284	9.244790	198,220,279,720,264,271,311,58	18.198996,16.786980,15.883892,15.057443,14.805186,14.399529,14.393764,14.210217
661	0	720	3.853389	198,220,279,720,264,271,311,58	18.198996,16.786980,15.883892,15.057443,14.805186,14.399529,14.393764,14.210217
662	0	763	8.778500	198,220,58,271,279,720,40,16	19.814211,16.279238,15.840131,15.674975,15.406901,15.016828,15.014438,14.719310
663	0	220	3.369243	198,279,220,271,264,311,1148,791	18.546343,16.173697,15.824374,15.242478,14.868874,14.393247,14.386601,14.183976
664	0	1049	6.843983	198,220,279,271,16,58,311,264	18.230627,15.316635,15.070613,14.563418,14.380092,14.137372,13.981071,13.897049
665	0	15	6.729908	198,220,271,279,58,720,311,264	18.960594,15.807960,15.348653,15.244698,14.647419,14.574806,14.250389,14.096814
666	0	426	10.995162	198,220,271,279,58,311,720,16	19.235685,15.379531,15.254570,14.997246,14.798023,14.160632,13.991219,13.980866
667	0	11206	15.774983	198,271,220,279,58,720,311,264	18.971809,15.640945,15.544440,15.224937,14.653773,14.438469,14.157155,14.121606
668	0	466	8.821812	198,271,220,58,279,791,40,12	18.782667,15.229290,14.952205,14.790211,14.362987,14.163742,14.107722,13.418416
669	0	1047	8.700983	198,279,220,271,311,264,58,720	17.946594,15.559649,15.394261,14.939255,14.515100,14.355550,13.996243,13.555650
670	0	264	4.448028	198,279,220,271,264,311,1148,58	19.070030,16.409849,15.997455,15.335617,15.142207,15.072551,14.975262,14.795101
671	0	8810	15.431917	198,279,220,271,264,58,311,1148	18.751463,15.801364,15.621955,15.252650,14.708426,14.446498,14.414749,14.338305
672	0	571	12.164671	198,279,220,311,271,264,1148,459	17.811144,16.135925,15.663979,15.252933,14.996114,14.826710,14.196960,14.123584
673	0	12	7.045840	198,220,271,279,720,311,58,998	18.598261,15.448403,15.409642,14.931046,14.094644,13.878494,13.699826,13.635900
674	0	31	10.819318	198,220,279,16,334,720,58,264	17.943554,16.146152,15.731198,14.865796,14.738125,14.714875,14.634114,14.606553
675	0	40500	15.035610	198,220,271,279,720,58,311,16	18.598869,15.402226,15.064103,14.814658,14.313606,13.974874,13.641150,13.559944
676	0	3560	12.145337	198,220,279,264,459,1148,311,271	16.857584,16.717934,16.585520,15.397935,15.035697,14.674993,14.627906,14.235837
677	0	389	10.127060	198,220,279,271,311,58,264,512	18.736259,15.661036,15.559987,15.378448,14.984211,14.609314,14.320271,14.067046
678	0	279	2.933338	198,279,220,271,264,311,1148,58	18.616884,16.359766,16.073267,15.203568,15.011413,14.741101,14.680077,14.318049
679	0	12707	13.786065	198,279,220,271,264,1148,311,58	18.281538,16.181835,15.949547,15.022346,14.926849,14.630123,14.609525,13.976231
680	0	4101	12.553657	198,279,271,220,311,1148,264,58	18.744301,16.033493,15.688878,15.463421,15.036083,14.838688,14.656766,14.422336
681	0	578	7.510269	198,271,220,58,279,40,311,512	19.591208,16.268684,16.046431,15.851169,15.539857,15.093738,14.795482,14.743119
682	0	8766	13.972881	198,220,279,271,264,720,311,1148	18.377182,16.139263,15.955888,15.248319,14.768138,14.514500,14.297528,14.224919
683	0	2652	11.388608	198,220,279,271,264,311,1148,58	18.721523,16.566666,16.417305,15.883251,15.149072,15.085528,14.875707,14.767543
684	0	568	7.181286	198,220,279,58,720,311,271,264	19.482531,16.712919,16.120386,14.970420,14.926305,14.861625,14.854584,14.768498
685	0	45877	13.580143	198,279,220,271,40,311,58,264	18.924110,15.848000,15.584343,15.460556,14.703903,14.661315,14.601543,14.559207
686	0	330	6.732349	198,279,220,271,1148,311,264,40	19.031620,16.019539,15.641716,15.351138,14.745625,14.639989,14.637809,14.282402
687	0	10016	12.928465	198,279,271,40,220,791,58,311	19.078341,15.332141,15.265424,14.887479,14.834552,14.532063,14.326514,14.088627
688	0	4366	10.769414	198,279,220,271,264,311,1148,791	18.361708,16.048958,16.025656,16.022322,14.737481,14.669850,14.565921,14.486988
689	0	894	11.114994	198,220,271,279,720,58,264,40	17.790749,15.310184,14.731839,14.496905,13.887492,13.624527,13.496503,13.430835
690	0	330	6.471476	198,271,279,220,311,58,264,40	18.676119,15.666588,15.492738,15.472488,14.555736,14.497067,14.360912,14.335160
691	0	304	8.097850	198,279,271,40,220,791,58,311	19.078341,15.332141,15.265424,14.887479,14.834552,14.532063,14.326514,14.088627
692	0	279	2.688072	198,279,220,271,264,311,1148,459	18.581232,16.574959,15.950836,15.174968,15.173999,15.069580,14.844859,14.051890
693	0	9417	14.363332	198,279,220,271,264,1148,311,58	18.281538,16.181835,15.949547,15.022346,14.926849,14.630123,14.609525,13.976231
694	0	1174	10.849432	198,271,279,220,311,58,1148,264	19.530212,16.525248,16.192024,16.089071,15.247052,15.194459,15.066513,14.808887
695	0	330	5.584120	198,220,279,264,311,58,271,720	18.417871,16.566164,16.026886,14.726276,14.621022,14.508044,14.421611,14.255143
696	0	763	8.849598	198,279,271,40,220,791,58,311	19.078341,15.332141,15.265424,14.887479,14.834552,14.532063,14.326514,14.088627
697	0	23088	16.573602	198,279,220,271,264,311,1148,791	18.546343,16.173697,15.824374,15.242478,14.868874,14.393247,14.386601,14.183976
698	0	43396	14.846978	198,220,279,271,311,264,720,58	17.246223,15.664968,15.615451,15.317227,15.021149,14.487721,13.749408,13.747582
699	0	330	6.992864	198,220,271,279,311,58,264,791	18.278666,15.837873,15.451294,15.277999,14.559571,14.390475,14.236388,13.998868
700	0	662	10.702140	198,279,271,40,220,791,58,311	19.078341,15.332141,15.265424,14.887479,14.834552,14.532063,14.326514,14.088627
701	0	426	10.534834	198,220,279,271,58,311,720,264	19.128475,15.942500,15.523772,15.389438,14.793854,14.335574,14.240611,14.237844
702	0	11206	15.774983	198,271,220,279,58,720,311,264	18.971809,15.640945,15.544440,15.224937,14.653773,14.438469,14.157155,14.121606
703	0	466	8.821812	198,271,220,58,279,791,40,12	18.782667,15.229290,14.952205,14.790211,14.362987,14.163742,14.107722,13.418416
704	0	59335	16.638292	198,279,220,271,311,264,58,720	17.946594,15.559649,15.394261,14.939255,14.515100,14.355550,13.996243,13.555650
705	0	439	7.917886	198,220,279,264,459,311,720,477	15.915291,15.867565,15.568764,14.756531,14.209076,14.185925,13.787196,13.516719
706	0	330	5.931049	198,279,220,271,264,1148,311,58	18.748381,16.501490,16.011358,15.346931,15.185025,14.974002,14.893910,14.386367
707	0	10016	12.928465	198,279,271,40,220,791,58,311	19.078341,15.332141,15.265424,14.887479,14.834552,14.532063,14.326514,14.088627
708	0	330	6.087134	198,279,220,271,264,311,1148,791	18.361708,16.048958,16.025656,16.022322,14.737481,14.669850,14.565921,14.486988
709	0	304	8.097850	198,279,271,40,220,791,58,311	19.078341,15.332141,15.265424,14.887479,14.834552,14.532063,14.326514,14.088627
710	0	279	2.688072	198,279,220,271,264,311,1148,459	18.581232,16.574959,15.950836,15.174968,15.173999,15.069580,14.844859,14.051890
711	0	1514	10.177500	198,279,220,271,264,1148,311,58	18.281538,16.181835,15.949547,15.022346,14.926849,14.630123,14.609525,13.976231
712	0	6385	12.526429	198,279,220,271,311,264,58,1148	18.794226,16.271311,15.503970,15.484184,15.186549,14.922852,14.598407,14.579412
713	0	2439	13.242023	198,220,279,271,264,311,720,12	17.585777,15.796115,15.747722,14.944194,14.531975,14.435883,14.339328,13.991408
714	0	5439	12.201105	198,220,279,271,311,58,264,40	18.622026,15.436002,15.359649,15.315736,14.561306,14.450992,14.175570,13.768562
715	0	555	7.346362	198,279,220,311,264,271,58,1148	18.880022,16.490158,16.267950,15.423009,15.168011,15.096992,14.673305,14.669861
716	0	22021	13.884169	198,220,279,264,271,311,1148,459	18.092993,16.764917,16.737211,15.405040,15.176272,14.947225,14.833687,14.446324
717	0	77023	15.494696	198,220,279,271,264,58,12,311	17.784090,15.474133,14.934960,14.877319,13.955709,13.952080,13.755044,13.750028
718	0	1174	9.126305	198,220,279,271,720,311,58,12	17.631645,15.815061,14.970271,14.669563,14.211803,14.207428,14.183072,14.096257
719	0	902	7.722255	198,220,279,264,311,58,271,720	18.417871,16.566164,16.026886,14.726276,14.621022,14.508044,14.421611,14.255143
720	0	574	8.018886	198,279,271,220,58,40,1148,311	19.628447,15.994050,15.763785,15.613162,15.065648,14.915374,14.832767,14.688438
721	0	10887	12.666166	198,279,220,271,264,1148,311,58	19.124529,16.585127,16.328056,15.395570,15.262961,15.223289,15.117439,14.581594
722	0	304	7.355450	198,279,220,271,311,264,58,1148	19.054424,16.122759,16.122055,15.202225,15.012833,14.953560,14.935371,14.341046
723	0	220	3.312194	198,279,220,271,264,311,1148,459	18.581232,16.574959,15.950836,15.174968,15.173999,15.069580,14.844859,14.051890
724	0	1049	6.843983	198,220,279,271,16,58,311,264	18.230627,15.316635,15.070613,14.563418,14.380092,14.137372,13.981071,13.897049
725	0	16	5.273605	198,220,271,279,58,720,311,264	18.960594,15.807960,15.348653,15.244698,14.647419,14.574806,14.250389,14.096814
726	0	520	6.965912	198,220,271,279,58,311,16,264	18.920250,15.441808,15.050113,14.991370,14.627640,14.113086,14.016017,13.917623
727	0	279	2.629058	198,279,220,264,271,311,1148,720	18.327932,16.445507,16.193323,15.084755,14.824795,14.738688,14.513839,14.307670
728	0	16591	13.733022	198,279,220,271,264,1148,311,58	18.281538,16.181835,15.949547,15.022346,14.926849,14.630123,14.609525,13.976231
729	0	7301	12.956936	198,220,279,271,264,311,1148,791	17.818678,15.708133,15.423747,15.324455,14.292732,14.154008,14.122434,13.975811
730	0	27315	16.519882	198,279,220,271,311,264,720,459	17.938578,16.606405,16.433693,15.513290,15.404403,15.196971,14.563596,14.534328
731	0	662	10.476744	198,220,271,279,311,264,58,1148	19.123528,16.483202,16.162529,16.161205,15.282781,14.971191,14.802685,14.610793
732	0	362	9.272207	198,220,279,271,58,311,720,264	19.128475,15.942500,15.523772,15.389438,14.793854,14.335574,14.240611,14.237844
733	0	3477	10.250618	198,220,271,279,58,264,720,311	18.738552,15.597600,15.392074,15.350842,14.425007,14.311695,14.230682,14.207759
734	0	315	7.498394	198,279,271,220,311,58,264,1148	19.768541,16.705812,16.553663,16.435030,15.598994,15.595764,15.407018,15.346227
735	0	426	9.578669	198,279,220,271,264,1148,311,58	18.558348,16.339060,15.925717,15.189373,15.040176,14.882072,14.583290,14.256733
736	0	11206	15.774983	198,271,220,279,58,720,311,264	18.971809,15.640945,15.544440,15.224937,14.653773,14.438469,14.157155,14.121606
737	0	466	8.821812	198,271,220,58,279,791,40,12	18.782667,15.229290,14.952205,14.790211,14.362987,14.163742,14.107722,13.418416
738	0	364	9.362020	198,279,220,271,311,264,58,720	17.946594,15.559649,15.394261,14.939255,14.515100,14.355550,13.996243,13.555650
739	0	82	5.786015	198,279,271,220,40,791,58,311	18.662668,15.104373,14.873768,14.796692,14.449008,14.158383,13.938891,13.835622
740	0	5178	13.742574	198,271,279,220,58,311,512,264	19.037361,15.195218,15.125630,14.841640,14.772583,14.292484,14.104294,13.973298
741	0	304	7.545002	198,271,279,220,58,311,40,264	19.812494,16.513884,15.907178,15.434994,15.405192,15.198543,14.797376,14.614426
742	0	578	6.621208	198,279,220,271,264,311,1148,459	18.581232,16.574959,15.950836,15.174968,15.173999,15.069580,14.844859,14.051890
743	0	22765	13.769719	198,220,279,271,264,720,311,1148	18.377182,16.139263,15.955888,15.248319,14.768138,14.514500,14.297528,14.224919
744	0	389	10.345052	198,220,279,271,264,311,58,791	18.679972,16.255352,15.612599,15.592380,14.426387,14.372556,14.286752,14.260028
745	0	7418	14.409878	198,279,220,271,264,311,1148,58	18.616884,16.359766,16.073267,15.203568,15.011413,14.741101,14.680077,14.318049
746	0	7633	10.652949	198,220,279,271,264,311,1148,459	18.292633,17.185678,16.640131,15.694448,15.512810,15.402642,14.773323,14.761421
747	0	1461	9.449294	198,220,279,271,311,264,58,1148	19.028124,16.617727,16.496904,15.517255,15.447304,15.239990,14.848595,14.791989
748	0	439	8.054676	198,279,220,271,311,264,1148,58	19.126097,16.403536,16.088011,15.759799,15.486618,15.126866,14.948537,14.923897
749	0	330	5.931049	198,279,220,271,264,1148,311,58	18.748381,16.501490,16.011358,15.346931,15.185025,14.974002,14.893910,14.386367
750	0	77104	16.576257	198,279,271,40,220,791,58,311	19.078341,15.332141,15.265424,14.887479,14.834552,14.532063,14.326514,14.088627
751	0	95072	16.980268	198,279,220,271,311,264,1148,58	19.277380,16.027815,16.008364,15.680982,14.977646,14.797122,14.757451,14.552989
752	0	330	5.754946	198,279,220,264,311,459,271,1148	16.358376,15.595084,15.491055,14.473598,14.441460,14.009868,13.738686,13.343932
753	0	304	8.097850	198,279,271,40,220,791,58,311	19.078341,15.332141,15.265424,14.887479,14.834552,14.532063,14.326514,14.088627
754	0	279	2.688072	198,279,220,271,264,311,1148,459	18.581232,16.574959,15.950836,15.174968,15.173999,15.069580,14.844859,14.051890
755	0	3560	12.103715	198,279,220,271,264,1148,311,58	18.281538,16.181835,15.949547,15.022346,14.926849,14.630123,14.609525,13.976231
756	0	1174	10.556964	198,220,279,271,311,58,264,512	18.736259,15.661036,15.559987,15.378448,14.984211,14.609314,14.320271,14.067046
757	0	323	5.810621	198,220,279,264,311,58,271,720	18.417871,16.566164,16.026886,14.726276,14.621022,14.508044,14.421611,14.255143
758	0	568	6.057386	198,279,220,271,1148,264,311,358	18.809038,16.782984,16.148386,15.726738,15.497357,15.348355,15.178121,14.541374
759	0	4036	12.367861	198,279,220,271,40,311,58,264	18.924110,15.848000,15.584343,15.460556,14.703903,14.661315,14.601543,14.559207
760	0	9200	13.496552	198,279,220,271,264,311,58,1148	19.119087,16.713381,16.556479,15.802612,15.542146,15.357900,15.140048,14.900970
761	0	8544	11.936295	198,220,279,271,311,264,1148,58	17.878183,15.788101,15.735539,15.264168,14.989597,14.459987,14.146424,14.019993
762	0	304	7.022845	198,279,220,271,311,58,264,1148	19.588268,16.664156,16.420948,16.414637,15.726716,15.380486,15.366809,15.054313
763	0	578	6.621208	198,279,220,271,264,311,1148,459	18.581232,16.574959,15.950836,15.174968,15.173999,15.069580,14.844859,14.051890
764	0	42769	18.227773	198,220,279,271,264,720,311,1148	18.377182,16.139263,15.955888,15.248319,14.768138,14.514500,14.297528,14.224919
765	0	1174	9.238161	198,279,220,271,311,264,1148,459	17.771906,15.905347,15.769829,15.466763,14.709081,14.677521,13.992946,13.986012
766	0	323	5.810621	198,220,279,264,311,58,271,720	18.417871,16.566164,16.026886,14.726276,14.621022,14.508044,14.421611,14.255143
767	0	57202	16.180162	198,279,220,271,1148,264,311,358	18.809038,16.782984,16.148386,15.726738,15.497357,15.348355,15.178121,14.541374
768	0	12028	14.035451	198,220,279,271,264,311,58,1148	18.720793,16.607811,16.176344,15.656062,15.076276,14.985162,14.491699,14.352260
769	0	662	10.721895	198,271,220,58,279,40,791,334	19.386194,16.244093,16.146635,15.623311,15.359714,14.894791,14.779361,14.299241
770	0	1283	11.540765	198,220,279,271,58,311,720,264	19.128475,15.942500,15.523772,15.389438,14.793854,14.335574,14.240611,14.237844
771	0	9922	13.745377	198,220,279,271,264,311,720,58	18.276121,15.855809,15.722692,15.182132,14.529157,14.491093,14.193362,14.024287
772	0	304	7.160086	198,220,279,271,311,264,58,1148	18.975702,16.301245,15.996671,14.953021,14.908813,14.788396,14.688741,14.179698
773	0	279	2.688072	198,279,220,271,264,311,1148,459	18.581232,16.574959,15.950836,15.174968,15.173999,15.069580,14.844859,14.051890
774	0	12707	13.786065	198,279,220,271,264,1148,311,58	18.281538,16.181835,15.949547,15.022346,14.926849,14.630123,14.609525,13.976231
775	0	4101	12.553657	198,279,271,220,311,1148,264,58	18.744301,16.033493,15.688878,15.463421,15.036083,14.838688,14.656766,14.422336
776	0	20819	14.376238	198,271,220,58,279,40,311,512	19.591208,16.268684,16.046431,15.851169,15.539857,15.093738,14.795482,14.743119
777	0	3842	9.985409	198,220,279,271,264,311,459,1148	17.554785,16.574572,16.515604,15.290637,15.214559,15.138560,14.501382,14.427218
778	0	1611	9.274009	198,220,279,271,264,311,1148,459	18.287188,16.388853,16.150669,15.534424,14.867630,14.750617,14.611176,14.189160
779	0	291	10.044240	198,220,279,720,271,58,12,264	17.720739,15.403262,14.429591,14.349240,14.341347,13.518280,13.457298,13.414380
780	0	304	7.107420	198,220,279,271,311,264,58,1148	18.328428,15.613645,15.600717,14.905742,14.547745,14.444453,14.392514,13.702008
781	0	220	3.312194	198,279,220,271,264,311,1148,459	18.581232,16.574959,15.950836,15.174968,15.173999,15.069580,14.844859,14.051890
782	0	1049	6.843983	198,220,279,271,16,58,311,264	18.230627,15.316635,15.070613,14.563418,14.380092,14.137372,13.981071,13.897049
783	0	17	6.290699	198,220,271,279,58,720,311,264	18.960594,15.807960,15.348653,15.244698,14.647419,14.574806,14.250389,14.096814
784	0	439	9.067457	198,220,271,279,58,16,334,720	18.697865,15.158066,14.833476,14.664243,14.487411,13.922585,13.855568,13.828176
785	0	330	5.931049	198,279,220,271,264,1148,311,58	18.748381,16.501490,16.011358,15.346931,15.185025,14.974002,14.893910,14.386367
786	0	2758	13.041893	198,279,271,40,220,791,58,311	19.078341,15.332141,15.265424,14.887479,14.834552,14.532063,14.326514,14.088627
787	0	336	9.506823	198,220,279,264,311,271,720,459	17.449669,16.193254,16.180674,15.024390,14.935861,14.496121,14.086135,13.987973
788	0	1676	14.456214	198,220,279,271,311,264,720,58	17.770784,15.477936,14.973953,14.444763,14.268028,13.805158,13.592502,13.581223
789	0	1800	12.223808	198,220,271,279,791,720,58,40	17.991785,15.092610,14.710454,14.305268,13.887489,13.742523,13.687066,13.673763
790	0	425	14.132014	198,220,279,271,311,264,58,12	17.179708,15.570386,15.041028,14.318934,14.268214,13.919528,13.450870,13.087844
791	0	330	6.284857	198,220,279,271,58,311,720,512	18.975325,16.012325,15.646149,15.554498,15.060769,14.829373,14.692529,14.549515
792	0	304	8.097850	198,279,271,40,220,791,58,311	19.078341,15.332141,15.265424,14.887479,14.834552,14.532063,14.326514,14.088627
793	0	279	2.688072	198,279,220,271,264,311,1148,459	18.581232,16.574959,15.950836,15.174968,15.173999,15.069580,14.844859,14.051890
794	0	9417	14.363332	198,279,220,271,264,1148,311,58	18.281538,16.181835,15.949547,15.022346,14.926849,14.630123,14.609525,13.976231
795	0	330	6.848531	198,271,279,220,311,58,1148,264	19.530212,16.525248,16.192024,16.089071,15.247052,15.194459,15.066513,14.808887
796	0	31597	14.211658	198,279,271,40,220,791,58,311	19.078341,15.332141,15.265424,14.887479,14.834552,14.532063,14.326514,14.088627
797	0	64412	18.655459	198,220,279,271,264,311,459,720	17.843904,16.081385,15.877731,15.473819,14.754092,14.571698,14.269279,14.140979
798	0	72	5.741908	198,220,271,279,58,791,40,311	18.020319,15.564003,14.963206,14.052384,14.027310,13.665509,13.563282,13.451795
799	0	2301	13.180181	198,220,271,279,58,311,720,512	18.939135,15.018777,14.953877,14.715035,14.536857,13.838898,13.777539,13.717873
800	0	330	6.144655	198,220,279,271,311,264,58,720	17.891897,15.513374,15.304184,15.009262,14.803917,14.214344,13.941770,13.576221
801	0	1174	10.726654	198,279,271,40,220,791,58,311	19.078341,15.332141,15.265424,14.887479,14.834552,14.532063,14.326514,14.088627
802	0	323	5.810621	198,220,279,264,311,58,271,720	18.417871,16.566164,16.026886,14.726276,14.621022,14.508044,14.421611,14.255143
803	0	1047	8.439382	198,279,220,271,1148,264,311,358	18.809038,16.782984,16.148386,15.726738,15.497357,15.348355,15.178121,14.541374
804	0	264	4.448028	198,279,220,271,264,311,1148,58	19.070030,16.409849,15.997455,15.335617,15.142207,15.072551,14.975262,14.795101
805	0	3560	12.435501	198,279,220,271,264,58,311,1148	18.751463,15.801364,15.621955,15.252650,14.708426,14.446498,14.414749,14.338305
806	0	439	8.349956	198,220,279,271,311,58,264,512	18.736259,15.661036,15.559987,15.378448,14.984211,14.609314,14.320271,14.067046
807	0	264	4.192028	198,279,220,271,264,1148,311,58	18.748381,16.501490,16.011358,15.346931,15.185025,14.974002,14.893910,14.386367
808	0	2204	11.328791	198,279,220,271,264,58,311,1148	18.751463,15.801364,15.621955,15.252650,14.708426,14.446498,14.414749,14.338305
809	0	3752	13.159253	198,279,220,311,271,264,720,1148	18.671982,16.415308,15.824374,15.267077,15.089170,14.965668,14.734459,14.699924
810	0	330	6.649410	198,271,220,279,311,58,264,40	19.277555,15.854221,15.710162,15.649910,14.920934,14.891719,14.462001,14.232717
811	0	79479	15.129344	198,279,271,40,220,791,58,311	19.078341,15.332141,15.265424,14.887479,14.834552,14.532063,14.326514,14.088627
812	0	57493	14.429324	198,220,271,279,58,264,791,311	18.180426,15.414199,15.383503,15.124035,14.110127,14.001984,13.973416,13.937039
813	0	330	6.600187	198,271,220,279,58,311,791,264	18.846916,15.835011,15.654208,15.441525,14.722885,14.444074,14.409855,14.353946
814	0	389	10.681829	198,279,271,40,220,791,58,311	19.078341,15.332141,15.265424,14.887479,14.834552,14.532063,14.326514,14.088627
815	0	578	6.578273	198,279,220,271,264,311,1148,58	18.616884,16.359766,16.073267,15.203568,15.011413,14.741101,14.680077,14.318049
816	0	8766	13.972881	198,220,279,271,264,720,311,1148	18.377182,16.139263,15.955888,15.248319,14.768138,14.514500,14.297528,14.224919
817	0	662	10.394758	198,220,279,271,264,311,1148,58	18.721523,16.566666,16.417305,15.883251,15.149072,15.085528,14.875707,14.767543
818	0	720	5.294730	198,220,279,271,58,311,720,264	19.128475,15.942500,15.523772,15.389438,14.793854,14.335574,14.240611,14.237844
819	0	1283	12.118139	198,220,58,271,279,720,40,16	19.814211,16.279238,15.840131,15.674975,15.406901,15.016828,15.014438,14.719310
820	0	1047	8.748051	198,220,279,271,264,311,720,58	18.276121,15.855809,15.722692,15.182132,14.529157,14.491093,14.193362,14.024287
821	0	264	4.448028	198,279,220,271,264,311,1148,58	19.070030,16.409849,15.997455,15.335617,15.142207,15.072551,14.975262,14.795101
822	0	46350	15.273347	198,279,220,271,264,58,311,1148	18.751463,15.801364,15.621955,15.252650,14.708426,14.446498,14.414749,14.338305
823	0	3560	12.479657	198,220,279,311,271,264,459,1148	18.463259,16.798368,16.490618,15.465165,15.444764,15.245927,14.679400,14.589671
824	0	304	7.099910	198,220,279,271,311,58,264,512	18.736259,15.661036,15.559987,15.378448,14.984211,14.609314,14.320271,14.067046
825	0	220	3.312194	198,279,220,271,264,311,1148,459	18.581232,16.574959,15.950836,15.174968,15.173999,15.069580,14.844859,14.051890
826	0	1049	6.843983	198,220,279,271,16,58,311,264	18.230627,15.316635,15.070613,14.563418,14.380092,14.137372,13.981071,13.897049
827	0	18	6.561974	198,220,271,279,58,720,311,264	18.960594,15.807960,15.348653,15.244698,14.647419,14.574806,14.250389,14.096814
828	0	389	10.859620	198,220,271,279,58,16,334,40	19.095764,15.509472,15.364436,15.026362,15.002423,14.416753,14.250893,14.199620
829	0	1403	9.506178	198,279,220,271,264,311,1148,58	18.616884,16.359766,16.073267,15.203568,15.011413,14.741101,14.680077,14.318049
830	0	18243	16.009335	198,279,220,271,58,264,40,311	19.013189,15.842710,15.632716,15.296151,15.193986,14.700328,14.558520,14.426171
831	0	315	7.026095	198,271,220,279,58,311,1148,264	19.704329,16.474478,16.134226,16.088448,15.354642,15.329358,14.748417,14.744884
832	0	578	6.305007	198,279,220,271,264,1148,311,58	18.558348,16.339060,15.925717,15.189373,15.040176,14.882072,14.583290,14.256733
833	0	8766	13.972881	198,220,279,271,264,720,311,1148	18.377182,16.139263,15.955888,15.248319,14.768138,14.514500,14.297528,14.224919
834	0	1174	9.988399	198,220,279,271,264,311,1148,58	18.721523,16.566666,16.417305,15.883251,15.149072,15.085528,14.875707,14.767543
835	0	439	8.244923	198,220,279,264,311,58,271,720	18.417871,16.566164,16.026886,14.726276,14.621022,14.508044,14.421611,14.255143
836	0	3752	12.835462	198,279,220,271,264,1148,311,58	18.748381,16.501490,16.011358,15.346931,15.185025,14.974002,14.893910,14.386367
837	0	330	6.649410	198,271,220,279,311,58,264,40	19.277555,15.854221,15.710162,15.649910,14.920934,14.891719,14.462001,14.232717
838	0	58280	17.489572	198,279,271,40,220,791,58,311	19.078341,15.332141,15.265424,14.887479,14.834552,14.532063,14.326514,14.088627
839	0	8650	10.106273	198,220,279,264,311,720,12,271	16.823687,15.748405,15.454857,14.537971,14.442042,14.188663,14.075142,13.926869
840	0	330	5.774690	198,220,279,271,720,264,311,58	17.901398,16.431686,15.571834,15.316864,14.931254,14.711055,14.518682,14.472321
841	0	662	10.702140	198,279,271,40,220,791,58,311	19.078341,15.332141,15.265424,14.887479,14.834552,14.532063,14.326514,14.088627
842	0	763	8.471750	198,220,279,271,58,311,720,264	19.128475,15.942500,15.523772,15.389438,14.793854,14.335574,14.240611,14.237844
843	0	220	3.369243	198,279,220,271,264,311,1148,791	18.546343,16.173697,15.824374,15.242478,14.868874,14.393247,14.386601,14.183976
844	0	1049	6.843983	198,220,279,271,16,58,311,264	18.230627,15.316635,15.070613,14.563418,14.380092,14.137372,13.981071,13.897049
845	0	19	7.391152	198,220,271,279,58,720,311,264	18.960594,15.807960,15.348653,15.244698,14.647419,14.574806,14.250389,14.096814
846	0	426	10.753884	198,220,271,279,58,311,16,264	18.985329,15.395734,15.313670,14.937111,14.655246,14.072109,13.887067,13.869576
847	0	11206	15.774983	198,271,220,279,58,720,311,264	18.971809,15.640945,15.544440,15.224937,14.653773,14.438469,14.157155,14.121606
848	0	466	8.821812	198,271,220,58,279,791,40,12	18.782667,15.229290,14.952205,14.790211,14.362987,14.163742,14.107722,13.418416
849	0	27212	13.657388	198,279,220,271,311,264,58,720	17.946594,15.559649,15.394261,14.939255,14.515100,14.355550,13.996243,13.555650
850	0	264	3.090875	198,279,220,264,311,459,271,1148	16.567493,16.129972,15.510638,15.022176,14.834254,14.334493,14.223887,13.714821
851	0	3560	12.435501	198,279,220,271,264,58,311,1148	18.751463,15.801364,15.621955,15.252650,14.708426,14.446498,14.414749,14.338305
852	0	439	8.349956	198,220,279,271,311,58,264,512	18.736259,15.661036,15.559987,15.378448,14.984211,14.609314,14.320271,14.067046
853	0	330	5.931049	198,279,220,271,264,1148,311,58	18.748381,16.501490,16.011358,15.346931,15.185025,14.974002,14.893910,14.386367
854	0	29517	14.812906	198,279,271,40,220,791,58,311	19.078341,15.332141,15.265424,14.887479,14.834552,14.532063,14.326514,14.088627
855	0	330	5.959828	198,220,279,271,264,311,459,1148	17.536047,15.955056,15.827641,14.935040,14.743205,14.545077,14.030251,13.909907
856	0	304	8.097850	198,279,271,40,220,791,58,311	19.078341,15.332141,15.265424,14.887479,14.834552,14.532063,14.326514,14.088627
857	0	279	2.688072	198,279,220,271,264,311,1148,459	18.581232,16.574959,15.950836,15.174968,15.173999,15.069580,14.844859,14.051890
858	0	9417	14.363332	198,279,220,271,264,1148,311,58	18.281538,16.181835,15.949547,15.022346,14.926849,14.630123,14.609525,13.976231
859	0	330	6.848531	198,271,279,220,311,58,1148,264	19.530212,16.525248,16.192024,16.089071,15.247052,15.194459,15.066513,14.808887
860	0	71166	14.789371	198,279,271,40,220,791,58,311	19.078341,15.332141,15.265424,14.887479,14.834552,14.532063,14.326514,14.088627
861	0	364	9.043173	198,220,279,271,264,311,12,459	16.957521,15.642368,15.104630,14.494315,14.186091,14.098778,13.762599,13.593460
862	0	82	5.786015	198,279,271,220,40,791,58,311	18.662668,15.104373,14.873768,14.796692,14.449008,14.158383,13.938891,13.835622
863	0	15457	14.862341	198,271,279,220,58,311,512,264	19.037361,15.195218,15.125630,14.841640,14.772583,14.292484,14.104294,13.973298
864	0	330	6.483745	198,220,271,279,58,311,264,791	19.355675,16.603582,16.471645,15.838130,15.170845,14.899566,14.751843,14.494317
865	0	315	8.708070	198,279,271,40,220,791,58,311	19.078341,15.332141,15.265424,14.887479,14.834552,14.532063,14.326514,14.088627
866	0	279	2.924929	198,279,220,271,264,1148,311,58	18.558348,16.339060,15.925717,15.189373,15.040176,14.882072,14.583290,14.256733
867	0	12707	13.786065	198,279,220,271,264,1148,311,58	18.281538,16.181835,15.949547,15.022346,14.926849,14.630123,14.609525,13.976231
868	0	4101	12.553657	198,279,271,220,311,1148,264,58	18.744301,16.033493,15.688878,15.463421,15.036083,14.838688,14.656766,14.422336
869	0	578	7.510269	198,271,220,58,279,40,311,512	19.591208,16.268684,16.046431,15.851169,15.539857,15.093738,14.795482,14.743119
870	0	5843	13.938053	198,220,279,271,264,720,311,1148	18.377182,16.139263,15.955888,15.248319,14.768138,14.514500,14.297528,14.224919
871	0	38725	16.928957	198,220,279,271,311,720,264,58	17.805254,15.864971,15.482951,14.519366,14.370023,14.299876,14.255719,13.949489
872	0	2652	11.296116	198,271,220,279,791,311,264,40	17.763342,15.395894,15.244073,15.196069,14.408452,14.149582,14.113215,14.012567
873	0	568	7.181286	198,220,279,58,720,311,271,264	19.482531,16.712919,16.120386,14.970420,14.926305,14.861625,14.854584,14.768498
874	0	59335	16.632373	198,279,220,271,40,311,58,264	18.924110,15.848000,15.584343,15.460556,14.703903,14.661315,14.601543,14.559207
875	0	16662	14.173109	198,220,279,264,459,311,720,477	15.915291,15.867565,15.568764,14.756531,14.209076,14.185925,13.787196,13.516719
876	0	20142	15.629453	198,279,220,264,1148,271,311,459	18.523542,17.381655,16.505379,15.960261,15.681461,15.635213,15.560702,15.336620
877	0	4488	11.651199	198,279,271,220,311,58,264,512	18.755840,15.932018,15.687129,15.675815,15.241446,14.830274,14.607932,14.085200
878	0	27191	15.374497	198,220,279,271,264,311,58,1148	17.983671,16.316984,15.942749,15.387271,14.706584,14.476673,14.194408,14.149783
879	0	323	6.004195	198,220,279,271,264,311,720,58	17.620419,15.546269,15.155787,14.356799,14.131427,14.080104,13.957244,13.832989
880	0	43423	12.895432	198,279,220,271,1148,264,311,358	18.809038,16.782984,16.148386,15.726738,15.497357,15.348355,15.178121,14.541374
881	0	15385	15.061988	198,220,271,279,58,311,791,264	18.377953,15.404607,15.120730,14.719207,14.249329,13.808331,13.677780,13.664921
882	0	18843	14.085142	198,220,271,279,720,311,58,998	17.313017,15.256978,14.431483,13.526925,13.072448,12.999690,12.948078,12.812511
883	0	662	10.518220	198,271,220,58,279,311,40,791	18.767731,15.909622,15.215363,14.810273,14.615932,13.847851,13.846549,13.815045
884	0	426	10.534834	198,220,279,271,58,311,720,264	19.128475,15.942500,15.523772,15.389438,14.793854,14.335574,14.240611,14.237844
885	0	11206	15.774983	198,271,220,279,58,720,311,264	18.971809,15.640945,15.544440,15.224937,14.653773,14.438469,14.157155,14.121606
886	0	466	8.821812	198,271,220,58,279,791,40,12	18.782667,15.229290,14.952205,14.790211,14.362987,14.163742,14.107722,13.418416
887	0	59335	16.638292	198,279,220,271,311,264,58,720	17.946594,15.559649,15.394261,14.939255,14.515100,14.355550,13.996243,13.555650
888	0	439	7.917886	198,220,279,264,459,311,720,477	15.915291,15.867565,15.568764,14.756531,14.209076,14.185925,13.787196,13.516719
889	0	330	5.931049	198,279,220,271,264,1148,311,58	18.748381,16.501490,16.011358,15.346931,15.185025,14.974002,14.893910,14.386367
890	0	58090	14.414525	198,279,271,40,220,791,58,311	19.078341,15.332141,15.265424,14.887479,14.834552,14.532063,14.326514,14.088627
891	0	330	6.806290	198,220,279,271,58,264,311,720	18.657423,15.681778,15.294866,14.947956,14.356532,14.288638,14.216270,13.797600
892	0	1174	10.726654	198,279,271,40,220,791,58,311	19.078341,15.332141,15.265424,14.887479,14.834552,14.532063,14.326514,14.088627
893	0	304	7.097514	198,220,279,264,311,58,271,720	18.417871,16.566164,16.026886,14.726276,14.621022,14.508044,14.421611,14.255143
894	0	279	2.688072	198,279,220,271,264,311,1148,459	18.581232,16.574959,15.950836,15.174968,15.173999,15.069580,14.844859,14.051890
895	0	220	3.082241	198,279,220,271,264,1148,311,58	18.281538,16.181835,15.949547,15.022346,14.926849,14.630123,14.609525,13.976231
896	0	1049	6.843983	198,220,279,271,16,58,311,264	18.230627,15.316635,15.070613,14.563418,14.380092,14.137372,13.981071,13.897049
897	0	20	5.972239	198,220,271,279,58,720,311,264	18.960594,15.807960,15.348653,15.244698,14.647419,14.574806,14.250389,14.096814
898	0	34596	15.549111	198,220,271,279,58,311,720,16	19.019440,15.339816,15.262996,14.919011,14.563249,14.054840,13.950307,13.886842
899	0	54248	16.164836	198,279,220,271,311,264,1148,58	18.958597,16.270397,16.093149,15.996625,15.481129,15.001709,14.770016,14.767426
900	0	315	7.528311	198,279,271,220,311,58,264,1148	19.186766,15.965213,15.838019,15.580319,15.342229,14.808369,14.739978,14.281906
901	0	279	2.924929	198,279,220,271,264,1148,311,58	18.558348,16.339060,15.925717,15.189373,15.040176,14.882072,14.583290,14.256733
902	0	26241	14.441949	198,279,220,271,264,1148,311,58	18.281538,16.181835,15.949547,15.022346,14.926849,14.630123,14.609525,13.976231
903	0	93401	14.779001	198,220,271,279,791,264,311,58	17.782248,15.418708,15.023646,14.964938,13.859120,13.764979,13.752808,13.731133
904	0	1514	10.686308	198,271,220,279,311,264,58,1148	18.783197,15.841164,15.491586,15.486729,14.720345,14.266441,14.112714,13.958565
905	0	44662	14.239100	198,279,220,271,311,264,58,1148	18.794226,16.271311,15.503970,15.484184,15.186549,14.922852,14.598407,14.579412
906	0	50940	16.110883	198,220,279,271,264,311,720,459	17.352829,16.002913,15.398509,15.312358,14.340851,14.332822,13.573125,13.557765
907	0	662	10.501505	198,220,279,271,12,58,720,264	17.205069,15.061737,13.994630,13.934437,13.532738,13.166118,13.090752,12.942163
908	0	1102	10.005450	198,220,279,271,58,311,720,264	19.128475,15.942500,15.523772,15.389438,14.793854,14.335574,14.240611,14.237844
909	0	574	7.987517	198,220,271,279,40,58,311,264	19.262161,15.713071,15.697617,15.638771,14.575799,14.518435,14.504352,14.469139
910	0	10887	12.666166	198,279,220,271,264,1148,311,58	19.124529,16.585127,16.328056,15.395570,15.262961,15.223289,15.117439,14.581594
911	0	520	6.034307	198,279,220,271,311,264,58,1148	19.054424,16.122759,16.122055,15.202225,15.012833,14.953560,14.935371,14.341046
912	0	279	2.629058	198,279,220,264,271,311,1148,720	18.327932,16.445507,16.193323,15.084755,14.824795,14.738688,14.513839,14.307670
913	0	46506	16.301900	198,279,220,271,264,1148,311,58	18.281538,16.181835,15.949547,15.022346,14.926849,14.630123,14.609525,13.976231
914	0	27315	17.210811	198,220,279,271,311,264,12,720	17.216990,15.976888,15.097003,14.696454,14.063586,14.037982,13.614650,13.514572
915	0	304	7.075136	198,220,271,279,311,264,58,1148	19.123528,16.483202,16.162529,16.161205,15.282781,14.971191,14.802685,14.610793
916	0	72098	17.347282	198,279,220,271,264,311,1148,459	18.581232,16.574959,15.950836,15.174968,15.173999,15.069580,14.844859,14.051890
917	0	1174	9.818098	198,279,220,271,311,1148,264,459	18.639702,16.374725,16.080275,15.997876,15.368230,15.105991,15.053456,14.508438
918	0	323	5.810621	198,220,279,264,311,58,271,720	18.417871,16.566164,16.026886,14.726276,14.621022,14.508044,14.421611,14.255143
919	0	279	2.758877	198,279,220,271,1148,264,311,358	18.809038,16.782984,16.148386,15.726738,15.497357,15.348355,15.178121,14.541374
920	0	11258	14.024341	198,279,220,271,264,1148,311,58	18.281538,16.181835,15.949547,15.022346,14.926849,14.630123,14.609525,13.976231
921	0	1291	11.183120	198,220,279,271,311,264,720,12	17.388557,15.784866,15.471725,14.706757,14.566560,14.457986,14.153892,14.149265
922	0	39520	17.018750	198,220,279,311,271,264,58,720	17.275011,15.673259,15.417999,14.527020,14.457031,14.248181,13.634453,13.542980
923	0	17367	14.805824	198,220,271,279,264,311,720,459	17.773413,16.312952,15.625130,15.604581,14.583493,14.552204,14.054845,13.825534
924	0	304	6.629954	198,220,279,271,311,264,58,720	17.834295,15.717224,15.554730,15.318542,14.728825,14.508476,13.928796,13.879514
925	0	7295	12.345298	198,279,220,271,264,311,1148,459	18.581232,16.574959,15.950836,15.174968,15.173999,15.069580,14.844859,14.051890
926	0	662	10.121842	198,279,220,271,311,264,1148,459	18.157833,16.431971,16.392450,15.501740,15.278722,15.196467,14.560987,14.546901
927	0	1283	11.540765	198,220,279,271,58,311,720,264	19.128475,15.942500,15.523772,15.389438,14.793854,14.335574,14.240611,14.237844
928	0	574	7.151792	198,220,279,271,264,311,720,58	18.276121,15.855809,15.722692,15.182132,14.529157,14.491093,14.193362,14.024287
929	0	15910	11.691193	198,279,220,271,264,1148,311,58	19.124529,16.585127,16.328056,15.395570,15.262961,15.223289,15.117439,14.581594
930	0	555	7.095387	198,279,220,311,264,271,58,1148	17.674623,15.950477,15.651275,15.206764,14.716434,14.422460,14.010574,13.893433
931	0	3842	10.187549	198,220,279,264,271,311,1148,459	18.092993,16.764917,16.737211,15.405040,15.176272,14.947225,14.833687,14.446324
932	0	68573	15.016039	198,220,279,271,264,311,1148,459	18.287188,16.388853,16.150669,15.534424,14.867630,14.750617,14.611176,14.189160
933	0	323	5.065938	198,279,220,264,720,459,271,12	15.794110,15.065574,14.811017,14.119746,13.826833,13.784749,13.775852,13.767652
934	0	59335	15.952726	198,279,220,271,1148,264,311,358	18.809038,16.782984,16.148386,15.726738,15.497357,15.348355,15.178121,14.541374
935	0	16662	14.173109	198,220,279,264,459,311,720,477	15.915291,15.867565,15.568764,14.756531,14.209076,14.185925,13.787196,13.516719
936	0	7505	13.334466	198,279,220,264,1148,271,311,459	18.523542,17.381655,16.505379,15.960261,15.681461,15.635213,15.560702,15.336620
937	0	1254	12.141885	198,220,279,271,264,311,58,791	17.548674,15.642097,15.146884,14.660645,13.945811,13.888131,13.570045,13.502122
938	0	819	12.359410	198,271,220,279,720,998,40,72	17.854601,14.722698,14.367011,14.199032,13.991119,13.833629,13.672496,13.610431
939	0	675	13.244785	198,279,220,271,311,264,58,40	18.271933,15.316257,15.167176,14.849221,14.144530,14.118664,13.923507,13.569252
940	0	1174	10.021073	198,220,279,271,58,311,40,791	18.231947,14.912175,14.691456,14.680959,14.036555,13.712112,13.586486,13.531125
941	0	51075	16.458639	198,220,279,264,311,58,271,720	18.417871,16.566164,16.026886,14.726276,14.621022,14.508044,14.421611,14.255143
942	0	1901	10.862122	198,220,279,271,791,40,311,264	18.435717,15.632810,15.618924,15.538371,14.423821,14.416122,14.399551,14.369830
943	0	12997	15.597294	198,220,279,271,720,311,58,264	17.949209,15.078351,14.709092,14.671298,14.157678,13.728108,13.637416,13.523145
944	0	1174	9.647060	198,220,279,271,311,58,264,791	18.119444,15.060245,14.915263,14.678035,14.001793,13.864982,13.789601,13.357272
945	0	14253	13.747730	198,220,279,264,311,58,271,720	18.417871,16.566164,16.026886,14.726276,14.621022,14.508044,14.421611,14.255143
946	0	18206	13.589299	198,220,279,271,311,264,1148,791	17.735876,15.569020,15.468562,15.338115,14.364533,14.319920,13.928070,13.825829
947	0	1174	9.144901	198,279,220,271,311,264,1148,459	17.684118,16.233225,15.932060,15.327937,15.134831,14.881886,14.470333,14.146806
948	0	56230	15.658699	198,220,279,264,311,58,271,720	18.417871,16.566164,16.026886,14.726276,14.621022,14.508044,14.421611,14.255143
949	0	24852	12.543796	198,279,220,311,264,271,459,720	17.091898,15.890803,15.606492,14.899497,14.720726,14.720096,14.087429,13.847823
950	0	417	9.981221	198,220,271,279,58,40,791,311	18.036306,15.431725,15.150932,14.578324,14.081378,13.725261,13.709249,13.614139
951	0	1174	9.895485	198,220,279,271,311,58,720,264	18.631216,15.461390,15.362554,14.932609,14.662181,14.502910,14.224504,14.176145
952	0	60410	15.097029	198,220,279,264,311,58,271,720	18.417871,16.566164,16.026886,14.726276,14.621022,14.508044,14.421611,14.255143
953	0	81764	16.193872	198,220,279,720,271,264,12,311	17.300180,15.842094,15.076230,14.482165,14.355267,14.169591,14.120093,14.111745
954	0	323	5.820552	198,220,279,271,264,311,720,58	17.637154,15.800382,14.985885,14.870445,14.133792,14.014167,13.880578,13.782031
955	0	68134	14.104100	198,279,220,271,1148,264,311,358	18.809038,16.782984,16.148386,15.726738,15.497357,15.348355,15.178121,14.541374
956	0	11166	13.009531	198,220,279,271,264,311,58,1148	17.963308,15.811303,15.277710,14.958827,14.188954,14.052566,13.773602,13.720979
957	0	662	10.198712	198,220,279,271,311,264,720,12	17.823046,15.914500,15.856262,15.261744,14.716176,14.681842,14.664230,14.131226
958	0	426	10.534834	198,220,279,271,58,311,720,264	19.128475,15.942500,15.523772,15.389438,14.793854,14.335574,14.240611,14.237844
959	0	11206	15.774983	198,271,220,279,58,720,311,264	18.971809,15.640945,15.544440,15.224937,14.653773,14.438469,14.157155,14.121606
960	0	466	8.821812	198,271,220,58,279,791,40,12	18.782667,15.229290,14.952205,14.790211,14.362987,14.163742,14.107722,13.418416
961	0	4036	12.458219	198,279,220,271,311,264,58,720	17.946594,15.559649,15.394261,14.939255,14.515100,14.355550,13.996243,13.555650
962	0	264	4.109799	198,279,220,271,264,311,58,1148	19.119087,16.713381,16.556479,15.802612,15.542146,15.357900,15.140048,14.900970
963	0	37849	13.754259	198,279,220,271,264,58,311,1148	18.751463,15.801364,15.621955,15.252650,14.708426,14.446498,14.414749,14.338305
964	0	3477	9.529679	198,220,279,311,264,271,720,459	18.295568,16.061178,15.927062,14.998222,14.726227,14.655614,14.154887,14.066550
965	0	304	7.201888	198,279,271,220,311,58,264,1148	19.768541,16.705812,16.553663,16.435030,15.598994,15.595764,15.407018,15.346227
966	0	578	6.621208	198,279,220,271,264,311,1148,459	18.581232,16.574959,15.950836,15.174968,15.173999,15.069580,14.844859,14.051890
967	0	13690	12.633052	198,220,279,271,264,720,311,1148	18.377182,16.139263,15.955888,15.248319,14.768138,14.514500,14.297528,14.224919
968	0	49906	19.303839	198,220,279,271,264,311,720,459	17.919996,16.677719,16.139790,15.454654,15.001850,14.912183,14.450358,14.341868
969	0	551	9.984767	198,279,220,271,12,311,720,264	18.399302,15.596657,15.582200,15.581050,15.081798,14.693494,14.655865,14.491998
970	0	330	5.991269	198,220,279,271,720,58,311,264	18.879311,16.217218,15.740357,14.811810,14.721565,14.668752,14.468287,14.449191
971	0	578	7.182873	198,279,271,40,220,791,58,311	19.078341,15.332141,15.265424,14.887479,14.834552,14.532063,14.326514,14.088627
972	0	15718	10.949585	198,220,279,271,264,720,311,1148	18.377182,16.139263,15.955888,15.248319,14.768138,14.514500,14.297528,14.224919
973	0	374	5.370757	198,220,279,311,271,264,1148,720	18.132883,16.085257,15.921454,15.127281,14.696874,14.623932,14.032276,13.999496
974	0	559	12.392868	198,279,220,271,264,311,58,1148	18.844049,16.044889,15.947102,15.335442,14.866580,14.684947,14.583486,14.527141
975	0	1683	10.933493	198,279,271,220,58,40,998,311	17.940477,14.684498,14.668022,14.438111,13.599513,13.547665,13.547379,13.531956
976	0	11559	14.620820	198,220,279,271,311,264,58,720	17.621328,15.238868,14.989098,14.638335,14.109619,13.871028,13.740989,13.410010
977	0	19428	13.039923	198,279,220,271,311,264,1148,58	18.910320,16.040829,15.560563,15.538685,14.927631,14.835551,14.608075,14.528858
978	0	1174	9.866053	198,279,220,271,311,264,1148,459	17.940903,15.913910,15.425769,14.839551,14.810515,14.627683,14.184981,13.916928
979	0	449	8.424459	198,220,279,264,311,58,271,720	18.417871,16.566164,16.026886,14.726276,14.621022,14.508044,14.421611,14.255143
980	0	53221	15.657644	198,279,220,264,271,311,1148,58	18.494423,16.760641,16.275106,15.504249,15.267079,15.006701,14.958463,14.489120
981	0	24601	15.699194	198,279,220,311,264,271,459,1148	17.239450,15.950653,15.612901,15.185552,14.594368,14.376536,14.101256,13.973516
982	0	505	10.136183	198,271,279,220,58,311,40,512	20.044609,16.231634,15.641305,15.566010,15.404973,15.092216,14.661477,14.575667
983	0	7505	13.790845	198,279,220,264,271,311,1148,58	18.703041,16.426256,16.416613,15.105548,15.088112,14.804852,14.551642,14.456218
984	0	1254	12.141885	198,220,279,271,264,311,58,791	17.548674,15.642097,15.146884,14.660645,13.945811,13.888131,13.570045,13.502122
985	0	819	12.359410	198,271,220,279,720,998,40,72	17.854601,14.722698,14.367011,14.199032,13.991119,13.833629,13.672496,13.610431
986	0	675	13.244785	198,279,220,271,311,264,58,40	18.271933,15.316257,15.167176,14.849221,14.144530,14.118664,13.923507,13.569252
987	0	320	8.163280	198,220,279,271,58,311,40,791	18.231947,14.912175,14.691456,14.680959,14.036555,13.712112,13.586486,13.531125
988	0	1457	11.547006	198,279,220,271,40,58,791,16	18.876238,15.084588,15.010799,14.975494,14.575386,14.449138,14.134338,14.028088
989	0	653	11.098218	198,279,220,271,311,264,1148,58	18.897715,16.492834,16.350338,15.401021,15.384201,15.131581,14.725288,14.602485
990	0	34551	13.177824	198,279,220,271,311,58,264,720	18.082085,15.156887,14.831317,14.650669,14.051433,13.927620,13.820393,13.815877
991	0	82585	17.975153	198,271,58,220,998,334,40,720	18.702110,14.760185,14.513850,14.496142,13.891248,13.854520,13.673244,13.584920
992	0	505	10.277906	198,220,271,279,58,311,264,40	18.841194,15.337700,15.279491,15.161088,14.666603,14.207898,13.956444,13.870578
993	0	813	7.134844	198,279,220,264,271,311,1148,58	18.703041,16.426256,16.416613,15.105548,15.088112,14.804852,14.551642,14.456218
994	0	5178	12.765300	198,279,220,271,264,311,1148,40	18.436085,15.977879,15.618817,15.116905,14.648265,14.585706,14.561542,14.262483
995	0	439	8.610603	198,271,279,220,58,311,40,264	19.812494,16.513884,15.907178,15.434994,15.405192,15.198543,14.797376,14.614426
996	0	54651	13.528391	198,279,220,271,264,1148,311,58	18.748381,16.501490,16.011358,15.346931,15.185025,14.974002,14.893910,14.386367
997	0	452	10.560933	198,220,279,271,311,264,58,791	18.643948,15.688270,15.331647,15.269881,14.375447,14.141513,14.104592,13.970771
998	0	15278	15.145008	198,220,271,279,720,58,311,264	18.231981,15.229777,15.101738,15.069728,14.311259,14.129879,14.037688,13.897498
999	0	364	10.195600	198,220,279,271,58,311,998,720	18.225271,14.696175,14.451406,14.318069,14.117882,13.805533,13.663539,13.491160
1000	0	82	5.786015	198,279,271,220,40,791,58,311	18.662668,15.104373,14.873768,14.796692,14.449008,14.158383,13.938891,13.835622
1001	0	9777	15.773130	198,271,279,220,58,311,512,264	19.037361,15.195218,15.125630,14.841640,14.772583,14.292484,14.104294,13.973298
1002	0	1169	9.785535	198,220,271,279,58,720,12,311	18.149765,15.761865,14.921025,14.633916,14.343404,13.931305,13.853366,13.777966
1003	0	883	10.499639	198,279,220,311,271,264,58,1148	18.095222,15.951278,15.715228,14.824315,14.799084,14.699351,14.110202,14.001030
1004	0	1174	9.307029	198,220,279,58,720,271,311,264	18.839205,15.760509,15.262157,14.840675,14.826552,14.535686,14.400546,14.123146
1005	0	8563	11.757336	198,220,279,264,311,58,271,720	18.417871,16.566164,16.026886,14.726276,14.621022,14.508044,14.421611,14.255143
1006	0	426	9.584884	198,220,279,271,264,311,1148,720	18.002295,16.399740,15.857280,15.329556,14.733230,14.437408,14.238400,14.091107
1007	0	11206	15.774983	198,271,220,279,58,720,311,264	18.971809,15.640945,15.544440,15.224937,14.653773,14.438469,14.157155,14.121606
1008	0	466	8.821812	198,271,220,58,279,791,40,12	18.782667,15.229290,14.952205,14.790211,14.362987,14.163742,14.107722,13.418416
1009	0	1174	9.758367	198,279,220,271,311,264,58,720	17.946594,15.559649,15.394261,14.939255,14.515100,14.355550,13.996243,13.555650
1010	0	51075	16.458639	198,220,279,264,311,58,271,720	18.417871,16.566164,16.026886,14.726276,14.621022,14.508044,14.421611,14.255143
1011	0	1901	10.862122	198,220,279,271,791,40,311,264	18.435717,15.632810,15.618924,15.538371,14.423821,14.416122,14.399551,14.369830
1012	0	12997	15.597294	198,220,279,271,720,311,58,264	17.949209,15.078351,14.709092,14.671298,14.157678,13.728108,13.637416,13.523145
1013	0	323	6.105453	198,220,279,271,311,58,264,791	18.119444,15.060245,14.915263,14.678035,14.001793,13.864982,13.789601,13.357272
1014	0	56230	15.193784	198,279,220,271,1148,264,311,358	18.809038,16.782984,16.148386,15.726738,15.497357,15.348355,15.178121,14.541374
1015	0	24852	12.543796	198,279,220,311,264,271,459,720	17.091898,15.890803,15.606492,14.899497,14.720726,14.720096,14.087429,13.847823
1016	0	417	9.981221	198,220,271,279,58,40,791,311	18.036306,15.431725,15.150932,14.578324,14.081378,13.725261,13.709249,13.614139
1017	0	662	10.350980	198,220,279,271,311,58,720,264	18.631216,15.461390,15.362554,14.932609,14.662181,14.502910,14.224504,14.176145
1018	0	330	6.226935	198,220,279,271,58,311,720,264	19.128475,15.942500,15.523772,15.389438,14.793854,14.335574,14.240611,14.237844
1019	0	578	7.182873	198,279,271,40,220,791,58,311	19.078341,15.332141,15.265424,14.887479,14.834552,14.532063,14.326514,14.088627
1020	0	25460	16.858594	198,220,279,271,264,720,311,1148	18.377182,16.139263,15.955888,15.248319,14.768138,14.514500,14.297528,14.224919
1021	0	10555	11.054307	198,279,220,271,311,264,459,374	17.070232,15.910426,15.747159,15.236234,14.952037,14.849740,14.159696,13.898018
1022	0	1174	9.792334	198,279,220,271,311,264,1148,58	18.415976,16.272608,16.023203,15.277972,15.184928,14.916283,14.580742,14.291425
1023	0	330	5.584120	198,220,279,264,311,58,271,720	18.417871,16.566164,16.026886,14.726276,14.621022,14.508044,14.421611,14.255143
