# mix	resid
0	0	43205	18.426886	198,220,279,271,58,720,16,311	19.102524,15.519344,15.092259,14.539612,14.084825,14.017578,13.855536,13.775374
1	0	275	9.301889	198,279,271,220,311,264,791,14428	17.171762,14.483327,14.397235,14.217152,13.634625,13.043796,13.034923,12.943778
2	0	428	13.779776	198,279,271,220,311,264,58,40	18.563496,15.062462,14.892138,14.849139,14.253574,13.809468,13.711688,13.573314
3	0	12	6.179298	198,220,279,271,58,311,720,264	18.541746,15.253093,15.059891,14.846974,14.517268,14.377682,13.940772,13.734505
4	0	17	6.017094	198,220,279,271,264,311,16,720	18.656149,15.757072,15.598022,14.588622,14.302426,14.288079,14.050853,14.038518
5	0	3475	14.513568	198,220,279,271,58,311,720,264	18.775246,15.091949,14.869347,14.850726,14.182465,13.879420,13.713851,13.707257
6	0	76834	14.890258	198,279,220,271,311,264,58,791	18.356390,16.099749,15.962115,15.406933,14.733665,14.638341,14.179912,13.837063
7	0	80583	14.791752	198,271,220,279,311,264,58,720	18.581717,16.100599,15.882848,15.673327,14.886955,14.362366,14.138477,13.850571
8	0	3692	12.786792	198,220,720,271,58,279,334,311	19.336363,16.082525,15.041463,14.888474,14.829838,14.463966,13.808876,13.507580
9	0	257	9.485042	198,271,220,279,58,311,264,512	18.645113,15.640152,15.455986,15.312176,14.562053,14.331401,14.017224,13.862709
10	0	551	9.473052	198,220,279,720,271,264,311,58	18.622667,16.693901,15.688785,15.169660,14.792249,14.568241,14.563962,14.456170
11	0	3788	12.895291	198,220,279,271,311,264,58,720	19.148718,16.012566,15.829944,14.932147,14.519363,14.427600,14.191799,14.183037
12	0	1129	14.729191	198,220,279,271,311,720,58,264	19.248129,15.571719,15.369922,15.234096,14.569413,13.936317,13.860576,13.708804
13	0	71	7.458519	198,279,220,271,311,264,1148,720	18.599817,15.382264,15.258542,15.081870,14.166386,13.693703,13.547072,13.411359
14	0	36368	15.895822	198,279,220,271,311,58,264,720	18.300665,14.812200,14.794238,14.532187,13.887128,13.616833,13.564342,13.193280
15	0	1594	12.665263	198,279,220,271,264,311,58,1148	18.255219,16.056656,15.937930,14.975718,14.737885,14.736884,14.026769,13.970590
16	0	6973	18.209995	198,279,220,271,311,58,264,720	18.791346,15.406184,15.205358,15.155365,14.469907,14.039815,14.000081,13.634397
17	0	3529	15.827455	198,220,271,279,720,311,58,264	18.743925,15.151422,14.998950,14.652782,14.289795,13.712697,13.706822,13.116748
18	0	77749	17.698794	198,220,279,271,311,58,264,1148	19.208624,15.633881,15.602562,15.458381,14.411240,14.167315,14.003360,13.766426
19	0	11628	17.715428	198,271,220,279,58,311,264,720	19.339987,16.165289,15.605662,15.493793,14.866147,14.743477,14.141713,13.572322
20	0	3916	16.126688	198,220,279,271,311,264,58,720	18.832716,15.556222,15.426522,15.271600,14.264351,13.888412,13.634903,13.617950
21	0	9009	12.526436	198,279,220,271,311,264,58,1148	18.776114,15.584119,15.265945,15.171692,14.686985,14.194188,13.699867,13.693568
22	0	6458	14.996878	198,279,220,271,311,264,58,720	18.066214,15.955791,15.403633,14.932302,14.779086,14.721470,14.006803,13.847552
23	0	61503	17.426939	198,279,220,271,311,264,1148,58	18.604486,15.591880,15.551486,14.800995,14.488832,14.020729,13.611314,13.346382
24	0	428	14.174272	198,220,279,271,311,264,720,58	16.882118,15.120338,14.207250,13.946300,13.937078,13.117160,13.099111,12.572383
25	0	198	0.390954	198,220,279,271,58,311,720,264	18.541746,15.253093,15.059891,14.846974,14.517268,14.377682,13.940772,13.734505
26	0	71684	15.731939	198,271,279,220,311,58,264,40	19.549072,15.458302,15.437739,15.278060,14.432361,14.283879,14.080762,13.991763
27	0	257	8.530712	198,220,279,271,720,311,58,264	17.105688,14.797082,14.394276,14.289567,13.456635,13.454490,13.432179,13.391994
28	0	551	9.473052	198,220,279,720,271,264,311,58	18.622667,16.693901,15.688785,15.169660,14.792249,14.568241,14.563962,14.456170
29	0	289	9.821163	198,220,279,271,311,264,58,720	19.148718,16.012566,15.829944,14.932147,14.519363,14.427600,14.191799,14.183037
30	0	61503	17.170359	198,279,220,271,311,264,58,720	18.468039,15.145160,14.931397,14.804020,14.120032,13.829620,13.756379,13.400857
31	0	428	14.174272	198,220,279,271,311,264,720,58	16.882118,15.120338,14.207250,13.946300,13.937078,13.117160,13.099111,12.572383
32	0	12	6.179298	198,220,279,271,58,311,720,264	18.541746,15.253093,15.059891,14.846974,14.517268,14.377682,13.940772,13.734505
33	0	17	6.017094	198,220,279,271,264,311,16,720	18.656149,15.757072,15.598022,14.588622,14.302426,14.288079,14.050853,14.038518
34	0	12	6.979909	198,220,279,271,58,311,720,264	18.775246,15.091949,14.869347,14.850726,14.182465,13.879420,13.713851,13.707257
35	0	1059	15.964041	198,220,279,271,264,311,16,720	18.656149,15.757072,15.598022,14.588622,14.302426,14.288079,14.050853,14.038518
36	0	8437	15.973416	198,220,279,271,58,311,264,720	18.483252,15.103527,14.794121,14.665092,14.208846,13.894784,13.372714,13.326480
37	0	16	5.928047	198,220,279,271,720,311,58,264	19.041641,15.714849,15.239914,14.563156,14.375234,14.238098,14.061406,13.924548
38	0	198	0.268023	198,220,279,271,58,311,264,16	18.964964,15.328135,15.126182,14.913250,14.171283,14.153069,13.872467,13.620055
39	0	20805	15.066240	198,271,279,220,311,58,264,40	19.549072,15.458302,15.437739,15.278060,14.432361,14.283879,14.080762,13.991763
40	0	415	10.813028	198,220,279,271,58,311,264,16	18.723160,15.380898,15.313496,15.075729,14.681938,14.163959,14.047534,13.449557
41	0	551	9.630606	198,220,279,720,271,264,311,58	18.960028,16.349680,15.852534,14.661790,14.649567,14.513181,14.463081,13.745944
42	0	1296	13.377676	198,220,279,271,311,264,58,720	19.148718,16.012566,15.829944,14.932147,14.519363,14.427600,14.191799,14.183037
43	0	320	7.723497	198,279,271,220,311,58,264,1148	18.996956,16.100237,15.881841,15.299812,14.956792,14.696998,14.524396,14.369107
44	0	19305	13.072589	198,279,220,271,40,311,264,58	18.856134,15.287560,14.924764,14.853622,14.103359,14.079638,13.894600,13.825187
45	0	23	7.299570	198,220,279,271,311,720,58,264	18.506559,15.705318,14.915792,14.826083,14.073875,13.978015,13.771153,13.730153
46	0	7123	16.655551	198,271,279,220,311,58,264,1148	18.990294,15.501362,15.313111,15.283616,14.374576,14.048587,13.928413,13.528104
47	0	340	8.661464	198,220,279,271,311,58,264,720	19.226805,16.226881,16.045858,15.358131,15.175635,14.812678,14.723548,14.315169
48	0	10028	13.264096	198,271,220,279,58,720,311,264	19.824184,15.648941,15.511104,15.371287,14.890483,14.404513,14.348432,14.072314
49	0	262	7.704648	198,220,271,279,311,720,264,512	19.051617,16.698488,15.741302,15.669521,15.071767,14.834030,14.408711,14.121257
50	0	551	9.744929	198,220,279,271,311,720,264,58	18.719587,16.247347,15.966866,15.676033,14.701076,14.658298,14.646117,13.723994
51	0	13844	14.009748	198,220,279,271,311,264,58,720	19.148718,16.012566,15.829944,14.932147,14.519363,14.427600,14.191799,14.183037
52	0	7866	13.941727	198,279,220,271,311,264,720,1148	18.428520,15.966245,15.555139,15.211284,14.865397,14.490479,13.828746,13.701015
53	0	93314	14.592833	198,220,279,271,264,311,1148,459	18.544947,16.460413,16.405403,14.882839,14.751698,14.595352,14.223137,13.996297
54	0	220	4.211696	198,279,220,271,311,264,720,58	19.438213,15.585670,15.451818,15.446538,14.550122,14.116328,13.769755,13.671463
55	0	18	6.257857	198,279,220,271,311,16,264,40	18.766077,15.246310,15.127780,14.657084,14.053246,13.925771,13.895663,13.638062
56	0	13	8.427029	198,220,271,279,58,311,264,16	19.007963,15.195914,15.124118,15.081822,14.246852,14.145683,13.855414,13.628788
57	0	15	7.401970	198,279,271,220,40,791,264,311	19.087210,15.610738,15.413693,15.395359,14.379257,14.339221,14.305366,14.246999
58	0	320	8.151672	198,220,271,279,58,311,264,720	19.313576,15.251405,15.158494,15.145349,14.362620,14.217418,13.902452,13.646024
59	0	2485	13.489265	198,279,220,271,40,311,264,58	18.856134,15.287560,14.924764,14.853622,14.103359,14.079638,13.894600,13.825187
60	0	1129	13.405876	198,220,271,279,720,311,58,512	18.640060,15.495209,14.977485,14.548156,14.506985,14.016124,13.380918,12.983963
61	0	86331	16.359734	198,279,220,271,311,264,1148,720	18.599817,15.382264,15.258542,15.081870,14.166386,13.693703,13.547072,13.411359
62	0	2726	12.390546	198,220,279,271,311,720,264,1148	18.725346,15.716241,15.109866,14.992656,14.271873,13.850453,13.493007,13.174339
63	0	7116	15.900251	198,220,271,279,311,720,264,58	19.198908,16.005682,15.758553,15.724650,14.795475,14.362247,14.178279,14.144313
64	0	68833	17.583829	198,220,279,271,720,311,264,459	19.124063,16.268211,15.769485,15.365349,14.789345,14.763603,13.863868,13.446858
65	0	1355	13.162200	198,279,220,271,311,264,1148,720	18.631165,16.010834,15.971921,14.624652,14.498441,14.251126,13.836225,13.706178
66	0	64	6.229659	198,279,271,220,311,58,720,264	19.397898,15.502163,15.402858,14.988961,14.407310,14.235347,14.031880,13.965823
67	0	14	10.395139	198,220,279,271,311,58,264,720	18.396065,15.137932,14.913094,14.500012,13.904439,13.831912,13.818133,13.624484
68	0	18	6.221897	198,279,220,271,311,264,791,1148	18.550102,15.649341,15.275941,14.856122,14.381303,14.148250,13.984624,13.971509
69	0	13	8.427029	198,220,271,279,58,311,264,16	19.007963,15.195914,15.124118,15.081822,14.246852,14.145683,13.855414,13.628788
70	0	15	7.401970	198,279,271,220,40,791,264,311	19.087210,15.610738,15.413693,15.395359,14.379257,14.339221,14.305366,14.246999
71	0	54660	16.912254	198,220,271,279,58,311,264,720	19.313576,15.251405,15.158494,15.145349,14.362620,14.217418,13.902452,13.646024
72	0	20241	13.634131	198,271,279,220,311,58,264,720	20.365770,16.580431,16.122971,15.963246,15.171890,14.776062,14.560515,14.455070
73	0	1516	15.461932	198,220,271,279,58,311,998,264	17.721701,15.046985,14.392112,14.135158,13.779943,13.757689,13.339718,13.013795
74	0	25	8.721697	198,220,279,271,311,264,58,720	18.730696,15.886683,15.564143,15.249873,14.804761,14.382211,14.329070,13.885635
75	0	27685	13.885445	198,220,279,271,264,311,1148,720	18.560047,16.085146,15.855754,14.771400,14.627789,14.407025,14.111812,14.078781
76	0	20965	15.521608	198,279,220,271,311,264,459,720	18.156105,16.631075,16.364298,15.784676,15.327679,15.141217,14.486614,14.411115
77	0	11	6.111817	198,279,220,271,311,264,1148,459	19.220764,16.239380,15.985390,15.889407,15.653602,14.893089,14.489827,14.091893
78	0	82035	17.761516	198,279,220,271,311,264,1148,40	18.960958,15.990985,15.445292,15.088844,14.682216,14.564873,14.344368,13.939261
79	0	15592	11.179428	198,279,271,311,220,264,1148,459	18.185808,15.902352,15.645093,15.049812,14.979075,14.432159,13.957500,13.882594
80	0	8483	13.503066	198,279,311,220,271,264,459,720	16.565374,15.369968,14.700223,14.650024,14.238301,14.008595,13.421451,13.141315
81	0	198	0.695844	198,271,279,220,311,264,1148,791	18.517736,16.190117,16.157921,16.068069,15.111655,14.789784,14.333381,14.140748
82	0	1835	13.297181	198,271,279,220,311,58,264,40	19.549072,15.458302,15.437739,15.278060,14.432361,14.283879,14.080762,13.991763
83	0	320	8.218723	198,220,279,271,720,58,311,264	19.289843,15.996544,15.335731,14.857731,14.662623,14.284480,14.179189,14.127983
84	0	50	7.805882	198,279,220,271,40,311,264,58	18.856134,15.287560,14.924764,14.853622,14.103359,14.079638,13.894600,13.825187
85	0	13	7.567237	198,271,279,220,58,311,720,512	18.815836,15.387670,14.922287,14.913804,13.980964,13.875827,13.813565,13.750829
86	0	8930	15.201264	198,279,271,220,40,791,264,311	19.087210,15.610738,15.413693,15.395359,14.379257,14.339221,14.305366,14.246999
87	0	488	13.337810	198,271,220,279,311,791,40,264	18.056786,14.682620,14.610288,14.582939,13.597783,13.504681,13.307724,13.273476
88	0	11	6.079856	198,271,279,220,311,58,264,40	18.773415,15.396329,15.385699,15.094612,14.395583,14.144234,14.066218,13.805837
89	0	452	9.688985	198,279,220,271,311,264,1148,40	18.960958,15.990985,15.445292,15.088844,14.682216,14.564873,14.344368,13.939261
90	0	13	7.869333	198,220,279,271,311,720,264,58	18.244606,15.145473,15.117568,14.914163,14.070683,13.892896,13.854177,13.663995
91	0	50356	17.659280	198,279,271,220,40,791,264,311	19.087210,15.610738,15.413693,15.395359,14.379257,14.339221,14.305366,14.246999
92	0	819	13.262006	198,271,279,791,220,40,3923,44	17.824297,14.459142,13.988536,13.966708,13.895733,13.706481,13.269348,13.176883
93	0	84077	17.122788	198,279,220,271,311,264,1148,58	18.331945,15.366040,15.002238,14.785072,14.151477,14.059711,13.595723,13.569271
94	0	29234	12.133723	198,220,279,271,311,264,791,1148	17.987827,14.807877,14.646710,14.639247,13.826027,13.370285,13.248956,13.049061
95	0	11	5.827521	198,220,279,271,311,58,264,720	18.370012,15.411578,15.143394,15.037877,14.257347,14.032048,13.956001,13.390082
96	0	432	9.481323	198,279,220,271,311,264,1148,40	18.960958,15.990985,15.445292,15.088844,14.682216,14.564873,14.344368,13.939261
97	0	13	7.977662	198,279,220,271,311,264,720,58	18.275089,15.342969,15.290977,14.905055,14.251698,14.059329,14.001859,13.453278
98	0	2100	9.790847	198,279,271,220,40,791,264,311	19.087210,15.610738,15.413693,15.395359,14.379257,14.339221,14.305366,14.246999
99	0	9211	14.588070	198,279,220,271,264,311,1148,358	19.060112,16.084305,15.758343,15.306343,14.651711,14.610512,14.512366,14.405171
100	0	2001	10.827796	198,220,279,311,271,264,459,720	17.381529,15.475305,15.413399,14.626409,14.238125,14.012271,13.192642,13.186290
101	0	330	6.359326	198,220,279,311,264,271,1148,720	19.212282,16.200052,16.135225,14.782191,14.669580,14.609322,14.421120,14.294201
102	0	9261	11.854548	198,279,271,220,40,791,311,1148	19.113209,15.553855,15.074097,14.703870,14.515191,14.263794,14.250152,14.176064
103	0	57893	17.073579	198,220,271,279,58,311,720,512	18.705595,15.291440,15.136546,14.801453,14.309649,14.125802,13.658538,13.656568
104	0	386	10.096086	198,271,279,220,58,311,264,791	18.898314,16.080643,15.482124,15.248034,14.397125,14.391454,14.176381,14.024849
105	0	13025	17.756417	198,271,279,220,311,264,58,720	18.671324,15.310361,15.283227,15.140323,14.128488,14.005504,13.924263,13.889743
106	0	27972	16.006633	198,220,271,279,58,311,264,720	18.641939,15.542487,15.349426,15.196045,14.410484,14.146243,14.056653,14.023404
107	0	498	12.955673	198,220,271,279,311,720,264,58	18.950552,16.379255,15.656875,15.604358,14.974565,14.439521,14.419955,14.357942
108	0	220	3.944420	198,279,220,271,264,311,720,1148	19.691004,16.245249,15.984081,15.008370,14.729401,14.708451,14.680522,14.455756
109	0	679	8.539570	198,279,220,271,311,16,264,40	18.766077,15.246310,15.127780,14.657084,14.053246,13.925771,13.895663,13.638062
110	0	21	6.573762	198,220,279,271,720,311,58,264	18.773994,15.773190,15.085135,14.925903,14.167328,14.122238,13.867890,13.803508
111	0	340	9.295163	198,271,220,279,311,58,264,1148	19.035149,15.352287,15.294875,15.225036,14.173825,14.151741,13.954605,13.652901
112	0	1835	12.460243	198,271,220,279,58,720,311,264	19.824184,15.648941,15.511104,15.371287,14.890483,14.404513,14.348432,14.072314
113	0	40283	15.771139	198,220,279,271,720,58,311,264	19.289843,15.996544,15.335731,14.857731,14.662623,14.284480,14.179189,14.127983
114	0	3786	15.838019	198,271,220,279,58,311,264,791	19.389660,16.606430,15.922055,15.884445,15.120464,14.935361,14.571656,13.779836
115	0	25	9.440770	198,279,271,220,311,264,1148,58	19.179632,15.888774,15.822887,15.713222,15.046127,14.516190,14.400871,14.385399
116	0	3788	12.318959	198,220,279,271,264,311,1148,720	18.560047,16.085146,15.855754,14.771400,14.627789,14.407025,14.111812,14.078781
117	0	1129	14.729191	198,220,279,271,311,720,58,264	19.248129,15.571719,15.369922,15.234096,14.569413,13.936317,13.860576,13.708804
118	0	71	7.458519	198,279,220,271,311,264,1148,720	18.599817,15.382264,15.258542,15.081870,14.166386,13.693703,13.547072,13.411359
119	0	36368	15.895822	198,279,220,271,311,58,264,720	18.300665,14.812200,14.794238,14.532187,13.887128,13.616833,13.564342,13.193280
120	0	1594	12.665263	198,279,220,271,264,311,58,1148	18.255219,16.056656,15.937930,14.975718,14.737885,14.736884,14.026769,13.970590
121	0	6973	18.209995	198,279,220,271,311,58,264,720	18.791346,15.406184,15.205358,15.155365,14.469907,14.039815,14.000081,13.634397
122	0	3529	15.827455	198,220,271,279,720,311,58,264	18.743925,15.151422,14.998950,14.652782,14.289795,13.712697,13.706822,13.116748
123	0	77749	17.698794	198,220,279,271,311,58,264,1148	19.208624,15.633881,15.602562,15.458381,14.411240,14.167315,14.003360,13.766426
124	0	11628	17.715428	198,271,220,279,58,311,264,720	19.339987,16.165289,15.605662,15.493793,14.866147,14.743477,14.141713,13.572322
125	0	3916	16.126688	198,220,279,271,311,264,58,720	18.832716,15.556222,15.426522,15.271600,14.264351,13.888412,13.634903,13.617950
126	0	9009	12.526436	198,279,220,271,311,264,58,1148	18.776114,15.584119,15.265945,15.171692,14.686985,14.194188,13.699867,13.693568
127	0	6458	14.996878	198,279,220,271,311,264,58,720	18.066214,15.955791,15.403633,14.932302,14.779086,14.721470,14.006803,13.847552
128	0	61503	17.426939	198,279,220,271,311,264,1148,58	18.604486,15.591880,15.551486,14.800995,14.488832,14.020729,13.611314,13.346382
129	0	428	14.174272	198,220,279,271,311,264,720,58	16.882118,15.120338,14.207250,13.946300,13.937078,13.117160,13.099111,12.572383
130	0	271	4.085726	198,220,279,271,58,311,720,264	18.541746,15.253093,15.059891,14.846974,14.517268,14.377682,13.940772,13.734505
131	0	34336	12.505080	198,271,279,220,791,40,311,58	19.375898,16.213291,15.524594,15.174592,14.816868,14.620689,14.381645,14.316091
132	0	415	11.464929	198,271,220,279,58,311,264,16	19.402784,15.583405,15.471698,15.359073,14.839879,14.238725,14.040666,13.718005
133	0	551	9.630606	198,220,279,720,271,264,311,58	18.960028,16.349680,15.852534,14.661790,14.649567,14.513181,14.463081,13.745944
134	0	2539	9.868077	198,220,279,271,311,264,58,720	19.148718,16.012566,15.829944,14.932147,14.519363,14.427600,14.191799,14.183037
135	0	1296	12.831162	198,279,271,220,311,264,1148,58	19.036451,16.133461,15.347234,15.230464,14.991180,14.493007,14.343330,14.110690
136	0	6859	14.304818	198,279,271,220,311,58,264,1148	18.996956,16.100237,15.881841,15.299812,14.956792,14.696998,14.524396,14.369107
137	0	320	7.996952	198,279,220,271,311,264,58,1148	18.608789,15.768186,15.329312,14.786598,14.654610,14.361697,14.288953,13.507733
138	0	543	11.682778	198,279,220,271,40,311,264,58	18.856134,15.287560,14.924764,14.853622,14.103359,14.079638,13.894600,13.825187
139	0	220	3.735200	198,279,220,271,311,264,58,720	18.412071,15.427581,15.118801,14.688350,14.348697,14.029376,14.015025,13.534110
140	0	19305	13.036338	198,279,220,271,311,16,264,40	18.766077,15.246310,15.127780,14.657084,14.053246,13.925771,13.895663,13.638062
141	0	23	7.299570	198,220,279,271,311,720,58,264	18.506559,15.705318,14.915792,14.826083,14.073875,13.978015,13.771153,13.730153
142	0	7123	16.655551	198,271,279,220,311,58,264,1148	18.990294,15.501362,15.313111,15.283616,14.374576,14.048587,13.928413,13.528104
143	0	98634	16.560396	198,220,279,271,311,58,264,720	19.226805,16.226881,16.045858,15.358131,15.175635,14.812678,14.723548,14.315169
144	0	340	8.644350	198,220,279,311,264,271,58,720	18.728598,16.542791,16.101358,15.025674,14.875710,14.862727,14.225789,14.078807
145	0	38	9.565072	198,271,220,279,58,720,311,264	19.824184,15.648941,15.511104,15.371287,14.890483,14.404513,14.348432,14.072314
146	0	2898	11.803443	198,279,220,271,311,58,264,720	18.547873,14.922267,14.850502,14.819211,13.858483,13.802806,13.675011,13.503354
147	0	12	6.825970	198,271,279,220,311,264,58,1148	18.981565,15.527641,15.398870,15.261973,14.614575,14.077724,14.075925,13.602300
148	0	17	6.017094	198,220,279,271,264,311,16,720	18.656149,15.757072,15.598022,14.588622,14.302426,14.288079,14.050853,14.038518
149	0	426	10.596017	198,220,279,271,58,311,720,264	18.775246,15.091949,14.869347,14.850726,14.182465,13.879420,13.713851,13.707257
150	0	1777	11.731012	198,271,279,220,311,264,58,720	18.981865,15.431035,15.388785,15.316892,14.273776,14.108276,13.991286,13.862599
151	0	11460	16.737312	198,271,279,220,311,58,264,720	19.039301,15.545850,15.090642,15.089989,14.262193,14.155648,13.771802,13.412559
152	0	320	8.127037	198,220,279,271,58,311,264,720	19.050186,15.877482,15.420558,15.257447,14.646184,14.493683,14.142062,14.091786
153	0	83	8.233664	198,279,220,271,40,311,264,58	18.856134,15.287560,14.924764,14.853622,14.103359,14.079638,13.894600,13.825187
154	0	1609	13.162115	198,220,279,271,58,311,720,264	18.861721,14.983723,14.902768,14.828265,14.393486,13.991611,13.755188,13.716184
155	0	5963	14.315304	198,220,271,279,311,58,264,720	18.211336,14.989594,14.848747,14.722631,13.979408,13.765811,13.530182,13.258382
156	0	1680	13.254482	198,220,271,279,58,311,512,720	18.739145,15.510818,15.467603,15.218638,14.361026,14.172984,13.971194,13.885648
157	0	220	2.355218	198,220,279,720,264,311,271,58	18.446138,16.625940,15.880242,15.279330,14.858620,14.593552,14.340034,14.234210
158	0	16085	10.776652	198,279,220,271,311,16,264,40	18.766077,15.246310,15.127780,14.657084,14.053246,13.925771,13.895663,13.638062
159	0	17897	12.867581	198,220,271,279,720,58,311,264	18.696737,15.754352,14.906437,14.904301,14.106277,14.032608,13.947545,13.684921
160	0	198	0.335481	198,220,279,271,720,58,311,264	18.776430,15.787831,14.958457,14.806043,14.307467,14.145801,13.998176,13.773831
161	0	1688	9.381476	198,271,279,220,311,58,264,40	19.549072,15.458302,15.437739,15.278060,14.432361,14.283879,14.080762,13.991763
162	0	393	9.288134	198,220,279,271,264,311,720,58	17.833397,15.533993,15.529404,14.339134,14.299142,13.818324,13.630028,13.626941
163	0	2989	10.365897	198,271,279,220,311,58,264,720	18.603823,15.273438,15.189012,14.981026,14.046517,13.918777,13.917203,13.818048
164	0	71608	17.357624	198,279,271,220,311,58,264,720	18.656088,14.999348,14.829926,14.627809,14.146645,13.694489,13.629933,13.066432
165	0	15906	17.099252	198,220,271,279,58,720,311,16	19.147974,15.750020,15.233409,14.657291,14.478241,14.023616,13.850960,13.531578
166	0	28	8.558152	198,220,279,720,271,311,58,264	17.954454,15.678207,14.590474,14.539383,14.182956,14.141057,14.109143,13.285823
167	0	12378	11.954840	198,220,279,271,58,720,16,311	19.102524,15.519344,15.092259,14.539612,14.084825,14.017578,13.855536,13.775374
168	0	21	6.627836	198,220,271,279,58,720,311,16	18.969027,15.726830,15.187633,14.762464,14.460475,14.361282,14.049186,13.817288
169	0	420	8.371491	198,271,220,279,311,58,264,1148	19.035149,15.352287,15.294875,15.225036,14.173825,14.151741,13.954605,13.652901
170	0	36508	13.740745	198,279,271,220,311,264,1148,40	19.239737,15.704944,15.234757,14.884007,14.637820,14.284123,14.149574,13.956107
171	0	220	2.904587	198,279,220,311,264,271,1148,58	18.483955,16.225861,16.139656,15.010704,14.973592,14.855504,14.201701,14.061940
172	0	3076	9.302988	198,279,220,271,311,16,264,40	18.766077,15.246310,15.127780,14.657084,14.053246,13.925771,13.895663,13.638062
173	0	2536	13.063901	198,220,271,279,58,311,720,264	19.301838,15.817027,15.407252,14.999969,14.498523,14.160707,13.839886,13.741447
174	0	29352	16.285372	198,279,271,220,311,58,40,720	19.178600,15.478030,15.286071,14.991611,14.341019,14.207662,14.116692,14.057965
175	0	91719	14.903587	198,279,220,271,311,58,264,720	19.605118,16.303453,15.863186,15.214290,15.106369,14.901695,14.839401,14.381055
176	0	27855	15.205042	198,279,220,271,264,311,58,720	18.827576,16.391371,16.116549,15.341823,15.004483,14.814136,14.435975,14.253231
177	0	345	7.860537	198,271,279,220,58,311,264,512	19.804817,16.258659,15.845535,15.786763,15.061841,15.035970,14.360046,14.165557
178	0	19975	15.802581	198,220,279,271,58,311,720,264	20.174259,15.796613,15.750426,15.577725,14.858142,14.608191,14.383820,14.314072
179	0	2915	13.881421	198,279,220,271,311,264,58,512	18.563776,15.730878,15.585265,15.376766,15.117045,14.459880,13.871734,13.862636
180	0	49005	15.046445	198,279,220,271,311,264,1148,58	18.973246,15.852443,15.426042,15.265274,14.963988,14.532664,14.287009,13.802002
181	0	279	3.048208	198,279,220,271,264,311,1148,58	19.282362,16.658943,16.624182,15.394429,15.186695,14.989831,14.890620,14.505904
182	0	220	3.408609	198,279,220,271,264,311,1148,358	18.504107,16.201950,15.707607,14.971087,14.814939,14.663467,14.555389,13.763947
183	0	508	6.108557	198,279,220,271,311,16,264,40	18.766077,15.246310,15.127780,14.657084,14.053246,13.925771,13.895663,13.638062
184	0	11843	15.806631	198,220,271,279,58,720,311,264	19.320547,15.819008,15.357778,15.203397,14.616801,14.317637,14.242892,14.055980
185	0	3200	13.668926	198,279,220,271,311,58,264,1148	19.128508,15.435197,15.240089,15.032829,14.253048,13.923106,13.899773,13.819740
186	0	16686	16.185469	198,220,279,271,311,58,264,720	18.455061,15.115706,15.091316,14.744966,14.238243,13.949512,13.798654,13.259082
187	0	315	8.071631	198,271,279,220,311,58,264,720	19.668774,16.010275,15.954075,15.923961,15.254106,14.879939,14.608315,14.608314
188	0	279	2.925444	198,279,220,271,264,1148,311,40	18.626772,16.315775,15.622025,15.046535,14.862449,14.754314,14.562825,13.861866
189	0	426	9.599084	198,279,220,271,264,311,1148,358	18.504107,16.201950,15.707607,14.971087,14.814939,14.663467,14.555389,13.763947
190	0	18	7.122970	198,271,279,220,311,264,58,720	18.981865,15.431035,15.388785,15.316892,14.273776,14.108276,13.991286,13.862599
191	0	4367	12.517542	198,220,271,279,58,311,264,16	19.007963,15.195914,15.124118,15.081822,14.246852,14.145683,13.855414,13.628788
192	0	18618	14.638771	198,279,271,311,220,1148,264,791	19.308561,16.166534,15.963828,15.187253,14.951367,14.715945,14.591660,14.236668
193	0	382	8.380627	198,279,220,311,271,264,374,459	18.338783,16.345953,16.205383,15.520877,15.412768,14.826011,14.140649,14.020752
194	0	2028	7.564970	198,271,279,220,40,791,58,3923	19.774618,16.510118,15.491302,15.447885,15.414685,15.378245,14.825764,14.633237
195	0	1052	14.409892	198,279,271,220,40,311,58,264	19.375849,15.359656,15.321124,15.288705,14.229427,14.200630,14.134933,14.127659
196	0	374	5.445846	198,279,271,220,311,264,58,720	19.081381,16.514690,16.373428,15.894066,15.527062,14.975614,14.637390,14.338428
197	0	1511	10.609382	198,279,220,271,311,264,1148,58	18.817226,16.092382,15.772305,15.106407,14.848647,14.731178,14.405520,13.864957
198	0	439	8.228193	198,279,220,311,271,264,58,1148	18.707010,15.996673,15.571025,15.113743,15.100540,14.528393,14.106364,13.990803
199	0	264	4.491922	198,279,220,271,264,311,1148,459	18.989246,16.445906,15.596809,15.330727,14.991197,14.986865,14.888507,13.965004
200	0	12790	16.303703	198,279,220,271,264,311,1148,58	18.547049,15.787530,15.421504,14.913753,14.567592,14.413981,14.083964,13.790252
201	0	369	7.167266	198,279,220,271,311,264,1148,459	17.676647,15.815051,15.140780,14.931183,14.808357,14.378559,13.563503,13.554955
202	0	279	2.796536	198,279,220,264,271,311,1148,58	18.603283,16.367161,15.662167,14.918574,14.868917,14.770959,14.486877,13.984395
203	0	48275	15.551392	198,279,220,271,264,311,1148,358	18.504107,16.201950,15.707607,14.971087,14.814939,14.663467,14.555389,13.763947
204	0	45320	9.811986	198,220,279,271,311,264,58,1148	18.334032,15.919843,15.822225,15.463595,14.799171,14.413772,13.698326,13.614352
205	0	85748	16.906515	198,220,271,279,58,311,512,720	18.153841,15.111878,14.553693,13.973285,13.898899,13.299713,13.028974,12.996686
206	0	6636	14.309772	198,220,279,271,311,264,720,58	17.955191,15.116681,14.986656,14.422282,14.047444,13.687584,13.567223,13.333489
207	0	74252	14.003160	198,279,220,271,311,264,58,374	18.643944,15.832627,15.508830,15.442974,14.850362,14.434506,14.414932,13.613457
208	0	488	12.799393	198,220,279,271,311,264,58,512	17.845747,14.893405,14.471565,14.367269,13.707352,13.168616,13.129857,13.090561
209	0	18618	15.578743	198,271,279,220,311,58,264,40	18.773415,15.396329,15.385699,15.094612,14.395583,14.144234,14.066218,13.805837
210	0	198	0.685400	198,279,220,311,271,264,374,459	18.338783,16.345953,16.205383,15.520877,15.412768,14.826011,14.140649,14.020752
211	0	8793	19.186061	198,271,279,220,311,58,264,40	19.549072,15.458302,15.437739,15.278060,14.432361,14.283879,14.080762,13.991763
212	0	82	5.933298	198,220,58,271,279,720,16,311	19.620398,15.938298,15.681151,15.655540,15.058883,14.870204,14.404201,14.188252
213	0	5640	16.724555	198,279,271,220,311,58,264,512	19.069304,15.280910,15.120506,14.856172,14.401717,14.303184,14.008422,13.606705
214	0	324	11.756862	198,279,220,271,311,264,58,1148	18.893320,15.625736,15.498314,15.306586,14.546344,14.088346,13.958714,13.756730
215	0	754	10.733910	198,279,220,271,311,264,58,40	18.139811,15.083192,15.025985,14.771210,14.227351,13.840299,13.523644,13.149132
216	0	98166	17.498178	198,220,271,279,311,58,720,264	18.791534,15.284649,14.815867,14.752980,13.784986,13.780579,13.458333,13.390788
217	0	2253	15.472749	198,220,271,279,512,58,311,720	17.467369,14.331398,14.144208,13.643090,13.464808,13.425717,13.104922,13.100514
218	0	17	6.379656	198,220,271,279,58,720,16,311	18.803114,15.061671,14.731090,14.702363,14.215520,14.071439,13.667908,13.653191
219	0	68	8.353399	198,220,279,271,58,311,720,264	18.775246,15.091949,14.869347,14.850726,14.182465,13.879420,13.713851,13.707257
220	0	26721	17.008892	198,220,279,271,58,311,720,264	18.802567,15.051114,14.844960,14.788296,13.951280,13.897916,13.731950,13.558156
221	0	4390	12.875821	198,271,279,220,311,264,720,58	18.969856,15.416774,15.371105,15.212567,14.459290,13.749307,13.726651,13.349544
222	0	8780	12.369685	198,271,220,58,279,720,40,334	20.252569,16.007448,15.961430,15.408204,15.150829,14.925035,14.574463,14.323768
223	0	32905	11.972225	198,279,220,271,58,40,311,264	19.146278,15.495646,15.291804,15.213222,14.771301,14.244923,14.224579,14.119733
224	0	1005	10.039584	198,279,220,271,311,58,720,264	19.174974,15.643524,15.589427,15.255002,14.758061,14.480156,14.323147,14.313892
225	0	2011	9.470234	198,279,271,220,311,264,1148,58	18.908428,16.320633,15.617763,15.396792,15.139079,14.777157,14.501370,14.352386
226	0	14389	14.608320	198,279,220,311,271,264,1148,720	18.718355,15.945378,15.793034,14.952766,14.943341,14.584693,14.178731,13.973681
227	0	420	7.206807	198,279,220,271,264,311,1148,459	18.626823,16.580942,15.521853,15.466899,15.174503,15.117969,14.781695,14.340613
228	0	13844	14.843058	198,279,271,220,311,264,1148,40	19.239737,15.704944,15.234757,14.884007,14.637820,14.284123,14.149574,13.956107
229	0	7866	13.941727	198,279,220,271,311,264,720,1148	18.428520,15.966245,15.555139,15.211284,14.865397,14.490479,13.828746,13.701015
230	0	93314	14.592833	198,220,279,271,264,311,1148,459	18.544947,16.460413,16.405403,14.882839,14.751698,14.595352,14.223137,13.996297
231	0	220	4.211696	198,279,220,271,311,264,720,58	19.438213,15.585670,15.451818,15.446538,14.550122,14.116328,13.769755,13.671463
232	0	18	6.257857	198,279,220,271,311,16,264,40	18.766077,15.246310,15.127780,14.657084,14.053246,13.925771,13.895663,13.638062
233	0	13	8.427029	198,220,271,279,58,311,264,16	19.007963,15.195914,15.124118,15.081822,14.246852,14.145683,13.855414,13.628788
234	0	15	7.401970	198,279,271,220,40,791,264,311	19.087210,15.610738,15.413693,15.395359,14.379257,14.339221,14.305366,14.246999
235	0	63124	15.326914	198,220,271,279,58,311,264,720	19.313576,15.251405,15.158494,15.145349,14.362620,14.217418,13.902452,13.646024
236	0	382	9.020017	198,271,279,220,311,264,58,1148	19.322142,15.877148,15.875815,15.800183,15.295499,14.483283,14.445847,14.125941
237	0	284	12.053411	198,271,279,220,40,791,58,3923	19.774618,16.510118,15.491302,15.447885,15.414685,15.378245,14.825764,14.633237
238	0	8563	12.014389	198,220,279,720,264,271,311,58	18.537247,16.457205,15.866096,14.840908,14.627480,14.468178,14.323874,13.890813
239	0	426	9.518321	198,220,279,271,264,311,1148,791	18.141821,15.873032,15.807075,15.137868,14.436130,14.405187,14.158929,13.854548
240	0	11206	15.929732	198,271,279,220,311,264,58,720	18.981865,15.431035,15.388785,15.316892,14.273776,14.108276,13.991286,13.862599
241	0	466	9.127081	198,271,279,220,311,791,58,264	18.556183,15.155515,14.833047,14.665397,13.890060,13.732488,13.719321,13.468875
242	0	284	10.424421	198,279,220,271,311,264,58,1148	18.397301,15.634975,15.201594,15.014995,14.617229,14.271591,13.862634,13.647873
243	0	720	4.193514	198,220,279,720,264,271,311,58	18.537247,16.457205,15.866096,14.840908,14.627480,14.468178,14.323874,13.890813
244	0	8563	13.277781	198,220,279,271,58,720,311,264	19.881422,15.949043,15.516853,15.392487,14.785502,14.461006,14.271487,14.186085
245	0	426	9.518321	198,220,279,271,264,311,1148,791	18.141821,15.873032,15.807075,15.137868,14.436130,14.405187,14.158929,13.854548
246	0	11206	15.929732	198,271,279,220,311,264,58,720	18.981865,15.431035,15.388785,15.316892,14.273776,14.108276,13.991286,13.862599
247	0	466	9.127081	198,271,279,220,311,791,58,264	18.556183,15.155515,14.833047,14.665397,13.890060,13.732488,13.719321,13.468875
248	0	374	5.723996	198,279,220,271,311,264,58,1148	18.397301,15.634975,15.201594,15.014995,14.617229,14.271591,13.862634,13.647873
249	0	459	5.640542	198,279,220,271,311,264,1148,58	18.817226,16.092382,15.772305,15.106407,14.848647,14.731178,14.405520,13.864957
250	0	6498	9.642881	198,279,220,271,264,311,1148,40	18.711750,15.816951,15.386074,15.130208,14.562922,14.493618,14.334157,14.087653
251	0	4632	14.217752	198,279,220,271,311,264,1148,720	18.720587,16.022827,15.858922,15.383614,15.082894,14.634509,14.097358,14.061653
252	0	1174	10.325189	198,279,220,271,311,264,1148,58	18.897436,16.371111,15.660558,15.604062,15.204818,14.795837,14.672093,14.309093
253	0	12707	14.482871	198,220,279,311,264,271,1148,58	18.671362,16.135725,15.895207,14.480451,14.454707,14.389871,14.011855,13.933354
254	0	323	5.676478	198,279,271,220,311,1148,264,459	18.764252,16.072523,15.555923,15.077347,15.061897,14.650588,14.534302,13.913480
255	0	34596	13.233539	198,279,271,220,1148,311,264,358	18.967333,16.630297,15.623357,15.527026,15.200047,15.161130,15.055745,14.154462
256	0	12360	14.040782	198,279,271,220,311,264,1148,58	19.191210,16.178673,15.843455,15.442566,15.341115,14.683835,14.595573,14.013045
257	0	662	10.618670	198,279,220,271,311,264,58,1148	18.557241,15.918027,15.312825,15.232773,14.996861,14.341515,13.840098,13.756363
258	0	1283	11.331466	198,220,279,271,311,58,264,1148	19.259867,15.553787,15.516285,15.292544,14.260818,14.174216,14.078700,14.015553
259	0	1047	8.735984	198,279,220,271,311,264,1148,791	18.596600,15.791987,15.632672,15.211606,14.544949,14.464480,14.109708,13.793503
260	0	264	4.640171	198,279,220,271,311,264,1148,58	19.243683,16.428125,15.747990,15.209363,15.160312,15.022217,14.968636,14.279015
261	0	8810	14.865548	198,279,220,271,264,311,1148,58	18.547049,15.787530,15.421504,14.913753,14.567592,14.413981,14.083964,13.790252
262	0	571	12.102436	198,279,220,271,311,264,1148,459	18.454376,16.151648,15.348058,15.302077,15.175588,14.705756,14.397553,13.934489
263	0	12	7.630771	198,271,220,279,311,720,264,58	18.877089,15.476917,15.259456,15.048477,13.953631,13.723197,13.585559,13.515054
264	0	31	11.397432	198,220,279,271,264,311,16,720	18.656149,15.757072,15.598022,14.588622,14.302426,14.288079,14.050853,14.038518
265	0	40500	15.059217	198,220,271,279,720,311,58,791	18.893549,15.361186,15.148519,15.060330,14.033162,13.825555,13.795158,13.605863
266	0	3560	11.802867	198,279,220,264,311,459,1148,271	17.749941,16.510471,16.349922,15.039102,14.645747,14.552798,14.532207,14.332108
267	0	389	9.789761	198,279,220,271,311,264,58,1148	18.740967,15.562267,15.408338,15.214139,14.941360,14.185773,14.065880,13.711120
268	0	279	3.099027	198,279,220,271,311,264,1148,58	18.908995,16.311661,15.721172,15.205203,14.879685,14.844467,14.572635,14.020645
269	0	12707	13.507783	198,279,220,271,264,311,1148,358	18.504107,16.201950,15.707607,14.971087,14.814939,14.663467,14.555389,13.763947
270	0	4101	12.175071	198,279,271,220,311,1148,264,459	18.764252,16.072523,15.555923,15.077347,15.061897,14.650588,14.534302,13.913480
271	0	578	7.346711	198,271,279,220,311,58,264,1148	19.379230,15.797452,15.630994,15.550960,14.837723,14.657628,14.321644,13.978892
272	0	8766	14.014007	198,279,220,271,264,311,1148,720	18.520954,15.931180,15.842423,15.104661,14.573087,14.325241,14.097007,13.880267
273	0	304	6.903887	198,279,220,271,311,264,1148,791	18.640305,16.346800,16.185703,15.702922,14.976029,14.957442,14.706784,14.330579
274	0	220	3.744954	198,279,220,271,264,311,1148,40	18.950945,16.603273,15.746308,15.313876,15.123643,15.104426,14.960145,14.019380
275	0	1049	7.150563	198,279,220,271,311,16,264,40	18.766077,15.246310,15.127780,14.657084,14.053246,13.925771,13.895663,13.638062
276	0	15	7.096906	198,220,279,271,311,720,58,264	19.145376,15.599358,15.289726,15.136406,14.283032,14.121541,14.090299,13.967293
277	0	662	10.486300	198,220,271,279,58,311,264,720	19.313576,15.251405,15.158494,15.145349,14.362620,14.217418,13.902452,13.646024
278	0	1115	9.001086	198,220,279,271,311,58,264,1148	19.259867,15.553787,15.516285,15.292544,14.260818,14.174216,14.078700,14.015553
279	0	574	8.023988	198,279,271,220,311,264,1148,40	19.342226,15.678817,15.445404,15.317432,14.385079,14.374901,14.214348,14.135658
280	0	8272	12.779293	198,279,220,311,271,264,1148,459	18.858109,16.367050,15.893356,15.069974,15.064334,14.917911,14.824903,13.993687
281	0	555	7.810205	198,279,220,271,311,264,1148,58	19.482672,16.543245,16.362448,15.436569,15.430298,15.068642,14.909412,14.483936
282	0	264	3.942423	198,279,220,264,271,311,1148,459	18.269716,16.587511,16.407881,15.130507,15.087514,15.013158,14.668170,14.183831
283	0	40500	13.984801	198,279,220,271,264,311,1148,58	18.547049,15.787530,15.421504,14.913753,14.567592,14.413981,14.083964,13.790252
284	0	3560	11.802867	198,279,220,264,311,459,1148,271	17.749941,16.510471,16.349922,15.039102,14.645747,14.552798,14.532207,14.332108
285	0	304	7.084821	198,279,220,271,311,264,58,1148	18.740967,15.562267,15.408338,15.214139,14.941360,14.185773,14.065880,13.711120
286	0	279	2.887989	198,279,220,271,264,311,1148,40	18.950945,16.603273,15.746308,15.313876,15.123643,15.104426,14.960145,14.019380
287	0	1514	10.047851	198,279,220,271,264,311,1148,358	18.504107,16.201950,15.707607,14.971087,14.814939,14.663467,14.555389,13.763947
288	0	6385	12.754374	198,279,271,311,220,264,1148,58	19.031229,16.197680,15.450953,15.174893,15.103482,14.738841,14.455983,14.124675
289	0	2439	13.418836	198,279,220,271,311,264,1148,720	18.232672,15.874290,15.620744,15.132873,14.603137,14.514155,14.058805,13.986566
290	0	5439	12.410153	198,279,220,271,311,264,58,1148	18.799862,15.440412,15.311383,15.223007,14.721045,14.158793,14.102115,13.591148
291	0	555	7.297380	198,279,220,311,264,271,1148,459	18.822229,16.379236,15.930041,15.327347,14.919528,14.810193,14.397092,14.074578
292	0	22021	14.134741	198,279,220,264,271,311,1148,459	18.269716,16.587511,16.407881,15.130507,15.087514,15.013158,14.668170,14.183831
293	0	77023	15.230272	198,220,279,271,264,311,58,791	17.811884,15.304603,15.017819,14.585804,13.859889,13.800702,13.407757,13.206467
294	0	1174	9.348617	198,220,279,271,311,264,720,58	17.825220,15.491215,15.051777,14.483311,14.128829,13.831403,13.609375,13.459867
295	0	902	7.966628	198,220,279,311,264,271,1148,58	18.671362,16.135725,15.895207,14.480451,14.454707,14.389871,14.011855,13.933354
296	0	574	7.717198	198,279,271,220,311,1148,264,58	19.488577,16.021399,15.547188,15.308849,14.773735,14.749111,14.502275,14.423524
297	0	10887	12.370878	198,279,220,311,271,264,1148,459	18.858109,16.367050,15.893356,15.069974,15.064334,14.917911,14.824903,13.993687
298	0	304	7.587820	198,279,220,271,311,264,58,1148	19.382254,16.101913,15.867210,15.232937,14.983962,14.810084,14.614299,14.370320
299	0	220	3.744954	198,279,220,271,264,311,1148,40	18.950945,16.603273,15.746308,15.313876,15.123643,15.104426,14.960145,14.019380
300	0	1049	7.150563	198,279,220,271,311,16,264,40	18.766077,15.246310,15.127780,14.657084,14.053246,13.925771,13.895663,13.638062
301	0	16	5.782646	198,220,279,271,311,720,58,264	19.145376,15.599358,15.289726,15.136406,14.283032,14.121541,14.090299,13.967293
302	0	520	7.166889	198,220,279,271,58,311,264,16	18.964964,15.328135,15.126182,14.913250,14.171283,14.153069,13.872467,13.620055
303	0	279	2.740199	198,279,220,264,311,271,1148,459	18.493658,16.325518,15.800122,14.829570,14.762273,14.676734,14.354856,13.789742
304	0	16591	13.896271	198,279,220,271,264,311,1148,358	18.504107,16.201950,15.707607,14.971087,14.814939,14.663467,14.555389,13.763947
305	0	7301	12.661759	198,279,220,271,311,264,1148,791	18.064711,15.511077,15.302604,15.295197,14.332958,14.131793,14.049416,13.729548
306	0	27315	16.247422	198,279,220,271,311,264,1148,459	18.390797,16.472063,16.104929,15.634498,15.249825,14.982478,14.324039,14.261495
307	0	662	10.672179	198,279,271,220,311,264,1148,791	19.183592,16.095842,16.076338,15.757309,15.209514,14.673749,14.480206,14.132527
308	0	1283	11.331466	198,220,279,271,311,58,264,1148	19.259867,15.553787,15.516285,15.292544,14.260818,14.174216,14.078700,14.015553
309	0	1047	8.735984	198,279,220,271,311,264,1148,791	18.596600,15.791987,15.632672,15.211606,14.544949,14.464480,14.109708,13.793503
310	0	264	4.640171	198,279,220,271,311,264,1148,58	19.243683,16.428125,15.747990,15.209363,15.160312,15.022217,14.968636,14.279015
311	0	8810	14.865548	198,279,220,271,264,311,1148,58	18.547049,15.787530,15.421504,14.913753,14.567592,14.413981,14.083964,13.790252
312	0	3560	11.616154	198,279,220,271,311,264,1148,459	18.454376,16.151648,15.348058,15.302077,15.175588,14.705756,14.397553,13.934489
313	0	304	7.084821	198,279,220,271,311,264,58,1148	18.740967,15.562267,15.408338,15.214139,14.941360,14.185773,14.065880,13.711120
314	0	279	2.887989	198,279,220,271,264,311,1148,40	18.950945,16.603273,15.746308,15.313876,15.123643,15.104426,14.960145,14.019380
315	0	12707	13.507783	198,279,220,271,264,311,1148,358	18.504107,16.201950,15.707607,14.971087,14.814939,14.663467,14.555389,13.763947
316	0	4101	12.175071	198,279,271,220,311,1148,264,459	18.764252,16.072523,15.555923,15.077347,15.061897,14.650588,14.534302,13.913480
317	0	20819	13.701495	198,271,279,220,311,58,264,1148	19.379230,15.797452,15.630994,15.550960,14.837723,14.657628,14.321644,13.978892
318	0	3842	9.890005	198,279,220,271,311,264,459,1148	17.559238,16.322279,16.099487,15.126048,14.908404,14.857819,14.185871,14.123637
319	0	1611	9.439437	198,220,279,271,311,264,1148,459	18.259724,15.997983,15.974868,15.393321,14.609756,14.564572,14.289529,13.870221
320	0	291	10.395703	198,220,279,271,720,311,264,791	17.958679,15.156242,14.669094,14.394261,13.625732,13.449851,13.337181,13.088097
321	0	304	7.223604	198,279,220,271,311,264,58,1148	18.606642,15.496353,15.306752,14.885823,14.561710,14.244832,14.078266,13.743455
322	0	220	3.744954	198,279,220,271,264,311,1148,40	18.950945,16.603273,15.746308,15.313876,15.123643,15.104426,14.960145,14.019380
323	0	1049	7.150563	198,279,220,271,311,16,264,40	18.766077,15.246310,15.127780,14.657084,14.053246,13.925771,13.895663,13.638062
324	0	17	6.655182	198,220,279,271,311,720,58,264	19.145376,15.599358,15.289726,15.136406,14.283032,14.121541,14.090299,13.967293
325	0	662	10.108433	198,220,279,271,58,311,720,264	18.775246,15.091949,14.869347,14.850726,14.182465,13.879420,13.713851,13.707257
326	0	763	8.663144	198,220,279,271,311,58,264,1148	19.259867,15.553787,15.516285,15.292544,14.260818,14.174216,14.078700,14.015553
327	0	220	3.795038	198,279,220,271,264,311,1148,791	18.797415,16.125460,15.528918,15.324336,14.702561,14.401233,14.349045,14.325582
328	0	1049	7.150563	198,279,220,271,311,16,264,40	18.766077,15.246310,15.127780,14.657084,14.053246,13.925771,13.895663,13.638062
329	0	19	7.705185	198,220,279,271,311,720,58,264	19.145376,15.599358,15.289726,15.136406,14.283032,14.121541,14.090299,13.967293
330	0	426	10.620626	198,220,271,279,58,311,264,720	18.961052,15.327825,15.230260,15.116166,14.220963,14.139485,13.898908,13.579581
331	0	11206	15.929732	198,271,279,220,311,264,58,720	18.981865,15.431035,15.388785,15.316892,14.273776,14.108276,13.991286,13.862599
332	0	466	9.127081	198,271,279,220,311,791,58,264	18.556183,15.155515,14.833047,14.665397,13.890060,13.732488,13.719321,13.468875
333	0	27212	13.516382	198,279,220,271,311,264,58,1148	18.397301,15.634975,15.201594,15.014995,14.617229,14.271591,13.862634,13.647873
334	0	264	3.501270	198,279,220,311,264,271,459,1148	17.394333,16.213251,15.440501,14.936963,14.877788,14.423894,14.180785,13.758210
335	0	3560	12.155663	198,279,220,271,264,311,1148,58	18.547049,15.787530,15.421504,14.913753,14.567592,14.413981,14.083964,13.790252
336	0	439	8.249803	198,279,220,271,311,264,58,1148	18.740967,15.562267,15.408338,15.214139,14.941360,14.185773,14.065880,13.711120
337	0	330	6.274130	198,279,220,271,264,311,1148,459	18.989246,16.445906,15.596809,15.330727,14.991197,14.986865,14.888507,13.965004
338	0	29517	14.636110	198,279,271,220,40,791,311,1148	19.113209,15.553855,15.074097,14.703870,14.515191,14.263794,14.250152,14.176064
339	0	330	6.168212	198,279,220,271,264,311,459,1148	17.464014,15.652626,15.561587,14.647817,14.410899,14.301604,13.754870,13.666453
340	0	304	7.776999	198,279,271,220,40,791,311,1148	19.113209,15.553855,15.074097,14.703870,14.515191,14.263794,14.250152,14.176064
341	0	279	2.887989	198,279,220,271,264,311,1148,40	18.950945,16.603273,15.746308,15.313876,15.123643,15.104426,14.960145,14.019380
342	0	9417	14.125231	198,279,220,271,264,311,1148,358	18.504107,16.201950,15.707607,14.971087,14.814939,14.663467,14.555389,13.763947
343	0	330	6.938097	198,271,279,220,311,1148,264,58	19.418863,16.341742,16.176762,15.604575,15.162646,14.918846,14.674159,14.562091
344	0	71166	14.340777	198,279,271,220,40,791,311,1148	19.113209,15.553855,15.074097,14.703870,14.515191,14.263794,14.250152,14.176064
345	0	364	9.067996	198,220,279,271,311,264,459,1148	16.932867,15.320046,15.000767,14.134734,14.026866,13.794540,13.311395,12.803927
346	0	82	5.832172	198,279,271,220,40,311,791,264	18.714439,15.328354,14.790521,14.707524,14.179112,13.983083,13.943271,13.877682
347	0	15457	14.794599	198,279,271,220,311,58,264,512	19.069304,15.280910,15.120506,14.856172,14.401717,14.303184,14.008422,13.606705
348	0	330	6.562653	198,220,271,279,311,264,58,791	19.123159,16.296638,16.139023,15.820241,14.898346,14.559052,14.363689,14.195587
349	0	315	8.203336	198,279,271,220,40,791,311,1148	19.113209,15.553855,15.074097,14.703870,14.515191,14.263794,14.250152,14.176064
350	0	279	2.925444	198,279,220,271,264,1148,311,40	18.626772,16.315775,15.622025,15.046535,14.862449,14.754314,14.562825,13.861866
351	0	12707	13.507783	198,279,220,271,264,311,1148,358	18.504107,16.201950,15.707607,14.971087,14.814939,14.663467,14.555389,13.763947
352	0	4101	12.175071	198,279,271,220,311,1148,264,459	18.764252,16.072523,15.555923,15.077347,15.061897,14.650588,14.534302,13.913480
353	0	578	7.346711	198,271,279,220,311,58,264,1148	19.379230,15.797452,15.630994,15.550960,14.837723,14.657628,14.321644,13.978892
354	0	5843	13.881231	198,279,220,271,264,311,1148,720	18.520954,15.931180,15.842423,15.104661,14.573087,14.325241,14.097007,13.880267
355	0	38725	16.992556	198,220,279,271,311,264,58,720	18.524054,15.779587,15.763325,14.995578,14.632924,14.344592,14.195127,14.155605
356	0	2652	11.416427	198,279,271,220,311,791,264,40	17.911354,15.359241,15.290217,14.950614,14.208874,14.205914,14.056320,13.678008
357	0	568	7.393327	198,220,279,271,311,264,58,720	19.647217,16.364851,16.003119,14.854388,14.730312,14.545007,14.536957,14.395274
358	0	59335	16.315443	198,279,220,271,311,1148,264,40	18.946753,15.872002,15.372060,15.305469,14.665222,14.526103,14.484082,14.378564
359	0	16662	13.906708	198,279,220,264,311,459,720,271	17.204134,15.860713,15.857383,14.677567,14.566200,14.076286,13.864532,13.670926
360	0	20142	15.496891	198,279,220,271,264,311,1148,459	18.954418,17.217211,16.153080,15.716022,15.694230,15.629710,15.500197,15.004497
361	0	4488	11.715598	198,279,271,311,220,264,58,1148	19.162493,16.053062,15.651723,15.367932,15.270805,14.503215,14.297648,14.039364
362	0	27191	14.943772	198,279,220,271,264,311,1148,791	18.176802,15.851384,15.815673,15.287959,14.413322,14.351369,13.991282,13.723491
363	0	323	5.871154	198,279,220,271,311,264,58,720	17.947416,15.302196,15.288142,14.366488,14.188581,14.067357,13.430074,13.411458
364	0	43423	13.136184	198,279,271,220,1148,311,264,358	18.967333,16.630297,15.623357,15.527026,15.200047,15.161130,15.055745,14.154462
365	0	15385	14.697152	198,220,271,279,311,264,58,1148	18.341137,15.080676,14.958173,14.865682,13.897204,13.631413,13.521686,13.443844
366	0	18843	14.269342	198,220,271,279,311,720,58,264	17.682264,15.078015,14.409661,13.922805,13.317959,12.869325,12.660029,12.657374
367	0	662	10.515494	198,271,220,279,58,311,791,264	18.701620,15.713468,15.073704,14.952859,14.189273,14.091523,13.678035,13.550925
368	0	1283	11.331466	198,220,279,271,311,58,264,1148	19.259867,15.553787,15.516285,15.292544,14.260818,14.174216,14.078700,14.015553
369	0	574	7.248084	198,279,220,271,311,264,1148,791	18.596600,15.791987,15.632672,15.211606,14.544949,14.464480,14.109708,13.793503
370	0	6445	11.528976	198,279,220,311,271,264,1148,459	18.858109,16.367050,15.893356,15.069974,15.064334,14.917911,14.824903,13.993687
371	0	304	6.801094	198,279,220,311,271,264,459,58	18.315695,16.145254,15.321881,15.106214,14.688236,14.622973,13.895741,13.880096
372	0	279	2.887989	198,279,220,271,264,311,1148,40	18.950945,16.603273,15.746308,15.313876,15.123643,15.104426,14.960145,14.019380
373	0	220	3.408609	198,279,220,271,264,311,1148,358	18.504107,16.201950,15.707607,14.971087,14.814939,14.663467,14.555389,13.763947
374	0	1049	7.150563	198,279,220,271,311,16,264,40	18.766077,15.246310,15.127780,14.657084,14.053246,13.925771,13.895663,13.638062
375	0	20	6.278170	198,220,279,271,311,720,58,264	19.145376,15.599358,15.289726,15.136406,14.283032,14.121541,14.090299,13.967293
376	0	34596	15.184168	198,220,271,279,311,58,264,720	18.913794,15.205577,15.131340,15.068646,14.115550,13.931213,13.819122,13.469662
377	0	54248	15.741466	198,279,271,220,311,264,1148,58	19.191210,16.178673,15.843455,15.442566,15.341115,14.683835,14.595573,14.013045
378	0	315	7.248426	198,279,271,220,311,264,58,1148	19.264595,16.036335,15.655883,15.340443,15.333844,14.622241,14.211433,14.193215
379	0	279	2.925444	198,279,220,271,264,1148,311,40	18.626772,16.315775,15.622025,15.046535,14.862449,14.754314,14.562825,13.861866
380	0	26241	14.355169	198,279,220,271,264,311,1148,358	18.504107,16.201950,15.707607,14.971087,14.814939,14.663467,14.555389,13.763947
381	0	93401	14.357416	198,279,271,220,791,311,264,1148	18.098709,15.079030,15.052859,14.975265,13.825429,13.783702,13.699946,13.541865
382	0	1514	10.334193	198,271,279,220,311,264,1148,791	18.619875,15.582237,15.496132,15.003278,14.609451,14.074943,13.901436,13.726743
383	0	44662	14.066453	198,279,271,311,220,264,1148,58	19.031229,16.197680,15.450953,15.174893,15.103482,14.738841,14.455983,14.124675
384	0	50940	15.893109	198,279,220,271,311,264,1148,374	18.196638,15.657810,15.657460,15.535919,14.639224,14.341064,13.613472,13.611365
385	0	1174	10.100187	198,220,279,271,311,264,58,12	17.844976,14.998524,14.533795,14.156104,13.357735,13.258925,12.992825,12.871121
386	0	902	7.966628	198,220,279,311,264,271,1148,58	18.671362,16.135725,15.895207,14.480451,14.454707,14.389871,14.011855,13.933354
387	0	574	7.717198	198,279,271,220,311,1148,264,58	19.488577,16.021399,15.547188,15.308849,14.773735,14.749111,14.502275,14.423524
388	0	10887	12.370878	198,279,220,311,271,264,1148,459	18.858109,16.367050,15.893356,15.069974,15.064334,14.917911,14.824903,13.993687
389	0	520	6.457994	198,279,220,271,311,264,58,1148	19.382254,16.101913,15.867210,15.232937,14.983962,14.810084,14.614299,14.370320
390	0	279	2.740199	198,279,220,264,311,271,1148,459	18.493658,16.325518,15.800122,14.829570,14.762273,14.676734,14.354856,13.789742
391	0	46506	16.107182	198,279,220,271,264,311,1148,358	18.504107,16.201950,15.707607,14.971087,14.814939,14.663467,14.555389,13.763947
392	0	27315	16.599081	198,220,279,271,311,264,459,374	17.549757,15.703778,15.217274,14.551404,14.157121,13.932556,13.303420,12.960583
393	0	304	6.984021	198,279,271,220,311,264,1148,791	19.183592,16.095842,16.076338,15.757309,15.209514,14.673749,14.480206,14.132527
394	0	72098	17.256699	198,279,220,271,264,311,1148,40	18.950945,16.603273,15.746308,15.313876,15.123643,15.104426,14.960145,14.019380
395	0	323	5.580640	198,279,271,220,311,1148,264,791	18.635900,16.198729,15.816104,15.388019,15.036640,14.833621,14.727714,14.126212
396	0	279	2.933408	198,279,271,220,1148,311,264,358	18.967333,16.630297,15.623357,15.527026,15.200047,15.161130,15.055745,14.154462
397	0	11258	14.112384	198,279,220,271,264,311,1148,358	18.504107,16.201950,15.707607,14.971087,14.814939,14.663467,14.555389,13.763947
398	0	1291	11.767606	198,279,220,271,311,264,58,720	17.979013,15.617619,15.585103,14.808454,14.607017,14.338695,13.731893,13.639744
399	0	39520	17.147161	198,220,279,311,271,264,58,1148	18.034979,15.615891,15.571602,14.797862,14.776031,14.238682,13.571143,13.450240
400	0	17367	14.575424	198,220,271,279,311,264,1148,459	18.039583,16.014246,15.608800,15.605205,14.592743,14.419208,13.760310,13.708365
401	0	304	6.923400	198,279,220,271,311,264,58,720	18.392616,15.805364,15.686849,15.630733,14.823443,14.586761,13.990783,13.939014
402	0	7295	12.235209	198,279,220,271,264,311,1148,40	18.950945,16.603273,15.746308,15.313876,15.123643,15.104426,14.960145,14.019380
403	0	662	10.244045	198,279,220,271,311,264,1148,459	18.460966,16.321394,15.988876,15.500592,15.129887,14.919258,14.419667,14.227733
404	0	1283	11.331466	198,220,279,271,311,58,264,1148	19.259867,15.553787,15.516285,15.292544,14.260818,14.174216,14.078700,14.015553
405	0	574	7.248084	198,279,220,271,311,264,1148,791	18.596600,15.791987,15.632672,15.211606,14.544949,14.464480,14.109708,13.793503
406	0	15910	11.264398	198,279,220,311,271,264,1148,459	18.858109,16.367050,15.893356,15.069974,15.064334,14.917911,14.824903,13.993687
407	0	555	7.405324	198,279,220,311,264,271,58,1148	18.356653,15.941045,15.381644,15.109666,14.544520,14.513358,13.928226,13.901730
408	0	3842	10.317263	198,279,220,264,271,311,1148,459	18.269716,16.587511,16.407881,15.130507,15.087514,15.013158,14.668170,14.183831
409	0	68573	14.798131	198,220,279,271,311,264,1148,459	18.259724,15.997983,15.974868,15.393321,14.609756,14.564572,14.289529,13.870221
410	0	323	5.218744	198,279,220,271,264,720,459,311	16.768635,15.526391,14.948738,14.334511,14.255176,13.922718,13.886989,13.808492
411	0	59335	15.741786	198,279,271,220,1148,311,264,358	18.967333,16.630297,15.623357,15.527026,15.200047,15.161130,15.055745,14.154462
412	0	16662	13.906708	198,279,220,264,311,459,720,271	17.204134,15.860713,15.857383,14.677567,14.566200,14.076286,13.864532,13.670926
413	0	7505	13.374826	198,279,220,271,264,311,1148,459	18.954418,17.217211,16.153080,15.716022,15.694230,15.629710,15.500197,15.004497
414	0	1254	11.899489	198,279,220,271,311,264,791,1148	17.978975,15.337359,15.278594,14.792438,14.045651,13.948461,13.666325,13.623569
415	0	819	12.974492	198,271,279,220,311,40,791,264	18.094954,14.736241,14.728633,14.302827,13.593323,13.399837,13.311183,13.275418
416	0	675	13.248388	198,279,220,271,311,264,1148,58	18.331945,15.366040,15.002238,14.785072,14.151477,14.059711,13.595723,13.569271
417	0	1174	9.887953	198,279,220,271,311,264,58,791	17.905870,14.894895,14.765887,14.523811,13.843730,13.576503,13.278691,13.238304
418	0	51075	16.396348	198,220,279,311,264,271,1148,58	18.671362,16.135725,15.895207,14.480451,14.454707,14.389871,14.011855,13.933354
419	0	1901	10.945595	198,279,271,220,311,1148,264,791	18.599762,15.742085,15.492984,15.225429,14.548095,14.330939,14.314476,14.126697
420	0	12997	15.732313	198,220,279,271,311,720,264,58	18.108683,14.961746,14.907794,14.533238,13.861004,13.614914,13.558740,13.134236
421	0	1174	9.747980	198,279,220,271,311,264,58,1148	18.042109,14.912911,14.809082,14.318873,14.057927,13.568025,13.012874,12.870204
422	0	14253	13.805481	198,220,279,311,264,271,1148,58	18.671362,16.135725,15.895207,14.480451,14.454707,14.389871,14.011855,13.933354
423	0	18206	13.540562	198,279,271,220,311,264,791,1148	18.029039,15.453246,15.403225,15.213966,14.298799,14.167306,13.949776,13.935658
424	0	1174	9.455121	198,279,220,271,311,264,1148,459	17.979088,16.129541,15.480708,15.332840,15.045520,14.622615,14.350968,13.859177
425	0	56230	15.781854	198,220,279,311,264,271,1148,58	18.671362,16.135725,15.895207,14.480451,14.454707,14.389871,14.011855,13.933354
426	0	24852	12.854548	198,279,220,271,311,264,459,1148	17.889458,15.939128,15.446431,15.078620,14.887978,14.669261,13.956752,13.899574
427	0	417	9.923351	198,220,271,279,311,791,264,40	18.053036,15.079707,15.012151,14.788615,13.778412,13.649785,13.534695,13.506721
428	0	1174	10.086298	198,279,220,271,311,58,264,720	18.823107,15.427907,15.294651,14.888455,14.713117,14.230260,14.119748,13.868103
429	0	60410	15.078173	198,220,279,311,264,271,1148,58	18.671362,16.135725,15.895207,14.480451,14.454707,14.389871,14.011855,13.933354
430	0	81764	16.558709	198,220,279,271,720,311,264,58	18.181402,15.685208,15.154991,14.709801,14.318340,14.228328,14.049103,13.664996
431	0	323	5.942208	198,220,279,271,264,311,58,720	18.049995,15.568700,15.072639,14.950204,14.052144,14.007525,13.758873,13.683796
432	0	68134	14.202295	198,279,271,220,1148,311,264,358	18.967333,16.630297,15.623357,15.527026,15.200047,15.161130,15.055745,14.154462
433	0	11166	12.750454	198,279,220,271,264,311,1148,791	18.312906,15.398529,15.383759,15.034762,14.094417,14.090164,13.774437,13.672023
434	0	662	10.185723	198,279,220,271,311,264,720,459	17.787018,15.875533,15.805661,15.086820,14.699628,14.583385,13.949666,13.928197
435	0	720	6.073459	198,220,279,271,311,58,264,1148	19.259867,15.553787,15.516285,15.292544,14.260818,14.174216,14.078700,14.015553
436	0	763	9.012630	198,220,279,271,58,720,311,264	19.881422,15.949043,15.516853,15.392487,14.785502,14.461006,14.271487,14.186085
437	0	220	3.795038	198,279,220,271,264,311,1148,791	18.797415,16.125460,15.528918,15.324336,14.702561,14.401233,14.349045,14.325582
438	0	1049	7.150563	198,279,220,271,311,16,264,40	18.766077,15.246310,15.127780,14.657084,14.053246,13.925771,13.895663,13.638062
439	0	21	6.776316	198,220,279,271,311,720,58,264	19.145376,15.599358,15.289726,15.136406,14.283032,14.121541,14.090299,13.967293
440	0	1174	10.070442	198,271,220,279,311,58,264,1148	19.035149,15.352287,15.294875,15.225036,14.173825,14.151741,13.954605,13.652901
441	0	426	9.592841	198,220,279,311,264,271,1148,58	18.671362,16.135725,15.895207,14.480451,14.454707,14.389871,14.011855,13.933354
442	0	11206	15.929732	198,271,279,220,311,264,58,720	18.981865,15.431035,15.388785,15.316892,14.273776,14.108276,13.991286,13.862599
443	0	466	9.127081	198,271,279,220,311,791,58,264	18.556183,15.155515,14.833047,14.665397,13.890060,13.732488,13.719321,13.468875
444	0	59335	16.650058	198,279,220,271,311,264,58,1148	18.397301,15.634975,15.201594,15.014995,14.617229,14.271591,13.862634,13.647873
445	0	16662	13.906708	198,279,220,264,311,459,720,271	17.204134,15.860713,15.857383,14.677567,14.566200,14.076286,13.864532,13.670926
446	0	1254	12.208994	198,279,220,271,264,311,1148,459	18.954418,17.217211,16.153080,15.716022,15.694230,15.629710,15.500197,15.004497
447	0	819	12.974492	198,271,279,220,311,40,791,264	18.094954,14.736241,14.728633,14.302827,13.593323,13.399837,13.311183,13.275418
448	0	675	13.248388	198,279,220,271,311,264,1148,58	18.331945,15.366040,15.002238,14.785072,14.151477,14.059711,13.595723,13.569271
449	0	304	7.357896	198,279,220,271,311,264,58,791	17.905870,14.894895,14.765887,14.523811,13.843730,13.576503,13.278691,13.238304
450	0	279	2.887989	198,279,220,271,264,311,1148,40	18.950945,16.603273,15.746308,15.313876,15.123643,15.104426,14.960145,14.019380
451	0	1514	10.047851	198,279,220,271,264,311,1148,358	18.504107,16.201950,15.707607,14.971087,14.814939,14.663467,14.555389,13.763947
452	0	94836	18.530078	198,279,271,311,220,264,1148,58	19.031229,16.197680,15.450953,15.174893,15.103482,14.738841,14.455983,14.124675
453	0	5439	11.806281	198,220,279,271,311,264,374,459	17.935678,15.866799,15.513793,15.370525,14.740970,14.289016,13.704055,13.650302
454	0	555	7.297380	198,279,220,311,264,271,1148,459	18.822229,16.379236,15.930041,15.327347,14.919528,14.810193,14.397092,14.074578
455	0	4488	10.238240	198,279,220,264,271,311,1148,459	18.269716,16.587511,16.407881,15.130507,15.087514,15.013158,14.668170,14.183831
456	0	46207	16.958320	198,279,220,271,264,311,1148,791	18.176802,15.851384,15.815673,15.287959,14.413322,14.351369,13.991282,13.723491
457	0	28607	14.399186	198,220,279,271,311,264,459,1148	17.613068,15.645446,15.559261,14.590450,14.314847,14.299470,13.666355,13.446037
458	0	662	9.806417	198,220,279,311,271,264,720,58	17.876120,15.870273,15.628666,14.845500,14.463660,14.364429,14.326810,13.644191
459	0	1283	11.331466	198,220,279,271,311,58,264,1148	19.259867,15.553787,15.516285,15.292544,14.260818,14.174216,14.078700,14.015553
460	0	9922	13.571153	198,279,220,271,311,264,1148,791	18.596600,15.791987,15.632672,15.211606,14.544949,14.464480,14.109708,13.793503
461	0	389	9.744713	198,220,279,311,271,264,58,1148	19.032953,16.028452,15.933513,14.972382,14.670326,14.559860,13.953384,13.928018
462	0	264	4.566221	198,279,220,271,311,264,1148,58	18.908995,16.311661,15.721172,15.205203,14.879685,14.844467,14.572635,14.020645
463	0	220	3.630607	198,279,220,271,264,311,1148,58	18.547049,15.787530,15.421504,14.913753,14.567592,14.413981,14.083964,13.790252
464	0	1049	7.150563	198,279,220,271,311,16,264,40	18.766077,15.246310,15.127780,14.657084,14.053246,13.925771,13.895663,13.638062
465	0	21	6.776316	198,220,279,271,311,720,58,264	19.145376,15.599358,15.289726,15.136406,14.283032,14.121541,14.090299,13.967293
466	0	9417	15.061734	198,271,220,279,311,58,264,1148	19.035149,15.352287,15.294875,15.225036,14.173825,14.151741,13.954605,13.652901
467	0	315	6.525426	198,271,279,220,311,1148,264,58	19.418863,16.341742,16.176762,15.604575,15.162646,14.918846,14.674159,14.562091
468	0	279	2.925444	198,279,220,271,264,1148,311,40	18.626772,16.315775,15.622025,15.046535,14.862449,14.754314,14.562825,13.861866
469	0	12707	13.507783	198,279,220,271,264,311,1148,358	18.504107,16.201950,15.707607,14.971087,14.814939,14.663467,14.555389,13.763947
470	0	4101	12.175071	198,279,271,220,311,1148,264,459	18.764252,16.072523,15.555923,15.077347,15.061897,14.650588,14.534302,13.913480
471	0	1174	10.949194	198,271,279,220,311,58,264,1148	19.379230,15.797452,15.630994,15.550960,14.837723,14.657628,14.321644,13.978892
472	0	54943	16.419876	198,220,279,311,264,271,1148,58	18.671362,16.135725,15.895207,14.480451,14.454707,14.389871,14.011855,13.933354
473	0	1174	9.862402	198,220,279,271,311,264,459,1148	17.762060,16.247572,16.164759,15.320076,15.297184,14.873233,14.288219,13.993962
474	0	8272	13.347546	198,220,279,311,264,271,1148,58	18.671362,16.135725,15.895207,14.480451,14.454707,14.389871,14.011855,13.933354
475	0	555	7.810205	198,279,220,271,311,264,1148,58	19.482672,16.543245,16.362448,15.436569,15.430298,15.068642,14.909412,14.483936
476	0	264	3.942423	198,279,220,264,271,311,1148,459	18.269716,16.587511,16.407881,15.130507,15.087514,15.013158,14.668170,14.183831
477	0	3560	12.155663	198,279,220,271,264,311,1148,58	18.547049,15.787530,15.421504,14.913753,14.567592,14.413981,14.083964,13.790252
478	0	304	7.084821	198,279,220,271,311,264,58,1148	18.740967,15.562267,15.408338,15.214139,14.941360,14.185773,14.065880,13.711120
479	0	279	2.887989	198,279,220,271,264,311,1148,40	18.950945,16.603273,15.746308,15.313876,15.123643,15.104426,14.960145,14.019380
480	0	220	3.408609	198,279,220,271,264,311,1148,358	18.504107,16.201950,15.707607,14.971087,14.814939,14.663467,14.555389,13.763947
481	0	1049	7.150563	198,279,220,271,311,16,264,40	18.766077,15.246310,15.127780,14.657084,14.053246,13.925771,13.895663,13.638062
482	0	22	7.377281	198,220,279,271,311,720,58,264	19.145376,15.599358,15.289726,15.136406,14.283032,14.121541,14.090299,13.967293
483	0	34596	15.284691	198,271,220,279,58,311,264,40	19.191587,15.356065,15.286087,15.239406,14.275744,14.253205,13.932019,13.667114
484	0	5788	12.889062	198,279,271,220,311,264,1148,58	19.191210,16.178673,15.843455,15.442566,15.341115,14.683835,14.595573,14.013045
485	0	315	7.074676	198,279,271,220,311,264,1148,58	19.159325,16.158325,16.028940,15.448414,15.322750,14.775345,14.546754,14.292015
486	0	2650	7.846841	198,279,220,271,264,1148,311,40	18.626772,16.315775,15.622025,15.046535,14.862449,14.754314,14.562825,13.861866
487	0	311	4.629959	198,279,220,271,311,264,1148,40	18.846142,15.926824,15.777428,15.528679,14.714317,14.523624,14.442955,14.276868
488	0	71727	17.524253	198,279,220,271,264,311,1148,459	18.632607,16.432772,15.888270,15.119868,15.032147,14.992795,14.589656,13.977638
489	0	15910	12.434129	198,271,279,220,791,40,311,3923	19.136515,16.237829,15.527321,14.916358,14.813146,14.479318,14.363304,14.115612
490	0	555	7.405324	198,279,220,311,264,271,58,1148	18.356653,15.941045,15.381644,15.109666,14.544520,14.513358,13.928226,13.901730
491	0	28978	12.193155	198,279,220,264,271,311,1148,459	18.269716,16.587511,16.407881,15.130507,15.087514,15.013158,14.668170,14.183831
492	0	648	11.887183	198,220,279,271,311,720,264,58	17.791611,15.046143,14.127669,14.122687,13.402751,12.873077,12.801170,12.795695
493	0	432	9.859230	198,279,271,220,311,264,40,791	18.399958,15.165006,15.149104,15.145484,14.163341,13.872088,13.671485,13.612251
494	0	85534	17.258943	198,279,220,271,311,264,720,58	18.275089,15.342969,15.290977,14.905055,14.251698,14.059329,14.001859,13.453278
495	0	662	10.240820	198,220,271,279,311,58,264,720	18.852804,15.757562,15.683169,15.326820,14.384677,14.374204,14.110901,13.895642
496	0	2650	8.785691	198,220,279,271,311,58,264,1148	19.259867,15.553787,15.516285,15.292544,14.260818,14.174216,14.078700,14.015553
497	0	311	4.629959	198,279,220,271,311,264,1148,40	18.846142,15.926824,15.777428,15.528679,14.714317,14.523624,14.442955,14.276868
498	0	71727	17.524253	198,279,220,271,264,311,1148,459	18.632607,16.432772,15.888270,15.119868,15.032147,14.992795,14.589656,13.977638
499	0	574	7.715722	198,271,279,220,791,40,311,3923	19.136515,16.237829,15.527321,14.916358,14.813146,14.479318,14.363304,14.115612
500	0	10887	12.370878	198,279,220,311,271,264,1148,459	18.858109,16.367050,15.893356,15.069974,15.064334,14.917911,14.824903,13.993687
501	0	520	6.457994	198,279,220,271,311,264,58,1148	19.382254,16.101913,15.867210,15.232937,14.983962,14.810084,14.614299,14.370320
502	0	14409	13.534768	198,279,220,264,311,271,1148,459	18.493658,16.325518,15.800122,14.829570,14.762273,14.676734,14.354856,13.789742
503	0	27315	15.728732	198,279,220,271,311,264,459,1148	17.442905,16.034344,15.476463,15.344714,14.857371,14.560460,14.082397,13.873166
504	0	304	6.984021	198,279,271,220,311,264,1148,791	19.183592,16.095842,16.076338,15.757309,15.209514,14.673749,14.480206,14.132527
505	0	279	2.887989	198,279,220,271,264,311,1148,40	18.950945,16.603273,15.746308,15.313876,15.123643,15.104426,14.960145,14.019380
506	0	7295	11.917795	198,279,220,271,264,311,1148,358	18.504107,16.201950,15.707607,14.971087,14.814939,14.663467,14.555389,13.763947
507	0	85303	16.292346	198,279,220,271,311,264,1148,459	18.460966,16.321394,15.988876,15.500592,15.129887,14.919258,14.419667,14.227733
508	0	315	7.290860	198,220,279,271,264,311,58,459	18.303720,16.137978,15.859168,15.219340,14.609904,14.488167,14.023950,13.994765
509	0	473	10.668703	198,279,220,271,264,1148,311,40	18.626772,16.315775,15.622025,15.046535,14.862449,14.754314,14.562825,13.861866
510	0	43157	18.775858	198,271,279,220,311,264,720,58	18.460787,15.185369,15.115921,14.810420,13.959147,13.797424,13.724582,13.570689
511	0	44774	18.625397	198,279,220,271,311,264,58,323	18.653524,16.225357,15.959628,15.547877,15.427073,14.822753,14.275973,13.993009
512	0	323	5.528262	198,279,271,220,311,264,1148,58	18.393419,15.396663,15.211761,15.126142,14.531947,14.133426,13.756485,13.597507
513	0	48550	13.219556	198,279,271,220,1148,311,264,358	18.967333,16.630297,15.623357,15.527026,15.200047,15.161130,15.055745,14.154462
514	0	5721	13.234655	198,279,271,220,791,311,14428,264	17.010069,14.085032,14.033958,13.959905,13.141373,13.091705,12.664552,12.626214
515	0	662	9.905665	198,279,220,311,271,264,720,1148	17.958914,15.814288,15.781932,14.800357,14.678227,14.448743,13.841496,13.625646
516	0	426	10.479372	198,220,279,271,311,58,264,1148	19.259867,15.553787,15.516285,15.292544,14.260818,14.174216,14.078700,14.015553
517	0	11206	15.929732	198,271,279,220,311,264,58,720	18.981865,15.431035,15.388785,15.316892,14.273776,14.108276,13.991286,13.862599
518	0	466	9.127081	198,271,279,220,311,791,58,264	18.556183,15.155515,14.833047,14.665397,13.890060,13.732488,13.719321,13.468875
519	0	59335	16.650058	198,279,220,271,311,264,58,1148	18.397301,15.634975,15.201594,15.014995,14.617229,14.271591,13.862634,13.647873
520	0	304	5.928199	198,279,220,264,311,459,720,271	17.204134,15.860713,15.857383,14.677567,14.566200,14.076286,13.864532,13.670926
521	0	1403	9.246386	198,279,220,271,264,311,1148,40	18.950945,16.603273,15.746308,15.313876,15.123643,15.104426,14.960145,14.019380
522	0	12631	15.966346	198,279,220,271,58,311,264,1148	18.944958,15.683182,15.187892,14.988383,14.429318,14.397880,14.390530,14.067677
523	0	304	7.168253	198,279,271,220,311,264,58,1148	19.347082,16.224586,15.807266,15.542377,15.292668,14.686253,14.561933,14.501282
524	0	220	3.744954	198,279,220,271,264,311,1148,40	18.950945,16.603273,15.746308,15.313876,15.123643,15.104426,14.960145,14.019380
525	0	1049	7.150563	198,279,220,271,311,16,264,40	18.766077,15.246310,15.127780,14.657084,14.053246,13.925771,13.895663,13.638062
526	0	23	7.335865	198,220,279,271,311,720,58,264	19.145376,15.599358,15.289726,15.136406,14.283032,14.121541,14.090299,13.967293
527	0	1174	9.903462	198,271,279,220,311,58,264,1148	18.990294,15.501362,15.313111,15.283616,14.374576,14.048587,13.928413,13.528104
528	0	6187	12.736775	198,220,279,311,264,271,1148,58	18.671362,16.135725,15.895207,14.480451,14.454707,14.389871,14.011855,13.933354
529	0	4238	13.397762	198,279,271,220,311,264,1148,58	19.353693,16.231920,16.138969,16.117785,14.992599,14.819473,14.480821,14.413257
530	0	4997	13.539584	198,279,220,271,311,264,58,720	18.856428,15.619934,15.370944,15.227901,14.795154,14.263707,14.226891,13.836232
531	0	31304	14.129277	198,279,220,271,311,264,459,1148	17.836111,15.405042,15.387085,14.774757,14.264127,13.965061,13.312420,13.216464
532	0	555	7.350699	198,220,279,271,311,264,374,1148	18.333029,16.092161,15.821400,15.241225,15.064076,14.580818,13.886757,13.854622
533	0	57337	17.302775	198,279,220,264,271,311,1148,459	18.269716,16.587511,16.407881,15.130507,15.087514,15.013158,14.668170,14.183831
534	0	12366	13.455039	198,279,271,220,311,264,1148,459	18.227697,16.109581,15.436343,15.314869,15.134953,14.596703,14.435647,14.069221
535	0	2009	12.477451	198,220,279,311,264,271,459,720	16.792160,15.605260,15.432754,14.532284,14.235488,14.026641,13.585720,13.547067
536	0	546	13.264480	198,220,279,271,311,791,264,1148	17.697016,14.905620,14.829061,14.500354,13.501698,13.464687,13.418832,13.058845
537	0	72	5.884196	198,279,220,271,311,58,264,720	18.273743,15.025947,14.787133,14.371013,14.156746,13.806554,13.601589,13.256699
538	0	1174	10.038464	198,220,279,271,311,58,264,720	18.787056,14.879247,14.845843,14.630879,13.871509,13.813344,13.559715,13.425766
539	0	323	5.974537	198,220,279,311,264,271,1148,58	18.671362,16.135725,15.895207,14.480451,14.454707,14.389871,14.011855,13.933354
540	0	4418	10.305466	198,279,271,220,1148,311,264,358	18.967333,16.630297,15.623357,15.527026,15.200047,15.161130,15.055745,14.154462
541	0	798	10.788951	198,279,220,271,311,264,40,791	18.665335,15.318255,15.230151,15.117454,14.332893,13.867932,13.856594,13.804616
542	0	54275	17.303982	198,220,279,271,311,58,264,720	18.109558,15.463389,15.214671,14.949712,14.555079,14.150094,14.007114,13.919047
543	0	15910	11.891692	198,220,279,271,264,311,459,720	17.814379,16.032305,15.655540,15.029578,14.522564,14.444138,13.906354,13.638412
544	0	555	7.405324	198,279,220,311,264,271,58,1148	18.356653,15.941045,15.381644,15.109666,14.544520,14.513358,13.928226,13.901730
545	0	12225	12.225687	198,279,220,264,271,311,1148,459	18.269716,16.587511,16.407881,15.130507,15.087514,15.013158,14.668170,14.183831
546	0	398	10.071756	198,220,271,279,311,791,58,264	17.779648,14.568275,14.342710,14.122336,13.062122,13.006240,12.754298,12.709213
547	0	89453	17.672583	198,279,220,271,311,264,1148,58	18.721409,15.724359,15.385831,15.045581,14.703354,14.435330,14.116805,13.897346
548	0	662	10.102888	198,220,279,311,264,459,271,477	15.805415,15.177696,15.074990,14.137806,13.774536,13.431506,13.411036,12.861443
549	0	763	8.663144	198,220,279,271,311,58,264,1148	19.259867,15.553787,15.516285,15.292544,14.260818,14.174216,14.078700,14.015553
550	0	3297	10.491756	198,279,220,271,264,311,1148,791	18.797415,16.125460,15.528918,15.324336,14.702561,14.401233,14.349045,14.325582
551	0	220	2.247814	198,220,279,271,311,264,1148,459	18.686066,17.021177,16.198462,15.208957,15.002040,14.782315,14.434831,13.943768
552	0	1049	7.150563	198,279,220,271,311,16,264,40	18.766077,15.246310,15.127780,14.657084,14.053246,13.925771,13.895663,13.638062
553	0	23	7.335865	198,220,279,271,311,720,58,264	19.145376,15.599358,15.289726,15.136406,14.283032,14.121541,14.090299,13.967293
554	0	1174	9.903462	198,271,279,220,311,58,264,1148	18.990294,15.501362,15.313111,15.283616,14.374576,14.048587,13.928413,13.528104
555	0	426	9.592841	198,220,279,311,264,271,1148,58	18.671362,16.135725,15.895207,14.480451,14.454707,14.389871,14.011855,13.933354
556	0	11206	15.929732	198,271,279,220,311,264,58,720	18.981865,15.431035,15.388785,15.316892,14.273776,14.108276,13.991286,13.862599
557	0	466	9.127081	198,271,279,220,311,791,58,264	18.556183,15.155515,14.833047,14.665397,13.890060,13.732488,13.719321,13.468875
558	0	1903	9.547736	198,279,220,271,311,264,58,1148	18.397301,15.634975,15.201594,15.014995,14.617229,14.271591,13.862634,13.647873
559	0	264	4.696785	198,279,220,271,311,264,1148,58	19.129919,16.265720,15.643102,15.174327,15.033551,14.818588,14.279492,14.120725
560	0	8810	14.865548	198,279,220,271,264,311,1148,58	18.547049,15.787530,15.421504,14.913753,14.567592,14.413981,14.083964,13.790252
561	0	11341	14.116085	198,279,220,271,311,264,1148,459	18.454376,16.151648,15.348058,15.302077,15.175588,14.705756,14.397553,13.934489
562	0	389	10.129763	198,279,271,220,311,58,264,1148	19.359039,15.640775,15.489818,15.244743,14.846901,14.393505,14.190240,13.918414
563	0	264	4.566221	198,279,220,271,311,264,1148,58	18.908995,16.311661,15.721172,15.205203,14.879685,14.844467,14.572635,14.020645
564	0	1403	9.341586	198,279,220,271,264,311,1148,58	18.547049,15.787530,15.421504,14.913753,14.567592,14.413981,14.083964,13.790252
565	0	571	12.920062	198,279,220,271,58,311,264,1148	18.944958,15.683182,15.187892,14.988383,14.429318,14.397880,14.390530,14.067677
566	0	12	7.630771	198,271,220,279,311,720,264,58	18.877089,15.476917,15.259456,15.048477,13.953631,13.723197,13.585559,13.515054
567	0	31	11.397432	198,220,279,271,264,311,16,720	18.656149,15.757072,15.598022,14.588622,14.302426,14.288079,14.050853,14.038518
568	0	961	9.165566	198,220,271,279,720,311,58,791	18.893549,15.361186,15.148519,15.060330,14.033162,13.825555,13.795158,13.605863
569	0	9417	15.111497	198,279,220,271,311,264,58,1148	19.089695,16.122583,15.847733,15.357768,15.151638,14.704722,14.549205,14.310227
570	0	15952	13.835721	198,271,279,220,311,1148,264,58	19.418863,16.341742,16.176762,15.604575,15.162646,14.918846,14.674159,14.562091
571	0	315	8.077988	198,220,271,279,58,311,264,12	18.595505,15.567580,15.295793,15.121423,14.646600,14.209633,13.896535,13.857720
572	0	279	2.925444	198,279,220,271,264,1148,311,40	18.626772,16.315775,15.622025,15.046535,14.862449,14.754314,14.562825,13.861866
573	0	12707	13.507783	198,279,220,271,264,311,1148,358	18.504107,16.201950,15.707607,14.971087,14.814939,14.663467,14.555389,13.763947
574	0	4101	12.175071	198,279,271,220,311,1148,264,459	18.764252,16.072523,15.555923,15.077347,15.061897,14.650588,14.534302,13.913480
575	0	468	13.725343	198,271,279,220,311,58,264,1148	19.379230,15.797452,15.630994,15.550960,14.837723,14.657628,14.321644,13.978892
576	0	1802	14.770531	198,279,220,271,311,264,720,58	18.344629,15.338974,15.159427,15.013577,14.190209,13.972035,13.793050,13.401985
577	0	279	3.171461	198,279,220,271,311,264,58,1148	18.694513,16.004602,15.819934,15.320109,14.776856,14.699879,14.182988,13.958050
578	0	15371	16.382049	198,279,220,271,264,311,1148,358	18.504107,16.201950,15.707607,14.971087,14.814939,14.663467,14.555389,13.763947
579	0	1174	9.932460	198,220,279,271,311,264,58,791	18.085960,15.417699,15.083736,14.974014,14.104054,13.717403,13.411435,13.369113
580	0	8272	13.347546	198,220,279,311,264,271,1148,58	18.671362,16.135725,15.895207,14.480451,14.454707,14.389871,14.011855,13.933354
581	0	555	7.810205	198,279,220,271,311,264,1148,58	19.482672,16.543245,16.362448,15.436569,15.430298,15.068642,14.909412,14.483936
582	0	459	4.889100	198,279,220,264,271,311,1148,459	18.269716,16.587511,16.407881,15.130507,15.087514,15.013158,14.668170,14.183831
583	0	11341	14.450322	198,279,220,271,264,311,1148,40	18.711750,15.816951,15.386074,15.130208,14.562922,14.493618,14.334157,14.087653
584	0	389	10.129763	198,279,271,220,311,58,264,1148	19.359039,15.640775,15.489818,15.244743,14.846901,14.393505,14.190240,13.918414
585	0	279	3.099027	198,279,220,271,311,264,1148,58	18.908995,16.311661,15.721172,15.205203,14.879685,14.844467,14.572635,14.020645
586	0	12707	13.507783	198,279,220,271,264,311,1148,358	18.504107,16.201950,15.707607,14.971087,14.814939,14.663467,14.555389,13.763947
587	0	4101	12.175071	198,279,271,220,311,1148,264,459	18.764252,16.072523,15.555923,15.077347,15.061897,14.650588,14.534302,13.913480
588	0	29878	19.314327	198,271,279,220,311,58,264,1148	19.379230,15.797452,15.630994,15.550960,14.837723,14.657628,14.321644,13.978892
589	0	86493	17.265384	198,220,271,279,311,58,720,264	18.114122,15.015317,14.602501,14.550551,13.825824,13.457717,13.314795,13.210477
590	0	304	6.650891	198,271,279,220,311,264,58,1148	18.741129,16.240301,16.147041,15.882660,15.466565,14.794747,14.588786,14.240640
591	0	6841	13.440592	198,279,220,271,264,311,1148,40	18.950945,16.603273,15.746308,15.313876,15.123643,15.104426,14.960145,14.019380
592	0	220	2.245593	198,220,279,271,311,264,1148,459	19.041466,17.289055,16.441000,15.578285,15.153348,14.970485,14.521396,14.175644
593	0	1049	7.150563	198,279,220,271,311,16,264,40	18.766077,15.246310,15.127780,14.657084,14.053246,13.925771,13.895663,13.638062
594	0	23	7.335865	198,220,279,271,311,720,58,264	19.145376,15.599358,15.289726,15.136406,14.283032,14.121541,14.090299,13.967293
595	0	662	10.185262	198,271,279,220,311,58,264,1148	18.990294,15.501362,15.313111,15.283616,14.374576,14.048587,13.928413,13.528104
596	0	1283	11.331466	198,220,279,271,311,58,264,1148	19.259867,15.553787,15.516285,15.292544,14.260818,14.174216,14.078700,14.015553
597	0	1047	8.735984	198,279,220,271,311,264,1148,791	18.596600,15.791987,15.632672,15.211606,14.544949,14.464480,14.109708,13.793503
598	0	264	4.640171	198,279,220,271,311,264,1148,58	19.243683,16.428125,15.747990,15.209363,15.160312,15.022217,14.968636,14.279015
599	0	46350	14.980250	198,279,220,271,264,311,1148,58	18.547049,15.787530,15.421504,14.913753,14.567592,14.413981,14.083964,13.790252
600	0	3560	12.148881	198,220,279,311,271,264,459,1148	18.461243,16.340719,16.291960,15.253919,15.081871,14.854636,14.316648,14.242664
601	0	304	7.084821	198,279,220,271,311,264,58,1148	18.740967,15.562267,15.408338,15.214139,14.941360,14.185773,14.065880,13.711120
602	0	5899	9.710030	198,279,220,271,264,311,1148,40	18.950945,16.603273,15.746308,15.313876,15.123643,15.104426,14.960145,14.019380
603	0	18243	16.152662	198,279,220,311,271,264,58,1148	18.783180,16.010933,15.601509,15.015643,14.959226,14.685941,14.490964,14.099086
604	0	315	6.569057	198,271,279,220,311,1148,264,58	19.470078,16.225374,16.180992,15.755572,15.331447,14.750645,14.673640,14.494534
605	0	279	2.925444	198,279,220,271,264,1148,311,40	18.626772,16.315775,15.622025,15.046535,14.862449,14.754314,14.562825,13.861866
606	0	12707	13.507783	198,279,220,271,264,311,1148,358	18.504107,16.201950,15.707607,14.971087,14.814939,14.663467,14.555389,13.763947
607	0	4101	12.175071	198,279,271,220,311,1148,264,459	18.764252,16.072523,15.555923,15.077347,15.061897,14.650588,14.534302,13.913480
608	0	49922	17.646395	198,271,279,220,311,58,264,1148	19.379230,15.797452,15.630994,15.550960,14.837723,14.657628,14.321644,13.978892
609	0	1919	11.256197	198,279,220,271,311,264,1148,791	18.944521,15.627464,15.488899,15.395299,14.400231,14.246200,13.916546,13.727487
610	0	304	7.485569	198,271,279,220,311,58,264,40	18.939545,15.238441,15.238082,15.198239,14.347407,14.263164,14.004369,13.881119
611	0	220	3.744954	198,279,220,271,264,311,1148,40	18.950945,16.603273,15.746308,15.313876,15.123643,15.104426,14.960145,14.019380
612	0	679	8.539570	198,279,220,271,311,16,264,40	18.766077,15.246310,15.127780,14.657084,14.053246,13.925771,13.895663,13.638062
613	0	15	7.062280	198,220,279,271,720,311,58,264	18.773994,15.773190,15.085135,14.925903,14.167328,14.122238,13.867890,13.803508
614	0	1174	10.230406	198,220,271,279,58,311,264,720	19.313576,15.251405,15.158494,15.145349,14.362620,14.217418,13.902452,13.646024
615	0	439	8.326083	198,220,279,311,264,271,1148,58	18.671362,16.135725,15.895207,14.480451,14.454707,14.389871,14.011855,13.933354
616	0	330	6.274130	198,279,220,271,264,311,1148,459	18.989246,16.445906,15.596809,15.330727,14.991197,14.986865,14.888507,13.965004
617	0	735	11.204031	198,279,271,220,40,791,311,1148	19.113209,15.553855,15.074097,14.703870,14.515191,14.263794,14.250152,14.176064
618	0	40608	15.137896	198,271,279,220,311,264,720,58	18.175468,15.153309,15.145389,15.135907,13.974278,13.916233,13.903310,13.529675
619	0	69168	17.236075	198,279,220,311,271,264,1148,459	17.891930,15.213847,14.891361,14.129421,13.980075,13.705256,13.444842,12.865661
620	0	330	6.566091	198,271,279,220,311,264,791,58	18.609114,15.534152,15.467709,15.452565,14.504471,14.242497,13.855063,13.744931
621	0	662	10.733907	198,279,271,220,40,791,311,1148	19.113209,15.553855,15.074097,14.703870,14.515191,14.263794,14.250152,14.176064
622	0	426	10.479372	198,220,279,271,311,58,264,1148	19.259867,15.553787,15.516285,15.292544,14.260818,14.174216,14.078700,14.015553
623	0	11206	15.929732	198,271,279,220,311,264,58,720	18.981865,15.431035,15.388785,15.316892,14.273776,14.108276,13.991286,13.862599
624	0	466	9.127081	198,271,279,220,311,791,58,264	18.556183,15.155515,14.833047,14.665397,13.890060,13.732488,13.719321,13.468875
625	0	59335	16.650058	198,279,220,271,311,264,58,1148	18.397301,15.634975,15.201594,15.014995,14.617229,14.271591,13.862634,13.647873
626	0	304	5.928199	198,279,220,264,311,459,720,271	17.204134,15.860713,15.857383,14.677567,14.566200,14.076286,13.864532,13.670926
627	0	279	2.887989	198,279,220,271,264,311,1148,40	18.950945,16.603273,15.746308,15.313876,15.123643,15.104426,14.960145,14.019380
628	0	220	3.408609	198,279,220,271,264,311,1148,358	18.504107,16.201950,15.707607,14.971087,14.814939,14.663467,14.555389,13.763947
629	0	679	8.539570	198,279,220,271,311,16,264,40	18.766077,15.246310,15.127780,14.657084,14.053246,13.925771,13.895663,13.638062
630	0	16	5.604203	198,220,279,271,720,311,58,264	18.773994,15.773190,15.085135,14.925903,14.167328,14.122238,13.867890,13.803508
631	0	4632	14.652100	198,220,279,271,58,311,264,16	18.964964,15.328135,15.126182,14.913250,14.171283,14.153069,13.872467,13.620055
632	0	25145	15.406053	198,279,220,271,311,264,1148,58	18.897436,16.371111,15.660558,15.604062,15.204818,14.795837,14.672093,14.309093
633	0	85375	18.568800	198,220,279,271,311,264,720,791	17.475922,14.829139,14.347699,14.258858,13.508950,13.000529,12.578259,12.489296
634	0	15910	12.645125	198,220,279,271,311,58,264,720	19.293610,16.057421,15.723331,15.508723,15.134418,14.662473,14.548255,13.883166
635	0	555	7.405324	198,279,220,311,264,271,58,1148	18.356653,15.941045,15.381644,15.109666,14.544520,14.513358,13.928226,13.901730
636	0	12366	13.449712	198,279,220,264,271,311,1148,459	18.269716,16.587511,16.407881,15.130507,15.087514,15.013158,14.668170,14.183831
637	0	2009	12.477451	198,220,279,311,264,271,459,720	16.792160,15.605260,15.432754,14.532284,14.235488,14.026641,13.585720,13.547067
638	0	546	13.264480	198,220,279,271,311,791,264,1148	17.697016,14.905620,14.829061,14.500354,13.501698,13.464687,13.418832,13.058845
639	0	72	5.884196	198,279,220,271,311,58,264,720	18.273743,15.025947,14.787133,14.371013,14.156746,13.806554,13.601589,13.256699
640	0	662	10.325723	198,220,279,271,311,58,264,720	18.787056,14.879247,14.845843,14.630879,13.871509,13.813344,13.559715,13.425766
641	0	720	6.073459	198,220,279,271,311,58,264,1148	19.259867,15.553787,15.516285,15.292544,14.260818,14.174216,14.078700,14.015553
642	0	284	10.988163	198,220,279,271,58,720,311,264	19.881422,15.949043,15.516853,15.392487,14.785502,14.461006,14.271487,14.186085
643	0	284	9.410116	198,220,279,720,264,271,311,58	18.537247,16.457205,15.866096,14.840908,14.627480,14.468178,14.323874,13.890813
644	0	41576	15.003604	198,220,279,720,264,271,311,58	18.537247,16.457205,15.866096,14.840908,14.627480,14.468178,14.323874,13.890813
645	0	284	11.214781	198,271,220,279,311,264,791,1148	19.027748,16.205633,15.975121,15.919326,14.973988,14.651058,14.236676,14.190712
646	0	284	9.410116	198,220,279,720,264,271,311,58	18.537247,16.457205,15.866096,14.840908,14.627480,14.468178,14.323874,13.890813
647	0	720	4.193514	198,220,279,720,264,271,311,58	18.537247,16.457205,15.866096,14.840908,14.627480,14.468178,14.323874,13.890813
648	0	284	10.988163	198,220,279,271,58,720,311,264	19.881422,15.949043,15.516853,15.392487,14.785502,14.461006,14.271487,14.186085
649	0	284	9.410116	198,220,279,720,264,271,311,58	18.537247,16.457205,15.866096,14.840908,14.627480,14.468178,14.323874,13.890813
650	0	284	9.410116	198,220,279,720,264,271,311,58	18.537247,16.457205,15.866096,14.840908,14.627480,14.468178,14.323874,13.890813
651	0	220	2.577218	198,220,279,720,264,271,311,58	18.537247,16.457205,15.866096,14.840908,14.627480,14.468178,14.323874,13.890813
652	0	1049	7.150563	198,279,220,271,311,16,264,40	18.766077,15.246310,15.127780,14.657084,14.053246,13.925771,13.895663,13.638062
653	0	15	7.096906	198,220,279,271,311,720,58,264	19.145376,15.599358,15.289726,15.136406,14.283032,14.121541,14.090299,13.967293
654	0	1389	11.273161	198,220,271,279,58,311,264,720	19.313576,15.251405,15.158494,15.145349,14.362620,14.217418,13.902452,13.646024
655	0	220	3.101093	198,220,279,264,271,311,1148,720	19.005037,16.300184,16.028305,14.736870,14.660619,14.653699,14.284973,14.253562
656	0	1049	7.150563	198,279,220,271,311,16,264,40	18.766077,15.246310,15.127780,14.657084,14.053246,13.925771,13.895663,13.638062
657	0	20	6.278170	198,220,279,271,311,720,58,264	19.145376,15.599358,15.289726,15.136406,14.283032,14.121541,14.090299,13.967293
658	0	284	10.163856	198,220,271,279,311,58,264,720	18.913794,15.205577,15.131340,15.068646,14.115550,13.931213,13.819122,13.469662
659	0	284	9.410116	198,220,279,720,264,271,311,58	18.537247,16.457205,15.866096,14.840908,14.627480,14.468178,14.323874,13.890813
660	0	284	9.410116	198,220,279,720,264,271,311,58	18.537247,16.457205,15.866096,14.840908,14.627480,14.468178,14.323874,13.890813
661	0	720	4.193514	198,220,279,720,264,271,311,58	18.537247,16.457205,15.866096,14.840908,14.627480,14.468178,14.323874,13.890813
662	0	763	9.012630	198,220,279,271,58,720,311,264	19.881422,15.949043,15.516853,15.392487,14.785502,14.461006,14.271487,14.186085
663	0	220	3.795038	198,279,220,271,264,311,1148,791	18.797415,16.125460,15.528918,15.324336,14.702561,14.401233,14.349045,14.325582
664	0	1049	7.150563	198,279,220,271,311,16,264,40	18.766077,15.246310,15.127780,14.657084,14.053246,13.925771,13.895663,13.638062
665	0	15	7.096906	198,220,279,271,311,720,58,264	19.145376,15.599358,15.289726,15.136406,14.283032,14.121541,14.090299,13.967293
666	0	426	10.953182	198,220,271,279,58,311,264,720	19.313576,15.251405,15.158494,15.145349,14.362620,14.217418,13.902452,13.646024
667	0	11206	15.929732	198,271,279,220,311,264,58,720	18.981865,15.431035,15.388785,15.316892,14.273776,14.108276,13.991286,13.862599
668	0	466	9.127081	198,271,279,220,311,791,58,264	18.556183,15.155515,14.833047,14.665397,13.890060,13.732488,13.719321,13.468875
669	0	1047	8.699031	198,279,220,271,311,264,58,1148	18.397301,15.634975,15.201594,15.014995,14.617229,14.271591,13.862634,13.647873
670	0	264	4.640171	198,279,220,271,311,264,1148,58	19.243683,16.428125,15.747990,15.209363,15.160312,15.022217,14.968636,14.279015
671	0	8810	14.865548	198,279,220,271,264,311,1148,58	18.547049,15.787530,15.421504,14.913753,14.567592,14.413981,14.083964,13.790252
672	0	571	12.102436	198,279,220,271,311,264,1148,459	18.454376,16.151648,15.348058,15.302077,15.175588,14.705756,14.397553,13.934489
673	0	12	7.630771	198,271,220,279,311,720,264,58	18.877089,15.476917,15.259456,15.048477,13.953631,13.723197,13.585559,13.515054
674	0	31	11.397432	198,220,279,271,264,311,16,720	18.656149,15.757072,15.598022,14.588622,14.302426,14.288079,14.050853,14.038518
675	0	40500	15.059217	198,220,271,279,720,311,58,791	18.893549,15.361186,15.148519,15.060330,14.033162,13.825555,13.795158,13.605863
676	0	3560	11.802867	198,279,220,264,311,459,1148,271	17.749941,16.510471,16.349922,15.039102,14.645747,14.552798,14.532207,14.332108
677	0	389	9.789761	198,279,220,271,311,264,58,1148	18.740967,15.562267,15.408338,15.214139,14.941360,14.185773,14.065880,13.711120
678	0	279	3.099027	198,279,220,271,311,264,1148,58	18.908995,16.311661,15.721172,15.205203,14.879685,14.844467,14.572635,14.020645
679	0	12707	13.507783	198,279,220,271,264,311,1148,358	18.504107,16.201950,15.707607,14.971087,14.814939,14.663467,14.555389,13.763947
680	0	4101	12.175071	198,279,271,220,311,1148,264,459	18.764252,16.072523,15.555923,15.077347,15.061897,14.650588,14.534302,13.913480
681	0	578	7.346711	198,271,279,220,311,58,264,1148	19.379230,15.797452,15.630994,15.550960,14.837723,14.657628,14.321644,13.978892
682	0	8766	14.014007	198,279,220,271,264,311,1148,720	18.520954,15.931180,15.842423,15.104661,14.573087,14.325241,14.097007,13.880267
683	0	2652	11.466378	198,279,220,271,311,264,1148,791	18.640305,16.346800,16.185703,15.702922,14.976029,14.957442,14.706784,14.330579
684	0	568	7.393327	198,220,279,271,311,264,58,720	19.647217,16.364851,16.003119,14.854388,14.730312,14.545007,14.536957,14.395274
685	0	45877	13.368448	198,279,220,271,311,1148,264,40	18.946753,15.872002,15.372060,15.305469,14.665222,14.526103,14.484082,14.378564
686	0	330	6.842468	198,279,271,220,311,1148,264,791	19.104362,16.112196,15.284543,15.187650,14.654431,14.648368,14.531364,14.126975
687	0	10016	12.686121	198,279,271,220,40,791,311,1148	19.113209,15.553855,15.074097,14.703870,14.515191,14.263794,14.250152,14.176064
688	0	4366	10.688822	198,279,271,220,264,311,1148,791	18.468851,16.037718,15.965510,15.691330,14.633896,14.603233,14.593048,14.351524
689	0	894	11.714286	198,220,271,279,58,791,264,311	18.018131,15.065751,14.513290,14.383255,13.279953,13.257386,13.252213,13.236595
690	0	330	6.632247	198,279,271,220,311,264,1148,791	18.606102,15.558929,15.503789,15.165744,14.622997,14.243286,13.922147,13.891976
691	0	304	7.776999	198,279,271,220,40,791,311,1148	19.113209,15.553855,15.074097,14.703870,14.515191,14.263794,14.250152,14.176064
692	0	279	2.887989	198,279,220,271,264,311,1148,40	18.950945,16.603273,15.746308,15.313876,15.123643,15.104426,14.960145,14.019380
693	0	9417	14.125231	198,279,220,271,264,311,1148,358	18.504107,16.201950,15.707607,14.971087,14.814939,14.663467,14.555389,13.763947
694	0	1174	10.852083	198,271,279,220,311,1148,264,58	19.418863,16.341742,16.176762,15.604575,15.162646,14.918846,14.674159,14.562091
695	0	330	5.997694	198,220,279,311,264,271,1148,58	18.671362,16.135725,15.895207,14.480451,14.454707,14.389871,14.011855,13.933354
696	0	763	8.902772	198,279,271,220,40,791,311,1148	19.113209,15.553855,15.074097,14.703870,14.515191,14.263794,14.250152,14.176064
697	0	23088	16.165092	198,279,220,271,264,311,1148,791	18.797415,16.125460,15.528918,15.324336,14.702561,14.401233,14.349045,14.325582
698	0	43396	14.845515	198,279,220,271,311,264,459,323	17.857985,15.702312,15.541214,15.318673,14.976925,14.377500,13.604678,13.491742
699	0	330	7.036775	198,220,279,271,311,264,791,40	18.241224,15.439052,15.432391,15.363496,14.669513,14.172229,13.943931,13.568835
700	0	662	10.733907	198,279,271,220,40,791,311,1148	19.113209,15.553855,15.074097,14.703870,14.515191,14.263794,14.250152,14.176064
701	0	426	10.479372	198,220,279,271,311,58,264,1148	19.259867,15.553787,15.516285,15.292544,14.260818,14.174216,14.078700,14.015553
702	0	11206	15.929732	198,271,279,220,311,264,58,720	18.981865,15.431035,15.388785,15.316892,14.273776,14.108276,13.991286,13.862599
703	0	466	9.127081	198,271,279,220,311,791,58,264	18.556183,15.155515,14.833047,14.665397,13.890060,13.732488,13.719321,13.468875
704	0	59335	16.650058	198,279,220,271,311,264,58,1148	18.397301,15.634975,15.201594,15.014995,14.617229,14.271591,13.862634,13.647873
705	0	439	7.745752	198,279,220,264,311,459,720,271	17.204134,15.860713,15.857383,14.677567,14.566200,14.076286,13.864532,13.670926
706	0	330	6.274130	198,279,220,271,264,311,1148,459	18.989246,16.445906,15.596809,15.330727,14.991197,14.986865,14.888507,13.965004
707	0	10016	12.686121	198,279,271,220,40,791,311,1148	19.113209,15.553855,15.074097,14.703870,14.515191,14.263794,14.250152,14.176064
708	0	330	6.308290	198,279,271,220,264,311,1148,791	18.468851,16.037718,15.965510,15.691330,14.633896,14.603233,14.593048,14.351524
709	0	304	7.776999	198,279,271,220,40,791,311,1148	19.113209,15.553855,15.074097,14.703870,14.515191,14.263794,14.250152,14.176064
710	0	279	2.887989	198,279,220,271,264,311,1148,40	18.950945,16.603273,15.746308,15.313876,15.123643,15.104426,14.960145,14.019380
711	0	1514	10.047851	198,279,220,271,264,311,1148,358	18.504107,16.201950,15.707607,14.971087,14.814939,14.663467,14.555389,13.763947
712	0	6385	12.754374	198,279,271,311,220,264,1148,58	19.031229,16.197680,15.450953,15.174893,15.103482,14.738841,14.455983,14.124675
713	0	2439	13.418836	198,279,220,271,311,264,1148,720	18.232672,15.874290,15.620744,15.132873,14.603137,14.514155,14.058805,13.986566
714	0	5439	12.410153	198,279,220,271,311,264,58,1148	18.799862,15.440412,15.311383,15.223007,14.721045,14.158793,14.102115,13.591148
715	0	555	7.297380	198,279,220,311,264,271,1148,459	18.822229,16.379236,15.930041,15.327347,14.919528,14.810193,14.397092,14.074578
716	0	22021	14.134741	198,279,220,264,271,311,1148,459	18.269716,16.587511,16.407881,15.130507,15.087514,15.013158,14.668170,14.183831
717	0	77023	15.230272	198,220,279,271,264,311,58,791	17.811884,15.304603,15.017819,14.585804,13.859889,13.800702,13.407757,13.206467
718	0	1174	9.348617	198,220,279,271,311,264,720,58	17.825220,15.491215,15.051777,14.483311,14.128829,13.831403,13.609375,13.459867
719	0	902	7.966628	198,220,279,311,264,271,1148,58	18.671362,16.135725,15.895207,14.480451,14.454707,14.389871,14.011855,13.933354
720	0	574	7.717198	198,279,271,220,311,1148,264,58	19.488577,16.021399,15.547188,15.308849,14.773735,14.749111,14.502275,14.423524
721	0	10887	12.370878	198,279,220,311,271,264,1148,459	18.858109,16.367050,15.893356,15.069974,15.064334,14.917911,14.824903,13.993687
722	0	304	7.587820	198,279,220,271,311,264,58,1148	19.382254,16.101913,15.867210,15.232937,14.983962,14.810084,14.614299,14.370320
723	0	220	3.744954	198,279,220,271,264,311,1148,40	18.950945,16.603273,15.746308,15.313876,15.123643,15.104426,14.960145,14.019380
724	0	1049	7.150563	198,279,220,271,311,16,264,40	18.766077,15.246310,15.127780,14.657084,14.053246,13.925771,13.895663,13.638062
725	0	16	5.782646	198,220,279,271,311,720,58,264	19.145376,15.599358,15.289726,15.136406,14.283032,14.121541,14.090299,13.967293
726	0	520	7.166889	198,220,279,271,58,311,264,16	18.964964,15.328135,15.126182,14.913250,14.171283,14.153069,13.872467,13.620055
727	0	279	2.740199	198,279,220,264,311,271,1148,459	18.493658,16.325518,15.800122,14.829570,14.762273,14.676734,14.354856,13.789742
728	0	16591	13.896271	198,279,220,271,264,311,1148,358	18.504107,16.201950,15.707607,14.971087,14.814939,14.663467,14.555389,13.763947
729	0	7301	12.661759	198,279,220,271,311,264,1148,791	18.064711,15.511077,15.302604,15.295197,14.332958,14.131793,14.049416,13.729548
730	0	27315	16.247422	198,279,220,271,311,264,1148,459	18.390797,16.472063,16.104929,15.634498,15.249825,14.982478,14.324039,14.261495
731	0	662	10.672179	198,279,271,220,311,264,1148,791	19.183592,16.095842,16.076338,15.757309,15.209514,14.673749,14.480206,14.132527
732	0	362	9.322365	198,220,279,271,311,58,264,1148	19.259867,15.553787,15.516285,15.292544,14.260818,14.174216,14.078700,14.015553
733	0	3477	10.331727	198,279,220,271,311,264,58,720	18.775162,15.512212,15.390582,15.244216,14.322177,14.272491,13.869336,13.737117
734	0	315	7.118401	198,279,271,220,311,264,1148,58	19.350378,16.636963,16.154617,16.086081,15.494130,15.156751,14.986468,14.675922
735	0	426	9.474849	198,279,220,271,264,1148,311,40	18.626772,16.315775,15.622025,15.046535,14.862449,14.754314,14.562825,13.861866
736	0	11206	15.929732	198,271,279,220,311,264,58,720	18.981865,15.431035,15.388785,15.316892,14.273776,14.108276,13.991286,13.862599
737	0	466	9.127081	198,271,279,220,311,791,58,264	18.556183,15.155515,14.833047,14.665397,13.890060,13.732488,13.719321,13.468875
738	0	364	9.700782	198,279,220,271,311,264,58,1148	18.397301,15.634975,15.201594,15.014995,14.617229,14.271591,13.862634,13.647873
739	0	82	5.832172	198,279,271,220,40,311,791,264	18.714439,15.328354,14.790521,14.707524,14.179112,13.983083,13.943271,13.877682
740	0	5178	13.573062	198,279,271,220,311,58,264,512	19.069304,15.280910,15.120506,14.856172,14.401717,14.303184,14.008422,13.606705
741	0	304	7.420947	198,271,279,311,220,58,264,1148	19.910509,16.212639,16.052023,15.206462,15.057866,14.875728,14.598442,14.571742
742	0	578	6.701634	198,279,220,271,264,311,1148,40	18.950945,16.603273,15.746308,15.313876,15.123643,15.104426,14.960145,14.019380
743	0	22765	13.584504	198,279,220,271,264,311,1148,720	18.520954,15.931180,15.842423,15.104661,14.573087,14.325241,14.097007,13.880267
744	0	389	9.897860	198,220,279,271,311,264,791,58	18.696329,15.952235,15.632820,15.381393,14.395793,14.327245,13.961635,13.768547
745	0	7418	14.265729	198,279,220,271,311,264,1148,58	18.908995,16.311661,15.721172,15.205203,14.879685,14.844467,14.572635,14.020645
746	0	7633	10.910126	198,220,279,271,311,264,459,1148	18.395510,16.939669,16.484858,15.508820,15.268291,15.236783,14.516892,14.393094
747	0	1461	9.635927	198,279,220,271,311,264,1148,58	19.233353,16.399893,16.316183,15.397817,15.327888,15.000882,14.594898,14.401227
748	0	439	8.011812	198,279,220,271,311,264,1148,58	19.111380,16.327999,15.707362,15.592114,15.360028,14.869618,14.714114,14.321960
749	0	330	6.274130	198,279,220,271,264,311,1148,459	18.989246,16.445906,15.596809,15.330727,14.991197,14.986865,14.888507,13.965004
750	0	77104	16.361745	198,279,271,220,40,791,311,1148	19.113209,15.553855,15.074097,14.703870,14.515191,14.263794,14.250152,14.176064
751	0	95072	16.619651	198,279,220,271,311,264,1148,40	19.237982,15.973454,15.603026,15.405477,14.888824,14.592961,14.580910,14.169810
752	0	330	5.922514	198,279,220,311,264,459,271,1148	16.774561,15.582976,15.192101,14.393725,14.264768,13.821261,13.726937,13.268872
753	0	304	7.776999	198,279,271,220,40,791,311,1148	19.113209,15.553855,15.074097,14.703870,14.515191,14.263794,14.250152,14.176064
754	0	279	2.887989	198,279,220,271,264,311,1148,40	18.950945,16.603273,15.746308,15.313876,15.123643,15.104426,14.960145,14.019380
755	0	3560	11.902086	198,279,220,271,264,311,1148,358	18.504107,16.201950,15.707607,14.971087,14.814939,14.663467,14.555389,13.763947
756	0	1174	10.496434	198,279,220,271,311,264,58,1148	18.740967,15.562267,15.408338,15.214139,14.941360,14.185773,14.065880,13.711120
757	0	323	5.974537	198,220,279,311,264,271,1148,58	18.671362,16.135725,15.895207,14.480451,14.454707,14.389871,14.011855,13.933354
758	0	568	6.343742	198,279,271,220,1148,311,264,358	18.967333,16.630297,15.623357,15.527026,15.200047,15.161130,15.055745,14.154462
759	0	4036	12.222072	198,279,220,271,311,1148,264,40	18.946753,15.872002,15.372060,15.305469,14.665222,14.526103,14.484082,14.378564
760	0	9200	13.161363	198,279,220,271,311,264,1148,58	19.143290,16.650431,16.315928,15.555957,15.448666,15.361943,14.674453,14.486004
761	0	8544	11.937213	198,279,220,271,311,264,1148,58	18.364870,15.770902,15.466273,15.304151,14.980884,14.315407,14.095901,13.691920
762	0	304	7.010494	198,279,271,220,311,264,1148,58	19.485781,16.559807,16.046278,15.883140,15.466221,15.058417,14.830585,14.387397
763	0	578	6.701634	198,279,220,271,264,311,1148,40	18.950945,16.603273,15.746308,15.313876,15.123643,15.104426,14.960145,14.019380
764	0	42769	17.934124	198,279,220,271,264,311,1148,720	18.520954,15.931180,15.842423,15.104661,14.573087,14.325241,14.097007,13.880267
765	0	1174	9.387775	198,279,220,271,311,264,1148,459	17.954367,15.965419,15.636107,15.491763,14.709881,14.650968,13.984660,13.951938
766	0	323	5.974537	198,220,279,311,264,271,1148,58	18.671362,16.135725,15.895207,14.480451,14.454707,14.389871,14.011855,13.933354
767	0	57202	16.122339	198,279,271,220,1148,311,264,358	18.967333,16.630297,15.623357,15.527026,15.200047,15.161130,15.055745,14.154462
768	0	12028	13.703077	198,220,279,271,311,264,1148,459	18.696342,16.278250,16.077311,15.382800,14.903430,14.830293,14.087443,14.053512
769	0	662	10.665699	198,271,220,279,58,311,264,791	19.277605,15.974467,15.757407,15.632416,14.662427,14.351276,14.267850,14.235608
770	0	1283	11.331466	198,220,279,271,311,58,264,1148	19.259867,15.553787,15.516285,15.292544,14.260818,14.174216,14.078700,14.015553
771	0	9922	13.571153	198,279,220,271,311,264,1148,791	18.596600,15.791987,15.632672,15.211606,14.544949,14.464480,14.109708,13.793503
772	0	304	7.072199	198,220,279,311,271,264,58,1148	19.032953,16.028452,15.933513,14.972382,14.670326,14.559860,13.953384,13.928018
773	0	279	2.887989	198,279,220,271,264,311,1148,40	18.950945,16.603273,15.746308,15.313876,15.123643,15.104426,14.960145,14.019380
774	0	12707	13.507783	198,279,220,271,264,311,1148,358	18.504107,16.201950,15.707607,14.971087,14.814939,14.663467,14.555389,13.763947
775	0	4101	12.175071	198,279,271,220,311,1148,264,459	18.764252,16.072523,15.555923,15.077347,15.061897,14.650588,14.534302,13.913480
776	0	20819	13.701495	198,271,279,220,311,58,264,1148	19.379230,15.797452,15.630994,15.550960,14.837723,14.657628,14.321644,13.978892
777	0	3842	9.890005	198,279,220,271,311,264,459,1148	17.559238,16.322279,16.099487,15.126048,14.908404,14.857819,14.185871,14.123637
778	0	1611	9.439437	198,220,279,271,311,264,1148,459	18.259724,15.997983,15.974868,15.393321,14.609756,14.564572,14.289529,13.870221
779	0	291	10.395703	198,220,279,271,720,311,264,791	17.958679,15.156242,14.669094,14.394261,13.625732,13.449851,13.337181,13.088097
780	0	304	7.223604	198,279,220,271,311,264,58,1148	18.606642,15.496353,15.306752,14.885823,14.561710,14.244832,14.078266,13.743455
781	0	220	3.744954	198,279,220,271,264,311,1148,40	18.950945,16.603273,15.746308,15.313876,15.123643,15.104426,14.960145,14.019380
782	0	1049	7.150563	198,279,220,271,311,16,264,40	18.766077,15.246310,15.127780,14.657084,14.053246,13.925771,13.895663,13.638062
783	0	17	6.655182	198,220,279,271,311,720,58,264	19.145376,15.599358,15.289726,15.136406,14.283032,14.121541,14.090299,13.967293
784	0	439	8.930949	198,220,279,271,58,311,720,264	18.775246,15.091949,14.869347,14.850726,14.182465,13.879420,13.713851,13.707257
785	0	330	6.274130	198,279,220,271,264,311,1148,459	18.989246,16.445906,15.596809,15.330727,14.991197,14.986865,14.888507,13.965004
786	0	2758	12.941215	198,279,271,220,40,791,311,1148	19.113209,15.553855,15.074097,14.703870,14.515191,14.263794,14.250152,14.176064
787	0	336	9.988993	198,279,220,311,264,271,58,459	18.022131,16.163134,15.984161,14.882199,14.838753,14.564046,13.864151,13.812019
788	0	1676	14.282449	198,220,279,311,271,264,720,58	17.876648,15.372636,15.173744,14.409252,14.242175,13.822305,13.364818,13.166074
789	0	1800	12.613225	198,220,279,271,791,311,40,264	18.026955,14.911849,14.742221,14.631406,13.781323,13.524680,13.425244,13.386292
790	0	425	14.267851	198,220,279,311,271,264,58,459	17.651224,15.597061,15.284287,14.523678,14.438472,14.007660,13.348796,13.141292
791	0	330	6.447124	198,220,279,271,311,58,720,264	19.170900,15.823850,15.644897,15.530190,14.837281,14.546249,14.367751,14.354816
792	0	304	7.776999	198,279,271,220,40,791,311,1148	19.113209,15.553855,15.074097,14.703870,14.515191,14.263794,14.250152,14.176064
793	0	279	2.887989	198,279,220,271,264,311,1148,40	18.950945,16.603273,15.746308,15.313876,15.123643,15.104426,14.960145,14.019380
794	0	9417	14.125231	198,279,220,271,264,311,1148,358	18.504107,16.201950,15.707607,14.971087,14.814939,14.663467,14.555389,13.763947
795	0	330	6.938097	198,271,279,220,311,1148,264,58	19.418863,16.341742,16.176762,15.604575,15.162646,14.918846,14.674159,14.562091
796	0	31597	13.925550	198,279,271,220,40,791,311,1148	19.113209,15.553855,15.074097,14.703870,14.515191,14.263794,14.250152,14.176064
797	0	64412	18.121972	198,279,220,271,264,311,791,459	18.045225,15.788335,15.691223,15.505139,14.510396,14.395751,14.066628,14.012272
798	0	72	6.343748	198,220,271,279,311,791,58,40	18.327726,15.324444,14.957520,14.521342,13.875728,13.733201,13.605110,13.477015
799	0	2301	13.426603	198,220,279,271,311,58,264,720	18.787056,14.879247,14.845843,14.630879,13.871509,13.813344,13.559715,13.425766
800	0	330	6.213916	198,220,279,271,311,264,58,720	18.112150,15.523827,15.432530,14.955108,14.901858,14.222165,13.738307,13.383830
801	0	1174	10.739744	198,279,271,220,40,791,311,1148	19.113209,15.553855,15.074097,14.703870,14.515191,14.263794,14.250152,14.176064
802	0	323	5.974537	198,220,279,311,264,271,1148,58	18.671362,16.135725,15.895207,14.480451,14.454707,14.389871,14.011855,13.933354
803	0	1047	8.208896	198,279,271,220,1148,311,264,358	18.967333,16.630297,15.623357,15.527026,15.200047,15.161130,15.055745,14.154462
804	0	264	4.640171	198,279,220,271,311,264,1148,58	19.243683,16.428125,15.747990,15.209363,15.160312,15.022217,14.968636,14.279015
805	0	3560	12.155663	198,279,220,271,264,311,1148,58	18.547049,15.787530,15.421504,14.913753,14.567592,14.413981,14.083964,13.790252
806	0	439	8.249803	198,279,220,271,311,264,58,1148	18.740967,15.562267,15.408338,15.214139,14.941360,14.185773,14.065880,13.711120
807	0	264	4.491922	198,279,220,271,264,311,1148,459	18.989246,16.445906,15.596809,15.330727,14.991197,14.986865,14.888507,13.965004
808	0	2204	10.920414	198,279,220,271,264,311,1148,58	18.547049,15.787530,15.421504,14.913753,14.567592,14.413981,14.083964,13.790252
809	0	3752	12.872411	198,279,220,311,271,264,1148,720	19.051033,16.388586,15.638374,15.191444,15.088352,14.868309,14.635674,14.298676
810	0	330	6.822293	198,279,271,220,311,264,58,1148	19.332479,15.782514,15.603061,15.380282,14.928279,14.385524,14.207561,14.157161
811	0	79479	14.947125	198,279,271,220,40,791,311,1148	19.113209,15.553855,15.074097,14.703870,14.515191,14.263794,14.250152,14.176064
812	0	57493	14.349446	198,271,279,220,311,264,1148,791	18.027262,15.195975,15.149486,14.895210,14.001015,13.800563,13.625458,13.548428
813	0	330	6.752958	198,271,279,220,311,264,791,1148	18.694906,15.824468,15.621028,15.200333,14.526653,14.278397,14.061278,14.042302
814	0	389	10.009270	198,279,271,220,40,791,311,1148	19.113209,15.553855,15.074097,14.703870,14.515191,14.263794,14.250152,14.176064
815	0	578	6.682511	198,279,220,271,311,264,1148,58	18.908995,16.311661,15.721172,15.205203,14.879685,14.844467,14.572635,14.020645
816	0	8766	14.014007	198,279,220,271,264,311,1148,720	18.520954,15.931180,15.842423,15.104661,14.573087,14.325241,14.097007,13.880267
817	0	662	10.387226	198,279,220,271,311,264,1148,791	18.640305,16.346800,16.185703,15.702922,14.976029,14.957442,14.706784,14.330579
818	0	720	6.073459	198,220,279,271,311,58,264,1148	19.259867,15.553787,15.516285,15.292544,14.260818,14.174216,14.078700,14.015553
819	0	1283	12.050986	198,220,279,271,58,720,311,264	19.881422,15.949043,15.516853,15.392487,14.785502,14.461006,14.271487,14.186085
820	0	1047	8.735984	198,279,220,271,311,264,1148,791	18.596600,15.791987,15.632672,15.211606,14.544949,14.464480,14.109708,13.793503
821	0	264	4.640171	198,279,220,271,311,264,1148,58	19.243683,16.428125,15.747990,15.209363,15.160312,15.022217,14.968636,14.279015
822	0	46350	14.980250	198,279,220,271,264,311,1148,58	18.547049,15.787530,15.421504,14.913753,14.567592,14.413981,14.083964,13.790252
823	0	3560	12.148881	198,220,279,311,271,264,459,1148	18.461243,16.340719,16.291960,15.253919,15.081871,14.854636,14.316648,14.242664
824	0	304	7.084821	198,279,220,271,311,264,58,1148	18.740967,15.562267,15.408338,15.214139,14.941360,14.185773,14.065880,13.711120
825	0	220	3.744954	198,279,220,271,264,311,1148,40	18.950945,16.603273,15.746308,15.313876,15.123643,15.104426,14.960145,14.019380
826	0	1049	7.150563	198,279,220,271,311,16,264,40	18.766077,15.246310,15.127780,14.657084,14.053246,13.925771,13.895663,13.638062
827	0	18	6.898694	198,220,279,271,311,720,58,264	19.145376,15.599358,15.289726,15.136406,14.283032,14.121541,14.090299,13.967293
828	0	389	10.319990	198,220,271,279,58,311,264,16	19.007963,15.195914,15.124118,15.081822,14.246852,14.145683,13.855414,13.628788
829	0	1403	9.467103	198,279,220,271,311,264,1148,58	18.908995,16.311661,15.721172,15.205203,14.879685,14.844467,14.572635,14.020645
830	0	18243	15.699144	198,279,220,271,58,311,264,1148	18.944958,15.683182,15.187892,14.988383,14.429318,14.397880,14.390530,14.067677
831	0	315	6.569057	198,271,279,220,311,1148,264,58	19.470078,16.225374,16.180992,15.755572,15.331447,14.750645,14.673640,14.494534
832	0	578	6.359121	198,279,220,271,264,1148,311,40	18.626772,16.315775,15.622025,15.046535,14.862449,14.754314,14.562825,13.861866
833	0	8766	14.014007	198,279,220,271,264,311,1148,720	18.520954,15.931180,15.842423,15.104661,14.573087,14.325241,14.097007,13.880267
834	0	1174	10.034370	198,279,220,271,311,264,1148,791	18.640305,16.346800,16.185703,15.702922,14.976029,14.957442,14.706784,14.330579
835	0	439	8.326083	198,220,279,311,264,271,1148,58	18.671362,16.135725,15.895207,14.480451,14.454707,14.389871,14.011855,13.933354
836	0	3752	12.247325	198,279,220,271,264,311,1148,459	18.989246,16.445906,15.596809,15.330727,14.991197,14.986865,14.888507,13.965004
837	0	330	6.822293	198,279,271,220,311,264,58,1148	19.332479,15.782514,15.603061,15.380282,14.928279,14.385524,14.207561,14.157161
838	0	58280	17.101808	198,279,271,220,40,791,311,1148	19.113209,15.553855,15.074097,14.703870,14.515191,14.263794,14.250152,14.176064
839	0	8650	10.157317	198,279,220,311,264,271,459,720	17.055658,15.397052,15.352569,14.470891,14.231462,13.861333,13.681988,13.637233
840	0	330	6.075767	198,220,279,271,720,311,264,58	18.540461,16.185699,15.636422,15.305982,14.627231,14.581688,14.494885,14.416263
841	0	662	10.733907	198,279,271,220,40,791,311,1148	19.113209,15.553855,15.074097,14.703870,14.515191,14.263794,14.250152,14.176064
842	0	763	8.663144	198,220,279,271,311,58,264,1148	19.259867,15.553787,15.516285,15.292544,14.260818,14.174216,14.078700,14.015553
843	0	220	3.795038	198,279,220,271,264,311,1148,791	18.797415,16.125460,15.528918,15.324336,14.702561,14.401233,14.349045,14.325582
844	0	1049	7.150563	198,279,220,271,311,16,264,40	18.766077,15.246310,15.127780,14.657084,14.053246,13.925771,13.895663,13.638062
845	0	19	7.705185	198,220,279,271,311,720,58,264	19.145376,15.599358,15.289726,15.136406,14.283032,14.121541,14.090299,13.967293
846	0	426	10.620626	198,220,271,279,58,311,264,720	18.961052,15.327825,15.230260,15.116166,14.220963,14.139485,13.898908,13.579581
847	0	11206	15.929732	198,271,279,220,311,264,58,720	18.981865,15.431035,15.388785,15.316892,14.273776,14.108276,13.991286,13.862599
848	0	466	9.127081	198,271,279,220,311,791,58,264	18.556183,15.155515,14.833047,14.665397,13.890060,13.732488,13.719321,13.468875
849	0	27212	13.516382	198,279,220,271,311,264,58,1148	18.397301,15.634975,15.201594,15.014995,14.617229,14.271591,13.862634,13.647873
850	0	264	3.501270	198,279,220,311,264,271,459,1148	17.394333,16.213251,15.440501,14.936963,14.877788,14.423894,14.180785,13.758210
851	0	3560	12.155663	198,279,220,271,264,311,1148,58	18.547049,15.787530,15.421504,14.913753,14.567592,14.413981,14.083964,13.790252
852	0	439	8.249803	198,279,220,271,311,264,58,1148	18.740967,15.562267,15.408338,15.214139,14.941360,14.185773,14.065880,13.711120
853	0	330	6.274130	198,279,220,271,264,311,1148,459	18.989246,16.445906,15.596809,15.330727,14.991197,14.986865,14.888507,13.965004
854	0	29517	14.636110	198,279,271,220,40,791,311,1148	19.113209,15.553855,15.074097,14.703870,14.515191,14.263794,14.250152,14.176064
855	0	330	6.168212	198,279,220,271,264,311,459,1148	17.464014,15.652626,15.561587,14.647817,14.410899,14.301604,13.754870,13.666453
856	0	304	7.776999	198,279,271,220,40,791,311,1148	19.113209,15.553855,15.074097,14.703870,14.515191,14.263794,14.250152,14.176064
857	0	279	2.887989	198,279,220,271,264,311,1148,40	18.950945,16.603273,15.746308,15.313876,15.123643,15.104426,14.960145,14.019380
858	0	9417	14.125231	198,279,220,271,264,311,1148,358	18.504107,16.201950,15.707607,14.971087,14.814939,14.663467,14.555389,13.763947
859	0	330	6.938097	198,271,279,220,311,1148,264,58	19.418863,16.341742,16.176762,15.604575,15.162646,14.918846,14.674159,14.562091
860	0	71166	14.340777	198,279,271,220,40,791,311,1148	19.113209,15.553855,15.074097,14.703870,14.515191,14.263794,14.250152,14.176064
861	0	364	9.067996	198,220,279,271,311,264,459,1148	16.932867,15.320046,15.000767,14.134734,14.026866,13.794540,13.311395,12.803927
862	0	82	5.832172	198,279,271,220,40,311,791,264	18.714439,15.328354,14.790521,14.707524,14.179112,13.983083,13.943271,13.877682
863	0	15457	14.794599	198,279,271,220,311,58,264,512	19.069304,15.280910,15.120506,14.856172,14.401717,14.303184,14.008422,13.606705
864	0	330	6.562653	198,220,271,279,311,264,58,791	19.123159,16.296638,16.139023,15.820241,14.898346,14.559052,14.363689,14.195587
865	0	315	8.203336	198,279,271,220,40,791,311,1148	19.113209,15.553855,15.074097,14.703870,14.515191,14.263794,14.250152,14.176064
866	0	279	2.925444	198,279,220,271,264,1148,311,40	18.626772,16.315775,15.622025,15.046535,14.862449,14.754314,14.562825,13.861866
867	0	12707	13.507783	198,279,220,271,264,311,1148,358	18.504107,16.201950,15.707607,14.971087,14.814939,14.663467,14.555389,13.763947
868	0	4101	12.175071	198,279,271,220,311,1148,264,459	18.764252,16.072523,15.555923,15.077347,15.061897,14.650588,14.534302,13.913480
869	0	578	7.346711	198,271,279,220,311,58,264,1148	19.379230,15.797452,15.630994,15.550960,14.837723,14.657628,14.321644,13.978892
870	0	5843	13.881231	198,279,220,271,264,311,1148,720	18.520954,15.931180,15.842423,15.104661,14.573087,14.325241,14.097007,13.880267
871	0	38725	16.992556	198,220,279,271,311,264,58,720	18.524054,15.779587,15.763325,14.995578,14.632924,14.344592,14.195127,14.155605
872	0	2652	11.416427	198,279,271,220,311,791,264,40	17.911354,15.359241,15.290217,14.950614,14.208874,14.205914,14.056320,13.678008
873	0	568	7.393327	198,220,279,271,311,264,58,720	19.647217,16.364851,16.003119,14.854388,14.730312,14.545007,14.536957,14.395274
874	0	59335	16.315443	198,279,220,271,311,1148,264,40	18.946753,15.872002,15.372060,15.305469,14.665222,14.526103,14.484082,14.378564
875	0	16662	13.906708	198,279,220,264,311,459,720,271	17.204134,15.860713,15.857383,14.677567,14.566200,14.076286,13.864532,13.670926
876	0	20142	15.496891	198,279,220,271,264,311,1148,459	18.954418,17.217211,16.153080,15.716022,15.694230,15.629710,15.500197,15.004497
877	0	4488	11.715598	198,279,271,311,220,264,58,1148	19.162493,16.053062,15.651723,15.367932,15.270805,14.503215,14.297648,14.039364
878	0	27191	14.943772	198,279,220,271,264,311,1148,791	18.176802,15.851384,15.815673,15.287959,14.413322,14.351369,13.991282,13.723491
879	0	323	5.871154	198,279,220,271,311,264,58,720	17.947416,15.302196,15.288142,14.366488,14.188581,14.067357,13.430074,13.411458
880	0	43423	13.136184	198,279,271,220,1148,311,264,358	18.967333,16.630297,15.623357,15.527026,15.200047,15.161130,15.055745,14.154462
881	0	15385	14.697152	198,220,271,279,311,264,58,1148	18.341137,15.080676,14.958173,14.865682,13.897204,13.631413,13.521686,13.443844
882	0	18843	14.269342	198,220,271,279,311,720,58,264	17.682264,15.078015,14.409661,13.922805,13.317959,12.869325,12.660029,12.657374
883	0	662	10.515494	198,271,220,279,58,311,791,264	18.701620,15.713468,15.073704,14.952859,14.189273,14.091523,13.678035,13.550925
884	0	426	10.479372	198,220,279,271,311,58,264,1148	19.259867,15.553787,15.516285,15.292544,14.260818,14.174216,14.078700,14.015553
885	0	11206	15.929732	198,271,279,220,311,264,58,720	18.981865,15.431035,15.388785,15.316892,14.273776,14.108276,13.991286,13.862599
886	0	466	9.127081	198,271,279,220,311,791,58,264	18.556183,15.155515,14.833047,14.665397,13.890060,13.732488,13.719321,13.468875
887	0	59335	16.650058	198,279,220,271,311,264,58,1148	18.397301,15.634975,15.201594,15.014995,14.617229,14.271591,13.862634,13.647873
888	0	439	7.745752	198,279,220,264,311,459,720,271	17.204134,15.860713,15.857383,14.677567,14.566200,14.076286,13.864532,13.670926
889	0	330	6.274130	198,279,220,271,264,311,1148,459	18.989246,16.445906,15.596809,15.330727,14.991197,14.986865,14.888507,13.965004
890	0	58090	14.398558	198,279,271,220,40,791,311,1148	19.113209,15.553855,15.074097,14.703870,14.515191,14.263794,14.250152,14.176064
891	0	330	7.014343	198,279,220,271,311,264,1148,58	18.851976,15.362946,15.220468,14.987454,14.265056,14.119915,13.795647,13.767502
892	0	1174	10.739744	198,279,271,220,40,791,311,1148	19.113209,15.553855,15.074097,14.703870,14.515191,14.263794,14.250152,14.176064
893	0	304	7.242378	198,220,279,311,264,271,1148,58	18.671362,16.135725,15.895207,14.480451,14.454707,14.389871,14.011855,13.933354
894	0	279	2.887989	198,279,220,271,264,311,1148,40	18.950945,16.603273,15.746308,15.313876,15.123643,15.104426,14.960145,14.019380
895	0	220	3.408609	198,279,220,271,264,311,1148,358	18.504107,16.201950,15.707607,14.971087,14.814939,14.663467,14.555389,13.763947
896	0	1049	7.150563	198,279,220,271,311,16,264,40	18.766077,15.246310,15.127780,14.657084,14.053246,13.925771,13.895663,13.638062
897	0	20	6.278170	198,220,279,271,311,720,58,264	19.145376,15.599358,15.289726,15.136406,14.283032,14.121541,14.090299,13.967293
898	0	34596	15.184168	198,220,271,279,311,58,264,720	18.913794,15.205577,15.131340,15.068646,14.115550,13.931213,13.819122,13.469662
899	0	54248	15.741466	198,279,271,220,311,264,1148,58	19.191210,16.178673,15.843455,15.442566,15.341115,14.683835,14.595573,14.013045
900	0	315	7.248426	198,279,271,220,311,264,58,1148	19.264595,16.036335,15.655883,15.340443,15.333844,14.622241,14.211433,14.193215
901	0	279	2.925444	198,279,220,271,264,1148,311,40	18.626772,16.315775,15.622025,15.046535,14.862449,14.754314,14.562825,13.861866
902	0	26241	14.355169	198,279,220,271,264,311,1148,358	18.504107,16.201950,15.707607,14.971087,14.814939,14.663467,14.555389,13.763947
903	0	93401	14.357416	198,279,271,220,791,311,264,1148	18.098709,15.079030,15.052859,14.975265,13.825429,13.783702,13.699946,13.541865
904	0	1514	10.334193	198,271,279,220,311,264,1148,791	18.619875,15.582237,15.496132,15.003278,14.609451,14.074943,13.901436,13.726743
905	0	44662	14.066453	198,279,271,311,220,264,1148,58	19.031229,16.197680,15.450953,15.174893,15.103482,14.738841,14.455983,14.124675
906	0	50940	15.893109	198,279,220,271,311,264,1148,374	18.196638,15.657810,15.657460,15.535919,14.639224,14.341064,13.613472,13.611365
907	0	662	10.566034	198,220,279,271,311,264,58,12	17.844976,14.998524,14.533795,14.156104,13.357735,13.258925,12.992825,12.871121
908	0	1102	9.945459	198,220,279,271,311,58,264,1148	19.259867,15.553787,15.516285,15.292544,14.260818,14.174216,14.078700,14.015553
909	0	574	7.751073	198,279,271,220,311,264,1148,40	19.211796,15.759974,15.499032,15.459240,14.608550,14.400779,14.168664,14.051879
910	0	10887	12.370878	198,279,220,311,271,264,1148,459	18.858109,16.367050,15.893356,15.069974,15.064334,14.917911,14.824903,13.993687
911	0	520	6.457994	198,279,220,271,311,264,58,1148	19.382254,16.101913,15.867210,15.232937,14.983962,14.810084,14.614299,14.370320
912	0	279	2.740199	198,279,220,264,311,271,1148,459	18.493658,16.325518,15.800122,14.829570,14.762273,14.676734,14.354856,13.789742
913	0	46506	16.107182	198,279,220,271,264,311,1148,358	18.504107,16.201950,15.707607,14.971087,14.814939,14.663467,14.555389,13.763947
914	0	27315	16.599081	198,220,279,271,311,264,459,374	17.549757,15.703778,15.217274,14.551404,14.157121,13.932556,13.303420,12.960583
915	0	304	6.984021	198,279,271,220,311,264,1148,791	19.183592,16.095842,16.076338,15.757309,15.209514,14.673749,14.480206,14.132527
916	0	72098	17.256699	198,279,220,271,264,311,1148,40	18.950945,16.603273,15.746308,15.313876,15.123643,15.104426,14.960145,14.019380
917	0	1174	9.998515	198,279,271,220,311,1148,264,791	18.635900,16.198729,15.816104,15.388019,15.036640,14.833621,14.727714,14.126212
918	0	323	5.974537	198,220,279,311,264,271,1148,58	18.671362,16.135725,15.895207,14.480451,14.454707,14.389871,14.011855,13.933354
919	0	279	2.933408	198,279,271,220,1148,311,264,358	18.967333,16.630297,15.623357,15.527026,15.200047,15.161130,15.055745,14.154462
920	0	11258	14.112384	198,279,220,271,264,311,1148,358	18.504107,16.201950,15.707607,14.971087,14.814939,14.663467,14.555389,13.763947
921	0	1291	11.767606	198,279,220,271,311,264,58,720	17.979013,15.617619,15.585103,14.808454,14.607017,14.338695,13.731893,13.639744
922	0	39520	17.147161	198,220,279,311,271,264,58,1148	18.034979,15.615891,15.571602,14.797862,14.776031,14.238682,13.571143,13.450240
923	0	17367	14.575424	198,220,271,279,311,264,1148,459	18.039583,16.014246,15.608800,15.605205,14.592743,14.419208,13.760310,13.708365
924	0	304	6.923400	198,279,220,271,311,264,58,720	18.392616,15.805364,15.686849,15.630733,14.823443,14.586761,13.990783,13.939014
925	0	7295	12.235209	198,279,220,271,264,311,1148,40	18.950945,16.603273,15.746308,15.313876,15.123643,15.104426,14.960145,14.019380
926	0	662	10.244045	198,279,220,271,311,264,1148,459	18.460966,16.321394,15.988876,15.500592,15.129887,14.919258,14.419667,14.227733
927	0	1283	11.331466	198,220,279,271,311,58,264,1148	19.259867,15.553787,15.516285,15.292544,14.260818,14.174216,14.078700,14.015553
928	0	574	7.248084	198,279,220,271,311,264,1148,791	18.596600,15.791987,15.632672,15.211606,14.544949,14.464480,14.109708,13.793503
929	0	15910	11.264398	198,279,220,311,271,264,1148,459	18.858109,16.367050,15.893356,15.069974,15.064334,14.917911,14.824903,13.993687
930	0	555	7.405324	198,279,220,311,264,271,58,1148	18.356653,15.941045,15.381644,15.109666,14.544520,14.513358,13.928226,13.901730
931	0	3842	10.317263	198,279,220,264,271,311,1148,459	18.269716,16.587511,16.407881,15.130507,15.087514,15.013158,14.668170,14.183831
932	0	68573	14.798131	198,220,279,271,311,264,1148,459	18.259724,15.997983,15.974868,15.393321,14.609756,14.564572,14.289529,13.870221
933	0	323	5.218744	198,279,220,271,264,720,459,311	16.768635,15.526391,14.948738,14.334511,14.255176,13.922718,13.886989,13.808492
934	0	59335	15.741786	198,279,271,220,1148,311,264,358	18.967333,16.630297,15.623357,15.527026,15.200047,15.161130,15.055745,14.154462
935	0	16662	13.906708	198,279,220,264,311,459,720,271	17.204134,15.860713,15.857383,14.677567,14.566200,14.076286,13.864532,13.670926
936	0	7505	13.374826	198,279,220,271,264,311,1148,459	18.954418,17.217211,16.153080,15.716022,15.694230,15.629710,15.500197,15.004497
937	0	1254	11.899489	198,279,220,271,311,264,791,1148	17.978975,15.337359,15.278594,14.792438,14.045651,13.948461,13.666325,13.623569
938	0	819	12.974492	198,271,279,220,311,40,791,264	18.094954,14.736241,14.728633,14.302827,13.593323,13.399837,13.311183,13.275418
939	0	675	13.248388	198,279,220,271,311,264,1148,58	18.331945,15.366040,15.002238,14.785072,14.151477,14.059711,13.595723,13.569271
940	0	1174	9.887953	198,279,220,271,311,264,58,791	17.905870,14.894895,14.765887,14.523811,13.843730,13.576503,13.278691,13.238304
941	0	51075	16.396348	198,220,279,311,264,271,1148,58	18.671362,16.135725,15.895207,14.480451,14.454707,14.389871,14.011855,13.933354
942	0	1901	10.945595	198,279,271,220,311,1148,264,791	18.599762,15.742085,15.492984,15.225429,14.548095,14.330939,14.314476,14.126697
943	0	12997	15.732313	198,220,279,271,311,720,264,58	18.108683,14.961746,14.907794,14.533238,13.861004,13.614914,13.558740,13.134236
944	0	1174	9.747980	198,279,220,271,311,264,58,1148	18.042109,14.912911,14.809082,14.318873,14.057927,13.568025,13.012874,12.870204
945	0	14253	13.805481	198,220,279,311,264,271,1148,58	18.671362,16.135725,15.895207,14.480451,14.454707,14.389871,14.011855,13.933354
946	0	18206	13.540562	198,279,271,220,311,264,791,1148	18.029039,15.453246,15.403225,15.213966,14.298799,14.167306,13.949776,13.935658
947	0	1174	9.455121	198,279,220,271,311,264,1148,459	17.979088,16.129541,15.480708,15.332840,15.045520,14.622615,14.350968,13.859177
948	0	56230	15.781854	198,220,279,311,264,271,1148,58	18.671362,16.135725,15.895207,14.480451,14.454707,14.389871,14.011855,13.933354
949	0	24852	12.854548	198,279,220,271,311,264,459,1148	17.889458,15.939128,15.446431,15.078620,14.887978,14.669261,13.956752,13.899574
950	0	417	9.923351	198,220,271,279,311,791,264,40	18.053036,15.079707,15.012151,14.788615,13.778412,13.649785,13.534695,13.506721
951	0	1174	10.086298	198,279,220,271,311,58,264,720	18.823107,15.427907,15.294651,14.888455,14.713117,14.230260,14.119748,13.868103
952	0	60410	15.078173	198,220,279,311,264,271,1148,58	18.671362,16.135725,15.895207,14.480451,14.454707,14.389871,14.011855,13.933354
953	0	81764	16.558709	198,220,279,271,720,311,264,58	18.181402,15.685208,15.154991,14.709801,14.318340,14.228328,14.049103,13.664996
954	0	323	5.942208	198,220,279,271,264,311,58,720	18.049995,15.568700,15.072639,14.950204,14.052144,14.007525,13.758873,13.683796
955	0	68134	14.202295	198,279,271,220,1148,311,264,358	18.967333,16.630297,15.623357,15.527026,15.200047,15.161130,15.055745,14.154462
956	0	11166	12.750454	198,279,220,271,264,311,1148,791	18.312906,15.398529,15.383759,15.034762,14.094417,14.090164,13.774437,13.672023
957	0	662	10.185723	198,279,220,271,311,264,720,459	17.787018,15.875533,15.805661,15.086820,14.699628,14.583385,13.949666,13.928197
958	0	426	10.479372	198,220,279,271,311,58,264,1148	19.259867,15.553787,15.516285,15.292544,14.260818,14.174216,14.078700,14.015553
959	0	11206	15.929732	198,271,279,220,311,264,58,720	18.981865,15.431035,15.388785,15.316892,14.273776,14.108276,13.991286,13.862599
960	0	466	9.127081	198,271,279,220,311,791,58,264	18.556183,15.155515,14.833047,14.665397,13.890060,13.732488,13.719321,13.468875
961	0	4036	12.418993	198,279,220,271,311,264,58,1148	18.397301,15.634975,15.201594,15.014995,14.617229,14.271591,13.862634,13.647873
962	0	264	4.224983	198,279,220,271,311,264,1148,58	19.143290,16.650431,16.315928,15.555957,15.448666,15.361943,14.674453,14.486004
963	0	37849	13.778105	198,279,220,271,264,311,1148,58	18.547049,15.787530,15.421504,14.913753,14.567592,14.413981,14.083964,13.790252
964	0	3477	9.722624	198,279,220,311,271,264,1148,720	18.442657,15.764748,15.586383,14.897923,14.464119,14.354022,13.746825,13.620694
965	0	304	6.908424	198,279,271,220,311,264,1148,58	19.350378,16.636963,16.154617,16.086081,15.494130,15.156751,14.986468,14.675922
966	0	578	6.701634	198,279,220,271,264,311,1148,40	18.950945,16.603273,15.746308,15.313876,15.123643,15.104426,14.960145,14.019380
967	0	13690	12.716947	198,279,220,271,264,311,1148,720	18.520954,15.931180,15.842423,15.104661,14.573087,14.325241,14.097007,13.880267
968	0	49906	18.867097	198,220,279,271,311,264,1148,459	18.689383,16.281700,16.128716,15.777036,14.820203,14.788067,14.249797,14.035072
969	0	551	10.713753	198,279,271,220,311,264,12,720	18.770889,15.707818,15.520551,15.481290,14.744359,14.353543,14.028333,13.829201
970	0	330	6.371258	198,220,279,271,311,264,58,720	19.148718,16.012566,15.829944,14.932147,14.519363,14.427600,14.191799,14.183037
971	0	578	7.096861	198,279,271,220,40,791,311,1148	19.113209,15.553855,15.074097,14.703870,14.515191,14.263794,14.250152,14.176064
972	0	15718	10.684326	198,279,220,271,264,311,1148,720	18.520954,15.931180,15.842423,15.104661,14.573087,14.325241,14.097007,13.880267
973	0	374	5.583960	198,220,279,311,271,264,720,1148	18.293076,15.791011,15.779750,14.945434,14.500833,14.341445,13.734618,13.648089
974	0	559	12.073326	198,279,220,271,311,264,1148,58	18.817226,16.092382,15.772305,15.106407,14.848647,14.731178,14.405520,13.864957
975	0	1683	11.478642	198,279,271,220,311,264,1148,40	17.895004,14.920278,14.431657,14.381467,13.740509,13.440709,13.213092,13.112999
976	0	11559	15.051854	198,220,279,271,311,264,58,720	17.759026,15.087692,15.027752,14.513501,14.275142,13.770162,13.282666,13.219777
977	0	19428	12.715086	198,279,271,220,311,264,1148,40	18.851057,16.048870,15.460507,15.253868,14.871585,14.675144,14.530117,14.186158
978	0	1174	10.266391	198,279,220,271,311,264,1148,459	18.398146,15.982120,15.129247,14.928741,14.824056,14.520260,14.125020,13.774938
979	0	449	8.468373	198,220,279,311,264,271,1148,58	18.671362,16.135725,15.895207,14.480451,14.454707,14.389871,14.011855,13.933354
980	0	53221	15.296605	198,279,220,264,271,311,1148,459	18.560312,16.676065,15.952370,15.285207,15.095822,14.949336,14.915544,14.335948
981	0	24601	15.441871	198,279,220,311,264,271,1148,459	17.743589,15.892781,15.351173,15.060410,14.392807,14.358871,13.933339,13.846683
982	0	505	9.929435	198,271,279,220,311,58,264,1148	20.045572,16.119963,15.856921,15.320981,15.175625,14.899551,14.455860,14.433689
983	0	7505	13.755398	198,279,220,271,264,311,1148,58	18.779034,16.403246,16.084017,14.963672,14.936862,14.926236,14.499535,13.934718
984	0	1254	11.899489	198,279,220,271,311,264,791,1148	17.978975,15.337359,15.278594,14.792438,14.045651,13.948461,13.666325,13.623569
985	0	819	12.974492	198,271,279,220,311,40,791,264	18.094954,14.736241,14.728633,14.302827,13.593323,13.399837,13.311183,13.275418
986	0	675	13.248388	198,279,220,271,311,264,1148,58	18.331945,15.366040,15.002238,14.785072,14.151477,14.059711,13.595723,13.569271
987	0	320	7.962991	198,279,220,271,311,264,58,791	17.905870,14.894895,14.765887,14.523811,13.843730,13.576503,13.278691,13.238304
988	0	1457	10.945079	198,279,220,271,40,311,264,58	18.856134,15.287560,14.924764,14.853622,14.103359,14.079638,13.894600,13.825187
989	0	653	10.960697	198,279,220,271,311,264,1148,58	19.055862,16.319109,16.010874,15.314671,15.189758,14.874572,14.539138,14.380196
990	0	34551	13.383949	198,279,220,271,311,58,264,40	18.442896,15.073339,14.685557,14.636421,13.983172,13.809086,13.680547,13.583638
991	0	82585	18.421190	198,271,220,58,279,720,512,998	18.851089,14.933728,14.542624,14.090058,14.046494,13.535919,13.430486,13.384847
992	0	505	9.701659	198,279,220,271,311,264,58,1148	18.825071,15.368201,15.135566,14.957711,14.501313,13.939660,13.847107,13.328746
993	0	813	7.227969	198,279,220,271,264,311,1148,58	18.779034,16.403246,16.084017,14.963672,14.936862,14.926236,14.499535,13.934718
994	0	5178	12.392605	198,279,220,271,311,264,1148,40	18.597122,16.085329,15.449677,15.031947,14.697994,14.631546,14.544065,14.038341
995	0	439	8.537734	198,271,279,311,220,58,264,1148	19.910509,16.212639,16.052023,15.206462,15.057866,14.875728,14.598442,14.571742
996	0	54651	13.721653	198,279,220,271,264,311,1148,459	18.989246,16.445906,15.596809,15.330727,14.991197,14.986865,14.888507,13.965004
997	0	452	10.512377	198,279,271,220,311,264,1148,791	18.766817,15.494197,15.416331,15.245582,14.511757,14.126134,14.058930,13.845090
998	0	15278	15.249819	198,220,279,271,311,720,264,58	18.244606,15.145473,15.117568,14.914163,14.070683,13.892896,13.854177,13.663995
999	0	364	10.440717	198,220,279,271,58,311,720,998	18.726274,14.708630,14.689735,14.468777,14.074478,13.962596,13.301384,13.292007
1000	0	82	5.832172	198,279,271,220,40,311,791,264	18.714439,15.328354,14.790521,14.707524,14.179112,13.983083,13.943271,13.877682
1001	0	9777	15.514577	198,279,271,220,311,58,264,512	19.069304,15.280910,15.120506,14.856172,14.401717,14.303184,14.008422,13.606705
1002	0	1169	10.475821	198,220,279,271,311,264,58,791	18.235155,15.430266,15.051023,14.749297,14.158531,13.684354,13.521484,13.295876
1003	0	883	10.969844	198,279,220,311,271,264,1148,58	18.425798,15.856359,15.400075,14.710514,14.697009,14.455583,13.879471,13.845645
1004	0	1174	9.706458	198,220,279,271,720,311,58,264	19.164707,15.505612,15.256611,14.397111,14.352958,14.274384,14.216438,13.915463
1005	0	8563	11.783947	198,220,279,311,264,271,1148,58	18.671362,16.135725,15.895207,14.480451,14.454707,14.389871,14.011855,13.933354
1006	0	426	9.518321	198,220,279,271,264,311,1148,791	18.141821,15.873032,15.807075,15.137868,14.436130,14.405187,14.158929,13.854548
1007	0	11206	15.929732	198,271,279,220,311,264,58,720	18.981865,15.431035,15.388785,15.316892,14.273776,14.108276,13.991286,13.862599
1008	0	466	9.127081	198,271,279,220,311,791,58,264	18.556183,15.155515,14.833047,14.665397,13.890060,13.732488,13.719321,13.468875
1009	0	1174	10.065215	198,279,220,271,311,264,58,1148	18.397301,15.634975,15.201594,15.014995,14.617229,14.271591,13.862634,13.647873
1010	0	51075	16.396348	198,220,279,311,264,271,1148,58	18.671362,16.135725,15.895207,14.480451,14.454707,14.389871,14.011855,13.933354
1011	0	1901	10.945595	198,279,271,220,311,1148,264,791	18.599762,15.742085,15.492984,15.225429,14.548095,14.330939,14.314476,14.126697
1012	0	12997	15.732313	198,220,279,271,311,720,264,58	18.108683,14.961746,14.907794,14.533238,13.861004,13.614914,13.558740,13.134236
1013	0	323	5.825733	198,279,220,271,311,264,58,1148	18.042109,14.912911,14.809082,14.318873,14.057927,13.568025,13.012874,12.870204
1014	0	56230	15.239552	198,279,271,220,1148,311,264,358	18.967333,16.630297,15.623357,15.527026,15.200047,15.161130,15.055745,14.154462
1015	0	24852	12.854548	198,279,220,271,311,264,459,1148	17.889458,15.939128,15.446431,15.078620,14.887978,14.669261,13.956752,13.899574
1016	0	417	9.923351	198,220,271,279,311,791,264,40	18.053036,15.079707,15.012151,14.788615,13.778412,13.649785,13.534695,13.506721
1017	0	662	10.430163	198,279,220,271,311,58,264,720	18.823107,15.427907,15.294651,14.888455,14.713117,14.230260,14.119748,13.868103
1018	0	330	6.593099	198,220,279,271,311,58,264,1148	19.259867,15.553787,15.516285,15.292544,14.260818,14.174216,14.078700,14.015553
1019	0	578	7.096861	198,279,271,220,40,791,311,1148	19.113209,15.553855,15.074097,14.703870,14.515191,14.263794,14.250152,14.176064
1020	0	25460	16.510915	198,279,220,271,264,311,1148,720	18.520954,15.931180,15.842423,15.104661,14.573087,14.325241,14.097007,13.880267
1021	0	10555	11.352460	198,279,220,271,311,264,459,374	18.143356,16.063707,15.573338,15.502273,14.959427,14.749242,14.008149,13.828580
1022	0	1174	10.247220	198,279,220,271,311,264,1148,58	18.752113,16.131330,15.460561,15.234321,15.096372,14.585528,14.447370,13.758693
1023	0	330	5.997694	198,220,279,311,264,271,1148,58	18.671362,16.135725,15.895207,14.480451,14.454707,14.389871,14.011855,13.933354
