# mix	moe
0	0	43205	18.416850	198,220,279,58,271,720,16,334	18.591856,15.668816,14.844890,14.573453,14.500549,14.460751,14.233525,13.728420
1	0	275	8.694322	198,271,220,279,311,791,998,40	17.000406,14.599579,14.508883,14.060575,13.300815,13.269814,13.132159,12.987971
2	0	428	13.944525	198,279,220,271,311,58,264,512	18.324205,14.934822,14.873561,14.748733,14.192879,14.025590,13.764145,13.579934
3	0	12	5.870729	198,220,271,279,58,311,720,334	18.287649,15.137253,14.882154,14.877797,14.750453,14.188502,13.928613,13.757912
4	0	17	5.031410	198,220,279,16,720,334,264,58	17.775724,16.203127,15.768544,14.883336,14.776309,14.698009,14.637718,14.528388
5	0	3475	14.530173	198,220,271,279,58,16,720,334	18.683811,15.147820,14.833972,14.700783,14.477902,13.935889,13.916534,13.898190
6	0	76834	15.222946	198,220,279,271,58,264,311,720	18.101524,16.216232,16.036226,15.636906,14.840014,14.767606,14.758882,14.386319
7	0	80583	14.686892	198,220,271,279,311,264,58,720	18.142714,16.171106,16.062580,15.516769,14.902839,14.363201,14.295329,14.166599
8	0	3692	12.598867	198,220,720,58,271,334,279,40	18.994099,16.145029,15.257942,15.166648,14.878118,14.619632,14.097885,13.664144
9	0	257	9.119641	198,271,220,279,58,311,512,264	18.335508,15.757243,15.609998,15.255672,14.849136,14.323608,14.311565,14.117465
10	0	551	8.793790	198,220,279,720,264,58,311,16	17.795713,17.224714,15.986833,15.744027,15.001952,14.969676,14.947288,14.757034
11	0	3788	12.605154	198,220,279,271,720,58,264,311	18.782349,16.287268,15.794881,14.783928,14.692117,14.631221,14.521297,14.508298
12	0	1129	14.284011	198,220,271,279,720,58,311,264	19.368208,15.904648,15.573837,15.083076,14.691650,14.679568,14.399058,13.580597
13	0	71	7.010822	198,220,279,271,720,311,58,264	18.730307,15.541102,15.260223,15.259213,14.200715,14.084042,13.738735,13.661633
14	0	36368	15.786013	198,220,271,279,58,720,311,334	18.399666,14.881852,14.605538,14.573277,14.273515,13.771258,13.744702,13.504619
15	0	1594	12.259443	198,220,279,264,311,271,58,459	17.428663,16.175653,16.091255,14.916245,14.836377,14.823032,14.077202,14.018685
16	0	6973	18.640940	198,220,271,279,58,311,720,264	18.805876,15.504474,15.441920,15.363525,14.691253,14.536884,14.280057,14.118561
17	0	3529	15.683634	198,220,271,720,279,58,311,998	17.927862,15.105710,14.775224,14.419716,14.015645,13.779195,13.295041,12.976932
18	0	77749	17.441109	198,220,271,279,58,720,311,998	19.049475,15.843178,15.449039,15.316051,14.840630,14.434939,14.281273,13.964447
19	0	11628	17.907052	198,271,220,58,279,311,512,264	19.389433,16.654617,16.060362,15.828542,15.339213,14.735784,14.291199,14.229350
20	0	3916	16.484640	198,220,271,279,58,720,311,264	19.278803,15.867001,15.639481,15.311107,14.700310,14.631592,14.189812,13.892323
21	0	9009	12.220259	198,220,279,271,58,311,264,40	18.783178,15.623432,15.404683,15.387782,14.580852,14.553463,14.286412,13.841415
22	0	6458	15.201807	198,279,220,271,311,264,58,720	17.782356,15.946228,15.537957,14.872104,14.825286,14.805751,14.208089,13.948716
23	0	61503	17.725527	198,220,279,271,311,58,264,720	18.927996,15.868278,15.577103,15.215360,14.550214,14.412257,14.128532,14.098353
24	0	428	14.379725	198,220,279,311,271,264,720,12	16.129936,15.135470,14.057532,13.849022,13.784823,13.115525,13.023842,12.619480
25	0	198	0.502904	198,220,271,279,58,311,720,334	18.287649,15.137253,14.882154,14.877797,14.750453,14.188502,13.928613,13.757912
26	0	71684	15.936561	198,271,220,279,58,40,311,16	19.656580,15.749360,15.566798,15.396309,15.269284,14.860826,14.441760,14.430908
27	0	257	8.339896	198,220,271,279,264,58,720,334	15.957189,14.706439,13.847323,13.792811,13.124226,13.122249,13.102043,12.996402
28	0	551	8.793790	198,220,279,720,264,58,311,16	17.795713,17.224714,15.986833,15.744027,15.001952,14.969676,14.947288,14.757034
29	0	289	9.693251	198,220,279,271,720,58,264,311	18.782349,16.287268,15.794881,14.783928,14.692117,14.631221,14.521297,14.508298
30	0	61503	17.298338	198,220,271,279,58,311,720,264	18.605055,15.163757,15.113317,15.025474,14.460267,14.082764,14.018682,13.870299
31	0	428	14.379725	198,220,279,311,271,264,720,12	16.129936,15.135470,14.057532,13.849022,13.784823,13.115525,13.023842,12.619480
32	0	12	5.870729	198,220,271,279,58,311,720,334	18.287649,15.137253,14.882154,14.877797,14.750453,14.188502,13.928613,13.757912
33	0	17	5.031410	198,220,279,16,720,334,264,58	17.775724,16.203127,15.768544,14.883336,14.776309,14.698009,14.637718,14.528388
34	0	12	6.626610	198,220,271,279,58,16,720,334	18.683811,15.147820,14.833972,14.700783,14.477902,13.935889,13.916534,13.898190
35	0	1059	15.810714	198,220,279,16,720,334,264,58	17.775724,16.203127,15.768544,14.883336,14.776309,14.698009,14.637718,14.528388
36	0	8437	15.792049	198,220,271,58,279,311,998,720	18.355219,15.176453,14.818524,14.636505,14.540855,13.697253,13.546079,13.484451
37	0	16	5.498029	198,220,279,271,58,720,998,311	18.836025,15.806705,15.191940,14.881434,14.626216,14.623136,14.212929,14.171794
38	0	198	0.330435	198,220,271,279,58,311,16,264	18.855997,15.430751,15.048625,14.990996,14.574794,14.120300,13.961446,13.909923
39	0	20805	14.786260	198,271,220,279,58,40,311,16	19.656580,15.749360,15.566798,15.396309,15.269284,14.860826,14.441760,14.430908
40	0	415	9.884564	198,220,279,271,58,264,311,334	18.032093,15.472392,15.017207,14.928380,14.780510,13.954910,13.950046,13.797375
41	0	551	8.599885	198,220,279,720,264,311,271,58	18.276760,16.740957,16.026247,15.206883,14.857572,14.631309,14.623317,14.141828
42	0	1296	13.495134	198,220,279,271,720,58,264,311	18.782349,16.287268,15.794881,14.783928,14.692117,14.631221,14.521297,14.508298
43	0	320	7.642722	198,279,271,220,58,311,264,40	18.703442,16.054205,15.883656,15.680928,15.159866,14.960050,14.630654,14.452466
44	0	19305	13.224579	198,279,220,271,40,58,791,16	18.758127,15.056754,15.052551,14.933000,14.508949,14.408370,14.078819,13.989151
45	0	23	7.070647	198,220,271,279,58,720,311,264	18.597366,15.851089,15.213588,14.820806,14.404553,14.229016,14.080829,13.824117
46	0	7123	17.284645	198,271,220,279,58,311,264,40	18.971018,15.630208,15.432702,15.173114,14.587323,14.256635,13.972713,13.857030
47	0	340	8.136805	198,220,279,271,58,311,264,720	19.097372,16.481676,16.023375,15.486936,15.278968,15.248234,14.873814,14.533443
48	0	10028	12.970490	198,220,271,58,279,720,334,40	19.685028,15.775128,15.747326,15.701842,15.260737,14.832095,14.681362,14.673617
49	0	262	7.216120	198,220,271,279,311,720,264,58	18.559021,17.116957,15.622818,15.537557,15.262539,14.974606,14.644374,14.345273
50	0	551	8.788495	198,220,279,271,264,720,311,58	18.259008,16.480639,16.054821,15.016792,14.887448,14.877370,14.820615,14.039249
51	0	13844	14.020736	198,220,279,271,720,58,264,311	18.782349,16.287268,15.794881,14.783928,14.692117,14.631221,14.521297,14.508298
52	0	7866	14.280058	198,279,220,271,311,264,720,58	18.504780,15.997182,15.781823,15.485557,14.899114,14.633004,14.470895,14.133072
53	0	93314	13.927758	198,220,279,264,271,311,720,459	18.090843,16.945885,16.531855,15.019414,14.869891,14.706506,14.346143,14.334746
54	0	220	3.808938	198,220,271,279,311,720,58,264	19.372873,15.865933,15.832738,15.480453,14.524390,14.405122,14.320697,14.201159
55	0	18	5.620017	198,220,279,271,16,58,311,264	18.192312,15.303127,15.081161,14.541656,14.382565,14.152309,13.979642,13.899891
56	0	13	8.735541	198,220,271,279,58,311,334,16	18.932058,15.304665,15.226079,14.964555,14.627685,14.092400,13.998756,13.955579
57	0	15	7.105243	198,220,271,279,40,791,58,264	19.058491,15.604472,15.553482,15.513893,14.709134,14.588142,14.508255,14.395350
58	0	320	8.236537	198,220,271,279,58,311,720,16	19.206598,15.366856,15.250553,14.977939,14.767179,14.154205,14.022990,13.960935
59	0	2485	12.843486	198,279,220,271,40,58,791,16	18.758127,15.056754,15.052551,14.933000,14.508949,14.408370,14.078819,13.989151
60	0	1129	13.095399	198,220,720,271,279,58,311,512	18.709471,15.660558,14.901210,14.812995,14.398265,14.203761,14.074344,13.460484
61	0	86331	16.428226	198,220,279,271,720,311,58,264	18.730307,15.541102,15.260223,15.259213,14.200715,14.084042,13.738735,13.661633
62	0	2726	11.891171	198,220,271,279,720,311,264,459	18.415607,16.176310,14.990448,14.748176,14.468720,14.303990,13.398605,13.187745
63	0	7116	15.638261	198,220,271,279,720,311,58,264	19.055891,16.328661,15.684619,15.531517,14.902364,14.769333,14.553264,14.097341
64	0	68833	17.607708	198,220,279,271,720,311,264,459	18.868359,16.593359,15.644238,15.522250,14.969623,14.818873,13.854238,13.585641
65	0	1355	13.042983	198,220,279,271,311,264,720,998	18.330925,16.304001,15.926586,14.677592,14.472682,14.266252,14.089198,13.867493
66	0	64	5.623223	198,279,271,220,58,998,311,720	19.070114,15.154975,15.144040,15.012572,14.564925,14.227763,14.153366,13.991768
67	0	14	10.334288	198,220,279,271,58,311,264,720	18.367815,15.208467,14.773193,14.572086,14.260020,13.878047,13.790576,13.733720
68	0	18	5.923161	198,279,220,271,311,264,16,58	18.443491,15.765761,15.532184,14.888789,14.486217,14.295686,14.253273,14.167755
69	0	13	8.735541	198,220,271,279,58,311,334,16	18.932058,15.304665,15.226079,14.964555,14.627685,14.092400,13.998756,13.955579
70	0	15	7.105243	198,220,271,279,40,791,58,264	19.058491,15.604472,15.553482,15.513893,14.709134,14.588142,14.508255,14.395350
71	0	54660	16.814466	198,220,271,279,58,311,720,16	19.206598,15.366856,15.250553,14.977939,14.767179,14.154205,14.022990,13.960935
72	0	20241	13.754217	198,271,220,279,58,311,720,264	20.535379,16.830526,16.550098,16.235994,15.599149,15.466424,15.446998,14.771694
73	0	1516	15.262073	198,220,271,58,279,512,311,998	17.429897,15.110363,14.612330,14.046295,13.873557,13.745255,13.464747,13.455327
74	0	25	8.373037	198,220,279,271,311,58,264,720	18.434992,16.066399,15.577466,15.334811,14.950691,14.564101,14.507798,14.063338
75	0	27685	14.025703	198,220,279,264,720,271,311,58	17.862139,16.404352,15.870269,14.833896,14.628039,14.514506,14.475068,14.214565
76	0	20965	15.611523	198,279,220,271,264,311,459,720	17.541956,16.811617,16.704494,15.876338,15.571670,15.569672,14.927422,14.920071
77	0	11	5.900783	198,220,279,271,311,264,58,1148	19.425783,16.478786,16.323006,16.207186,15.859372,15.143773,15.001320,14.678185
78	0	82035	17.744398	198,279,220,271,264,311,1148,58	18.698936,16.085825,15.840608,15.177575,14.823293,14.647237,14.590699,14.517064
79	0	15592	11.209682	198,279,271,220,311,264,459,1148	17.713449,16.008873,15.726678,15.612366,15.074074,14.750445,14.213420,13.909782
80	0	8483	13.587366	198,279,311,220,271,264,459,374	16.389315,15.610997,15.051225,15.031934,14.540935,14.498218,13.827081,13.494502
81	0	198	0.692571	198,220,271,279,311,264,58,1148	18.682270,16.401714,16.343290,16.158022,15.078359,14.932425,14.534228,14.468193
82	0	1835	13.079028	198,271,220,279,58,40,311,16	19.656580,15.749360,15.566798,15.396309,15.269284,14.860826,14.441760,14.430908
83	0	320	8.234401	198,220,279,271,720,58,264,311	19.317438,16.289064,15.468036,15.029755,14.993426,14.849635,14.401790,14.289481
84	0	50	7.607517	198,279,220,271,40,58,791,16	18.758127,15.056754,15.052551,14.933000,14.508949,14.408370,14.078819,13.989151
85	0	13	8.301336	198,271,220,279,58,720,334,512	18.735952,15.201511,15.002765,14.656990,14.491023,14.020908,13.922452,13.794936
86	0	8930	15.216474	198,220,271,279,40,791,58,264	19.058491,15.604472,15.553482,15.513893,14.709134,14.588142,14.508255,14.395350
87	0	488	13.285408	198,271,220,279,791,40,58,720	18.047714,14.923779,14.840541,14.330360,13.678702,13.603622,13.546837,13.416831
88	0	11	6.324768	198,271,220,279,58,40,311,791	18.780106,15.666078,15.194329,15.153378,14.676482,14.346402,14.253438,14.182503
89	0	452	9.465787	198,279,220,271,264,311,1148,58	18.698936,16.085825,15.840608,15.177575,14.823293,14.647237,14.590699,14.517064
90	0	13	8.099465	198,271,220,279,720,58,311,264	18.285814,15.292239,15.281924,15.075417,14.458999,14.201489,14.031587,13.967281
91	0	50356	17.828343	198,220,271,279,40,791,58,264	19.058491,15.604472,15.553482,15.513893,14.709134,14.588142,14.508255,14.395350
92	0	819	12.952949	198,271,220,791,40,279,44,3923	17.522142,14.246999,13.954738,13.847564,13.634792,13.565289,13.285415,13.182246
93	0	84077	17.192566	198,279,220,271,311,58,264,40	18.303463,15.240108,15.002556,14.879682,14.060833,14.009864,14.008500,13.704600
94	0	29234	12.180808	198,220,271,279,791,58,40,311	18.172033,15.044533,14.825847,14.285369,13.775136,13.749782,13.559467,13.446738
95	0	11	5.699910	198,220,271,279,58,311,264,720	17.963665,15.384590,14.980884,14.956009,14.223811,14.132260,13.910159,13.560336
96	0	432	9.005835	198,279,220,271,264,311,1148,58	18.698936,16.085825,15.840608,15.177575,14.823293,14.647237,14.590699,14.517064
97	0	13	8.232963	198,220,271,279,720,58,311,264	18.393661,15.391383,15.192090,15.185230,14.452575,14.168811,14.149318,14.038341
98	0	2100	9.868627	198,220,271,279,40,791,58,264	19.058491,15.604472,15.553482,15.513893,14.709134,14.588142,14.508255,14.395350
99	0	9211	14.071122	198,279,220,271,264,311,720,1148	18.496805,16.221979,16.015509,15.118202,14.912313,14.850413,14.676864,14.551270
100	0	2001	10.508888	198,220,279,311,271,264,720,12	16.953602,15.749396,15.396993,14.681703,14.344550,14.208069,13.772243,13.317960
101	0	330	5.932525	198,220,279,720,264,311,271,1148	19.031441,16.732935,16.340626,15.054738,15.040215,14.946868,14.843834,14.495861
102	0	9261	11.585573	198,279,271,40,220,791,58,311	19.101732,15.336757,15.224483,14.907643,14.841874,14.526085,14.366981,14.067769
103	0	57893	17.256330	198,220,271,58,279,512,334,311	18.594255,15.516365,15.469017,14.895343,14.717364,14.210576,14.161654,14.097042
104	0	386	10.419807	198,271,220,279,58,311,264,40	18.857244,15.987126,15.531032,15.248459,15.002818,14.335153,14.169609,14.143455
105	0	13025	17.578383	198,220,271,279,720,58,311,264	18.404959,15.228440,15.199977,15.093025,14.289218,14.175084,14.001567,13.938816
106	0	27972	16.075003	198,220,271,58,279,334,16,720	18.504862,15.832787,15.581420,15.170372,14.994460,14.545490,14.515317,14.300975
107	0	498	12.437650	198,220,271,279,311,58,720,264	18.517067,16.692343,15.736031,15.555173,14.864095,14.831441,14.754783,14.636950
108	0	220	3.181334	198,220,279,720,264,271,311,58	19.176813,16.450388,16.424841,15.257496,15.054847,14.988936,14.950976,14.727584
109	0	679	8.499414	198,220,279,271,16,58,311,264	18.192312,15.303127,15.081161,14.541656,14.382565,14.152309,13.979642,13.899891
110	0	21	6.239450	198,220,271,279,720,58,16,311	18.864645,15.887123,15.134646,14.945487,14.528380,14.440797,14.082378,14.036372
111	0	340	8.877761	198,271,220,279,58,311,40,720	19.223673,15.698596,15.475699,15.081790,14.778553,14.140072,14.101056,13.968329
112	0	1835	12.261803	198,220,271,58,279,720,334,40	19.685028,15.775128,15.747326,15.701842,15.260737,14.832095,14.681362,14.673617
113	0	40283	16.051779	198,220,279,271,720,58,264,311	19.317438,16.289064,15.468036,15.029755,14.993426,14.849635,14.401790,14.289481
114	0	3786	16.440336	198,271,220,58,279,311,264,720	19.202539,16.852959,16.346300,15.889773,15.671477,14.750247,14.680192,14.298207
115	0	25	9.213045	198,220,271,279,311,58,264,40	18.968487,15.908696,15.902005,15.886403,15.086101,14.720078,14.631261,14.382457
116	0	3788	12.020979	198,220,279,264,720,271,311,58	17.862139,16.404352,15.870269,14.833896,14.628039,14.514506,14.475068,14.214565
117	0	1129	14.284011	198,220,271,279,720,58,311,264	19.368208,15.904648,15.573837,15.083076,14.691650,14.679568,14.399058,13.580597
118	0	71	7.010822	198,220,279,271,720,311,58,264	18.730307,15.541102,15.260223,15.259213,14.200715,14.084042,13.738735,13.661633
119	0	36368	15.786013	198,220,271,279,58,720,311,334	18.399666,14.881852,14.605538,14.573277,14.273515,13.771258,13.744702,13.504619
120	0	1594	12.259443	198,220,279,264,311,271,58,459	17.428663,16.175653,16.091255,14.916245,14.836377,14.823032,14.077202,14.018685
121	0	6973	18.640940	198,220,271,279,58,311,720,264	18.805876,15.504474,15.441920,15.363525,14.691253,14.536884,14.280057,14.118561
122	0	3529	15.683634	198,220,271,720,279,58,311,998	17.927862,15.105710,14.775224,14.419716,14.015645,13.779195,13.295041,12.976932
123	0	77749	17.441109	198,220,271,279,58,720,311,998	19.049475,15.843178,15.449039,15.316051,14.840630,14.434939,14.281273,13.964447
124	0	11628	17.907052	198,271,220,58,279,311,512,264	19.389433,16.654617,16.060362,15.828542,15.339213,14.735784,14.291199,14.229350
125	0	3916	16.484640	198,220,271,279,58,720,311,264	19.278803,15.867001,15.639481,15.311107,14.700310,14.631592,14.189812,13.892323
126	0	9009	12.220259	198,220,279,271,58,311,264,40	18.783178,15.623432,15.404683,15.387782,14.580852,14.553463,14.286412,13.841415
127	0	6458	15.201807	198,279,220,271,311,264,58,720	17.782356,15.946228,15.537957,14.872104,14.825286,14.805751,14.208089,13.948716
128	0	61503	17.725527	198,220,279,271,311,58,264,720	18.927996,15.868278,15.577103,15.215360,14.550214,14.412257,14.128532,14.098353
129	0	428	14.379725	198,220,279,311,271,264,720,12	16.129936,15.135470,14.057532,13.849022,13.784823,13.115525,13.023842,12.619480
130	0	271	3.908399	198,220,271,279,58,311,720,334	18.287649,15.137253,14.882154,14.877797,14.750453,14.188502,13.928613,13.757912
131	0	34336	12.591452	198,271,220,279,58,791,40,3923	19.497217,16.191614,15.516911,15.327038,15.141121,15.091133,15.066467,14.436160
132	0	415	11.056921	198,271,220,58,279,16,40,512	19.365168,15.783603,15.535773,15.433543,14.999177,14.187321,14.071331,14.000328
133	0	551	8.599885	198,220,279,720,264,311,271,58	18.276760,16.740957,16.026247,15.206883,14.857572,14.631309,14.623317,14.141828
134	0	2539	9.923491	198,220,279,271,720,58,264,311	18.782349,16.287268,15.794881,14.783928,14.692117,14.631221,14.521297,14.508298
135	0	1296	13.181895	198,279,220,271,311,58,264,1148	18.971228,16.026979,15.434284,15.374612,14.909958,14.632385,14.538490,14.478833
136	0	6859	14.630384	198,279,271,220,58,311,264,40	18.703442,16.054205,15.883656,15.680928,15.159866,14.960050,14.630654,14.452466
137	0	320	7.934941	198,279,220,271,311,58,264,512	17.923107,15.654860,15.450485,14.720599,14.585892,14.553752,14.447904,13.630200
138	0	543	11.377438	198,279,220,271,40,58,791,16	18.758127,15.056754,15.052551,14.933000,14.508949,14.408370,14.078819,13.989151
139	0	220	3.814616	198,279,220,271,58,311,264,40	18.447447,15.307509,15.143921,14.880729,14.557296,14.108002,14.033498,13.989087
140	0	19305	12.942751	198,220,279,271,16,58,311,264	18.192312,15.303127,15.081161,14.541656,14.382565,14.152309,13.979642,13.899891
141	0	23	7.070647	198,220,271,279,58,720,311,264	18.597366,15.851089,15.213588,14.820806,14.404553,14.229016,14.080829,13.824117
142	0	7123	17.284645	198,271,220,279,58,311,264,40	18.971018,15.630208,15.432702,15.173114,14.587323,14.256635,13.972713,13.857030
143	0	98634	16.572449	198,220,279,271,58,311,264,720	19.097372,16.481676,16.023375,15.486936,15.278968,15.248234,14.873814,14.533443
144	0	340	8.177642	198,220,279,311,264,271,58,459	18.374540,16.636648,15.920792,14.892953,14.841664,14.796094,14.439328,13.954104
145	0	38	9.133731	198,220,271,58,279,720,334,40	19.685028,15.775128,15.747326,15.701842,15.260737,14.832095,14.681362,14.673617
146	0	2898	11.704807	198,220,271,279,58,720,334,311	18.495325,14.846736,14.812121,14.550247,14.312653,13.910103,13.715367,13.585597
147	0	12	6.279071	198,271,220,279,311,58,264,512	18.841730,15.722657,15.441073,15.261638,14.546905,14.398612,14.074260,13.646815
148	0	17	5.031410	198,220,279,16,720,334,264,58	17.775724,16.203127,15.768544,14.883336,14.776309,14.698009,14.637718,14.528388
149	0	426	10.650419	198,220,271,279,58,16,720,334	18.683811,15.147820,14.833972,14.700783,14.477902,13.935889,13.916534,13.898190
150	0	1777	11.642165	198,271,220,279,58,720,311,264	18.808128,15.566022,15.551671,15.199063,14.561356,14.385137,14.150746,14.114726
151	0	11460	16.729809	198,271,220,279,58,311,264,512	19.116171,15.823260,15.128901,14.975022,14.698419,14.141185,13.798724,13.683122
152	0	320	8.226130	198,220,271,279,58,311,264,512	18.937080,16.015921,15.452929,15.393210,15.191632,14.474857,14.272965,14.244006
153	0	83	8.017700	198,279,220,271,40,58,791,16	18.758127,15.056754,15.052551,14.933000,14.508949,14.408370,14.078819,13.989151
154	0	1609	12.680231	198,220,271,279,58,720,311,334	18.592211,14.984818,14.772324,14.760823,14.563693,14.009528,13.862210,13.818840
155	0	5963	13.942981	198,220,271,279,58,311,264,512	17.906603,14.949814,14.876297,14.518608,13.917145,13.888767,13.444240,13.259056
156	0	1680	12.474106	198,220,271,279,58,512,311,720	18.334398,15.639432,15.497769,14.957255,14.564213,14.217134,14.038910,13.814422
157	0	220	1.803437	198,220,279,720,264,311,58,334	17.633718,16.764116,15.730960,15.245067,14.957108,14.602566,14.360385,14.278636
158	0	16085	10.661335	198,220,279,271,16,58,311,264	18.192312,15.303127,15.081161,14.541656,14.382565,14.152309,13.979642,13.899891
159	0	17897	13.022810	198,220,271,279,720,58,311,264	18.486496,15.804889,14.870397,14.701088,14.380128,14.352296,13.884418,13.620234
160	0	198	0.345698	198,220,271,279,58,720,16,311	19.043455,15.884732,15.235345,14.841527,14.818900,14.476242,14.047340,13.998918
161	0	1688	8.612343	198,271,220,279,58,40,311,16	19.656580,15.749360,15.566798,15.396309,15.269284,14.860826,14.441760,14.430908
162	0	393	9.274775	198,220,279,271,264,58,720,40	17.761414,15.572286,15.518725,14.540082,14.405263,14.221405,13.954240,13.847280
163	0	2989	10.206422	198,271,220,279,58,720,311,264	18.422949,15.176716,14.976089,14.871349,14.283158,14.087616,13.817767,13.739842
164	0	71608	17.240694	198,271,279,220,58,311,264,998	18.577515,15.240634,14.798641,14.571120,14.178124,13.987984,13.543312,13.541293
165	0	15906	16.852128	198,220,271,58,279,720,16,311	18.809952,15.888364,15.326134,14.765339,14.434552,13.969894,13.759440,13.731571
166	0	28	7.971576	198,220,271,720,279,58,311,512	17.302084,15.771088,14.574126,14.275340,14.246563,14.207171,13.894353,13.721822
167	0	12378	11.790050	198,220,279,58,271,720,16,334	18.591856,15.668816,14.844890,14.573453,14.500549,14.460751,14.233525,13.728420
168	0	21	6.377759	198,220,271,58,279,720,334,311	18.895742,15.852115,15.273956,14.876637,14.705693,14.513869,14.354098,14.116582
169	0	420	8.684571	198,271,220,279,58,311,40,720	19.223673,15.698596,15.475699,15.081790,14.778553,14.140072,14.101056,13.968329
170	0	36508	14.372324	198,279,271,220,58,40,311,264	19.279358,15.627351,15.505557,15.207166,14.669293,14.534821,14.495765,14.397278
171	0	220	2.114248	198,220,279,264,311,271,459,58	17.778425,16.666452,16.375280,15.340413,15.053123,14.694568,14.437073,14.381386
172	0	3076	8.847325	198,220,279,271,16,58,311,264	18.192312,15.303127,15.081161,14.541656,14.382565,14.152309,13.979642,13.899891
173	0	2536	13.446026	198,220,271,58,279,720,311,16	19.325289,15.873792,15.571048,14.981807,14.758232,14.158994,13.945676,13.937633
174	0	29352	16.302567	198,271,279,220,58,720,40,311	18.979784,15.369655,15.280327,14.997055,14.612857,14.385380,14.337007,14.203979
175	0	91719	14.584192	198,279,220,271,58,311,264,720	19.475042,16.309004,15.999211,15.510910,15.311092,15.117255,14.919903,14.590163
176	0	27855	15.307994	198,220,279,271,58,264,311,720	19.008732,16.684423,16.623264,15.766136,15.505169,15.459777,14.936597,14.720574
177	0	345	7.789820	198,271,220,279,58,311,512,16	19.621918,16.462072,15.921204,15.606791,15.473122,14.923950,14.654040,14.444602
178	0	19975	15.882492	198,220,58,271,279,40,720,16	20.213089,16.078321,15.870242,15.856743,15.620124,14.957555,14.897058,14.570369
179	0	2915	13.431891	198,220,279,271,311,264,58,12	18.148621,15.818248,15.692964,15.566978,15.057769,14.620587,14.439242,14.397466
180	0	49005	15.512660	198,279,220,271,311,264,58,1148	19.003784,15.879112,15.770676,15.513897,14.915311,14.761636,14.628856,14.504901
181	0	279	2.687187	198,220,279,264,271,311,1148,720	18.944656,16.948755,16.877817,15.470973,15.423576,15.154217,15.120675,14.894273
182	0	220	3.097973	198,279,220,271,264,311,1148,58	18.270229,16.180687,15.926502,15.070193,14.925770,14.612458,14.604426,14.019646
183	0	508	5.329732	198,220,279,271,16,58,311,264	18.192312,15.303127,15.081161,14.541656,14.382565,14.152309,13.979642,13.899891
184	0	11843	15.475765	198,220,271,58,279,720,16,334	19.270527,16.108492,15.483884,15.278618,15.241466,14.623558,14.565312,14.403384
185	0	3200	12.856780	198,220,271,279,998,72,58,720	18.684208,15.316536,15.058407,14.943494,14.303485,14.264178,14.228976,14.015590
186	0	16686	16.162675	198,220,279,271,311,58,264,720	17.784319,15.196697,15.036140,14.564580,14.264571,13.895432,13.852813,13.472145
187	0	315	8.077159	198,220,271,279,311,58,720,264	19.222536,16.174273,16.024572,15.928987,15.223484,15.184642,14.817642,14.749560
188	0	279	3.021633	198,279,220,271,264,1148,311,58	18.656187,16.301306,15.877232,15.178243,15.012707,14.874130,14.539978,14.313675
189	0	426	9.591257	198,279,220,271,264,311,1148,58	18.270229,16.180687,15.926502,15.070193,14.925770,14.612458,14.604426,14.019646
190	0	18	6.802466	198,271,220,279,58,720,311,264	18.808128,15.566022,15.551671,15.199063,14.561356,14.385137,14.150746,14.114726
191	0	4367	12.742032	198,220,271,279,58,311,334,16	18.932058,15.304665,15.226079,14.964555,14.627685,14.092400,13.998756,13.955579
192	0	18618	15.357578	198,271,279,220,311,58,1148,264	19.287798,16.195742,16.106421,15.347793,15.165939,14.800635,14.768726,14.716275
193	0	382	8.187336	198,220,279,311,271,264,720,374	17.504440,16.386362,16.210491,15.431523,15.158340,14.912440,14.462665,14.212115
194	0	2028	7.329093	198,271,40,791,58,220,279,3923	19.998484,16.818275,16.063238,15.839738,15.804131,15.748569,15.355377,15.136287
195	0	1052	14.947712	198,220,271,279,58,40,791,264	19.360922,15.554015,15.467793,15.304982,14.721105,14.625306,14.356397,14.257190
196	0	374	5.151304	198,279,271,220,311,264,58,720	18.786486,16.620207,16.486839,16.157423,15.662747,15.224652,14.921454,14.499817
197	0	1511	10.918693	198,279,220,271,264,311,58,1148	18.856224,16.070913,15.936802,15.334408,14.871612,14.711841,14.586665,14.505061
198	0	439	8.359285	198,279,220,271,311,264,58,1148	18.652288,16.161493,15.875636,15.323495,15.125061,14.814889,14.729996,14.255013
199	0	264	4.228103	198,279,220,271,264,1148,311,58	18.814610,16.507467,16.017263,15.364026,15.192407,15.007019,14.908219,14.460716
200	0	12790	16.723535	198,279,220,271,264,311,58,1148	18.706884,15.781047,15.582891,15.228008,14.672112,14.410118,14.389384,14.329625
201	0	369	7.498969	198,279,220,271,311,264,459,58	17.522821,15.844022,15.551727,15.059390,14.946285,14.634015,13.783099,13.699505
202	0	279	2.887129	198,279,220,271,264,311,1148,58	18.577459,16.330256,15.827157,15.070928,15.032028,14.679767,14.652055,14.547436
203	0	48275	15.689195	198,279,220,271,264,311,1148,58	18.270229,16.180687,15.926502,15.070193,14.925770,14.612458,14.604426,14.019646
204	0	45320	9.487450	198,220,279,271,311,264,58,459	17.906458,16.451967,15.680367,15.444806,14.767632,14.568687,14.121434,13.706777
205	0	85748	16.914802	198,220,271,58,279,334,12,512	17.758596,15.233948,14.702676,14.308160,13.624324,13.578532,13.456356,13.373138
206	0	6636	14.098530	198,220,279,271,311,720,264,58	17.596144,15.162507,14.846599,14.527677,14.039257,13.797528,13.716372,13.601810
207	0	74252	14.285606	198,279,220,271,311,58,264,512	18.338757,15.786655,15.625214,15.561582,14.821674,14.714821,14.573242,13.923093
208	0	488	12.582995	198,220,271,279,12,58,311,998	17.649963,14.914604,14.550740,14.012820,13.685547,13.626819,13.454392,13.433022
209	0	18618	16.020034	198,271,220,279,58,40,311,791	18.780106,15.666078,15.194329,15.153378,14.676482,14.346402,14.253438,14.182503
210	0	198	1.110818	198,220,279,311,271,264,720,374	17.504440,16.386362,16.210491,15.431523,15.158340,14.912440,14.462665,14.212115
211	0	8793	19.395137	198,271,220,279,58,40,311,16	19.656580,15.749360,15.566798,15.396309,15.269284,14.860826,14.441760,14.430908
212	0	82	5.637756	198,220,58,271,720,279,16,512	19.149780,15.982944,15.903740,15.570950,14.985656,14.734324,14.521854,14.260486
213	0	5640	16.865504	198,271,279,220,58,311,512,264	18.980473,15.228279,15.165489,14.912137,14.776784,14.355824,14.137954,14.027779
214	0	324	11.464539	198,220,279,271,58,720,311,998	18.885355,15.723328,15.434270,15.291347,14.599719,14.534381,14.426040,14.028232
215	0	754	10.384077	198,220,271,279,311,58,264,40	18.044537,14.976329,14.936638,14.884646,14.014712,13.906674,13.751058,13.406480
216	0	98166	17.613616	198,220,271,279,58,720,16,311	18.800940,15.511857,14.995923,14.618084,14.364497,13.876607,13.710551,13.672601
217	0	2253	15.055991	198,220,271,512,58,16,279,311	16.785217,14.269662,14.088666,13.847106,13.453090,13.146327,13.139915,12.881486
218	0	17	5.909205	198,220,271,58,279,334,720,16	18.509146,15.150689,14.823668,14.660573,14.309914,14.241395,14.185257,14.079960
219	0	68	8.107442	198,220,271,279,58,16,720,334	18.683811,15.147820,14.833972,14.700783,14.477902,13.935889,13.916534,13.898190
220	0	26721	16.871360	198,220,271,279,58,720,334,311	18.751318,15.142997,14.815108,14.553524,14.454758,13.959065,13.862319,13.722539
221	0	4390	12.446658	198,271,220,279,720,311,58,264	18.895048,15.756150,15.682395,15.214391,14.701434,14.547853,13.895412,13.665362
222	0	8780	11.673336	198,271,58,220,334,720,40,16	20.202005,16.295433,16.255884,16.133154,15.701257,15.439468,15.392207,14.978989
223	0	32905	12.207446	198,220,279,271,58,40,311,264	18.727961,15.475590,15.418666,15.256470,14.995308,14.276172,14.189945,14.154049
224	0	1005	10.111178	198,220,279,271,58,311,264,720	18.952864,15.927048,15.635415,15.503894,15.111405,14.710968,14.536995,14.508435
225	0	2011	9.703386	198,279,220,271,311,264,58,1148	18.558044,16.358040,15.664950,15.593068,15.044454,14.952092,14.742866,14.472737
226	0	14389	14.698567	198,220,279,311,271,264,1148,58	18.438002,15.963341,15.960486,14.991099,14.943207,14.701179,14.197209,14.138268
227	0	420	7.070496	198,279,220,271,264,311,1148,459	17.970291,16.739260,15.948575,15.499850,15.446037,15.065572,14.819335,14.645183
228	0	13844	15.319288	198,279,271,220,58,40,311,264	19.279358,15.627351,15.505557,15.207166,14.669293,14.534821,14.495765,14.397278
229	0	7866	14.280058	198,279,220,271,311,264,720,58	18.504780,15.997182,15.781823,15.485557,14.899114,14.633004,14.470895,14.133072
230	0	93314	13.927758	198,220,279,264,271,311,720,459	18.090843,16.945885,16.531855,15.019414,14.869891,14.706506,14.346143,14.334746
231	0	220	3.808938	198,220,271,279,311,720,58,264	19.372873,15.865933,15.832738,15.480453,14.524390,14.405122,14.320697,14.201159
232	0	18	5.620017	198,220,279,271,16,58,311,264	18.192312,15.303127,15.081161,14.541656,14.382565,14.152309,13.979642,13.899891
233	0	13	8.735541	198,220,271,279,58,311,334,16	18.932058,15.304665,15.226079,14.964555,14.627685,14.092400,13.998756,13.955579
234	0	15	7.105243	198,220,271,279,40,791,58,264	19.058491,15.604472,15.553482,15.513893,14.709134,14.588142,14.508255,14.395350
235	0	63124	15.445489	198,220,271,279,58,311,720,16	19.206598,15.366856,15.250553,14.977939,14.767179,14.154205,14.022990,13.960935
236	0	382	8.929935	198,220,271,279,311,58,264,1148	19.172131,16.028946,16.007553,15.907292,15.393941,14.843288,14.605347,14.154399
237	0	284	11.978221	198,271,40,791,58,220,279,3923	19.998484,16.818275,16.063238,15.839738,15.804131,15.748569,15.355377,15.136287
238	0	8563	12.031551	198,220,279,720,264,311,271,58	18.117981,16.782373,15.881360,14.920634,14.806409,14.407220,14.357076,14.154671
239	0	426	9.572409	198,220,279,271,264,311,1148,720	17.934746,16.305645,15.827232,15.289391,14.653236,14.396736,14.183929,14.098564
240	0	11206	15.661786	198,271,220,279,58,720,311,264	18.808128,15.566022,15.551671,15.199063,14.561356,14.385137,14.150746,14.114726
241	0	466	8.672357	198,271,220,58,279,791,40,311	18.591627,15.218179,14.945662,14.667412,14.460490,14.083182,13.987227,13.528699
242	0	284	10.284594	198,279,220,271,311,264,58,40	18.135736,15.504292,15.320590,15.054713,14.469181,14.302838,14.152860,13.628803
243	0	720	3.930949	198,220,279,720,264,311,271,58	18.117981,16.782373,15.881360,14.920634,14.806409,14.407220,14.357076,14.154671
244	0	8563	13.169218	198,220,58,271,279,720,40,16	19.609755,16.352503,15.745300,15.575284,15.455564,15.069561,14.865463,14.654552
245	0	426	9.572409	198,220,279,271,264,311,1148,720	17.934746,16.305645,15.827232,15.289391,14.653236,14.396736,14.183929,14.098564
246	0	11206	15.661786	198,271,220,279,58,720,311,264	18.808128,15.566022,15.551671,15.199063,14.561356,14.385137,14.150746,14.114726
247	0	466	8.672357	198,271,220,58,279,791,40,311	18.591627,15.218179,14.945662,14.667412,14.460490,14.083182,13.987227,13.528699
248	0	374	5.687889	198,279,220,271,311,264,58,40	18.135736,15.504292,15.320590,15.054713,14.469181,14.302838,14.152860,13.628803
249	0	459	5.635350	198,279,220,271,264,311,58,1148	18.856224,16.070913,15.936802,15.334408,14.871612,14.711841,14.586665,14.505061
250	0	6498	9.747724	198,279,220,271,264,311,1148,58	18.646166,15.784271,15.559654,15.219448,14.626660,14.450755,14.383870,14.307816
251	0	4632	14.532132	198,220,279,271,311,264,720,58	18.361952,16.100878,16.069077,15.349205,14.960719,14.887189,14.591922,14.248986
252	0	1174	10.033285	198,279,220,271,311,264,1148,58	18.542707,16.374800,15.950259,15.594518,15.223149,14.928555,14.643959,14.589333
253	0	12707	14.883399	198,220,279,264,311,58,271,720	18.396646,16.561014,16.031153,14.719195,14.613892,14.446213,14.373384,14.261363
254	0	323	5.932178	198,279,271,220,311,1148,264,58	18.686110,15.959437,15.666547,15.396274,14.968980,14.802119,14.600749,14.430718
255	0	34596	13.553594	198,279,220,271,1148,264,311,358	18.880346,16.773996,16.124243,15.748792,15.445361,15.347178,15.154689,14.562360
256	0	12360	14.752969	198,279,271,220,311,264,58,1148	19.024796,16.286123,16.098663,16.009958,15.494960,15.009018,14.838344,14.819531
257	0	662	10.507154	198,279,220,271,311,264,58,512	18.261763,15.913926,15.783488,15.446484,15.140483,14.563385,14.527390,13.809115
258	0	1283	11.570086	198,220,279,271,58,311,264,720	19.163027,15.927941,15.593288,15.444875,14.760516,14.380231,14.276520,14.118141
259	0	1047	8.936724	198,220,279,271,264,311,58,40	18.502851,15.770355,15.663463,15.328147,14.482112,14.465421,14.242013,14.128207
260	0	264	4.479706	198,279,220,271,264,311,1148,58	19.132057,16.436403,15.973412,15.376770,15.158183,15.073345,15.007098,14.858413
261	0	8810	15.377493	198,279,220,271,264,311,58,1148	18.706884,15.781047,15.582891,15.228008,14.672112,14.410118,14.389384,14.329625
262	0	571	12.200501	198,279,220,311,271,264,1148,459	17.860287,16.090317,15.646245,15.225713,15.054661,14.783008,14.152850,14.072900
263	0	12	7.206574	198,271,220,279,720,58,311,998	18.832945,15.628891,15.417148,14.939750,14.186549,13.981586,13.867156,13.760826
264	0	31	10.794645	198,220,279,16,720,334,264,58	17.775724,16.203127,15.768544,14.883336,14.776309,14.698009,14.637718,14.528388
265	0	40500	14.968198	198,220,271,279,720,58,311,16	18.600840,15.441322,15.095448,14.925648,14.439214,14.023109,13.748126,13.582789
266	0	3560	12.082266	198,220,279,264,459,311,1148,271	16.896463,16.677485,16.538240,15.289669,14.933087,14.703156,14.607727,14.107739
267	0	389	10.052759	198,220,279,271,311,58,264,512	18.625580,15.662211,15.560882,15.348335,15.000970,14.570327,14.307223,14.027110
268	0	279	2.820635	198,279,220,271,264,311,1148,58	18.528591,16.420420,16.145905,15.180779,15.078290,14.811046,14.668560,14.299825
269	0	12707	13.789075	198,279,220,271,264,311,1148,58	18.270229,16.180687,15.926502,15.070193,14.925770,14.612458,14.604426,14.019646
270	0	4101	12.504156	198,279,271,220,311,1148,264,58	18.686110,15.959437,15.666547,15.396274,14.968980,14.802119,14.600749,14.430718
271	0	578	7.514212	198,271,220,58,279,40,512,334	19.544977,16.246510,15.963252,15.817393,15.441411,15.038239,14.763985,14.733612
272	0	8766	13.916445	198,220,279,271,264,720,311,1148	18.176361,16.161646,15.978714,15.129041,14.811582,14.580337,14.334039,14.226020
273	0	304	6.977516	198,220,279,271,264,311,1148,58	18.751192,16.531973,16.443880,15.882686,15.170108,15.115433,14.847087,14.789454
274	0	220	3.375428	198,279,220,271,264,311,1148,58	18.634159,16.598030,15.927326,15.215795,15.202277,15.072639,14.865670,14.144956
275	0	1049	6.888409	198,220,279,271,16,58,311,264	18.192312,15.303127,15.081161,14.541656,14.382565,14.152309,13.979642,13.899891
276	0	15	6.748604	198,220,271,279,58,720,311,16	19.002163,15.733029,15.412315,15.233654,14.728665,14.584149,14.244228,14.128150
277	0	662	10.345442	198,220,271,279,58,311,720,16	19.206598,15.366856,15.250553,14.977939,14.767179,14.154205,14.022990,13.960935
278	0	1115	9.050494	198,220,279,271,58,311,264,720	19.163027,15.927941,15.593288,15.444875,14.760516,14.380231,14.276520,14.118141
279	0	574	8.234183	198,279,220,271,40,264,58,311	19.390495,15.567012,15.530468,15.476051,14.407607,14.406871,14.338771,14.286733
280	0	8272	13.056201	198,279,220,271,264,1148,311,58	18.974855,16.602282,16.337751,15.322309,15.277492,15.152878,15.147865,14.510495
281	0	555	7.974117	198,220,279,271,311,58,264,1148	19.564308,16.496931,16.438494,15.660652,15.350349,15.090500,15.066827,15.053635
282	0	264	3.718645	198,220,279,264,271,311,1148,459	18.106091,16.771215,16.711565,15.389026,15.146323,14.932027,14.840295,14.430291
283	0	40500	14.199823	198,279,220,271,264,311,58,1148	18.706884,15.781047,15.582891,15.228008,14.672112,14.410118,14.389384,14.329625
284	0	3560	12.082266	198,220,279,264,459,311,1148,271	16.896463,16.677485,16.538240,15.289669,14.933087,14.703156,14.607727,14.107739
285	0	304	7.030104	198,220,279,271,311,58,264,512	18.625580,15.662211,15.560882,15.348335,15.000970,14.570327,14.307223,14.027110
286	0	279	2.704724	198,279,220,271,264,311,1148,58	18.634159,16.598030,15.927326,15.215795,15.202277,15.072639,14.865670,14.144956
287	0	1514	10.164943	198,279,220,271,264,311,1148,58	18.270229,16.180687,15.926502,15.070193,14.925770,14.612458,14.604426,14.019646
288	0	6385	12.516185	198,279,220,271,311,264,58,1148	18.731407,16.240797,15.472519,15.410599,15.169736,14.889768,14.550612,14.525989
289	0	2439	13.236762	198,220,279,271,264,311,720,12	17.565546,15.803945,15.713039,14.879180,14.487472,14.432595,14.135956,13.881191
290	0	5439	12.312168	198,220,271,279,58,311,264,40	18.767731,15.425406,15.396375,15.381749,14.569440,14.563663,14.193299,13.915988
291	0	555	7.355699	198,279,220,311,264,271,58,1148	18.884930,16.532743,16.339796,15.356606,15.229981,15.094720,14.830937,14.664571
292	0	22021	13.865859	198,220,279,264,271,311,1148,459	18.106091,16.771215,16.711565,15.389026,15.146323,14.932027,14.840295,14.430291
293	0	77023	15.398476	198,220,279,271,264,311,58,12	17.661112,15.486214,15.001430,14.798432,14.004467,13.829587,13.792314,13.686648
294	0	1174	9.217407	198,220,279,271,720,58,311,12	17.800879,15.829198,15.041394,14.740993,14.311589,14.273537,14.217669,14.061137
295	0	902	7.708511	198,220,279,264,311,58,271,720	18.396646,16.561014,16.031153,14.719195,14.613892,14.446213,14.373384,14.261363
296	0	574	8.000653	198,279,271,220,58,40,1148,311	19.622358,15.970798,15.750302,15.515164,15.003566,14.864022,14.813404,14.663184
297	0	10887	12.630221	198,279,220,271,264,1148,311,58	18.974855,16.602282,16.337751,15.322309,15.277492,15.152878,15.147865,14.510495
298	0	304	7.353791	198,279,220,271,311,58,264,1148	19.052788,16.114573,16.109419,15.212939,15.025272,14.968413,14.953349,14.364886
299	0	220	3.375428	198,279,220,271,264,311,1148,58	18.634159,16.598030,15.927326,15.215795,15.202277,15.072639,14.865670,14.144956
300	0	1049	6.888409	198,220,279,271,16,58,311,264	18.192312,15.303127,15.081161,14.541656,14.382565,14.152309,13.979642,13.899891
301	0	16	5.256124	198,220,271,279,58,720,311,16	19.002163,15.733029,15.412315,15.233654,14.728665,14.584149,14.244228,14.128150
302	0	520	6.877949	198,220,271,279,58,311,16,264	18.855997,15.430751,15.048625,14.990996,14.574794,14.120300,13.961446,13.909923
303	0	279	2.685116	198,279,220,264,271,311,1148,720	18.418158,16.441626,16.144648,15.079354,14.861751,14.735097,14.560153,14.256699
304	0	16591	13.742476	198,279,220,271,264,311,1148,58	18.270229,16.180687,15.926502,15.070193,14.925770,14.612458,14.604426,14.019646
305	0	7301	13.011643	198,220,279,271,264,311,1148,791	17.820047,15.672029,15.381549,15.318797,14.275845,14.117026,14.058605,14.012250
306	0	27315	16.543439	198,279,220,271,311,264,720,459	18.027582,16.640684,16.433062,15.576137,15.420753,15.234623,14.673244,14.560684
307	0	662	10.434810	198,220,279,271,311,264,58,1148	18.988972,16.497656,16.186596,16.127752,15.335339,14.987409,14.726585,14.587598
308	0	1283	11.570086	198,220,279,271,58,311,264,720	19.163027,15.927941,15.593288,15.444875,14.760516,14.380231,14.276520,14.118141
309	0	1047	8.936724	198,220,279,271,264,311,58,40	18.502851,15.770355,15.663463,15.328147,14.482112,14.465421,14.242013,14.128207
310	0	264	4.479706	198,279,220,271,264,311,1148,58	19.132057,16.436403,15.973412,15.376770,15.158183,15.073345,15.007098,14.858413
311	0	8810	15.377493	198,279,220,271,264,311,58,1148	18.706884,15.781047,15.582891,15.228008,14.672112,14.410118,14.389384,14.329625
312	0	3560	11.998236	198,279,220,311,271,264,1148,459	17.860287,16.090317,15.646245,15.225713,15.054661,14.783008,14.152850,14.072900
313	0	304	7.030104	198,220,279,271,311,58,264,512	18.625580,15.662211,15.560882,15.348335,15.000970,14.570327,14.307223,14.027110
314	0	279	2.704724	198,279,220,271,264,311,1148,58	18.634159,16.598030,15.927326,15.215795,15.202277,15.072639,14.865670,14.144956
315	0	12707	13.789075	198,279,220,271,264,311,1148,58	18.270229,16.180687,15.926502,15.070193,14.925770,14.612458,14.604426,14.019646
316	0	4101	12.504156	198,279,271,220,311,1148,264,58	18.686110,15.959437,15.666547,15.396274,14.968980,14.802119,14.600749,14.430718
317	0	20819	14.361682	198,271,220,58,279,40,512,334	19.544977,16.246510,15.963252,15.817393,15.441411,15.038239,14.763985,14.733612
318	0	3842	9.996870	198,220,279,271,264,311,459,1148	17.368055,16.540709,16.477888,15.189441,15.174945,15.096728,14.484939,14.335963
319	0	1611	9.328430	198,220,279,271,264,311,1148,459	18.251749,16.332558,16.042404,15.440053,14.775327,14.633121,14.415502,14.087016
320	0	291	10.054175	198,220,279,271,720,58,12,264	17.749094,15.367386,14.395233,14.387120,14.294084,13.601135,13.401928,13.372602
321	0	304	7.196407	198,279,220,271,58,311,264,40	18.369518,15.512528,15.487262,14.898216,14.462100,14.431571,14.376560,13.742213
322	0	220	3.375428	198,279,220,271,264,311,1148,58	18.634159,16.598030,15.927326,15.215795,15.202277,15.072639,14.865670,14.144956
323	0	1049	6.888409	198,220,279,271,16,58,311,264	18.192312,15.303127,15.081161,14.541656,14.382565,14.152309,13.979642,13.899891
324	0	17	6.300659	198,220,271,279,58,720,311,16	19.002163,15.733029,15.412315,15.233654,14.728665,14.584149,14.244228,14.128150
325	0	662	10.134121	198,220,271,279,58,16,720,334	18.683811,15.147820,14.833972,14.700783,14.477902,13.935889,13.916534,13.898190
326	0	763	8.577540	198,220,279,271,58,311,264,720	19.163027,15.927941,15.593288,15.444875,14.760516,14.380231,14.276520,14.118141
327	0	220	3.388554	198,279,220,271,264,1148,311,791	18.500727,16.107790,15.780353,15.235287,14.830529,14.344712,14.338905,14.232423
328	0	1049	6.888409	198,220,279,271,16,58,311,264	18.192312,15.303127,15.081161,14.541656,14.382565,14.152309,13.979642,13.899891
329	0	19	7.394147	198,220,271,279,58,720,311,16	19.002163,15.733029,15.412315,15.233654,14.728665,14.584149,14.244228,14.128150
330	0	426	10.794458	198,271,220,279,58,311,16,264	18.975340,15.345292,15.342977,14.946049,14.700938,14.067902,13.935090,13.874458
331	0	11206	15.661786	198,271,220,279,58,720,311,264	18.808128,15.566022,15.551671,15.199063,14.561356,14.385137,14.150746,14.114726
332	0	466	8.672357	198,271,220,58,279,791,40,311	18.591627,15.218179,14.945662,14.667412,14.460490,14.083182,13.987227,13.528699
333	0	27212	13.734994	198,279,220,271,311,264,58,40	18.135736,15.504292,15.320590,15.054713,14.469181,14.302838,14.152860,13.628803
334	0	264	2.999730	198,279,220,264,311,459,271,477	16.098907,15.953442,15.380599,14.866573,14.716960,14.228017,13.827435,13.447673
335	0	3560	12.397343	198,279,220,271,264,311,58,1148	18.706884,15.781047,15.582891,15.228008,14.672112,14.410118,14.389384,14.329625
336	0	439	8.302740	198,220,279,271,311,58,264,512	18.625580,15.662211,15.560882,15.348335,15.000970,14.570327,14.307223,14.027110
337	0	330	5.954163	198,279,220,271,264,1148,311,58	18.814610,16.507467,16.017263,15.364026,15.192407,15.007019,14.908219,14.460716
338	0	29517	14.826314	198,279,271,40,220,791,58,311	19.101732,15.336757,15.224483,14.907643,14.841874,14.526085,14.366981,14.067769
339	0	330	5.905995	198,220,279,271,264,311,459,58	17.525948,15.923763,15.825107,14.903666,14.742775,14.507680,14.034882,13.885804
340	0	304	8.136406	198,279,271,40,220,791,58,311	19.101732,15.336757,15.224483,14.907643,14.841874,14.526085,14.366981,14.067769
341	0	279	2.704724	198,279,220,271,264,311,1148,58	18.634159,16.598030,15.927326,15.215795,15.202277,15.072639,14.865670,14.144956
342	0	9417	14.393776	198,279,220,271,264,311,1148,58	18.270229,16.180687,15.926502,15.070193,14.925770,14.612458,14.604426,14.019646
343	0	330	6.911890	198,271,279,220,58,311,1148,40	19.679193,16.583136,16.204676,16.074003,15.312514,15.251077,15.137994,14.862567
344	0	71166	14.785188	198,279,271,40,220,791,58,311	19.101732,15.336757,15.224483,14.907643,14.841874,14.526085,14.366981,14.067769
345	0	364	9.003047	198,220,279,271,264,311,12,459	16.856779,15.596402,15.026398,14.389195,14.080400,14.000417,13.595398,13.518845
346	0	82	5.799713	198,279,271,220,40,791,58,44	18.756327,15.144691,14.964672,14.776516,14.532539,14.192447,14.113304,13.845451
347	0	15457	14.888889	198,271,279,220,58,311,512,264	18.980473,15.228279,15.165489,14.912137,14.776784,14.355824,14.137954,14.027779
348	0	330	6.386316	198,220,271,279,58,311,264,720	19.137939,16.605074,16.325613,15.773941,15.059260,14.861890,14.698856,14.508367
349	0	315	8.760896	198,279,271,40,220,791,58,311	19.101732,15.336757,15.224483,14.907643,14.841874,14.526085,14.366981,14.067769
350	0	279	3.021633	198,279,220,271,264,1148,311,58	18.656187,16.301306,15.877232,15.178243,15.012707,14.874130,14.539978,14.313675
351	0	12707	13.789075	198,279,220,271,264,311,1148,58	18.270229,16.180687,15.926502,15.070193,14.925770,14.612458,14.604426,14.019646
352	0	4101	12.504156	198,279,271,220,311,1148,264,58	18.686110,15.959437,15.666547,15.396274,14.968980,14.802119,14.600749,14.430718
353	0	578	7.514212	198,271,220,58,279,40,512,334	19.544977,16.246510,15.963252,15.817393,15.441411,15.038239,14.763985,14.733612
354	0	5843	13.913112	198,220,279,271,264,720,311,1148	18.176361,16.161646,15.978714,15.129041,14.811582,14.580337,14.334039,14.226020
355	0	38725	16.887562	198,220,279,271,311,264,720,58	17.828762,15.853291,15.528347,14.613282,14.423127,14.284839,14.228995,14.039449
356	0	2652	11.278898	198,271,279,220,791,311,264,40	17.823219,15.442533,15.302814,15.257777,14.444144,14.221066,14.189719,14.018533
357	0	568	7.199415	198,220,279,58,271,311,720,264	19.513582,16.694283,16.111715,14.922648,14.850518,14.835429,14.831162,14.750710
358	0	59335	16.627561	198,279,220,271,40,311,58,264	18.873461,15.779424,15.572986,15.382627,14.637015,14.606312,14.568401,14.497615
359	0	16662	14.176821	198,220,279,264,459,311,720,477	15.802936,15.801932,15.480549,14.686473,14.163239,14.141946,13.760167,13.479642
360	0	20142	15.696811	198,279,220,264,271,1148,311,459	18.469954,17.333754,16.499205,15.940398,15.619465,15.619270,15.524205,15.302882
361	0	4488	11.649822	198,279,271,220,311,58,264,1148	18.777624,15.900055,15.682477,15.664258,15.208701,14.821609,14.570264,14.110097
362	0	27191	15.511173	198,220,279,271,264,311,58,1148	17.815817,16.340704,15.894801,15.221710,14.629594,14.490628,13.952067,13.910449
363	0	323	5.897541	198,220,279,271,264,311,720,58	17.534363,15.518638,15.179817,14.344070,14.145535,14.123367,14.005208,13.768909
364	0	43423	12.955747	198,279,220,271,1148,264,311,358	18.880346,16.773996,16.124243,15.748792,15.445361,15.347178,15.154689,14.562360
365	0	15385	15.157590	198,220,271,279,58,311,264,791	18.394091,15.396016,15.104432,14.681148,14.293674,13.774762,13.642853,13.603749
366	0	18843	14.138612	198,220,271,279,58,720,311,998	17.426790,15.259013,14.569238,13.537460,13.113815,13.112714,12.972923,12.866870
367	0	662	10.499544	198,271,220,58,279,311,40,791	18.737532,15.883072,15.228134,14.770331,14.619889,13.843612,13.817092,13.799904
368	0	1283	11.570086	198,220,279,271,58,311,264,720	19.163027,15.927941,15.593288,15.444875,14.760516,14.380231,14.276520,14.118141
369	0	574	7.371995	198,220,279,271,264,311,58,40	18.502851,15.770355,15.663463,15.328147,14.482112,14.465421,14.242013,14.128207
370	0	6445	11.683385	198,279,220,271,264,1148,311,58	18.974855,16.602282,16.337751,15.322309,15.277492,15.152878,15.147865,14.510495
371	0	304	6.694794	198,279,220,311,264,271,58,459	17.995184,16.168537,15.569493,15.173402,14.723209,14.712462,14.152103,14.003547
372	0	279	2.704724	198,279,220,271,264,311,1148,58	18.634159,16.598030,15.927326,15.215795,15.202277,15.072639,14.865670,14.144956
373	0	220	3.097973	198,279,220,271,264,311,1148,58	18.270229,16.180687,15.926502,15.070193,14.925770,14.612458,14.604426,14.019646
374	0	1049	6.888409	198,220,279,271,16,58,311,264	18.192312,15.303127,15.081161,14.541656,14.382565,14.152309,13.979642,13.899891
375	0	20	5.986112	198,220,271,279,58,720,311,16	19.002163,15.733029,15.412315,15.233654,14.728665,14.584149,14.244228,14.128150
376	0	34596	15.463867	198,220,271,279,58,311,720,264	18.906908,15.329110,15.208850,14.910611,14.482911,14.051418,13.942863,13.832294
377	0	54248	16.127872	198,279,271,220,311,264,58,1148	19.024796,16.286123,16.098663,16.009958,15.494960,15.009018,14.838344,14.819531
378	0	315	7.500701	198,279,271,220,311,58,264,1148	19.142740,15.956337,15.812398,15.581749,15.330784,14.769432,14.717479,14.241998
379	0	279	3.021633	198,279,220,271,264,1148,311,58	18.656187,16.301306,15.877232,15.178243,15.012707,14.874130,14.539978,14.313675
380	0	26241	14.513762	198,279,220,271,264,311,1148,58	18.270229,16.180687,15.926502,15.070193,14.925770,14.612458,14.604426,14.019646
381	0	93401	15.039728	198,220,271,279,791,58,40,264	18.101126,15.428378,15.212331,14.995270,14.144466,14.045297,13.925602,13.811584
382	0	1514	10.525935	198,271,279,220,311,264,58,1148	18.574522,15.698067,15.446254,15.418004,14.687660,14.202278,13.908454,13.824313
383	0	44662	14.196920	198,279,220,271,311,264,58,1148	18.731407,16.240797,15.472519,15.410599,15.169736,14.889768,14.550612,14.525989
384	0	50940	16.142071	198,220,279,271,264,311,720,459	17.474871,16.021082,15.410615,15.378619,14.365230,14.327724,13.576159,13.550205
385	0	1174	9.680580	198,220,279,271,12,58,720,264	17.117117,15.058782,13.920485,13.902618,13.481580,13.138222,13.061131,12.873036
386	0	902	7.708511	198,220,279,264,311,58,271,720	18.396646,16.561014,16.031153,14.719195,14.613892,14.446213,14.373384,14.261363
387	0	574	8.000653	198,279,271,220,58,40,1148,311	19.622358,15.970798,15.750302,15.515164,15.003566,14.864022,14.813404,14.663184
388	0	10887	12.630221	198,279,220,271,264,1148,311,58	18.974855,16.602282,16.337751,15.322309,15.277492,15.152878,15.147865,14.510495
389	0	520	6.021165	198,279,220,271,311,58,264,1148	19.052788,16.114573,16.109419,15.212939,15.025272,14.968413,14.953349,14.364886
390	0	279	2.685116	198,279,220,264,271,311,1148,720	18.418158,16.441626,16.144648,15.079354,14.861751,14.735097,14.560153,14.256699
391	0	46506	16.332037	198,279,220,271,264,311,1148,58	18.270229,16.180687,15.926502,15.070193,14.925770,14.612458,14.604426,14.019646
392	0	27315	17.198097	198,220,279,271,311,264,12,720	17.092491,15.973976,15.050262,14.618302,14.027522,14.000141,13.627530,13.414510
393	0	304	6.956149	198,220,279,271,311,264,58,1148	18.988972,16.497656,16.186596,16.127752,15.335339,14.987409,14.726585,14.587598
394	0	72098	17.419023	198,279,220,271,264,311,1148,58	18.634159,16.598030,15.927326,15.215795,15.202277,15.072639,14.865670,14.144956
395	0	323	5.523360	198,279,271,220,311,1148,264,459	18.662237,16.397137,16.038904,16.002531,15.379745,15.117734,15.046383,14.490087
396	0	279	2.798728	198,279,220,271,1148,264,311,358	18.880346,16.773996,16.124243,15.748792,15.445361,15.347178,15.154689,14.562360
397	0	11258	14.105413	198,279,220,271,264,311,1148,58	18.270229,16.180687,15.926502,15.070193,14.925770,14.612458,14.604426,14.019646
398	0	1291	11.394190	198,220,279,271,311,264,58,720	17.710571,15.772208,15.449460,14.949684,14.484845,14.407363,14.186467,14.172536
399	0	39520	17.044893	198,220,279,271,311,264,58,720	17.462942,15.675499,15.488002,14.581603,14.572880,14.300761,13.761640,13.566383
400	0	17367	14.758054	198,220,279,271,264,311,720,459	17.608301,16.345171,15.582692,15.533099,14.591499,14.563899,14.033066,13.859233
401	0	304	6.749871	198,220,279,271,311,264,58,720	18.125135,15.817378,15.721038,15.617396,14.861527,14.627731,14.170204,14.071744
402	0	7295	12.304364	198,279,220,271,264,311,1148,58	18.634159,16.598030,15.927326,15.215795,15.202277,15.072639,14.865670,14.144956
403	0	662	10.113892	198,279,220,271,311,264,1148,459	18.159262,16.448053,16.414879,15.514661,15.316398,15.226930,14.594933,14.569255
404	0	1283	11.570086	198,220,279,271,58,311,264,720	19.163027,15.927941,15.593288,15.444875,14.760516,14.380231,14.276520,14.118141
405	0	574	7.371995	198,220,279,271,264,311,58,40	18.502851,15.770355,15.663463,15.328147,14.482112,14.465421,14.242013,14.128207
406	0	15910	11.609287	198,279,220,271,264,1148,311,58	18.974855,16.602282,16.337751,15.322309,15.277492,15.152878,15.147865,14.510495
407	0	555	7.209297	198,279,220,311,264,271,58,512	17.953608,16.002359,15.692658,15.200152,14.759185,14.666298,14.223641,14.043541
408	0	3842	10.137467	198,220,279,264,271,311,1148,459	18.106091,16.771215,16.711565,15.389026,15.146323,14.932027,14.840295,14.430291
409	0	68573	15.101821	198,220,279,271,264,311,1148,459	18.251749,16.332558,16.042404,15.440053,14.775327,14.633121,14.415502,14.087016
410	0	323	5.106659	198,279,220,264,720,459,12,271	15.729569,15.075005,14.789672,14.165387,13.858678,13.814237,13.807620,13.718984
411	0	59335	16.021165	198,279,220,271,1148,264,311,358	18.880346,16.773996,16.124243,15.748792,15.445361,15.347178,15.154689,14.562360
412	0	16662	14.176821	198,220,279,264,459,311,720,477	15.802936,15.801932,15.480549,14.686473,14.163239,14.141946,13.760167,13.479642
413	0	7505	13.353298	198,279,220,264,271,1148,311,459	18.469954,17.333754,16.499205,15.940398,15.619465,15.619270,15.524205,15.302882
414	0	1254	12.121676	198,220,279,271,264,311,58,720	17.460970,15.668053,15.137032,14.560955,13.946006,13.897820,13.453181,13.415752
415	0	819	12.309678	198,271,220,279,720,998,72,40	17.651247,14.579564,14.317065,14.194392,13.844014,13.670509,13.413776,13.401422
416	0	675	13.354798	198,279,220,271,311,58,264,40	18.303463,15.240108,15.002556,14.879682,14.060833,14.009864,14.008500,13.704600
417	0	1174	9.852841	198,220,279,271,58,311,264,791	17.980244,15.008939,14.752545,14.709713,13.876740,13.800174,13.563004,13.383881
418	0	51075	16.459540	198,220,279,264,311,58,271,720	18.396646,16.561014,16.031153,14.719195,14.613892,14.446213,14.373384,14.261363
419	0	1901	10.877458	198,220,279,271,40,791,311,264	18.399012,15.601336,15.552391,15.464704,14.390045,14.373899,14.328189,14.311058
420	0	12997	15.513324	198,220,279,271,720,311,264,58	17.822830,15.085420,14.724500,14.601749,14.111859,13.726502,13.531226,13.529900
421	0	1174	9.687835	198,220,279,271,311,58,264,791	18.211706,15.047137,14.957870,14.743073,14.042069,13.915826,13.826009,13.446477
422	0	14253	13.704800	198,220,279,264,311,58,271,720	18.396646,16.561014,16.031153,14.719195,14.613892,14.446213,14.373384,14.261363
423	0	18206	13.516563	198,220,279,271,311,264,1148,791	17.733898,15.596475,15.546489,15.374528,14.446218,14.394279,14.004216,13.853477
424	0	1174	9.199895	198,279,220,271,311,264,1148,459	17.759041,16.218763,15.939453,15.410751,15.127343,14.904614,14.485883,14.144959
425	0	56230	15.682468	198,220,279,264,311,58,271,720	18.396646,16.561014,16.031153,14.719195,14.613892,14.446213,14.373384,14.261363
426	0	24852	12.592687	198,279,220,311,271,264,459,720	17.177206,15.884277,15.570999,14.885788,14.842620,14.727867,14.086761,14.005478
427	0	417	9.934008	198,220,271,279,58,40,791,311	17.964142,15.373218,15.100056,14.480700,14.059880,13.721813,13.695859,13.529902
428	0	1174	9.883957	198,220,279,271,311,58,720,264	18.636848,15.357941,15.290195,14.826675,14.576285,14.512169,14.235904,14.100243
429	0	60410	15.066535	198,220,279,264,311,58,271,720	18.396646,16.561014,16.031153,14.719195,14.613892,14.446213,14.373384,14.261363
430	0	81764	16.232165	198,220,279,720,271,264,12,311	17.306925,15.837050,15.053325,14.434441,14.385330,14.160713,14.090777,14.071328
431	0	323	6.075637	198,220,271,279,264,58,311,720	17.917219,15.751525,15.064572,14.961331,14.105418,14.094083,13.942352,13.887696
432	0	68134	14.174814	198,279,220,271,1148,264,311,358	18.880346,16.773996,16.124243,15.748792,15.445361,15.347178,15.154689,14.562360
433	0	11166	13.178305	198,220,279,271,264,311,58,1148	18.018267,15.778605,15.253479,14.974472,14.162198,14.052849,13.841888,13.618445
434	0	662	10.187225	198,220,279,271,311,264,720,12	17.654783,15.883278,15.813138,15.124036,14.721204,14.629997,14.566752,14.054531
435	0	720	5.447619	198,220,279,271,58,311,264,720	19.163027,15.927941,15.593288,15.444875,14.760516,14.380231,14.276520,14.118141
436	0	763	8.737180	198,220,58,271,279,720,40,16	19.609755,16.352503,15.745300,15.575284,15.455564,15.069561,14.865463,14.654552
437	0	220	3.388554	198,279,220,271,264,1148,311,791	18.500727,16.107790,15.780353,15.235287,14.830529,14.344712,14.338905,14.232423
438	0	1049	6.888409	198,220,279,271,16,58,311,264	18.192312,15.303127,15.081161,14.541656,14.382565,14.152309,13.979642,13.899891
439	0	21	6.397499	198,220,271,279,58,720,311,16	19.002163,15.733029,15.412315,15.233654,14.728665,14.584149,14.244228,14.128150
440	0	1174	10.131756	198,271,220,279,58,311,40,720	19.223673,15.698596,15.475699,15.081790,14.778553,14.140072,14.101056,13.968329
441	0	426	9.450171	198,220,279,264,311,58,271,720	18.396646,16.561014,16.031153,14.719195,14.613892,14.446213,14.373384,14.261363
442	0	11206	15.661786	198,271,220,279,58,720,311,264	18.808128,15.566022,15.551671,15.199063,14.561356,14.385137,14.150746,14.114726
443	0	466	8.672357	198,271,220,58,279,791,40,311	18.591627,15.218179,14.945662,14.667412,14.460490,14.083182,13.987227,13.528699
444	0	59335	16.740311	198,279,220,271,311,264,58,40	18.135736,15.504292,15.320590,15.054713,14.469181,14.302838,14.152860,13.628803
445	0	16662	14.176821	198,220,279,264,459,311,720,477	15.802936,15.801932,15.480549,14.686473,14.163239,14.141946,13.760167,13.479642
446	0	1254	12.143650	198,279,220,264,271,1148,311,459	18.469954,17.333754,16.499205,15.940398,15.619465,15.619270,15.524205,15.302882
447	0	819	12.309678	198,271,220,279,720,998,72,40	17.651247,14.579564,14.317065,14.194392,13.844014,13.670509,13.413776,13.401422
448	0	675	13.354798	198,279,220,271,311,58,264,40	18.303463,15.240108,15.002556,14.879682,14.060833,14.009864,14.008500,13.704600
449	0	304	7.613708	198,220,279,271,58,311,264,791	17.980244,15.008939,14.752545,14.709713,13.876740,13.800174,13.563004,13.383881
450	0	279	2.704724	198,279,220,271,264,311,1148,58	18.634159,16.598030,15.927326,15.215795,15.202277,15.072639,14.865670,14.144956
451	0	1514	10.164943	198,279,220,271,264,311,1148,58	18.270229,16.180687,15.926502,15.070193,14.925770,14.612458,14.604426,14.019646
452	0	94836	19.100843	198,279,220,271,311,264,58,1148	18.731407,16.240797,15.472519,15.410599,15.169736,14.889768,14.550612,14.525989
453	0	5439	11.889057	198,220,271,279,311,264,720,459	18.004446,16.407854,15.792984,15.725208,14.979220,14.739102,14.261275,14.062619
454	0	555	7.355699	198,279,220,311,264,271,58,1148	18.884930,16.532743,16.339796,15.356606,15.229981,15.094720,14.830937,14.664571
455	0	4488	10.007475	198,220,279,264,271,311,1148,459	18.106091,16.771215,16.711565,15.389026,15.146323,14.932027,14.840295,14.430291
456	0	46207	17.495937	198,220,279,271,264,311,58,1148	17.815817,16.340704,15.894801,15.221710,14.629594,14.490628,13.952067,13.910449
457	0	28607	14.137872	198,220,279,271,264,311,58,12	17.900141,15.856547,15.492004,14.824466,14.347955,14.232284,13.916898,13.701995
458	0	662	9.566809	198,220,279,311,720,264,271,12	16.716103,15.635776,15.222798,14.534344,14.276149,14.173038,13.915387,13.377707
459	0	1283	11.570086	198,220,279,271,58,311,264,720	19.163027,15.927941,15.593288,15.444875,14.760516,14.380231,14.276520,14.118141
460	0	9922	13.662209	198,220,279,271,264,311,58,40	18.502851,15.770355,15.663463,15.328147,14.482112,14.465421,14.242013,14.128207
461	0	389	10.086189	198,220,279,311,271,264,58,1148	18.970415,16.362953,16.091698,15.028102,14.973340,14.864467,14.690856,14.228618
462	0	264	4.162764	198,279,220,271,264,311,1148,58	18.528591,16.420420,16.145905,15.180779,15.078290,14.811046,14.668560,14.299825
463	0	220	3.645562	198,279,220,271,264,311,58,1148	18.706884,15.781047,15.582891,15.228008,14.672112,14.410118,14.389384,14.329625
464	0	1049	6.888409	198,220,279,271,16,58,311,264	18.192312,15.303127,15.081161,14.541656,14.382565,14.152309,13.979642,13.899891
465	0	21	6.397499	198,220,271,279,58,720,311,16	19.002163,15.733029,15.412315,15.233654,14.728665,14.584149,14.244228,14.128150
466	0	9417	15.665672	198,271,220,279,58,311,40,720	19.223673,15.698596,15.475699,15.081790,14.778553,14.140072,14.101056,13.968329
467	0	315	6.959079	198,271,279,220,58,311,1148,40	19.679193,16.583136,16.204676,16.074003,15.312514,15.251077,15.137994,14.862567
468	0	279	3.021633	198,279,220,271,264,1148,311,58	18.656187,16.301306,15.877232,15.178243,15.012707,14.874130,14.539978,14.313675
469	0	12707	13.789075	198,279,220,271,264,311,1148,58	18.270229,16.180687,15.926502,15.070193,14.925770,14.612458,14.604426,14.019646
470	0	4101	12.504156	198,279,271,220,311,1148,264,58	18.686110,15.959437,15.666547,15.396274,14.968980,14.802119,14.600749,14.430718
471	0	1174	11.047933	198,271,220,58,279,40,512,334	19.544977,16.246510,15.963252,15.817393,15.441411,15.038239,14.763985,14.733612
472	0	54943	16.559511	198,220,279,264,311,58,271,720	18.396646,16.561014,16.031153,14.719195,14.613892,14.446213,14.373384,14.261363
473	0	1174	9.472131	198,220,279,311,271,264,459,720	17.202147,16.620417,16.239250,15.404270,15.147899,15.146440,14.542432,14.040479
474	0	8272	13.321407	198,220,279,264,311,58,271,720	18.396646,16.561014,16.031153,14.719195,14.613892,14.446213,14.373384,14.261363
475	0	555	7.974117	198,220,279,271,311,58,264,1148	19.564308,16.496931,16.438494,15.660652,15.350349,15.090500,15.066827,15.053635
476	0	264	3.718645	198,220,279,264,271,311,1148,459	18.106091,16.771215,16.711565,15.389026,15.146323,14.932027,14.840295,14.430291
477	0	3560	12.397343	198,279,220,271,264,311,58,1148	18.706884,15.781047,15.582891,15.228008,14.672112,14.410118,14.389384,14.329625
478	0	304	7.030104	198,220,279,271,311,58,264,512	18.625580,15.662211,15.560882,15.348335,15.000970,14.570327,14.307223,14.027110
479	0	279	2.704724	198,279,220,271,264,311,1148,58	18.634159,16.598030,15.927326,15.215795,15.202277,15.072639,14.865670,14.144956
480	0	220	3.097973	198,279,220,271,264,311,1148,58	18.270229,16.180687,15.926502,15.070193,14.925770,14.612458,14.604426,14.019646
481	0	1049	6.888409	198,220,279,271,16,58,311,264	18.192312,15.303127,15.081161,14.541656,14.382565,14.152309,13.979642,13.899891
482	0	22	7.031857	198,220,271,279,58,720,311,16	19.002163,15.733029,15.412315,15.233654,14.728665,14.584149,14.244228,14.128150
483	0	34596	15.508501	198,271,220,279,58,311,40,264	19.190254,15.516564,15.453595,15.142694,14.695847,14.223511,14.034904,13.976871
484	0	5788	13.097594	198,279,271,220,311,264,58,1148	19.024796,16.286123,16.098663,16.009958,15.494960,15.009018,14.838344,14.819531
485	0	315	7.247679	198,279,271,220,311,264,58,1148	18.904112,16.075844,16.034933,15.610431,15.215619,14.815646,14.646210,14.445442
486	0	2650	7.686010	198,279,220,271,264,1148,311,58	18.656187,16.301306,15.877232,15.178243,15.012707,14.874130,14.539978,14.313675
487	0	311	4.660948	198,220,279,271,311,40,264,1148	18.877371,16.091438,15.934276,15.763374,14.788857,14.664216,14.660446,14.582677
488	0	71727	17.792321	198,279,220,264,271,311,1148,459	18.385519,16.536880,16.179619,15.253741,15.210683,15.029696,14.756854,14.187877
489	0	15910	13.185441	198,271,279,220,791,40,58,3923	19.416563,16.534561,15.366216,15.294116,15.095985,14.889524,14.764758,14.495940
490	0	555	7.209297	198,279,220,311,264,271,58,512	17.953608,16.002359,15.692658,15.200152,14.759185,14.666298,14.223641,14.043541
491	0	28978	12.110594	198,220,279,264,271,311,1148,459	18.106091,16.771215,16.711565,15.389026,15.146323,14.932027,14.840295,14.430291
492	0	648	11.548621	198,220,271,279,58,311,720,12	17.730684,15.140271,14.266469,14.000122,13.299224,13.278150,13.219894,13.114070
493	0	432	10.031634	198,271,220,279,58,40,311,264	18.825388,15.534142,15.389651,15.151291,14.417865,14.197887,14.169740,14.008965
494	0	85534	17.504006	198,220,271,279,720,58,311,264	18.393661,15.391383,15.192090,15.185230,14.452575,14.168811,14.149318,14.038341
495	0	662	10.238037	198,220,271,279,58,311,720,264	18.776320,16.014524,15.960960,15.145513,14.951637,14.348016,14.289477,14.140164
496	0	2650	8.922099	198,220,279,271,58,311,264,720	19.163027,15.927941,15.593288,15.444875,14.760516,14.380231,14.276520,14.118141
497	0	311	4.660948	198,220,279,271,311,40,264,1148	18.877371,16.091438,15.934276,15.763374,14.788857,14.664216,14.660446,14.582677
498	0	71727	17.792321	198,279,220,264,271,311,1148,459	18.385519,16.536880,16.179619,15.253741,15.210683,15.029696,14.756854,14.187877
499	0	574	8.216696	198,271,279,220,791,40,58,3923	19.416563,16.534561,15.366216,15.294116,15.095985,14.889524,14.764758,14.495940
500	0	10887	12.630221	198,279,220,271,264,1148,311,58	18.974855,16.602282,16.337751,15.322309,15.277492,15.152878,15.147865,14.510495
501	0	520	6.021165	198,279,220,271,311,58,264,1148	19.052788,16.114573,16.109419,15.212939,15.025272,14.968413,14.953349,14.364886
502	0	14409	13.585760	198,279,220,264,271,311,1148,720	18.418158,16.441626,16.144648,15.079354,14.861751,14.735097,14.560153,14.256699
503	0	27315	16.437469	198,279,220,271,311,264,459,1148	17.224504,16.159323,15.920677,15.456467,15.009929,14.947003,14.420941,13.979477
504	0	304	6.956149	198,220,279,271,311,264,58,1148	18.988972,16.497656,16.186596,16.127752,15.335339,14.987409,14.726585,14.587598
505	0	279	2.704724	198,279,220,271,264,311,1148,58	18.634159,16.598030,15.927326,15.215795,15.202277,15.072639,14.865670,14.144956
506	0	7295	11.989344	198,279,220,271,264,311,1148,58	18.270229,16.180687,15.926502,15.070193,14.925770,14.612458,14.604426,14.019646
507	0	85303	16.595357	198,279,220,271,311,264,1148,459	18.159262,16.448053,16.414879,15.514661,15.316398,15.226930,14.594933,14.569255
508	0	315	7.585563	198,220,279,271,264,311,58,720	18.079145,16.398893,15.818582,15.303002,14.719718,14.499389,14.474116,14.218032
509	0	473	10.679808	198,279,220,271,264,1148,311,58	18.656187,16.301306,15.877232,15.178243,15.012707,14.874130,14.539978,14.313675
510	0	43157	18.836884	198,271,220,279,720,58,311,264	18.189476,15.061162,14.900517,14.808899,14.080264,13.892621,13.760417,13.615539
511	0	44774	18.741328	198,279,220,271,311,264,58,374	18.178198,16.274412,16.116556,15.835034,15.479492,14.922448,14.369411,14.103778
512	0	323	5.721617	198,271,220,279,311,58,264,791	18.545334,15.492181,15.444997,15.437256,14.592796,14.456799,14.342624,13.836286
513	0	48550	12.913221	198,279,220,271,1148,264,311,358	18.880346,16.773996,16.124243,15.748792,15.445361,15.347178,15.154689,14.562360
514	0	5721	12.904905	198,220,271,279,791,311,40,44	16.581724,14.168926,13.912881,13.483539,13.092572,12.575252,12.564301,12.536904
515	0	662	9.924719	198,220,279,311,271,264,720,459	17.605257,16.118826,15.907733,14.931256,14.841802,14.762288,14.190739,13.842114
516	0	426	10.580507	198,220,279,271,58,311,264,720	19.163027,15.927941,15.593288,15.444875,14.760516,14.380231,14.276520,14.118141
517	0	11206	15.661786	198,271,220,279,58,720,311,264	18.808128,15.566022,15.551671,15.199063,14.561356,14.385137,14.150746,14.114726
518	0	466	8.672357	198,271,220,58,279,791,40,311	18.591627,15.218179,14.945662,14.667412,14.460490,14.083182,13.987227,13.528699
519	0	59335	16.740311	198,279,220,271,311,264,58,40	18.135736,15.504292,15.320590,15.054713,14.469181,14.302838,14.152860,13.628803
520	0	304	5.578861	198,220,279,264,459,311,720,477	15.802936,15.801932,15.480549,14.686473,14.163239,14.141946,13.760167,13.479642
521	0	1403	9.253290	198,279,220,271,264,311,1148,58	18.634159,16.598030,15.927326,15.215795,15.202277,15.072639,14.865670,14.144956
522	0	12631	16.190775	198,279,220,271,58,40,264,1148	19.037031,15.743659,15.535029,15.334020,15.223804,14.654477,14.624138,14.347613
523	0	304	7.064247	198,279,220,271,311,58,264,1148	19.162537,16.238127,15.887913,15.884841,15.344279,15.008598,14.850146,14.600945
524	0	220	3.375428	198,279,220,271,264,311,1148,58	18.634159,16.598030,15.927326,15.215795,15.202277,15.072639,14.865670,14.144956
525	0	1049	6.888409	198,220,279,271,16,58,311,264	18.192312,15.303127,15.081161,14.541656,14.382565,14.152309,13.979642,13.899891
526	0	23	7.077645	198,220,271,279,58,720,311,16	19.002163,15.733029,15.412315,15.233654,14.728665,14.584149,14.244228,14.128150
527	0	1174	9.703147	198,271,220,279,58,311,264,40	18.971018,15.630208,15.432702,15.173114,14.587323,14.256635,13.972713,13.857030
528	0	6187	12.622613	198,220,279,264,311,58,271,720	18.396646,16.561014,16.031153,14.719195,14.613892,14.446213,14.373384,14.261363
529	0	4238	13.249376	198,220,279,271,264,311,58,1148	19.137899,16.764170,16.235207,16.134687,15.076431,15.036290,15.031258,14.519828
530	0	4997	13.486332	198,279,271,220,58,311,264,720	18.931860,15.561212,15.532113,15.428902,14.750262,14.733734,14.320053,14.222100
531	0	31304	13.598441	198,220,279,271,311,264,720,12	17.399042,15.473956,15.208280,14.753155,14.078902,13.954215,13.748970,13.724258
532	0	555	7.262969	198,220,279,271,311,264,58,12	17.958838,16.544924,15.824539,15.497066,15.123665,14.870168,14.370442,14.174062
533	0	57337	18.035999	198,220,279,264,271,311,1148,459	18.106091,16.771215,16.711565,15.389026,15.146323,14.932027,14.840295,14.430291
534	0	12366	13.618532	198,279,220,271,311,264,1148,459	17.873697,16.235847,15.850850,15.561009,15.335801,14.910851,14.516078,14.419655
535	0	2009	12.650638	198,220,279,311,264,271,720,12	16.738968,15.849544,15.532387,14.587556,14.441460,14.212321,13.965263,13.902675
536	0	546	12.595431	198,220,279,271,720,791,264,311	17.481531,15.232451,14.607002,14.512542,13.693748,13.421704,13.407866,13.238602
537	0	72	5.256162	198,220,279,271,58,311,998,720	18.131712,14.926147,14.917049,14.684819,14.187122,14.065135,13.754753,13.705928
538	0	1174	9.875408	198,220,271,279,58,311,720,512	18.723948,14.968791,14.885894,14.676175,14.464839,13.814870,13.784680,13.705678
539	0	323	5.793978	198,220,279,264,311,58,271,720	18.396646,16.561014,16.031153,14.719195,14.613892,14.446213,14.373384,14.261363
540	0	4418	10.177907	198,279,220,271,1148,264,311,358	18.880346,16.773996,16.124243,15.748792,15.445361,15.347178,15.154689,14.562360
541	0	798	10.396243	198,220,271,279,40,791,720,311	18.654699,15.446373,15.253675,15.215646,14.289032,14.151296,14.085427,13.988170
542	0	54275	17.164257	198,220,279,271,311,58,264,720	17.560488,15.466720,15.114018,14.951030,14.545850,14.164609,14.057193,13.938491
543	0	15910	12.276151	198,220,279,271,264,311,720,459	17.455444,16.231661,15.418977,14.785561,14.562524,14.328846,14.253148,13.940308
544	0	555	7.209297	198,279,220,311,264,271,58,512	17.953608,16.002359,15.692658,15.200152,14.759185,14.666298,14.223641,14.043541
545	0	12225	12.097264	198,220,279,264,271,311,1148,459	18.106091,16.771215,16.711565,15.389026,15.146323,14.932027,14.840295,14.430291
546	0	398	9.377622	198,220,271,58,279,720,791,40	17.941528,14.848323,14.442693,13.740532,13.594560,13.546226,13.165128,13.037206
547	0	89453	17.887218	198,279,220,271,311,264,58,1148	18.606993,15.681331,15.623084,15.287941,14.722426,14.555267,14.367412,14.177765
548	0	662	10.075323	220,198,279,311,264,459,477,720	15.114942,14.740166,14.644649,13.887561,13.685550,13.279643,13.147639,12.815518
549	0	763	8.577540	198,220,279,271,58,311,264,720	19.163027,15.927941,15.593288,15.444875,14.760516,14.380231,14.276520,14.118141
550	0	3297	10.858553	198,279,220,271,264,1148,311,791	18.500727,16.107790,15.780353,15.235287,14.830529,14.344712,14.338905,14.232423
551	0	220	1.701551	198,220,279,311,271,264,720,1148	18.521828,17.603216,16.436470,15.231217,15.204694,15.165606,14.579343,14.566048
552	0	1049	6.888409	198,220,279,271,16,58,311,264	18.192312,15.303127,15.081161,14.541656,14.382565,14.152309,13.979642,13.899891
553	0	23	7.077645	198,220,271,279,58,720,311,16	19.002163,15.733029,15.412315,15.233654,14.728665,14.584149,14.244228,14.128150
554	0	1174	9.703147	198,271,220,279,58,311,264,40	18.971018,15.630208,15.432702,15.173114,14.587323,14.256635,13.972713,13.857030
555	0	426	9.450171	198,220,279,264,311,58,271,720	18.396646,16.561014,16.031153,14.719195,14.613892,14.446213,14.373384,14.261363
556	0	11206	15.661786	198,271,220,279,58,720,311,264	18.808128,15.566022,15.551671,15.199063,14.561356,14.385137,14.150746,14.114726
557	0	466	8.672357	198,271,220,58,279,791,40,311	18.591627,15.218179,14.945662,14.667412,14.460490,14.083182,13.987227,13.528699
558	0	1903	9.580269	198,279,220,271,311,264,58,40	18.135736,15.504292,15.320590,15.054713,14.469181,14.302838,14.152860,13.628803
559	0	264	4.636754	198,279,220,271,311,264,58,1148	19.142740,16.325045,15.738376,15.496933,15.055790,14.975461,14.756149,14.594241
560	0	8810	15.377493	198,279,220,271,264,311,58,1148	18.706884,15.781047,15.582891,15.228008,14.672112,14.410118,14.389384,14.329625
561	0	11341	14.710277	198,279,220,311,271,264,1148,459	17.860287,16.090317,15.646245,15.225713,15.054661,14.783008,14.152850,14.072900
562	0	389	10.748273	198,271,220,279,58,311,40,512	19.333460,15.789230,15.483844,15.476334,15.118682,14.659241,14.455939,14.430443
563	0	264	4.162764	198,279,220,271,264,311,1148,58	18.528591,16.420420,16.145905,15.180779,15.078290,14.811046,14.668560,14.299825
564	0	1403	9.584927	198,279,220,271,264,311,58,1148	18.706884,15.781047,15.582891,15.228008,14.672112,14.410118,14.389384,14.329625
565	0	571	13.169392	198,279,220,271,58,40,264,1148	19.037031,15.743659,15.535029,15.334020,15.223804,14.654477,14.624138,14.347613
566	0	12	7.206574	198,271,220,279,720,58,311,998	18.832945,15.628891,15.417148,14.939750,14.186549,13.981586,13.867156,13.760826
567	0	31	10.794645	198,220,279,16,720,334,264,58	17.775724,16.203127,15.768544,14.883336,14.776309,14.698009,14.637718,14.528388
568	0	961	9.265710	198,220,271,279,720,58,311,16	18.600840,15.441322,15.095448,14.925648,14.439214,14.023109,13.748126,13.582789
569	0	9417	15.242943	198,279,220,271,311,264,58,1148	18.666365,16.174702,16.075674,15.413559,15.263344,14.863525,14.715648,14.374269
570	0	15952	14.425066	198,271,279,220,58,311,1148,40	19.679193,16.583136,16.204676,16.074003,15.312514,15.251077,15.137994,14.862567
571	0	315	8.165592	198,220,271,279,58,12,311,720	18.101791,15.670383,15.167394,14.872673,14.655457,14.236008,14.070957,14.050307
572	0	279	3.021633	198,279,220,271,264,1148,311,58	18.656187,16.301306,15.877232,15.178243,15.012707,14.874130,14.539978,14.313675
573	0	12707	13.789075	198,279,220,271,264,311,1148,58	18.270229,16.180687,15.926502,15.070193,14.925770,14.612458,14.604426,14.019646
574	0	4101	12.504156	198,279,271,220,311,1148,264,58	18.686110,15.959437,15.666547,15.396274,14.968980,14.802119,14.600749,14.430718
575	0	468	14.158900	198,271,220,58,279,40,512,334	19.544977,16.246510,15.963252,15.817393,15.441411,15.038239,14.763985,14.733612
576	0	1802	14.736375	198,271,220,279,720,58,311,264	18.490232,15.276315,15.251820,15.174847,14.357452,14.095057,14.061419,13.939710
577	0	279	3.042652	198,279,220,271,264,311,58,1148	18.429674,16.023123,16.017330,15.411723,14.850338,14.780411,14.458725,14.115631
578	0	15371	16.641178	198,279,220,271,264,311,1148,58	18.270229,16.180687,15.926502,15.070193,14.925770,14.612458,14.604426,14.019646
579	0	1174	9.826447	198,220,271,279,58,311,264,720	18.340487,15.769928,15.356013,15.022243,14.438540,14.128792,13.898262,13.735808
580	0	8272	13.321407	198,220,279,264,311,58,271,720	18.396646,16.561014,16.031153,14.719195,14.613892,14.446213,14.373384,14.261363
581	0	555	7.974117	198,220,279,271,311,58,264,1148	19.564308,16.496931,16.438494,15.660652,15.350349,15.090500,15.066827,15.053635
582	0	459	4.677380	198,220,279,264,271,311,1148,459	18.106091,16.771215,16.711565,15.389026,15.146323,14.932027,14.840295,14.430291
583	0	11341	14.754903	198,279,220,271,264,311,1148,58	18.646166,15.784271,15.559654,15.219448,14.626660,14.450755,14.383870,14.307816
584	0	389	10.748273	198,271,220,279,58,311,40,512	19.333460,15.789230,15.483844,15.476334,15.118682,14.659241,14.455939,14.430443
585	0	279	2.820635	198,279,220,271,264,311,1148,58	18.528591,16.420420,16.145905,15.180779,15.078290,14.811046,14.668560,14.299825
586	0	12707	13.789075	198,279,220,271,264,311,1148,58	18.270229,16.180687,15.926502,15.070193,14.925770,14.612458,14.604426,14.019646
587	0	4101	12.504156	198,279,271,220,311,1148,264,58	18.686110,15.959437,15.666547,15.396274,14.968980,14.802119,14.600749,14.430718
588	0	29878	20.070092	198,271,220,58,279,40,512,334	19.544977,16.246510,15.963252,15.817393,15.441411,15.038239,14.763985,14.733612
589	0	86493	17.016996	198,220,271,279,720,58,311,12	17.469534,15.063001,14.322673,13.955627,13.833949,13.721665,13.445442,13.282582
590	0	304	6.680552	198,271,220,279,311,58,264,720	18.380943,16.201437,15.972726,15.910053,15.214198,14.934497,14.752663,14.060460
591	0	6841	13.472793	198,279,220,271,264,311,1148,58	18.634159,16.598030,15.927326,15.215795,15.202277,15.072639,14.865670,14.144956
592	0	220	1.931916	198,220,279,271,311,264,1148,720	19.294661,17.918390,16.609314,15.989451,15.432345,15.356845,14.932208,14.802623
593	0	1049	6.888409	198,220,279,271,16,58,311,264	18.192312,15.303127,15.081161,14.541656,14.382565,14.152309,13.979642,13.899891
594	0	23	7.077645	198,220,271,279,58,720,311,16	19.002163,15.733029,15.412315,15.233654,14.728665,14.584149,14.244228,14.128150
595	0	662	10.061099	198,271,220,279,58,311,264,40	18.971018,15.630208,15.432702,15.173114,14.587323,14.256635,13.972713,13.857030
596	0	1283	11.570086	198,220,279,271,58,311,264,720	19.163027,15.927941,15.593288,15.444875,14.760516,14.380231,14.276520,14.118141
597	0	1047	8.936724	198,220,279,271,264,311,58,40	18.502851,15.770355,15.663463,15.328147,14.482112,14.465421,14.242013,14.128207
598	0	264	4.479706	198,279,220,271,264,311,1148,58	19.132057,16.436403,15.973412,15.376770,15.158183,15.073345,15.007098,14.858413
599	0	46350	15.236617	198,279,220,271,264,311,58,1148	18.706884,15.781047,15.582891,15.228008,14.672112,14.410118,14.389384,14.329625
600	0	3560	12.476727	198,220,279,271,311,264,1148,459	18.736143,16.752819,16.511616,15.604728,15.437901,15.235146,14.733794,14.637038
601	0	304	7.030104	198,220,279,271,311,58,264,512	18.625580,15.662211,15.560882,15.348335,15.000970,14.570327,14.307223,14.027110
602	0	5899	9.485718	198,279,220,271,264,311,1148,58	18.634159,16.598030,15.927326,15.215795,15.202277,15.072639,14.865670,14.144956
603	0	18243	16.325969	198,279,220,271,58,264,311,12	18.483883,15.941327,15.599418,15.060028,14.932895,14.801044,14.702739,14.416095
604	0	315	7.063115	198,271,220,279,58,311,264,1148	19.768682,16.495886,16.142683,16.129705,15.414701,15.367428,14.770144,14.762282
605	0	279	3.021633	198,279,220,271,264,1148,311,58	18.656187,16.301306,15.877232,15.178243,15.012707,14.874130,14.539978,14.313675
606	0	12707	13.789075	198,279,220,271,264,311,1148,58	18.270229,16.180687,15.926502,15.070193,14.925770,14.612458,14.604426,14.019646
607	0	4101	12.504156	198,279,271,220,311,1148,264,58	18.686110,15.959437,15.666547,15.396274,14.968980,14.802119,14.600749,14.430718
608	0	49922	17.935716	198,271,220,58,279,40,512,334	19.544977,16.246510,15.963252,15.817393,15.441411,15.038239,14.763985,14.733612
609	0	1919	11.461158	198,220,271,279,58,264,311,1148	19.149643,15.926300,15.788097,15.672587,14.522587,14.477361,14.411557,14.193584
610	0	304	7.584844	198,271,220,279,58,311,40,264	18.893507,15.500207,15.386684,15.127743,14.746467,14.349132,14.288976,14.077441
611	0	220	3.375428	198,279,220,271,264,311,1148,58	18.634159,16.598030,15.927326,15.215795,15.202277,15.072639,14.865670,14.144956
612	0	679	8.499414	198,220,279,271,16,58,311,264	18.192312,15.303127,15.081161,14.541656,14.382565,14.152309,13.979642,13.899891
613	0	15	6.691388	198,220,271,279,720,58,16,311	18.864645,15.887123,15.134646,14.945487,14.528380,14.440797,14.082378,14.036372
614	0	1174	9.987642	198,220,271,279,58,311,720,16	19.206598,15.366856,15.250553,14.977939,14.767179,14.154205,14.022990,13.960935
615	0	439	8.226555	198,220,279,264,311,58,271,720	18.396646,16.561014,16.031153,14.719195,14.613892,14.446213,14.373384,14.261363
616	0	330	5.954163	198,279,220,271,264,1148,311,58	18.814610,16.507467,16.017263,15.364026,15.192407,15.007019,14.908219,14.460716
617	0	735	11.361446	198,279,271,40,220,791,58,311	19.101732,15.336757,15.224483,14.907643,14.841874,14.526085,14.366981,14.067769
618	0	40608	15.042812	198,220,271,279,720,311,264,58	17.953499,15.249246,15.165444,15.146767,14.220531,14.032437,14.016277,13.872350
619	0	69168	17.909356	198,220,279,271,311,264,58,1148	18.472525,15.436783,15.191831,14.543561,14.027318,13.948845,13.857966,13.660031
620	0	330	6.514230	198,220,271,279,311,58,264,791	18.575806,15.734909,15.548119,15.317520,14.504823,14.268898,14.204906,13.930740
621	0	662	10.683313	198,279,271,40,220,791,58,311	19.101732,15.336757,15.224483,14.907643,14.841874,14.526085,14.366981,14.067769
622	0	426	10.580507	198,220,279,271,58,311,264,720	19.163027,15.927941,15.593288,15.444875,14.760516,14.380231,14.276520,14.118141
623	0	11206	15.661786	198,271,220,279,58,720,311,264	18.808128,15.566022,15.551671,15.199063,14.561356,14.385137,14.150746,14.114726
624	0	466	8.672357	198,271,220,58,279,791,40,311	18.591627,15.218179,14.945662,14.667412,14.460490,14.083182,13.987227,13.528699
625	0	59335	16.740311	198,279,220,271,311,264,58,40	18.135736,15.504292,15.320590,15.054713,14.469181,14.302838,14.152860,13.628803
626	0	304	5.578861	198,220,279,264,459,311,720,477	15.802936,15.801932,15.480549,14.686473,14.163239,14.141946,13.760167,13.479642
627	0	279	2.704724	198,279,220,271,264,311,1148,58	18.634159,16.598030,15.927326,15.215795,15.202277,15.072639,14.865670,14.144956
628	0	220	3.097973	198,279,220,271,264,311,1148,58	18.270229,16.180687,15.926502,15.070193,14.925770,14.612458,14.604426,14.019646
629	0	679	8.499414	198,220,279,271,16,58,311,264	18.192312,15.303127,15.081161,14.541656,14.382565,14.152309,13.979642,13.899891
630	0	16	5.183186	198,220,271,279,720,58,16,311	18.864645,15.887123,15.134646,14.945487,14.528380,14.440797,14.082378,14.036372
631	0	4632	14.887326	198,220,271,279,58,311,16,264	18.855997,15.430751,15.048625,14.990996,14.574794,14.120300,13.961446,13.909923
632	0	25145	15.266662	198,279,220,271,311,264,1148,58	18.542707,16.374800,15.950259,15.594518,15.223149,14.928555,14.643959,14.589333
633	0	85375	18.374155	198,220,271,279,311,720,264,58	16.871910,14.889743,13.966446,13.954854,13.381383,13.095280,12.809819,12.576035
634	0	15910	12.830857	198,220,279,271,311,58,264,720	18.991671,16.163212,15.580414,15.549256,14.956653,14.923350,14.577558,14.166992
635	0	555	7.209297	198,279,220,311,264,271,58,512	17.953608,16.002359,15.692658,15.200152,14.759185,14.666298,14.223641,14.043541
636	0	12366	13.386785	198,220,279,264,271,311,1148,459	18.106091,16.771215,16.711565,15.389026,15.146323,14.932027,14.840295,14.430291
637	0	2009	12.650638	198,220,279,311,264,271,720,12	16.738968,15.849544,15.532387,14.587556,14.441460,14.212321,13.965263,13.902675
638	0	546	12.595431	198,220,279,271,720,791,264,311	17.481531,15.232451,14.607002,14.512542,13.693748,13.421704,13.407866,13.238602
639	0	72	5.256162	198,220,279,271,58,311,998,720	18.131712,14.926147,14.917049,14.684819,14.187122,14.065135,13.754753,13.705928
640	0	662	10.244973	198,220,271,279,58,311,720,512	18.723948,14.968791,14.885894,14.676175,14.464839,13.814870,13.784680,13.705678
641	0	720	5.447619	198,220,279,271,58,311,264,720	19.163027,15.927941,15.593288,15.444875,14.760516,14.380231,14.276520,14.118141
642	0	284	10.574070	198,220,58,271,279,720,40,16	19.609755,16.352503,15.745300,15.575284,15.455564,15.069561,14.865463,14.654552
643	0	284	9.202617	198,220,279,720,264,311,271,58	18.117981,16.782373,15.881360,14.920634,14.806409,14.407220,14.357076,14.154671
644	0	41576	15.381958	198,220,279,720,264,311,271,58	18.117981,16.782373,15.881360,14.920634,14.806409,14.407220,14.357076,14.154671
645	0	284	11.006789	198,220,271,279,311,264,58,1148	19.025505,16.395575,16.341228,16.006746,15.118722,14.937168,14.744542,14.418357
646	0	284	9.202617	198,220,279,720,264,311,271,58	18.117981,16.782373,15.881360,14.920634,14.806409,14.407220,14.357076,14.154671
647	0	720	3.930949	198,220,279,720,264,311,271,58	18.117981,16.782373,15.881360,14.920634,14.806409,14.407220,14.357076,14.154671
648	0	284	10.574070	198,220,58,271,279,720,40,16	19.609755,16.352503,15.745300,15.575284,15.455564,15.069561,14.865463,14.654552
649	0	284	9.202617	198,220,279,720,264,311,271,58	18.117981,16.782373,15.881360,14.920634,14.806409,14.407220,14.357076,14.154671
650	0	284	9.202617	198,220,279,720,264,311,271,58	18.117981,16.782373,15.881360,14.920634,14.806409,14.407220,14.357076,14.154671
651	0	220	2.069210	198,220,279,720,264,311,271,58	18.117981,16.782373,15.881360,14.920634,14.806409,14.407220,14.357076,14.154671
652	0	1049	6.888409	198,220,279,271,16,58,311,264	18.192312,15.303127,15.081161,14.541656,14.382565,14.152309,13.979642,13.899891
653	0	15	6.748604	198,220,271,279,58,720,311,16	19.002163,15.733029,15.412315,15.233654,14.728665,14.584149,14.244228,14.128150
654	0	1389	11.016163	198,220,271,279,58,311,720,16	19.206598,15.366856,15.250553,14.977939,14.767179,14.154205,14.022990,13.960935
655	0	220	3.258697	198,220,279,264,271,720,311,1148	19.375809,16.477463,16.095503,14.958977,14.892306,14.720097,14.689853,14.583972
656	0	1049	6.888409	198,220,279,271,16,58,311,264	18.192312,15.303127,15.081161,14.541656,14.382565,14.152309,13.979642,13.899891
657	0	20	5.986112	198,220,271,279,58,720,311,16	19.002163,15.733029,15.412315,15.233654,14.728665,14.584149,14.244228,14.128150
658	0	284	10.082680	198,220,271,279,58,311,720,264	18.906908,15.329110,15.208850,14.910611,14.482911,14.051418,13.942863,13.832294
659	0	284	9.202617	198,220,279,720,264,311,271,58	18.117981,16.782373,15.881360,14.920634,14.806409,14.407220,14.357076,14.154671
660	0	284	9.202617	198,220,279,720,264,311,271,58	18.117981,16.782373,15.881360,14.920634,14.806409,14.407220,14.357076,14.154671
661	0	720	3.930949	198,220,279,720,264,311,271,58	18.117981,16.782373,15.881360,14.920634,14.806409,14.407220,14.357076,14.154671
662	0	763	8.737180	198,220,58,271,279,720,40,16	19.609755,16.352503,15.745300,15.575284,15.455564,15.069561,14.865463,14.654552
663	0	220	3.388554	198,279,220,271,264,1148,311,791	18.500727,16.107790,15.780353,15.235287,14.830529,14.344712,14.338905,14.232423
664	0	1049	6.888409	198,220,279,271,16,58,311,264	18.192312,15.303127,15.081161,14.541656,14.382565,14.152309,13.979642,13.899891
665	0	15	6.748604	198,220,271,279,58,720,311,16	19.002163,15.733029,15.412315,15.233654,14.728665,14.584149,14.244228,14.128150
666	0	426	11.013247	198,220,271,279,58,311,720,16	19.206598,15.366856,15.250553,14.977939,14.767179,14.154205,14.022990,13.960935
667	0	11206	15.661786	198,271,220,279,58,720,311,264	18.808128,15.566022,15.551671,15.199063,14.561356,14.385137,14.150746,14.114726
668	0	466	8.672357	198,271,220,58,279,791,40,311	18.591627,15.218179,14.945662,14.667412,14.460490,14.083182,13.987227,13.528699
669	0	1047	8.813364	198,279,220,271,311,264,58,40	18.135736,15.504292,15.320590,15.054713,14.469181,14.302838,14.152860,13.628803
670	0	264	4.479706	198,279,220,271,264,311,1148,58	19.132057,16.436403,15.973412,15.376770,15.158183,15.073345,15.007098,14.858413
671	0	8810	15.377493	198,279,220,271,264,311,58,1148	18.706884,15.781047,15.582891,15.228008,14.672112,14.410118,14.389384,14.329625
672	0	571	12.200501	198,279,220,311,271,264,1148,459	17.860287,16.090317,15.646245,15.225713,15.054661,14.783008,14.152850,14.072900
673	0	12	7.206574	198,271,220,279,720,58,311,998	18.832945,15.628891,15.417148,14.939750,14.186549,13.981586,13.867156,13.760826
674	0	31	10.794645	198,220,279,16,720,334,264,58	17.775724,16.203127,15.768544,14.883336,14.776309,14.698009,14.637718,14.528388
675	0	40500	14.968198	198,220,271,279,720,58,311,16	18.600840,15.441322,15.095448,14.925648,14.439214,14.023109,13.748126,13.582789
676	0	3560	12.082266	198,220,279,264,459,311,1148,271	16.896463,16.677485,16.538240,15.289669,14.933087,14.703156,14.607727,14.107739
677	0	389	10.052759	198,220,279,271,311,58,264,512	18.625580,15.662211,15.560882,15.348335,15.000970,14.570327,14.307223,14.027110
678	0	279	2.820635	198,279,220,271,264,311,1148,58	18.528591,16.420420,16.145905,15.180779,15.078290,14.811046,14.668560,14.299825
679	0	12707	13.789075	198,279,220,271,264,311,1148,58	18.270229,16.180687,15.926502,15.070193,14.925770,14.612458,14.604426,14.019646
680	0	4101	12.504156	198,279,271,220,311,1148,264,58	18.686110,15.959437,15.666547,15.396274,14.968980,14.802119,14.600749,14.430718
681	0	578	7.514212	198,271,220,58,279,40,512,334	19.544977,16.246510,15.963252,15.817393,15.441411,15.038239,14.763985,14.733612
682	0	8766	13.916445	198,220,279,271,264,720,311,1148	18.176361,16.161646,15.978714,15.129041,14.811582,14.580337,14.334039,14.226020
683	0	2652	11.386355	198,220,279,271,264,311,1148,58	18.751192,16.531973,16.443880,15.882686,15.170108,15.115433,14.847087,14.789454
684	0	568	7.199415	198,220,279,58,271,311,720,264	19.513582,16.694283,16.111715,14.922648,14.850518,14.835429,14.831162,14.750710
685	0	45877	13.652670	198,279,220,271,40,311,58,264	18.873461,15.779424,15.572986,15.382627,14.637015,14.606312,14.568401,14.497615
686	0	330	6.739308	198,279,220,271,1148,311,264,58	19.035709,15.939121,15.632527,15.349294,14.676604,14.585732,14.577289,14.360873
687	0	10016	12.887008	198,279,271,40,220,791,58,311	19.101732,15.336757,15.224483,14.907643,14.841874,14.526085,14.366981,14.067769
688	0	4366	10.733084	198,279,271,220,264,311,1148,791	18.302694,16.065825,16.059240,16.040426,14.771362,14.622508,14.589963,14.453813
689	0	894	11.150294	198,220,271,279,720,58,264,40	17.800743,15.290923,14.729240,14.529498,13.892918,13.641869,13.498994,13.402400
690	0	330	6.460648	198,271,220,279,311,58,264,40	18.663126,15.612862,15.497895,15.468238,14.534635,14.514931,14.341041,14.335885
691	0	304	8.136406	198,279,271,40,220,791,58,311	19.101732,15.336757,15.224483,14.907643,14.841874,14.526085,14.366981,14.067769
692	0	279	2.704724	198,279,220,271,264,311,1148,58	18.634159,16.598030,15.927326,15.215795,15.202277,15.072639,14.865670,14.144956
693	0	9417	14.393776	198,279,220,271,264,311,1148,58	18.270229,16.180687,15.926502,15.070193,14.925770,14.612458,14.604426,14.019646
694	0	1174	10.959714	198,271,279,220,58,311,1148,40	19.679193,16.583136,16.204676,16.074003,15.312514,15.251077,15.137994,14.862567
695	0	330	5.585823	198,220,279,264,311,58,271,720	18.396646,16.561014,16.031153,14.719195,14.613892,14.446213,14.373384,14.261363
696	0	763	8.771153	198,279,271,40,220,791,58,311	19.101732,15.336757,15.224483,14.907643,14.841874,14.526085,14.366981,14.067769
697	0	23088	16.604087	198,279,220,271,264,1148,311,791	18.500727,16.107790,15.780353,15.235287,14.830529,14.344712,14.338905,14.232423
698	0	43396	14.834524	198,220,279,271,311,264,720,58	17.269182,15.704503,15.574515,15.303922,14.963170,14.535436,13.813293,13.779162
699	0	330	6.971774	198,220,271,279,311,58,264,791	18.253584,15.838360,15.464734,15.263947,14.552391,14.396096,14.242316,14.022683
700	0	662	10.683313	198,279,271,40,220,791,58,311	19.101732,15.336757,15.224483,14.907643,14.841874,14.526085,14.366981,14.067769
701	0	426	10.580507	198,220,279,271,58,311,264,720	19.163027,15.927941,15.593288,15.444875,14.760516,14.380231,14.276520,14.118141
702	0	11206	15.661786	198,271,220,279,58,720,311,264	18.808128,15.566022,15.551671,15.199063,14.561356,14.385137,14.150746,14.114726
703	0	466	8.672357	198,271,220,58,279,791,40,311	18.591627,15.218179,14.945662,14.667412,14.460490,14.083182,13.987227,13.528699
704	0	59335	16.740311	198,279,220,271,311,264,58,40	18.135736,15.504292,15.320590,15.054713,14.469181,14.302838,14.152860,13.628803
705	0	439	7.929576	198,220,279,264,459,311,720,477	15.802936,15.801932,15.480549,14.686473,14.163239,14.141946,13.760167,13.479642
706	0	330	5.954163	198,279,220,271,264,1148,311,58	18.814610,16.507467,16.017263,15.364026,15.192407,15.007019,14.908219,14.460716
707	0	10016	12.887008	198,279,271,40,220,791,58,311	19.101732,15.336757,15.224483,14.907643,14.841874,14.526085,14.366981,14.067769
708	0	330	6.013462	198,279,271,220,264,311,1148,791	18.302694,16.065825,16.059240,16.040426,14.771362,14.622508,14.589963,14.453813
709	0	304	8.136406	198,279,271,40,220,791,58,311	19.101732,15.336757,15.224483,14.907643,14.841874,14.526085,14.366981,14.067769
710	0	279	2.704724	198,279,220,271,264,311,1148,58	18.634159,16.598030,15.927326,15.215795,15.202277,15.072639,14.865670,14.144956
711	0	1514	10.164943	198,279,220,271,264,311,1148,58	18.270229,16.180687,15.926502,15.070193,14.925770,14.612458,14.604426,14.019646
712	0	6385	12.516185	198,279,220,271,311,264,58,1148	18.731407,16.240797,15.472519,15.410599,15.169736,14.889768,14.550612,14.525989
713	0	2439	13.236762	198,220,279,271,264,311,720,12	17.565546,15.803945,15.713039,14.879180,14.487472,14.432595,14.135956,13.881191
714	0	5439	12.312168	198,220,271,279,58,311,264,40	18.767731,15.425406,15.396375,15.381749,14.569440,14.563663,14.193299,13.915988
715	0	555	7.355699	198,279,220,311,264,271,58,1148	18.884930,16.532743,16.339796,15.356606,15.229981,15.094720,14.830937,14.664571
716	0	22021	13.865859	198,220,279,264,271,311,1148,459	18.106091,16.771215,16.711565,15.389026,15.146323,14.932027,14.840295,14.430291
717	0	77023	15.398476	198,220,279,271,264,311,58,12	17.661112,15.486214,15.001430,14.798432,14.004467,13.829587,13.792314,13.686648
718	0	1174	9.217407	198,220,279,271,720,58,311,12	17.800879,15.829198,15.041394,14.740993,14.311589,14.273537,14.217669,14.061137
719	0	902	7.708511	198,220,279,264,311,58,271,720	18.396646,16.561014,16.031153,14.719195,14.613892,14.446213,14.373384,14.261363
720	0	574	8.000653	198,279,271,220,58,40,1148,311	19.622358,15.970798,15.750302,15.515164,15.003566,14.864022,14.813404,14.663184
721	0	10887	12.630221	198,279,220,271,264,1148,311,58	18.974855,16.602282,16.337751,15.322309,15.277492,15.152878,15.147865,14.510495
722	0	304	7.353791	198,279,220,271,311,58,264,1148	19.052788,16.114573,16.109419,15.212939,15.025272,14.968413,14.953349,14.364886
723	0	220	3.375428	198,279,220,271,264,311,1148,58	18.634159,16.598030,15.927326,15.215795,15.202277,15.072639,14.865670,14.144956
724	0	1049	6.888409	198,220,279,271,16,58,311,264	18.192312,15.303127,15.081161,14.541656,14.382565,14.152309,13.979642,13.899891
725	0	16	5.256124	198,220,271,279,58,720,311,16	19.002163,15.733029,15.412315,15.233654,14.728665,14.584149,14.244228,14.128150
726	0	520	6.877949	198,220,271,279,58,311,16,264	18.855997,15.430751,15.048625,14.990996,14.574794,14.120300,13.961446,13.909923
727	0	279	2.685116	198,279,220,264,271,311,1148,720	18.418158,16.441626,16.144648,15.079354,14.861751,14.735097,14.560153,14.256699
728	0	16591	13.742476	198,279,220,271,264,311,1148,58	18.270229,16.180687,15.926502,15.070193,14.925770,14.612458,14.604426,14.019646
729	0	7301	13.011643	198,220,279,271,264,311,1148,791	17.820047,15.672029,15.381549,15.318797,14.275845,14.117026,14.058605,14.012250
730	0	27315	16.543439	198,279,220,271,311,264,720,459	18.027582,16.640684,16.433062,15.576137,15.420753,15.234623,14.673244,14.560684
731	0	662	10.434810	198,220,279,271,311,264,58,1148	18.988972,16.497656,16.186596,16.127752,15.335339,14.987409,14.726585,14.587598
732	0	362	9.326865	198,220,279,271,58,311,264,720	19.163027,15.927941,15.593288,15.444875,14.760516,14.380231,14.276520,14.118141
733	0	3477	10.146535	198,220,279,271,58,264,720,311	18.648680,15.594321,15.397277,15.372800,14.416718,14.339946,14.321609,14.228786
734	0	315	7.345348	198,279,220,271,311,58,264,1148	19.475662,16.777025,16.555002,16.440094,15.673160,15.461370,15.450333,15.201954
735	0	426	9.556049	198,279,220,271,264,1148,311,58	18.656187,16.301306,15.877232,15.178243,15.012707,14.874130,14.539978,14.313675
736	0	11206	15.661786	198,271,220,279,58,720,311,264	18.808128,15.566022,15.551671,15.199063,14.561356,14.385137,14.150746,14.114726
737	0	466	8.672357	198,271,220,58,279,791,40,311	18.591627,15.218179,14.945662,14.667412,14.460490,14.083182,13.987227,13.528699
738	0	364	9.453405	198,279,220,271,311,264,58,40	18.135736,15.504292,15.320590,15.054713,14.469181,14.302838,14.152860,13.628803
739	0	82	5.799713	198,279,271,220,40,791,58,44	18.756327,15.144691,14.964672,14.776516,14.532539,14.192447,14.113304,13.845451
740	0	5178	13.744258	198,271,279,220,58,311,512,264	18.980473,15.228279,15.165489,14.912137,14.776784,14.355824,14.137954,14.027779
741	0	304	7.674878	198,271,279,58,220,40,311,791	19.892675,16.596895,15.937996,15.874944,15.634075,15.300499,15.092677,15.019107
742	0	578	6.568235	198,279,220,271,264,311,1148,58	18.634159,16.598030,15.927326,15.215795,15.202277,15.072639,14.865670,14.144956
743	0	22765	13.732584	198,220,279,271,264,720,311,1148	18.176361,16.161646,15.978714,15.129041,14.811582,14.580337,14.334039,14.226020
744	0	389	10.164444	198,220,279,271,264,311,58,791	18.498718,16.269726,15.632298,15.541169,14.453453,14.425064,14.164927,14.092010
745	0	7418	14.390301	198,279,220,271,264,311,1148,58	18.528591,16.420420,16.145905,15.180779,15.078290,14.811046,14.668560,14.299825
746	0	7633	10.664303	198,220,279,271,264,311,459,720	18.219240,17.168152,16.529047,15.608457,15.424012,15.304027,14.665886,14.612170
747	0	1461	9.480310	198,220,279,271,311,264,58,1148	19.115480,16.610300,16.544006,15.560557,15.459308,15.272777,14.899226,14.880878
748	0	439	8.013280	198,279,220,271,311,264,1148,58	19.020975,16.353432,16.041471,15.673182,15.438973,15.073773,14.874736,14.824803
749	0	330	5.954163	198,279,220,271,264,1148,311,58	18.814610,16.507467,16.017263,15.364026,15.192407,15.007019,14.908219,14.460716
750	0	77104	16.633530	198,279,271,40,220,791,58,311	19.101732,15.336757,15.224483,14.907643,14.841874,14.526085,14.366981,14.067769
751	0	95072	16.904647	198,279,220,271,311,264,1148,58	19.181190,16.007935,15.954669,15.554128,14.956735,14.762914,14.738833,14.430554
752	0	330	5.726079	198,279,220,264,311,459,271,1148	16.449858,15.627988,15.484341,14.508416,14.465976,14.046529,13.841434,13.461310
753	0	304	8.136406	198,279,271,40,220,791,58,311	19.101732,15.336757,15.224483,14.907643,14.841874,14.526085,14.366981,14.067769
754	0	279	2.704724	198,279,220,271,264,311,1148,58	18.634159,16.598030,15.927326,15.215795,15.202277,15.072639,14.865670,14.144956
755	0	3560	12.102761	198,279,220,271,264,311,1148,58	18.270229,16.180687,15.926502,15.070193,14.925770,14.612458,14.604426,14.019646
756	0	1174	10.510016	198,220,279,271,311,58,264,512	18.625580,15.662211,15.560882,15.348335,15.000970,14.570327,14.307223,14.027110
757	0	323	5.793978	198,220,279,264,311,58,271,720	18.396646,16.561014,16.031153,14.719195,14.613892,14.446213,14.373384,14.261363
758	0	568	6.146347	198,279,220,271,1148,264,311,358	18.880346,16.773996,16.124243,15.748792,15.445361,15.347178,15.154689,14.562360
759	0	4036	12.407198	198,279,220,271,40,311,58,264	18.873461,15.779424,15.572986,15.382627,14.637015,14.606312,14.568401,14.497615
760	0	9200	13.424255	198,279,220,271,264,311,58,1148	19.051275,16.742485,16.587135,15.682999,15.563397,15.420537,15.010410,14.861552
761	0	8544	11.971638	198,220,279,271,311,264,58,1148	18.064163,15.755463,15.731511,15.384587,14.986751,14.458972,14.199844,14.191154
762	0	304	6.931750	198,279,220,271,311,264,58,1148	19.444494,16.676865,16.384989,16.369122,15.732945,15.330472,15.253943,14.994377
763	0	578	6.568235	198,279,220,271,264,311,1148,58	18.634159,16.598030,15.927326,15.215795,15.202277,15.072639,14.865670,14.144956
764	0	42769	18.184782	198,220,279,271,264,720,311,1148	18.176361,16.161646,15.978714,15.129041,14.811582,14.580337,14.334039,14.226020
765	0	1174	9.150663	198,279,220,271,311,264,459,1148	17.763319,15.930054,15.779914,15.483971,14.723905,14.704243,14.012666,13.998422
766	0	323	5.793978	198,220,279,264,311,58,271,720	18.396646,16.561014,16.031153,14.719195,14.613892,14.446213,14.373384,14.261363
767	0	57202	16.276772	198,279,220,271,1148,264,311,358	18.880346,16.773996,16.124243,15.748792,15.445361,15.347178,15.154689,14.562360
768	0	12028	14.003962	198,220,279,271,264,311,58,720	18.831579,16.633833,16.220575,15.728318,15.118436,15.004067,14.600426,14.409561
769	0	662	10.749062	198,271,220,279,58,791,40,720	19.179148,16.066229,15.997561,15.326675,15.245457,14.420830,14.393547,14.175797
770	0	1283	11.570086	198,220,279,271,58,311,264,720	19.163027,15.927941,15.593288,15.444875,14.760516,14.380231,14.276520,14.118141
771	0	9922	13.662209	198,220,279,271,264,311,58,40	18.502851,15.770355,15.663463,15.328147,14.482112,14.465421,14.242013,14.128207
772	0	304	7.059013	198,220,279,311,271,264,58,1148	18.970415,16.362953,16.091698,15.028102,14.973340,14.864467,14.690856,14.228618
773	0	279	2.704724	198,279,220,271,264,311,1148,58	18.634159,16.598030,15.927326,15.215795,15.202277,15.072639,14.865670,14.144956
774	0	12707	13.789075	198,279,220,271,264,311,1148,58	18.270229,16.180687,15.926502,15.070193,14.925770,14.612458,14.604426,14.019646
775	0	4101	12.504156	198,279,271,220,311,1148,264,58	18.686110,15.959437,15.666547,15.396274,14.968980,14.802119,14.600749,14.430718
776	0	20819	14.361682	198,271,220,58,279,40,512,334	19.544977,16.246510,15.963252,15.817393,15.441411,15.038239,14.763985,14.733612
777	0	3842	9.996870	198,220,279,271,264,311,459,1148	17.368055,16.540709,16.477888,15.189441,15.174945,15.096728,14.484939,14.335963
778	0	1611	9.328430	198,220,279,271,264,311,1148,459	18.251749,16.332558,16.042404,15.440053,14.775327,14.633121,14.415502,14.087016
779	0	291	10.054175	198,220,279,271,720,58,12,264	17.749094,15.367386,14.395233,14.387120,14.294084,13.601135,13.401928,13.372602
780	0	304	7.196407	198,279,220,271,58,311,264,40	18.369518,15.512528,15.487262,14.898216,14.462100,14.431571,14.376560,13.742213
781	0	220	3.375428	198,279,220,271,264,311,1148,58	18.634159,16.598030,15.927326,15.215795,15.202277,15.072639,14.865670,14.144956
782	0	1049	6.888409	198,220,279,271,16,58,311,264	18.192312,15.303127,15.081161,14.541656,14.382565,14.152309,13.979642,13.899891
783	0	17	6.300659	198,220,271,279,58,720,311,16	19.002163,15.733029,15.412315,15.233654,14.728665,14.584149,14.244228,14.128150
784	0	439	9.038307	198,220,271,279,58,16,720,334	18.683811,15.147820,14.833972,14.700783,14.477902,13.935889,13.916534,13.898190
785	0	330	5.954163	198,279,220,271,264,1148,311,58	18.814610,16.507467,16.017263,15.364026,15.192407,15.007019,14.908219,14.460716
786	0	2758	12.967533	198,279,271,40,220,791,58,311	19.101732,15.336757,15.224483,14.907643,14.841874,14.526085,14.366981,14.067769
787	0	336	9.535003	198,279,220,264,311,271,720,459	17.396601,16.206007,16.169680,15.048833,14.964694,14.463757,14.062482,13.996574
788	0	1676	14.465601	198,220,279,271,311,264,58,720	17.902962,15.478677,15.020637,14.564651,14.313228,13.868912,13.772868,13.595601
789	0	1800	12.211648	198,220,271,279,791,720,58,40	17.929914,15.084210,14.694255,14.329511,13.871471,13.718106,13.668073,13.666789
790	0	425	14.081436	198,220,279,271,311,264,58,12	17.320742,15.555344,15.056770,14.508747,14.252979,13.942783,13.649617,13.057731
791	0	330	6.345246	198,220,279,271,58,311,720,512	19.131571,16.012421,15.700963,15.667821,15.140822,14.914039,14.769002,14.635990
792	0	304	8.136406	198,279,271,40,220,791,58,311	19.101732,15.336757,15.224483,14.907643,14.841874,14.526085,14.366981,14.067769
793	0	279	2.704724	198,279,220,271,264,311,1148,58	18.634159,16.598030,15.927326,15.215795,15.202277,15.072639,14.865670,14.144956
794	0	9417	14.393776	198,279,220,271,264,311,1148,58	18.270229,16.180687,15.926502,15.070193,14.925770,14.612458,14.604426,14.019646
795	0	330	6.911890	198,271,279,220,58,311,1148,40	19.679193,16.583136,16.204676,16.074003,15.312514,15.251077,15.137994,14.862567
796	0	31597	14.226409	198,279,271,40,220,791,58,311	19.101732,15.336757,15.224483,14.907643,14.841874,14.526085,14.366981,14.067769
797	0	64412	18.589687	198,220,279,271,264,311,459,720	17.379015,15.967853,15.802138,15.319122,14.723006,14.453162,14.275601,13.983772
798	0	72	5.834804	198,220,271,279,58,791,311,40	17.920244,15.539311,14.846951,14.035367,13.877407,13.453842,13.437355,13.335407
799	0	2301	12.863421	198,220,271,279,58,311,720,512	18.723948,14.968791,14.885894,14.676175,14.464839,13.814870,13.784680,13.705678
800	0	330	6.105423	198,220,279,271,311,264,58,720	17.832758,15.476982,15.295044,14.985124,14.810863,14.198441,13.931393,13.548236
801	0	1174	10.744159	198,279,271,40,220,791,58,311	19.101732,15.336757,15.224483,14.907643,14.841874,14.526085,14.366981,14.067769
802	0	323	5.793978	198,220,279,264,311,58,271,720	18.396646,16.561014,16.031153,14.719195,14.613892,14.446213,14.373384,14.261363
803	0	1047	8.499951	198,279,220,271,1148,264,311,358	18.880346,16.773996,16.124243,15.748792,15.445361,15.347178,15.154689,14.562360
804	0	264	4.479706	198,279,220,271,264,311,1148,58	19.132057,16.436403,15.973412,15.376770,15.158183,15.073345,15.007098,14.858413
805	0	3560	12.397343	198,279,220,271,264,311,58,1148	18.706884,15.781047,15.582891,15.228008,14.672112,14.410118,14.389384,14.329625
806	0	439	8.302740	198,220,279,271,311,58,264,512	18.625580,15.662211,15.560882,15.348335,15.000970,14.570327,14.307223,14.027110
807	0	264	4.228103	198,279,220,271,264,1148,311,58	18.814610,16.507467,16.017263,15.364026,15.192407,15.007019,14.908219,14.460716
808	0	2204	11.305935	198,279,220,271,264,311,58,1148	18.706884,15.781047,15.582891,15.228008,14.672112,14.410118,14.389384,14.329625
809	0	3752	13.253217	198,279,220,271,311,264,1148,58	18.886824,16.529394,16.064051,15.331563,15.228162,15.143948,14.908234,14.830577
810	0	330	6.695166	198,271,220,279,58,311,264,40	19.283133,15.911731,15.649399,15.593697,14.927590,14.862529,14.414803,14.314395
811	0	79479	15.127818	198,279,271,40,220,791,58,311	19.101732,15.336757,15.224483,14.907643,14.841874,14.526085,14.366981,14.067769
812	0	57493	14.396651	198,220,271,279,58,264,791,311	18.157639,15.397151,15.318505,14.995511,14.142238,13.884313,13.861211,13.814105
813	0	330	6.560292	198,271,220,279,58,311,264,791	18.696020,15.756276,15.654580,15.434032,14.579776,14.425415,14.338527,14.281887
814	0	389	10.741894	198,279,271,40,220,791,58,311	19.101732,15.336757,15.224483,14.907643,14.841874,14.526085,14.366981,14.067769
815	0	578	6.603501	198,279,220,271,264,311,1148,58	18.528591,16.420420,16.145905,15.180779,15.078290,14.811046,14.668560,14.299825
816	0	8766	13.916445	198,220,279,271,264,720,311,1148	18.176361,16.161646,15.978714,15.129041,14.811582,14.580337,14.334039,14.226020
817	0	662	10.388908	198,220,279,271,264,311,1148,58	18.751192,16.531973,16.443880,15.882686,15.170108,15.115433,14.847087,14.789454
818	0	720	5.447619	198,220,279,271,58,311,264,720	19.163027,15.927941,15.593288,15.444875,14.760516,14.380231,14.276520,14.118141
819	0	1283	12.088433	198,220,58,271,279,720,40,16	19.609755,16.352503,15.745300,15.575284,15.455564,15.069561,14.865463,14.654552
820	0	1047	8.936724	198,220,279,271,264,311,58,40	18.502851,15.770355,15.663463,15.328147,14.482112,14.465421,14.242013,14.128207
821	0	264	4.479706	198,279,220,271,264,311,1148,58	19.132057,16.436403,15.973412,15.376770,15.158183,15.073345,15.007098,14.858413
822	0	46350	15.236617	198,279,220,271,264,311,58,1148	18.706884,15.781047,15.582891,15.228008,14.672112,14.410118,14.389384,14.329625
823	0	3560	12.476727	198,220,279,271,311,264,1148,459	18.736143,16.752819,16.511616,15.604728,15.437901,15.235146,14.733794,14.637038
824	0	304	7.030104	198,220,279,271,311,58,264,512	18.625580,15.662211,15.560882,15.348335,15.000970,14.570327,14.307223,14.027110
825	0	220	3.375428	198,279,220,271,264,311,1148,58	18.634159,16.598030,15.927326,15.215795,15.202277,15.072639,14.865670,14.144956
826	0	1049	6.888409	198,220,279,271,16,58,311,264	18.192312,15.303127,15.081161,14.541656,14.382565,14.152309,13.979642,13.899891
827	0	18	6.561353	198,220,271,279,58,720,311,16	19.002163,15.733029,15.412315,15.233654,14.728665,14.584149,14.244228,14.128150
828	0	389	10.660003	198,220,271,279,58,311,334,16	18.932058,15.304665,15.226079,14.964555,14.627685,14.092400,13.998756,13.955579
829	0	1403	9.457740	198,279,220,271,264,311,1148,58	18.528591,16.420420,16.145905,15.180779,15.078290,14.811046,14.668560,14.299825
830	0	18243	15.969573	198,279,220,271,58,40,264,1148	19.037031,15.743659,15.535029,15.334020,15.223804,14.654477,14.624138,14.347613
831	0	315	7.063115	198,271,220,279,58,311,264,1148	19.768682,16.495886,16.142683,16.129705,15.414701,15.367428,14.770144,14.762282
832	0	578	6.280388	198,279,220,271,264,1148,311,58	18.656187,16.301306,15.877232,15.178243,15.012707,14.874130,14.539978,14.313675
833	0	8766	13.916445	198,220,279,271,264,720,311,1148	18.176361,16.161646,15.978714,15.129041,14.811582,14.580337,14.334039,14.226020
834	0	1174	9.979028	198,220,279,271,264,311,1148,58	18.751192,16.531973,16.443880,15.882686,15.170108,15.115433,14.847087,14.789454
835	0	439	8.226555	198,220,279,264,311,58,271,720	18.396646,16.561014,16.031153,14.719195,14.613892,14.446213,14.373384,14.261363
836	0	3752	12.856169	198,279,220,271,264,1148,311,58	18.814610,16.507467,16.017263,15.364026,15.192407,15.007019,14.908219,14.460716
837	0	330	6.695166	198,271,220,279,58,311,264,40	19.283133,15.911731,15.649399,15.593697,14.927590,14.862529,14.414803,14.314395
838	0	58280	17.488020	198,279,271,40,220,791,58,311	19.101732,15.336757,15.224483,14.907643,14.841874,14.526085,14.366981,14.067769
839	0	8650	9.969894	198,220,279,311,264,720,12,271	16.635286,15.609012,15.439298,14.442559,14.425003,14.089340,13.892406,13.831489
840	0	330	5.793638	198,220,279,271,720,264,58,311	17.973787,16.299850,15.522502,15.383297,14.963031,14.673271,14.632670,14.463075
841	0	662	10.683313	198,279,271,40,220,791,58,311	19.101732,15.336757,15.224483,14.907643,14.841874,14.526085,14.366981,14.067769
842	0	763	8.577540	198,220,279,271,58,311,264,720	19.163027,15.927941,15.593288,15.444875,14.760516,14.380231,14.276520,14.118141
843	0	220	3.388554	198,279,220,271,264,1148,311,791	18.500727,16.107790,15.780353,15.235287,14.830529,14.344712,14.338905,14.232423
844	0	1049	6.888409	198,220,279,271,16,58,311,264	18.192312,15.303127,15.081161,14.541656,14.382565,14.152309,13.979642,13.899891
845	0	19	7.394147	198,220,271,279,58,720,311,16	19.002163,15.733029,15.412315,15.233654,14.728665,14.584149,14.244228,14.128150
846	0	426	10.794458	198,271,220,279,58,311,16,264	18.975340,15.345292,15.342977,14.946049,14.700938,14.067902,13.935090,13.874458
847	0	11206	15.661786	198,271,220,279,58,720,311,264	18.808128,15.566022,15.551671,15.199063,14.561356,14.385137,14.150746,14.114726
848	0	466	8.672357	198,271,220,58,279,791,40,311	18.591627,15.218179,14.945662,14.667412,14.460490,14.083182,13.987227,13.528699
849	0	27212	13.734994	198,279,220,271,311,264,58,40	18.135736,15.504292,15.320590,15.054713,14.469181,14.302838,14.152860,13.628803
850	0	264	2.999730	198,279,220,264,311,459,271,477	16.098907,15.953442,15.380599,14.866573,14.716960,14.228017,13.827435,13.447673
851	0	3560	12.397343	198,279,220,271,264,311,58,1148	18.706884,15.781047,15.582891,15.228008,14.672112,14.410118,14.389384,14.329625
852	0	439	8.302740	198,220,279,271,311,58,264,512	18.625580,15.662211,15.560882,15.348335,15.000970,14.570327,14.307223,14.027110
853	0	330	5.954163	198,279,220,271,264,1148,311,58	18.814610,16.507467,16.017263,15.364026,15.192407,15.007019,14.908219,14.460716
854	0	29517	14.826314	198,279,271,40,220,791,58,311	19.101732,15.336757,15.224483,14.907643,14.841874,14.526085,14.366981,14.067769
855	0	330	5.905995	198,220,279,271,264,311,459,58	17.525948,15.923763,15.825107,14.903666,14.742775,14.507680,14.034882,13.885804
856	0	304	8.136406	198,279,271,40,220,791,58,311	19.101732,15.336757,15.224483,14.907643,14.841874,14.526085,14.366981,14.067769
857	0	279	2.704724	198,279,220,271,264,311,1148,58	18.634159,16.598030,15.927326,15.215795,15.202277,15.072639,14.865670,14.144956
858	0	9417	14.393776	198,279,220,271,264,311,1148,58	18.270229,16.180687,15.926502,15.070193,14.925770,14.612458,14.604426,14.019646
859	0	330	6.911890	198,271,279,220,58,311,1148,40	19.679193,16.583136,16.204676,16.074003,15.312514,15.251077,15.137994,14.862567
860	0	71166	14.785188	198,279,271,40,220,791,58,311	19.101732,15.336757,15.224483,14.907643,14.841874,14.526085,14.366981,14.067769
861	0	364	9.003047	198,220,279,271,264,311,12,459	16.856779,15.596402,15.026398,14.389195,14.080400,14.000417,13.595398,13.518845
862	0	82	5.799713	198,279,271,220,40,791,58,44	18.756327,15.144691,14.964672,14.776516,14.532539,14.192447,14.113304,13.845451
863	0	15457	14.888889	198,271,279,220,58,311,512,264	18.980473,15.228279,15.165489,14.912137,14.776784,14.355824,14.137954,14.027779
864	0	330	6.386316	198,220,271,279,58,311,264,720	19.137939,16.605074,16.325613,15.773941,15.059260,14.861890,14.698856,14.508367
865	0	315	8.760896	198,279,271,40,220,791,58,311	19.101732,15.336757,15.224483,14.907643,14.841874,14.526085,14.366981,14.067769
866	0	279	3.021633	198,279,220,271,264,1148,311,58	18.656187,16.301306,15.877232,15.178243,15.012707,14.874130,14.539978,14.313675
867	0	12707	13.789075	198,279,220,271,264,311,1148,58	18.270229,16.180687,15.926502,15.070193,14.925770,14.612458,14.604426,14.019646
868	0	4101	12.504156	198,279,271,220,311,1148,264,58	18.686110,15.959437,15.666547,15.396274,14.968980,14.802119,14.600749,14.430718
869	0	578	7.514212	198,271,220,58,279,40,512,334	19.544977,16.246510,15.963252,15.817393,15.441411,15.038239,14.763985,14.733612
870	0	5843	13.913112	198,220,279,271,264,720,311,1148	18.176361,16.161646,15.978714,15.129041,14.811582,14.580337,14.334039,14.226020
871	0	38725	16.887562	198,220,279,271,311,264,720,58	17.828762,15.853291,15.528347,14.613282,14.423127,14.284839,14.228995,14.039449
872	0	2652	11.278898	198,271,279,220,791,311,264,40	17.823219,15.442533,15.302814,15.257777,14.444144,14.221066,14.189719,14.018533
873	0	568	7.199415	198,220,279,58,271,311,720,264	19.513582,16.694283,16.111715,14.922648,14.850518,14.835429,14.831162,14.750710
874	0	59335	16.627561	198,279,220,271,40,311,58,264	18.873461,15.779424,15.572986,15.382627,14.637015,14.606312,14.568401,14.497615
875	0	16662	14.176821	198,220,279,264,459,311,720,477	15.802936,15.801932,15.480549,14.686473,14.163239,14.141946,13.760167,13.479642
876	0	20142	15.696811	198,279,220,264,271,1148,311,459	18.469954,17.333754,16.499205,15.940398,15.619465,15.619270,15.524205,15.302882
877	0	4488	11.649822	198,279,271,220,311,58,264,1148	18.777624,15.900055,15.682477,15.664258,15.208701,14.821609,14.570264,14.110097
878	0	27191	15.511173	198,220,279,271,264,311,58,1148	17.815817,16.340704,15.894801,15.221710,14.629594,14.490628,13.952067,13.910449
879	0	323	5.897541	198,220,279,271,264,311,720,58	17.534363,15.518638,15.179817,14.344070,14.145535,14.123367,14.005208,13.768909
880	0	43423	12.955747	198,279,220,271,1148,264,311,358	18.880346,16.773996,16.124243,15.748792,15.445361,15.347178,15.154689,14.562360
881	0	15385	15.157590	198,220,271,279,58,311,264,791	18.394091,15.396016,15.104432,14.681148,14.293674,13.774762,13.642853,13.603749
882	0	18843	14.138612	198,220,271,279,58,720,311,998	17.426790,15.259013,14.569238,13.537460,13.113815,13.112714,12.972923,12.866870
883	0	662	10.499544	198,271,220,58,279,311,40,791	18.737532,15.883072,15.228134,14.770331,14.619889,13.843612,13.817092,13.799904
884	0	426	10.580507	198,220,279,271,58,311,264,720	19.163027,15.927941,15.593288,15.444875,14.760516,14.380231,14.276520,14.118141
885	0	11206	15.661786	198,271,220,279,58,720,311,264	18.808128,15.566022,15.551671,15.199063,14.561356,14.385137,14.150746,14.114726
886	0	466	8.672357	198,271,220,58,279,791,40,311	18.591627,15.218179,14.945662,14.667412,14.460490,14.083182,13.987227,13.528699
887	0	59335	16.740311	198,279,220,271,311,264,58,40	18.135736,15.504292,15.320590,15.054713,14.469181,14.302838,14.152860,13.628803
888	0	439	7.929576	198,220,279,264,459,311,720,477	15.802936,15.801932,15.480549,14.686473,14.163239,14.141946,13.760167,13.479642
889	0	330	5.954163	198,279,220,271,264,1148,311,58	18.814610,16.507467,16.017263,15.364026,15.192407,15.007019,14.908219,14.460716
890	0	58090	14.419363	198,279,271,40,220,791,58,311	19.101732,15.336757,15.224483,14.907643,14.841874,14.526085,14.366981,14.067769
891	0	330	6.837118	198,220,279,271,58,264,311,720	18.750740,15.681766,15.352582,14.981179,14.407001,14.339406,14.269954,13.829679
892	0	1174	10.744159	198,279,271,40,220,791,58,311	19.101732,15.336757,15.224483,14.907643,14.841874,14.526085,14.366981,14.067769
893	0	304	7.077090	198,220,279,264,311,58,271,720	18.396646,16.561014,16.031153,14.719195,14.613892,14.446213,14.373384,14.261363
894	0	279	2.704724	198,279,220,271,264,311,1148,58	18.634159,16.598030,15.927326,15.215795,15.202277,15.072639,14.865670,14.144956
895	0	220	3.097973	198,279,220,271,264,311,1148,58	18.270229,16.180687,15.926502,15.070193,14.925770,14.612458,14.604426,14.019646
896	0	1049	6.888409	198,220,279,271,16,58,311,264	18.192312,15.303127,15.081161,14.541656,14.382565,14.152309,13.979642,13.899891
897	0	20	5.986112	198,220,271,279,58,720,311,16	19.002163,15.733029,15.412315,15.233654,14.728665,14.584149,14.244228,14.128150
898	0	34596	15.463867	198,220,271,279,58,311,720,264	18.906908,15.329110,15.208850,14.910611,14.482911,14.051418,13.942863,13.832294
899	0	54248	16.127872	198,279,271,220,311,264,58,1148	19.024796,16.286123,16.098663,16.009958,15.494960,15.009018,14.838344,14.819531
900	0	315	7.500701	198,279,271,220,311,58,264,1148	19.142740,15.956337,15.812398,15.581749,15.330784,14.769432,14.717479,14.241998
901	0	279	3.021633	198,279,220,271,264,1148,311,58	18.656187,16.301306,15.877232,15.178243,15.012707,14.874130,14.539978,14.313675
902	0	26241	14.513762	198,279,220,271,264,311,1148,58	18.270229,16.180687,15.926502,15.070193,14.925770,14.612458,14.604426,14.019646
903	0	93401	15.039728	198,220,271,279,791,58,40,264	18.101126,15.428378,15.212331,14.995270,14.144466,14.045297,13.925602,13.811584
904	0	1514	10.525935	198,271,279,220,311,264,58,1148	18.574522,15.698067,15.446254,15.418004,14.687660,14.202278,13.908454,13.824313
905	0	44662	14.196920	198,279,220,271,311,264,58,1148	18.731407,16.240797,15.472519,15.410599,15.169736,14.889768,14.550612,14.525989
906	0	50940	16.142071	198,220,279,271,264,311,720,459	17.474871,16.021082,15.410615,15.378619,14.365230,14.327724,13.576159,13.550205
907	0	662	10.484989	198,220,279,271,12,58,720,264	17.117117,15.058782,13.920485,13.902618,13.481580,13.138222,13.061131,12.873036
908	0	1102	10.049895	198,220,279,271,58,311,264,720	19.163027,15.927941,15.593288,15.444875,14.760516,14.380231,14.276520,14.118141
909	0	574	7.992174	198,220,271,279,40,58,311,264	19.264936,15.696037,15.685582,15.625772,14.574402,14.553626,14.496222,14.462024
910	0	10887	12.630221	198,279,220,271,264,1148,311,58	18.974855,16.602282,16.337751,15.322309,15.277492,15.152878,15.147865,14.510495
911	0	520	6.021165	198,279,220,271,311,58,264,1148	19.052788,16.114573,16.109419,15.212939,15.025272,14.968413,14.953349,14.364886
912	0	279	2.685116	198,279,220,264,271,311,1148,720	18.418158,16.441626,16.144648,15.079354,14.861751,14.735097,14.560153,14.256699
913	0	46506	16.332037	198,279,220,271,264,311,1148,58	18.270229,16.180687,15.926502,15.070193,14.925770,14.612458,14.604426,14.019646
914	0	27315	17.198097	198,220,279,271,311,264,12,720	17.092491,15.973976,15.050262,14.618302,14.027522,14.000141,13.627530,13.414510
915	0	304	6.956149	198,220,279,271,311,264,58,1148	18.988972,16.497656,16.186596,16.127752,15.335339,14.987409,14.726585,14.587598
916	0	72098	17.419023	198,279,220,271,264,311,1148,58	18.634159,16.598030,15.927326,15.215795,15.202277,15.072639,14.865670,14.144956
917	0	1174	9.871836	198,279,271,220,311,1148,264,459	18.662237,16.397137,16.038904,16.002531,15.379745,15.117734,15.046383,14.490087
918	0	323	5.793978	198,220,279,264,311,58,271,720	18.396646,16.561014,16.031153,14.719195,14.613892,14.446213,14.373384,14.261363
919	0	279	2.798728	198,279,220,271,1148,264,311,358	18.880346,16.773996,16.124243,15.748792,15.445361,15.347178,15.154689,14.562360
920	0	11258	14.105413	198,279,220,271,264,311,1148,58	18.270229,16.180687,15.926502,15.070193,14.925770,14.612458,14.604426,14.019646
921	0	1291	11.394190	198,220,279,271,311,264,58,720	17.710571,15.772208,15.449460,14.949684,14.484845,14.407363,14.186467,14.172536
922	0	39520	17.044893	198,220,279,271,311,264,58,720	17.462942,15.675499,15.488002,14.581603,14.572880,14.300761,13.761640,13.566383
923	0	17367	14.758054	198,220,279,271,264,311,720,459	17.608301,16.345171,15.582692,15.533099,14.591499,14.563899,14.033066,13.859233
924	0	304	6.749871	198,220,279,271,311,264,58,720	18.125135,15.817378,15.721038,15.617396,14.861527,14.627731,14.170204,14.071744
925	0	7295	12.304364	198,279,220,271,264,311,1148,58	18.634159,16.598030,15.927326,15.215795,15.202277,15.072639,14.865670,14.144956
926	0	662	10.113892	198,279,220,271,311,264,1148,459	18.159262,16.448053,16.414879,15.514661,15.316398,15.226930,14.594933,14.569255
927	0	1283	11.570086	198,220,279,271,58,311,264,720	19.163027,15.927941,15.593288,15.444875,14.760516,14.380231,14.276520,14.118141
928	0	574	7.371995	198,220,279,271,264,311,58,40	18.502851,15.770355,15.663463,15.328147,14.482112,14.465421,14.242013,14.128207
929	0	15910	11.609287	198,279,220,271,264,1148,311,58	18.974855,16.602282,16.337751,15.322309,15.277492,15.152878,15.147865,14.510495
930	0	555	7.209297	198,279,220,311,264,271,58,512	17.953608,16.002359,15.692658,15.200152,14.759185,14.666298,14.223641,14.043541
931	0	3842	10.137467	198,220,279,264,271,311,1148,459	18.106091,16.771215,16.711565,15.389026,15.146323,14.932027,14.840295,14.430291
932	0	68573	15.101821	198,220,279,271,264,311,1148,459	18.251749,16.332558,16.042404,15.440053,14.775327,14.633121,14.415502,14.087016
933	0	323	5.106659	198,279,220,264,720,459,12,271	15.729569,15.075005,14.789672,14.165387,13.858678,13.814237,13.807620,13.718984
934	0	59335	16.021165	198,279,220,271,1148,264,311,358	18.880346,16.773996,16.124243,15.748792,15.445361,15.347178,15.154689,14.562360
935	0	16662	14.176821	198,220,279,264,459,311,720,477	15.802936,15.801932,15.480549,14.686473,14.163239,14.141946,13.760167,13.479642
936	0	7505	13.353298	198,279,220,264,271,1148,311,459	18.469954,17.333754,16.499205,15.940398,15.619465,15.619270,15.524205,15.302882
937	0	1254	12.121676	198,220,279,271,264,311,58,720	17.460970,15.668053,15.137032,14.560955,13.946006,13.897820,13.453181,13.415752
938	0	819	12.309678	198,271,220,279,720,998,72,40	17.651247,14.579564,14.317065,14.194392,13.844014,13.670509,13.413776,13.401422
939	0	675	13.354798	198,279,220,271,311,58,264,40	18.303463,15.240108,15.002556,14.879682,14.060833,14.009864,14.008500,13.704600
940	0	1174	9.852841	198,220,279,271,58,311,264,791	17.980244,15.008939,14.752545,14.709713,13.876740,13.800174,13.563004,13.383881
941	0	51075	16.459540	198,220,279,264,311,58,271,720	18.396646,16.561014,16.031153,14.719195,14.613892,14.446213,14.373384,14.261363
942	0	1901	10.877458	198,220,279,271,40,791,311,264	18.399012,15.601336,15.552391,15.464704,14.390045,14.373899,14.328189,14.311058
943	0	12997	15.513324	198,220,279,271,720,311,264,58	17.822830,15.085420,14.724500,14.601749,14.111859,13.726502,13.531226,13.529900
944	0	1174	9.687835	198,220,279,271,311,58,264,791	18.211706,15.047137,14.957870,14.743073,14.042069,13.915826,13.826009,13.446477
945	0	14253	13.704800	198,220,279,264,311,58,271,720	18.396646,16.561014,16.031153,14.719195,14.613892,14.446213,14.373384,14.261363
946	0	18206	13.516563	198,220,279,271,311,264,1148,791	17.733898,15.596475,15.546489,15.374528,14.446218,14.394279,14.004216,13.853477
947	0	1174	9.199895	198,279,220,271,311,264,1148,459	17.759041,16.218763,15.939453,15.410751,15.127343,14.904614,14.485883,14.144959
948	0	56230	15.682468	198,220,279,264,311,58,271,720	18.396646,16.561014,16.031153,14.719195,14.613892,14.446213,14.373384,14.261363
949	0	24852	12.592687	198,279,220,311,271,264,459,720	17.177206,15.884277,15.570999,14.885788,14.842620,14.727867,14.086761,14.005478
950	0	417	9.934008	198,220,271,279,58,40,791,311	17.964142,15.373218,15.100056,14.480700,14.059880,13.721813,13.695859,13.529902
951	0	1174	9.883957	198,220,279,271,311,58,720,264	18.636848,15.357941,15.290195,14.826675,14.576285,14.512169,14.235904,14.100243
952	0	60410	15.066535	198,220,279,264,311,58,271,720	18.396646,16.561014,16.031153,14.719195,14.613892,14.446213,14.373384,14.261363
953	0	81764	16.232165	198,220,279,720,271,264,12,311	17.306925,15.837050,15.053325,14.434441,14.385330,14.160713,14.090777,14.071328
954	0	323	6.075637	198,220,271,279,264,58,311,720	17.917219,15.751525,15.064572,14.961331,14.105418,14.094083,13.942352,13.887696
955	0	68134	14.174814	198,279,220,271,1148,264,311,358	18.880346,16.773996,16.124243,15.748792,15.445361,15.347178,15.154689,14.562360
956	0	11166	13.178305	198,220,279,271,264,311,58,1148	18.018267,15.778605,15.253479,14.974472,14.162198,14.052849,13.841888,13.618445
957	0	662	10.187225	198,220,279,271,311,264,720,12	17.654783,15.883278,15.813138,15.124036,14.721204,14.629997,14.566752,14.054531
958	0	426	10.580507	198,220,279,271,58,311,264,720	19.163027,15.927941,15.593288,15.444875,14.760516,14.380231,14.276520,14.118141
959	0	11206	15.661786	198,271,220,279,58,720,311,264	18.808128,15.566022,15.551671,15.199063,14.561356,14.385137,14.150746,14.114726
960	0	466	8.672357	198,271,220,58,279,791,40,311	18.591627,15.218179,14.945662,14.667412,14.460490,14.083182,13.987227,13.528699
961	0	4036	12.491220	198,279,220,271,311,264,58,40	18.135736,15.504292,15.320590,15.054713,14.469181,14.302838,14.152860,13.628803
962	0	264	4.030067	198,279,220,271,264,311,58,1148	19.051275,16.742485,16.587135,15.682999,15.563397,15.420537,15.010410,14.861552
963	0	37849	13.742022	198,279,220,271,264,311,58,1148	18.706884,15.781047,15.582891,15.228008,14.672112,14.410118,14.389384,14.329625
964	0	3477	9.558768	198,220,279,311,264,271,459,720	18.266745,16.073868,15.957162,15.047589,14.745881,14.567153,14.093841,14.076655
965	0	304	6.969888	198,279,220,271,311,58,264,1148	19.475662,16.777025,16.555002,16.440094,15.673160,15.461370,15.450333,15.201954
966	0	578	6.568235	198,279,220,271,264,311,1148,58	18.634159,16.598030,15.927326,15.215795,15.202277,15.072639,14.865670,14.144956
967	0	13690	12.493206	198,220,279,271,264,720,311,1148	18.176361,16.161646,15.978714,15.129041,14.811582,14.580337,14.334039,14.226020
968	0	49906	19.314116	198,220,279,271,264,311,720,459	17.882101,16.650537,16.147203,15.465749,15.028656,14.934995,14.672889,14.349488
969	0	551	10.001854	198,220,279,271,12,311,720,264	18.353140,15.575947,15.565773,15.544891,15.090118,14.679399,14.591794,14.473498
970	0	330	5.910314	198,220,279,271,720,58,264,311	18.782349,16.287268,15.794881,14.783928,14.692117,14.631221,14.521297,14.508298
971	0	578	7.115868	198,279,271,40,220,791,58,311	19.101732,15.336757,15.224483,14.907643,14.841874,14.526085,14.366981,14.067769
972	0	15718	10.877779	198,220,279,271,264,720,311,1148	18.176361,16.161646,15.978714,15.129041,14.811582,14.580337,14.334039,14.226020
973	0	374	5.156966	198,220,279,311,264,271,720,1148	17.836891,16.105858,15.981667,15.221196,14.681156,14.531123,14.046884,14.011727
974	0	559	12.418377	198,279,220,271,264,311,58,1148	18.856224,16.070913,15.936802,15.334408,14.871612,14.711841,14.586665,14.505061
975	0	1683	10.829951	198,279,271,220,311,998,58,264	17.800476,14.669856,14.467716,14.447858,13.591565,13.518181,13.515653,13.311862
976	0	11559	14.344692	198,220,279,271,311,264,58,720	17.338873,15.215556,14.860092,14.478770,14.025662,13.847890,13.574159,13.407108
977	0	19428	13.010712	198,279,271,220,311,264,1148,58	18.895155,16.041567,15.576083,15.518727,14.931048,14.826476,14.651324,14.573148
978	0	1174	9.703506	198,279,220,311,271,264,1148,459	17.737185,15.934002,15.416523,14.836251,14.723224,14.632773,14.115605,13.946289
979	0	449	8.395283	198,220,279,264,311,58,271,720	18.396646,16.561014,16.031153,14.719195,14.613892,14.446213,14.373384,14.261363
980	0	53221	15.610953	198,279,220,264,271,1148,311,58	18.506983,16.758751,16.234556,15.493251,15.256927,15.025760,15.015373,14.480266
981	0	24601	15.760143	198,279,220,311,264,271,459,1148	17.480906,15.949772,15.577428,15.148567,14.572853,14.491989,14.043546,14.018051
982	0	505	10.141047	198,271,279,220,58,311,40,512	20.034826,16.248802,15.639590,15.490021,15.417473,15.051412,14.681701,14.597821
983	0	7505	13.783688	198,279,220,271,264,311,1148,58	18.759621,16.491243,16.424667,15.193721,15.174817,14.859237,14.625290,14.565827
984	0	1254	12.121676	198,220,279,271,264,311,58,720	17.460970,15.668053,15.137032,14.560955,13.946006,13.897820,13.453181,13.415752
985	0	819	12.309678	198,271,220,279,720,998,72,40	17.651247,14.579564,14.317065,14.194392,13.844014,13.670509,13.413776,13.401422
986	0	675	13.354798	198,279,220,271,311,58,264,40	18.303463,15.240108,15.002556,14.879682,14.060833,14.009864,14.008500,13.704600
987	0	320	8.092521	198,220,279,271,58,311,264,791	17.980244,15.008939,14.752545,14.709713,13.876740,13.800174,13.563004,13.383881
988	0	1457	11.541986	198,279,220,271,40,58,791,16	18.758127,15.056754,15.052551,14.933000,14.508949,14.408370,14.078819,13.989151
989	0	653	11.183806	198,279,220,271,311,264,1148,58	18.997452,16.411203,16.215075,15.463931,15.319259,15.055562,14.759284,14.685725
990	0	34551	13.073295	198,279,220,271,311,264,720,58	17.943167,15.089681,14.772705,14.548996,13.995978,13.761868,13.759664,13.746391
991	0	82585	17.896228	198,271,220,58,998,334,720,40	18.597410,14.743908,14.516423,14.440946,13.948394,13.840261,13.607381,13.587436
992	0	505	10.409137	198,271,220,279,58,311,40,264	19.031227,15.397621,15.345799,15.175801,14.817618,14.223989,14.074089,14.002811
993	0	813	7.152242	198,279,220,271,264,311,1148,58	18.759621,16.491243,16.424667,15.193721,15.174817,14.859237,14.625290,14.565827
994	0	5178	12.866032	198,279,220,271,264,1148,311,40	18.507992,15.974121,15.658978,15.143764,14.639319,14.588661,14.561080,14.318393
995	0	439	8.778259	198,271,279,58,220,40,311,791	19.892675,16.596895,15.937996,15.874944,15.634075,15.300499,15.092677,15.019107
996	0	54651	13.600447	198,279,220,271,264,1148,311,58	18.814610,16.507467,16.017263,15.364026,15.192407,15.007019,14.908219,14.460716
997	0	452	10.662059	198,220,279,271,311,58,264,791	18.763834,15.697277,15.371285,15.356389,14.397916,14.268478,14.189776,14.040974
998	0	15278	15.075597	198,271,220,279,720,58,311,264	18.285814,15.292239,15.281924,15.075417,14.458999,14.201489,14.031587,13.967281
999	0	364	10.118680	198,220,279,271,58,311,998,720	18.039658,14.568954,14.373723,14.105144,13.920201,13.702382,13.468694,13.342816
1000	0	82	5.799713	198,279,271,220,40,791,58,44	18.756327,15.144691,14.964672,14.776516,14.532539,14.192447,14.113304,13.845451
1001	0	9777	15.815957	198,271,279,220,58,311,512,264	18.980473,15.228279,15.165489,14.912137,14.776784,14.355824,14.137954,14.027779
1002	0	1169	9.860922	198,220,271,279,58,311,720,12	18.098295,15.738696,14.915385,14.697955,14.237350,13.872855,13.737610,13.705602
1003	0	883	10.435999	198,279,220,311,271,264,58,1148	18.023527,15.961047,15.723653,14.836535,14.778264,14.706170,14.101359,14.011527
1004	0	1174	9.239793	198,220,279,720,58,271,311,264	18.782312,15.794609,15.303487,14.821922,14.801820,14.525849,14.461589,14.151711
1005	0	8563	11.733170	198,220,279,264,311,58,271,720	18.396646,16.561014,16.031153,14.719195,14.613892,14.446213,14.373384,14.261363
1006	0	426	9.572409	198,220,279,271,264,311,1148,720	17.934746,16.305645,15.827232,15.289391,14.653236,14.396736,14.183929,14.098564
1007	0	11206	15.661786	198,271,220,279,58,720,311,264	18.808128,15.566022,15.551671,15.199063,14.561356,14.385137,14.150746,14.114726
1008	0	466	8.672357	198,271,220,58,279,791,40,311	18.591627,15.218179,14.945662,14.667412,14.460490,14.083182,13.987227,13.528699
1009	0	1174	9.902907	198,279,220,271,311,264,58,40	18.135736,15.504292,15.320590,15.054713,14.469181,14.302838,14.152860,13.628803
1010	0	51075	16.459540	198,220,279,264,311,58,271,720	18.396646,16.561014,16.031153,14.719195,14.613892,14.446213,14.373384,14.261363
1011	0	1901	10.877458	198,220,279,271,40,791,311,264	18.399012,15.601336,15.552391,15.464704,14.390045,14.373899,14.328189,14.311058
1012	0	12997	15.513324	198,220,279,271,720,311,264,58	17.822830,15.085420,14.724500,14.601749,14.111859,13.726502,13.531226,13.529900
1013	0	323	6.090411	198,220,279,271,311,58,264,791	18.211706,15.047137,14.957870,14.743073,14.042069,13.915826,13.826009,13.446477
1014	0	56230	15.258843	198,279,220,271,1148,264,311,358	18.880346,16.773996,16.124243,15.748792,15.445361,15.347178,15.154689,14.562360
1015	0	24852	12.592687	198,279,220,311,271,264,459,720	17.177206,15.884277,15.570999,14.885788,14.842620,14.727867,14.086761,14.005478
1016	0	417	9.934008	198,220,271,279,58,40,791,311	17.964142,15.373218,15.100056,14.480700,14.059880,13.721813,13.695859,13.529902
1017	0	662	10.367253	198,220,279,271,311,58,720,264	18.636848,15.357941,15.290195,14.826675,14.576285,14.512169,14.235904,14.100243
1018	0	330	6.268168	198,220,279,271,58,311,264,720	19.163027,15.927941,15.593288,15.444875,14.760516,14.380231,14.276520,14.118141
1019	0	578	7.115868	198,279,271,40,220,791,58,311	19.101732,15.336757,15.224483,14.907643,14.841874,14.526085,14.366981,14.067769
1020	0	25460	16.800335	198,220,279,271,264,720,311,1148	18.176361,16.161646,15.978714,15.129041,14.811582,14.580337,14.334039,14.226020
1021	0	10555	11.079075	198,279,220,271,311,264,459,720	17.161539,15.862705,15.787853,15.107718,14.877716,14.837255,14.169040,13.913508
1022	0	1174	9.705354	198,279,220,311,271,264,1148,58	18.301123,16.262093,15.993449,15.169502,15.140464,14.907890,14.522138,14.219287
1023	0	330	5.585823	198,220,279,264,311,58,271,720	18.396646,16.561014,16.031153,14.719195,14.613892,14.446213,14.373384,14.261363
