# mix	head
0	0	43205	18.396601	198,220,279,58,271,720,16,334	18.625000,15.687500,14.812500,14.687500,14.500000,14.500000,14.312500,13.812500
1	0	275	8.674886	198,220,271,279,311,791,998,40	16.875000,14.500000,14.500000,14.000000,13.250000,13.187500,13.062500,12.937500
2	0	428	13.910102	198,279,220,271,311,58,264,512	18.250000,14.937500,14.812500,14.687500,14.187500,14.000000,13.750000,13.500000
3	0	12	5.712677	198,220,271,279,58,311,720,264	18.125000,15.062500,14.750000,14.750000,14.562500,14.062500,13.937500,13.562500
4	0	17	5.061755	198,220,279,16,334,720,58,264	18.000000,16.125000,15.750000,14.812500,14.687500,14.687500,14.562500,14.562500
5	0	3475	14.450926	198,220,58,271,279,16,334,720	18.875000,15.312500,14.937500,14.937500,14.750000,14.437500,14.187500,14.000000
6	0	76834	15.213206	198,220,279,271,58,264,311,720	18.250000,16.125000,16.125000,15.687500,14.812500,14.750000,14.750000,14.437500
7	0	80583	14.808566	198,271,220,279,311,58,264,720	18.375000,16.250000,16.125000,15.562500,14.937500,14.500000,14.437500,14.312500
8	0	3692	12.608987	198,220,720,58,271,334,279,40	19.000000,16.125000,15.250000,15.187500,14.937500,14.687500,14.062500,13.750000
9	0	257	9.116431	198,271,220,279,58,311,512,264	18.375000,15.812500,15.562500,15.250000,14.937500,14.312500,14.312500,14.062500
10	0	551	8.822824	198,220,279,720,58,264,311,16	17.875000,17.125000,15.937500,15.750000,15.000000,15.000000,14.937500,14.750000
11	0	3788	12.693527	198,220,279,271,58,720,264,311	18.875000,16.125000,15.687500,14.812500,14.687500,14.562500,14.437500,14.437500
12	0	1129	14.271301	198,220,271,279,720,58,311,264	19.375000,15.937500,15.562500,15.062500,14.750000,14.687500,14.437500,13.562500
13	0	71	6.959427	198,220,271,279,720,311,58,264	18.750000,15.562500,15.250000,15.250000,14.187500,14.062500,13.750000,13.687500
14	0	36368	15.747251	198,220,271,279,58,720,311,16	18.375000,14.812500,14.562500,14.500000,14.187500,13.750000,13.687500,13.437500
15	0	1594	12.372152	198,220,279,271,264,311,58,459	17.625000,16.125000,16.125000,14.937500,14.812500,14.750000,14.062500,14.000000
16	0	6973	18.619620	198,220,271,279,58,311,720,40	18.875000,15.500000,15.500000,15.312500,14.750000,14.500000,14.312500,14.062500
17	0	3529	15.709457	198,220,271,720,279,58,311,998	18.250000,15.187500,14.937500,14.562500,14.187500,14.062500,13.437500,13.062500
18	0	77749	17.428567	198,220,271,279,58,720,311,264	19.000000,15.812500,15.437500,15.312500,14.750000,14.500000,14.250000,13.937500
19	0	11628	17.869463	198,271,220,58,279,311,512,264	19.375000,16.625000,16.125000,15.812500,15.312500,14.687500,14.312500,14.250000
20	0	3916	16.437031	198,220,271,279,58,720,311,998	19.375000,15.937500,15.562500,15.250000,14.750000,14.562500,14.250000,13.937500
21	0	9009	12.216961	198,220,271,279,58,311,264,40	18.875000,15.687500,15.500000,15.437500,14.687500,14.562500,14.312500,13.937500
22	0	6458	15.187211	198,279,220,271,264,311,58,334	17.875000,15.937500,15.562500,14.937500,14.812500,14.812500,14.312500,14.000000
23	0	61503	17.704555	198,220,279,271,311,58,264,720	19.000000,15.937500,15.687500,15.250000,14.562500,14.437500,14.187500,14.062500
24	0	428	14.360222	198,220,279,311,271,264,720,12	16.125000,15.187500,14.062500,13.812500,13.750000,13.187500,13.000000,12.687500
25	0	198	0.525177	198,220,271,279,58,311,720,264	18.125000,15.062500,14.750000,14.750000,14.562500,14.062500,13.937500,13.562500
26	0	71684	15.887170	198,271,220,279,58,40,16,311	19.625000,15.750000,15.500000,15.437500,15.312500,14.937500,14.437500,14.437500
27	0	257	8.275243	198,220,271,279,58,264,720,311	16.000000,14.687500,13.812500,13.812500,13.187500,13.187500,13.187500,13.000000
28	0	551	8.822824	198,220,279,720,58,264,311,16	17.875000,17.125000,15.937500,15.750000,15.000000,15.000000,14.937500,14.750000
29	0	289	9.818527	198,220,279,271,58,720,264,311	18.875000,16.125000,15.687500,14.812500,14.687500,14.562500,14.437500,14.437500
30	0	61503	17.414106	198,220,271,279,58,311,720,40	18.750000,15.250000,15.187500,15.062500,14.562500,14.187500,14.062500,13.937500
31	0	428	14.360222	198,220,279,311,271,264,720,12	16.125000,15.187500,14.062500,13.812500,13.750000,13.187500,13.000000,12.687500
32	0	12	5.712677	198,220,271,279,58,311,720,264	18.125000,15.062500,14.750000,14.750000,14.562500,14.062500,13.937500,13.562500
33	0	17	5.061755	198,220,279,16,334,720,58,264	18.000000,16.125000,15.750000,14.812500,14.687500,14.687500,14.562500,14.562500
34	0	12	6.544676	198,220,58,271,279,16,334,720	18.875000,15.312500,14.937500,14.937500,14.750000,14.437500,14.187500,14.000000
35	0	1059	15.827380	198,220,279,16,334,720,58,264	18.000000,16.125000,15.750000,14.812500,14.687500,14.687500,14.562500,14.562500
36	0	8437	15.712728	198,220,271,58,279,311,998,720	18.250000,15.187500,14.750000,14.562500,14.500000,13.687500,13.562500,13.500000
37	0	16	5.442225	198,220,279,271,720,58,311,998	18.625000,15.812500,15.062500,14.750000,14.687500,14.500000,14.187500,14.187500
38	0	198	0.326022	198,220,271,279,58,311,16,264	18.875000,15.437500,15.000000,14.937500,14.562500,14.062500,14.000000,13.937500
39	0	20805	14.762170	198,271,220,279,58,40,16,311	19.625000,15.750000,15.500000,15.437500,15.312500,14.937500,14.437500,14.437500
40	0	415	10.128784	198,220,271,279,58,264,311,334	18.250000,15.500000,15.062500,15.062500,14.937500,14.000000,14.000000,13.937500
41	0	551	8.611249	198,220,279,720,264,271,311,58	18.375000,16.750000,16.000000,15.187500,14.812500,14.687500,14.562500,14.187500
42	0	1296	13.599777	198,220,279,271,58,720,264,311	18.875000,16.125000,15.687500,14.812500,14.687500,14.562500,14.437500,14.437500
43	0	320	7.701076	198,279,271,220,58,311,264,40	18.875000,16.125000,16.000000,15.687500,15.250000,15.000000,14.687500,14.562500
44	0	19305	13.160387	198,279,220,271,40,58,791,16	18.750000,15.062500,15.000000,14.937500,14.562500,14.437500,14.062500,14.000000
45	0	23	7.073657	198,220,271,279,58,720,311,264	18.625000,15.937500,15.250000,14.812500,14.437500,14.187500,14.062500,13.812500
46	0	7123	17.323799	198,271,220,279,58,311,264,40	19.000000,15.687500,15.500000,15.187500,14.687500,14.250000,14.000000,13.937500
47	0	340	8.138146	198,220,279,271,58,311,264,720	19.000000,16.500000,16.000000,15.437500,15.250000,15.250000,14.812500,14.500000
48	0	10028	12.999572	198,220,58,271,279,720,16,40	19.750000,15.812500,15.750000,15.750000,15.250000,14.812500,14.750000,14.750000
49	0	262	7.233495	198,220,271,279,311,720,264,58	18.625000,17.125000,15.562500,15.562500,15.312500,15.000000,14.750000,14.312500
50	0	551	8.787854	198,220,279,271,264,720,311,58	18.250000,16.375000,16.000000,15.000000,14.812500,14.812500,14.750000,14.000000
51	0	13844	14.131027	198,220,279,271,58,720,264,311	18.875000,16.125000,15.687500,14.812500,14.687500,14.562500,14.437500,14.437500
52	0	7866	14.277687	198,279,220,271,311,264,720,58	18.375000,16.000000,15.812500,15.500000,14.937500,14.687500,14.500000,14.062500
53	0	93314	14.024924	198,220,279,264,271,311,720,459	18.125000,16.875000,16.500000,15.000000,14.937500,14.687500,14.437500,14.312500
54	0	220	3.745250	198,220,271,279,311,58,720,264	19.375000,15.937500,15.812500,15.562500,14.562500,14.312500,14.312500,14.250000
55	0	18	5.647288	198,220,279,271,16,58,40,264	18.250000,15.312500,15.062500,14.562500,14.437500,14.187500,13.937500,13.937500
56	0	13	8.962934	198,220,271,58,279,16,334,40	19.125000,15.500000,15.312500,15.000000,15.000000,14.437500,14.250000,14.187500
57	0	15	7.146172	198,220,271,279,40,58,791,264	19.000000,15.562500,15.500000,15.500000,14.687500,14.500000,14.500000,14.437500
58	0	320	8.254647	198,220,271,279,58,311,16,720	19.250000,15.437500,15.250000,15.000000,14.750000,14.187500,14.000000,14.000000
59	0	2485	12.816637	198,279,220,271,40,58,791,16	18.750000,15.062500,15.000000,14.937500,14.562500,14.437500,14.062500,14.000000
60	0	1129	13.097196	198,220,720,271,279,58,311,512	18.625000,15.687500,14.812500,14.750000,14.437500,14.187500,14.062500,13.437500
61	0	86331	16.396927	198,220,271,279,720,311,58,264	18.750000,15.562500,15.250000,15.250000,14.187500,14.062500,13.750000,13.687500
62	0	2726	11.976347	198,220,271,279,720,311,264,58	18.500000,16.125000,15.000000,14.750000,14.500000,14.250000,13.437500,13.187500
63	0	7116	15.557745	198,220,271,279,720,311,58,264	18.875000,16.375000,15.562500,15.500000,15.000000,14.750000,14.500000,14.062500
64	0	68833	17.593152	198,220,279,271,720,311,264,459	19.000000,16.625000,15.750000,15.687500,15.062500,14.812500,13.937500,13.562500
65	0	1355	13.060493	198,220,279,271,311,264,720,998	18.375000,16.250000,15.812500,14.562500,14.437500,14.187500,14.187500,13.937500
66	0	64	5.587887	198,271,279,220,58,998,311,40	19.125000,15.187500,15.187500,15.000000,14.687500,14.250000,14.062500,14.000000
67	0	14	10.338598	198,220,279,271,58,311,264,720	18.375000,15.250000,14.812500,14.562500,14.250000,13.937500,13.812500,13.687500
68	0	18	5.915516	198,279,220,271,311,16,58,264	18.500000,15.750000,15.562500,14.937500,14.500000,14.250000,14.250000,14.250000
69	0	13	8.962934	198,220,271,58,279,16,334,40	19.125000,15.500000,15.312500,15.000000,15.000000,14.437500,14.250000,14.187500
70	0	15	7.146172	198,220,271,279,40,58,791,264	19.000000,15.562500,15.500000,15.500000,14.687500,14.500000,14.500000,14.437500
71	0	54660	16.848397	198,220,271,279,58,311,16,720	19.250000,15.437500,15.250000,15.000000,14.750000,14.187500,14.000000,14.000000
72	0	20241	13.810605	198,271,220,279,58,311,720,40	20.625000,16.875000,16.625000,16.250000,15.687500,15.500000,15.500000,14.750000
73	0	1516	15.330879	198,220,271,58,998,279,311,512	17.625000,15.000000,14.562500,14.187500,13.750000,13.562500,13.437500,13.437500
74	0	25	8.395330	198,220,279,271,311,58,264,720	18.500000,16.000000,15.562500,15.312500,14.937500,14.562500,14.500000,14.062500
75	0	27685	14.055231	198,220,279,264,720,271,311,58	17.875000,16.375000,15.812500,14.812500,14.687500,14.500000,14.437500,14.187500
76	0	20965	15.574066	198,279,220,271,311,264,459,720	17.375000,16.750000,16.625000,15.750000,15.562500,15.500000,14.937500,14.812500
77	0	11	5.990216	198,220,279,271,311,264,58,1148	19.375000,16.500000,16.250000,16.125000,15.812500,15.062500,14.937500,14.562500
78	0	82035	17.721375	198,279,220,271,264,311,1148,58	18.625000,16.125000,15.812500,15.062500,14.750000,14.687500,14.562500,14.500000
79	0	15592	11.264613	198,279,271,220,311,264,459,1148	17.750000,16.000000,15.687500,15.562500,15.062500,14.750000,14.187500,13.937500
80	0	8483	13.485865	198,279,220,311,271,264,459,374	16.250000,15.500000,14.937500,14.937500,14.500000,14.437500,13.750000,13.437500
81	0	198	0.735690	198,220,271,279,311,264,1148,58	18.625000,16.375000,16.375000,16.125000,15.062500,15.000000,14.562500,14.500000
82	0	1835	13.168420	198,271,220,279,58,40,16,311	19.625000,15.750000,15.500000,15.437500,15.312500,14.937500,14.437500,14.437500
83	0	320	8.209775	198,220,279,271,720,58,264,311	19.250000,16.250000,15.437500,15.000000,14.937500,14.812500,14.437500,14.312500
84	0	50	7.535387	198,279,220,271,40,58,791,16	18.750000,15.062500,15.000000,14.937500,14.562500,14.437500,14.062500,14.000000
85	0	13	8.417605	198,271,220,279,58,720,334,512	18.875000,15.187500,15.000000,14.562500,14.500000,14.000000,13.937500,13.812500
86	0	8930	15.239922	198,220,271,279,40,58,791,264	19.000000,15.562500,15.500000,15.500000,14.687500,14.500000,14.500000,14.437500
87	0	488	13.276346	198,220,271,279,791,40,58,720	18.125000,14.812500,14.812500,14.250000,13.687500,13.562500,13.562500,13.437500
88	0	11	6.209854	198,271,220,279,58,40,311,791	18.750000,15.687500,15.250000,15.187500,14.687500,14.250000,14.250000,14.187500
89	0	452	9.502625	198,279,220,271,264,311,1148,58	18.625000,16.125000,15.812500,15.062500,14.750000,14.687500,14.562500,14.500000
90	0	13	8.126699	198,271,220,279,720,58,311,264	18.375000,15.312500,15.250000,15.000000,14.437500,14.250000,14.000000,13.937500
91	0	50356	17.888359	198,220,271,279,40,58,791,264	19.000000,15.562500,15.500000,15.500000,14.687500,14.500000,14.500000,14.437500
92	0	819	12.880915	198,271,220,791,40,279,44,58	17.375000,14.250000,13.937500,13.750000,13.562500,13.500000,13.250000,13.062500
93	0	84077	17.150923	198,279,220,271,264,311,58,40	18.250000,15.250000,15.062500,14.812500,14.062500,14.062500,14.000000,13.687500
94	0	29234	12.220133	198,220,271,279,58,791,311,40	18.125000,15.062500,14.750000,14.312500,13.687500,13.687500,13.500000,13.437500
95	0	11	5.674487	198,220,271,279,58,311,264,720	18.125000,15.312500,15.062500,14.937500,14.312500,14.062500,13.937500,13.687500
96	0	432	9.065125	198,279,220,271,264,311,1148,58	18.625000,16.125000,15.812500,15.062500,14.750000,14.687500,14.562500,14.500000
97	0	13	8.334881	198,220,271,279,720,58,311,264	18.375000,15.437500,15.187500,15.187500,14.437500,14.187500,14.062500,14.000000
98	0	2100	9.896172	198,220,271,279,40,58,791,264	19.000000,15.562500,15.500000,15.500000,14.687500,14.500000,14.500000,14.437500
99	0	9211	14.065923	198,279,220,271,264,311,720,1148	18.500000,16.250000,16.000000,15.187500,14.937500,14.812500,14.687500,14.562500
100	0	2001	10.509473	198,220,279,311,271,264,720,12	17.125000,15.750000,15.437500,14.687500,14.500000,14.250000,13.750000,13.312500
101	0	330	5.988239	198,220,279,720,264,271,311,1148	19.125000,16.750000,16.375000,15.062500,15.000000,14.937500,14.937500,14.500000
102	0	9261	11.610520	198,279,271,40,220,791,58,264	19.125000,15.312500,15.250000,14.937500,14.812500,14.562500,14.312500,14.062500
103	0	57893	17.226192	198,220,271,58,279,334,512,311	18.500000,15.500000,15.437500,14.812500,14.562500,14.250000,14.187500,14.062500
104	0	386	10.430988	198,271,220,279,58,311,40,264	18.875000,16.000000,15.500000,15.250000,15.000000,14.312500,14.187500,14.187500
105	0	13025	17.651724	198,271,220,279,58,720,311,264	18.500000,15.437500,15.250000,15.062500,14.250000,14.250000,14.000000,13.937500
106	0	27972	15.960660	198,220,271,279,58,334,720,264	18.250000,15.687500,15.437500,14.937500,14.750000,14.250000,14.187500,14.000000
107	0	498	12.487204	198,220,271,279,58,311,720,264	18.625000,16.625000,15.687500,15.500000,14.812500,14.750000,14.687500,14.562500
108	0	220	3.291917	198,220,279,720,264,271,311,58	19.250000,16.375000,16.375000,15.250000,14.937500,14.937500,14.812500,14.750000
109	0	679	8.459788	198,220,279,271,16,58,40,264	18.250000,15.312500,15.062500,14.562500,14.437500,14.187500,13.937500,13.937500
110	0	21	6.240677	198,220,271,279,720,58,311,16	18.750000,15.937500,15.062500,14.937500,14.500000,14.312500,14.062500,14.000000
111	0	340	8.987412	198,271,220,279,58,311,16,40	19.250000,15.562500,15.500000,15.062500,14.750000,14.187500,14.000000,14.000000
112	0	1835	12.374572	198,220,58,271,279,720,16,40	19.750000,15.812500,15.750000,15.750000,15.250000,14.812500,14.750000,14.750000
113	0	40283	16.006650	198,220,279,271,720,58,264,311	19.250000,16.250000,15.437500,15.000000,14.937500,14.812500,14.437500,14.312500
114	0	3786	16.501432	198,271,220,58,279,311,264,791	19.375000,16.875000,16.375000,15.937500,15.687500,14.750000,14.687500,14.312500
115	0	25	9.249882	198,220,271,279,311,58,264,40	19.000000,15.937500,15.937500,15.812500,15.062500,14.750000,14.562500,14.437500
116	0	3788	12.023981	198,220,279,264,720,271,311,58	17.875000,16.375000,15.812500,14.812500,14.687500,14.500000,14.437500,14.187500
117	0	1129	14.271301	198,220,271,279,720,58,311,264	19.375000,15.937500,15.562500,15.062500,14.750000,14.687500,14.437500,13.562500
118	0	71	6.959427	198,220,271,279,720,311,58,264	18.750000,15.562500,15.250000,15.250000,14.187500,14.062500,13.750000,13.687500
119	0	36368	15.747251	198,220,271,279,58,720,311,16	18.375000,14.812500,14.562500,14.500000,14.187500,13.750000,13.687500,13.437500
120	0	1594	12.372152	198,220,279,271,264,311,58,459	17.625000,16.125000,16.125000,14.937500,14.812500,14.750000,14.062500,14.000000
121	0	6973	18.619620	198,220,271,279,58,311,720,40	18.875000,15.500000,15.500000,15.312500,14.750000,14.500000,14.312500,14.062500
122	0	3529	15.709457	198,220,271,720,279,58,311,998	18.250000,15.187500,14.937500,14.562500,14.187500,14.062500,13.437500,13.062500
123	0	77749	17.428567	198,220,271,279,58,720,311,264	19.000000,15.812500,15.437500,15.312500,14.750000,14.500000,14.250000,13.937500
124	0	11628	17.869463	198,271,220,58,279,311,512,264	19.375000,16.625000,16.125000,15.812500,15.312500,14.687500,14.312500,14.250000
125	0	3916	16.437031	198,220,271,279,58,720,311,998	19.375000,15.937500,15.562500,15.250000,14.750000,14.562500,14.250000,13.937500
126	0	9009	12.216961	198,220,271,279,58,311,264,40	18.875000,15.687500,15.500000,15.437500,14.687500,14.562500,14.312500,13.937500
127	0	6458	15.187211	198,279,220,271,264,311,58,334	17.875000,15.937500,15.562500,14.937500,14.812500,14.812500,14.312500,14.000000
128	0	61503	17.704555	198,220,279,271,311,58,264,720	19.000000,15.937500,15.687500,15.250000,14.562500,14.437500,14.187500,14.062500
129	0	428	14.360222	198,220,279,311,271,264,720,12	16.125000,15.187500,14.062500,13.812500,13.750000,13.187500,13.000000,12.687500
130	0	271	3.900177	198,220,271,279,58,311,720,264	18.125000,15.062500,14.750000,14.750000,14.562500,14.062500,13.937500,13.562500
131	0	34336	12.552539	198,271,220,279,40,58,791,3923	19.500000,16.250000,15.500000,15.312500,15.187500,15.187500,15.187500,14.500000
132	0	415	10.977536	198,271,58,220,279,16,40,512	19.375000,15.750000,15.500000,15.500000,14.812500,14.250000,14.062500,14.000000
133	0	551	8.611249	198,220,279,720,264,271,311,58	18.375000,16.750000,16.000000,15.187500,14.812500,14.687500,14.562500,14.187500
134	0	2539	10.006027	198,220,279,271,58,720,264,311	18.875000,16.125000,15.687500,14.812500,14.687500,14.562500,14.437500,14.437500
135	0	1296	13.184025	198,279,220,271,311,58,264,1148	18.875000,16.000000,15.437500,15.312500,14.937500,14.562500,14.500000,14.437500
136	0	6859	14.607326	198,279,271,220,58,311,264,40	18.875000,16.125000,16.000000,15.687500,15.250000,15.000000,14.687500,14.562500
137	0	320	7.933373	198,279,220,271,311,58,264,16	18.000000,15.687500,15.500000,14.812500,14.687500,14.500000,14.437500,13.562500
138	0	543	11.316637	198,279,220,271,40,58,791,16	18.750000,15.062500,15.000000,14.937500,14.562500,14.437500,14.062500,14.000000
139	0	220	3.713044	198,279,220,271,58,311,264,40	18.375000,15.312500,15.187500,14.812500,14.500000,14.187500,14.062500,13.937500
140	0	19305	12.991038	198,220,279,271,16,58,40,264	18.250000,15.312500,15.062500,14.562500,14.437500,14.187500,13.937500,13.937500
141	0	23	7.073657	198,220,271,279,58,720,311,264	18.625000,15.937500,15.250000,14.812500,14.437500,14.187500,14.062500,13.812500
142	0	7123	17.323799	198,271,220,279,58,311,264,40	19.000000,15.687500,15.500000,15.187500,14.687500,14.250000,14.000000,13.937500
143	0	98634	16.528771	198,220,279,271,58,311,264,720	19.000000,16.500000,16.000000,15.437500,15.250000,15.250000,14.812500,14.500000
144	0	340	8.320907	198,220,279,264,271,311,58,459	18.625000,16.750000,16.000000,14.937500,14.937500,14.937500,14.562500,14.062500
145	0	38	9.187072	198,220,58,271,279,720,16,40	19.750000,15.812500,15.750000,15.750000,15.250000,14.812500,14.750000,14.750000
146	0	2898	11.671776	198,220,271,279,58,720,311,334	18.500000,14.812500,14.812500,14.562500,14.312500,13.812500,13.687500,13.687500
147	0	12	6.297294	198,271,220,279,311,58,264,512	18.875000,15.750000,15.437500,15.250000,14.562500,14.500000,14.062500,13.750000
148	0	17	5.061755	198,220,279,16,334,720,58,264	18.000000,16.125000,15.750000,14.812500,14.687500,14.687500,14.562500,14.562500
149	0	426	10.732176	198,220,58,271,279,16,334,720	18.875000,15.312500,14.937500,14.937500,14.750000,14.437500,14.187500,14.000000
150	0	1777	11.634778	198,220,271,279,58,720,311,264	18.875000,15.562500,15.562500,15.250000,14.562500,14.437500,14.187500,14.062500
151	0	11460	16.733974	198,271,220,279,58,311,264,512	19.125000,15.812500,15.062500,14.937500,14.687500,14.187500,13.750000,13.687500
152	0	320	8.192312	198,220,279,271,58,311,264,512	18.875000,16.125000,15.437500,15.312500,15.062500,14.562500,14.312500,14.187500
153	0	83	7.972887	198,279,220,271,40,58,791,16	18.750000,15.062500,15.000000,14.937500,14.562500,14.437500,14.062500,14.000000
154	0	1609	12.700023	198,220,271,279,58,720,311,334	18.625000,15.062500,14.750000,14.750000,14.562500,14.000000,13.937500,13.750000
155	0	5963	14.037241	198,220,271,279,58,311,264,720	18.000000,15.000000,14.937500,14.500000,14.000000,13.937500,13.437500,13.312500
156	0	1680	12.557822	198,220,271,279,58,512,311,720	18.500000,15.687500,15.687500,15.000000,14.750000,14.312500,14.000000,13.812500
157	0	220	1.823811	198,220,279,720,264,311,58,334	17.625000,16.750000,15.750000,15.312500,15.000000,14.687500,14.437500,14.312500
158	0	16085	10.647288	198,220,279,271,16,58,40,264	18.250000,15.312500,15.062500,14.562500,14.437500,14.187500,13.937500,13.937500
159	0	17897	12.967743	198,220,271,279,58,720,311,16	18.500000,15.812500,14.937500,14.687500,14.437500,14.312500,13.937500,13.687500
160	0	198	0.386956	198,220,271,279,58,720,16,311	18.875000,16.000000,15.187500,14.812500,14.750000,14.562500,14.000000,14.000000
161	0	1688	8.605920	198,271,220,279,58,40,16,311	19.625000,15.750000,15.500000,15.437500,15.312500,14.937500,14.437500,14.437500
162	0	393	9.309731	198,220,279,271,264,58,720,40	17.875000,15.562500,15.562500,14.500000,14.437500,14.250000,14.000000,13.812500
163	0	2989	10.094719	198,271,220,279,58,720,311,264	18.375000,15.312500,14.937500,14.812500,14.312500,14.062500,13.750000,13.687500
164	0	71608	17.330834	198,271,279,220,58,311,264,998	18.625000,15.187500,14.750000,14.687500,14.187500,14.000000,13.562500,13.437500
165	0	15906	16.882484	198,220,271,58,279,720,16,311	18.875000,15.812500,15.312500,14.750000,14.312500,14.062500,13.750000,13.687500
166	0	28	7.922521	198,220,271,720,279,58,311,512	17.125000,15.750000,14.437500,14.250000,14.187500,14.062500,13.812500,13.562500
167	0	12378	11.759882	198,220,279,58,271,720,16,334	18.625000,15.687500,14.812500,14.687500,14.500000,14.500000,14.312500,13.812500
168	0	21	6.261302	198,220,271,58,279,334,720,16	18.875000,15.812500,15.312500,14.937500,14.687500,14.500000,14.500000,14.187500
169	0	420	8.737412	198,271,220,279,58,311,16,40	19.250000,15.562500,15.500000,15.062500,14.750000,14.187500,14.000000,14.000000
170	0	36508	14.460375	198,279,271,220,58,40,311,264	19.375000,15.562500,15.500000,15.187500,14.687500,14.562500,14.437500,14.312500
171	0	220	2.204985	198,220,279,264,311,271,58,459	17.875000,16.625000,16.375000,15.312500,15.000000,14.812500,14.437500,14.437500
172	0	3076	8.834788	198,220,279,271,16,58,40,264	18.250000,15.312500,15.062500,14.562500,14.437500,14.187500,13.937500,13.937500
173	0	2536	13.403934	198,220,271,58,279,720,311,16	19.250000,15.937500,15.500000,14.937500,14.750000,14.062500,14.000000,13.812500
174	0	29352	16.216628	198,271,279,220,58,40,720,311	18.875000,15.312500,15.250000,15.000000,14.562500,14.312500,14.312500,14.187500
175	0	91719	14.518494	198,279,220,271,58,311,264,720	19.375000,16.375000,16.000000,15.500000,15.250000,15.187500,14.937500,14.562500
176	0	27855	15.230717	198,220,279,271,58,264,311,720	18.875000,16.625000,16.625000,15.687500,15.437500,15.437500,14.812500,14.750000
177	0	345	7.829431	198,271,220,279,58,311,512,16	19.750000,16.500000,15.937500,15.562500,15.500000,14.937500,14.750000,14.500000
178	0	19975	15.842630	198,220,271,279,58,720,40,311	20.125000,15.937500,15.750000,15.562500,15.437500,14.750000,14.562500,14.500000
179	0	2915	13.601230	198,220,271,279,311,264,58,12	18.375000,15.812500,15.687500,15.687500,15.000000,14.687500,14.562500,14.437500
180	0	49005	15.514531	198,220,279,271,311,264,58,1148	19.000000,15.812500,15.812500,15.500000,14.937500,14.750000,14.562500,14.500000
181	0	279	2.647912	198,220,279,264,271,311,1148,720	18.875000,16.875000,16.875000,15.437500,15.437500,15.062500,15.062500,15.000000
182	0	220	3.138991	198,279,220,271,264,311,1148,40	18.375000,16.125000,15.937500,15.062500,14.812500,14.562500,14.562500,14.000000
183	0	508	5.334788	198,220,279,271,16,58,40,264	18.250000,15.312500,15.062500,14.562500,14.437500,14.187500,13.937500,13.937500
184	0	11843	15.567872	198,220,271,58,279,16,720,334	19.375000,16.125000,15.500000,15.250000,15.250000,14.562500,14.562500,14.437500
185	0	3200	13.117335	198,220,271,279,58,998,72,40	18.875000,15.312500,15.062500,15.062500,14.437500,14.250000,14.187500,14.000000
186	0	16686	16.316798	198,220,279,271,58,311,264,720	18.125000,15.187500,15.000000,14.750000,14.187500,14.187500,13.812500,13.500000
187	0	315	8.140026	198,220,271,279,58,311,720,264	19.250000,16.125000,16.000000,15.937500,15.187500,15.187500,14.812500,14.750000
188	0	279	2.928439	198,279,220,271,264,1148,311,58	18.625000,16.375000,15.937500,15.250000,15.062500,14.937500,14.562500,14.250000
189	0	426	9.576491	198,279,220,271,264,311,1148,40	18.375000,16.125000,15.937500,15.062500,14.812500,14.562500,14.562500,14.000000
190	0	18	6.791028	198,220,271,279,58,720,311,264	18.875000,15.562500,15.562500,15.250000,14.562500,14.437500,14.187500,14.062500
191	0	4367	12.962934	198,220,271,58,279,16,334,40	19.125000,15.500000,15.312500,15.000000,15.000000,14.437500,14.250000,14.187500
192	0	18618	15.348254	198,271,279,220,311,58,1148,264	19.375000,16.250000,16.125000,15.312500,15.187500,14.812500,14.812500,14.750000
193	0	382	8.289127	198,220,279,311,271,264,720,374	17.875000,16.375000,16.375000,15.562500,15.437500,15.000000,14.500000,14.312500
194	0	2028	7.352357	198,271,40,791,58,220,279,3923	20.000000,16.750000,16.000000,15.812500,15.750000,15.750000,15.312500,15.062500
195	0	1052	15.016573	198,220,271,279,58,40,791,264	19.375000,15.562500,15.500000,15.250000,14.750000,14.687500,14.312500,14.250000
196	0	374	5.298992	198,279,220,271,311,264,58,720	18.750000,16.500000,16.125000,15.937500,15.500000,15.187500,15.000000,14.312500
197	0	1511	10.949908	198,279,220,271,264,311,58,1148	18.875000,16.125000,15.937500,15.312500,14.812500,14.687500,14.562500,14.500000
198	0	439	8.396630	198,279,220,271,311,264,58,1148	18.625000,16.125000,15.937500,15.312500,15.187500,14.812500,14.750000,14.250000
199	0	264	4.263003	198,279,220,271,264,1148,311,58	18.875000,16.500000,16.000000,15.312500,15.187500,15.000000,14.812500,14.437500
200	0	12790	16.686358	198,279,220,271,264,311,58,1148	18.625000,15.750000,15.562500,15.187500,14.687500,14.437500,14.312500,14.312500
201	0	369	7.554621	198,279,220,271,311,264,459,58	17.375000,15.750000,15.500000,14.937500,14.812500,14.562500,13.750000,13.562500
202	0	279	2.802415	198,279,220,264,271,311,1148,58	18.500000,16.375000,15.937500,15.062500,15.000000,14.750000,14.687500,14.500000
203	0	48275	15.638991	198,279,220,271,264,311,1148,40	18.375000,16.125000,15.937500,15.062500,14.812500,14.562500,14.562500,14.000000
204	0	45320	9.441316	198,220,279,271,311,264,58,459	18.000000,16.375000,15.687500,15.500000,14.750000,14.562500,14.187500,13.687500
205	0	85748	16.908327	198,220,271,58,279,334,12,512	17.750000,15.250000,14.687500,14.312500,13.687500,13.500000,13.437500,13.437500
206	0	6636	14.182006	198,220,279,271,311,58,264,720	17.750000,15.250000,14.937500,14.687500,14.000000,13.750000,13.750000,13.750000
207	0	74252	14.163964	198,279,220,271,311,58,264,512	18.125000,15.812500,15.687500,15.437500,14.812500,14.562500,14.562500,13.812500
208	0	488	12.620977	198,220,271,279,12,58,311,512	17.875000,15.000000,14.687500,14.062500,13.750000,13.750000,13.500000,13.500000
209	0	18618	16.022354	198,271,220,279,58,40,311,791	18.750000,15.687500,15.250000,15.187500,14.687500,14.250000,14.250000,14.187500
210	0	198	0.976627	198,220,279,311,271,264,720,374	17.875000,16.375000,16.375000,15.562500,15.437500,15.000000,14.500000,14.312500
211	0	8793	19.336389	198,271,220,279,58,40,16,311	19.625000,15.750000,15.500000,15.437500,15.312500,14.937500,14.437500,14.437500
212	0	82	5.596396	198,58,220,271,720,279,16,998	19.125000,15.937500,15.937500,15.500000,15.000000,14.562500,14.500000,14.312500
213	0	5640	16.837413	198,271,279,220,58,311,512,264	19.000000,15.187500,15.062500,14.812500,14.750000,14.250000,14.062500,14.000000
214	0	324	11.577009	198,220,279,271,58,311,720,264	19.000000,15.750000,15.500000,15.437500,14.750000,14.500000,14.437500,14.062500
215	0	754	10.430339	198,220,271,279,311,58,264,40	18.125000,15.000000,14.937500,14.812500,14.000000,13.937500,13.750000,13.437500
216	0	98166	17.474415	198,220,271,279,58,720,16,311	18.625000,15.500000,14.937500,14.562500,14.312500,13.937500,13.687500,13.687500
217	0	2253	14.991840	198,220,271,512,58,16,279,12	16.625000,14.187500,14.000000,13.750000,13.312500,12.937500,12.812500,12.750000
218	0	17	5.957533	198,220,271,58,279,334,720,16	18.625000,15.187500,14.812500,14.687500,14.250000,14.250000,14.187500,14.062500
219	0	68	8.232176	198,220,58,271,279,16,334,720	18.875000,15.312500,14.937500,14.937500,14.750000,14.437500,14.187500,14.000000
220	0	26721	16.970325	198,220,271,279,58,720,334,16	18.875000,15.187500,14.812500,14.562500,14.500000,13.937500,13.812500,13.750000
221	0	4390	12.484870	198,271,220,279,720,311,58,264	19.000000,15.812500,15.750000,15.250000,14.750000,14.562500,14.000000,13.750000
222	0	8780	11.775103	198,271,58,220,334,40,720,16	20.375000,16.375000,16.250000,16.125000,15.750000,15.437500,15.312500,15.000000
223	0	32905	12.293118	198,220,279,271,58,40,264,311	18.875000,15.500000,15.437500,15.250000,15.000000,14.312500,14.187500,14.187500
224	0	1005	10.232834	198,220,279,271,58,311,720,264	19.125000,16.000000,15.562500,15.500000,15.187500,14.687500,14.562500,14.500000
225	0	2011	9.675461	198,279,220,271,311,264,58,1148	18.500000,16.375000,15.687500,15.562500,15.000000,14.937500,14.750000,14.500000
226	0	14389	14.742395	198,220,279,271,311,264,58,1148	18.500000,16.000000,15.937500,15.000000,15.000000,14.687500,14.187500,14.187500
227	0	420	7.144935	198,279,220,271,264,311,1148,459	18.125000,16.625000,15.937500,15.437500,15.312500,15.000000,14.750000,14.562500
228	0	13844	15.397875	198,279,271,220,58,40,311,264	19.375000,15.562500,15.500000,15.187500,14.687500,14.562500,14.437500,14.312500
229	0	7866	14.277687	198,279,220,271,311,264,720,58	18.375000,16.000000,15.812500,15.500000,14.937500,14.687500,14.500000,14.062500
230	0	93314	14.024924	198,220,279,264,271,311,720,459	18.125000,16.875000,16.500000,15.000000,14.937500,14.687500,14.437500,14.312500
231	0	220	3.745250	198,220,271,279,311,58,720,264	19.375000,15.937500,15.812500,15.562500,14.562500,14.312500,14.312500,14.250000
232	0	18	5.647288	198,220,279,271,16,58,40,264	18.250000,15.312500,15.062500,14.562500,14.437500,14.187500,13.937500,13.937500
233	0	13	8.962934	198,220,271,58,279,16,334,40	19.125000,15.500000,15.312500,15.000000,15.000000,14.437500,14.250000,14.187500
234	0	15	7.146172	198,220,271,279,40,58,791,264	19.000000,15.562500,15.500000,15.500000,14.687500,14.500000,14.500000,14.437500
235	0	63124	15.520272	198,220,271,279,58,311,16,720	19.250000,15.437500,15.250000,15.000000,14.750000,14.187500,14.000000,14.000000
236	0	382	8.929206	198,220,271,279,311,58,264,512	19.125000,16.000000,16.000000,15.812500,15.312500,14.812500,14.562500,14.062500
237	0	284	11.977357	198,271,40,791,58,220,279,3923	20.000000,16.750000,16.000000,15.812500,15.750000,15.750000,15.312500,15.062500
238	0	8563	11.979671	198,220,279,720,264,271,311,58	18.125000,16.750000,15.812500,15.000000,14.750000,14.437500,14.312500,14.187500
239	0	426	9.525623	198,220,279,271,264,311,1148,720	18.000000,16.375000,15.812500,15.312500,14.687500,14.437500,14.250000,14.062500
240	0	11206	15.712903	198,220,271,279,58,720,311,264	18.875000,15.562500,15.562500,15.250000,14.562500,14.437500,14.187500,14.062500
241	0	466	8.705023	198,271,220,58,279,791,40,12	18.625000,15.187500,15.000000,14.687500,14.437500,14.000000,13.937500,13.437500
242	0	284	10.280741	198,279,220,271,311,264,58,40	18.125000,15.500000,15.312500,15.000000,14.500000,14.312500,14.187500,13.562500
243	0	720	3.854671	198,220,279,720,264,271,311,58	18.125000,16.750000,15.812500,15.000000,14.750000,14.437500,14.312500,14.187500
244	0	8563	13.216112	198,220,58,271,279,720,40,16	19.750000,16.375000,15.812500,15.687500,15.437500,15.062500,15.000000,14.750000
245	0	426	9.525623	198,220,279,271,264,311,1148,720	18.000000,16.375000,15.812500,15.312500,14.687500,14.437500,14.250000,14.062500
246	0	11206	15.712903	198,220,271,279,58,720,311,264	18.875000,15.562500,15.562500,15.250000,14.562500,14.437500,14.187500,14.062500
247	0	466	8.705023	198,271,220,58,279,791,40,12	18.625000,15.187500,15.000000,14.687500,14.437500,14.000000,13.937500,13.437500
248	0	374	5.593241	198,279,220,271,311,264,58,40	18.125000,15.500000,15.312500,15.000000,14.500000,14.312500,14.187500,13.562500
249	0	459	5.637408	198,279,220,271,264,311,58,1148	18.875000,16.125000,15.937500,15.312500,14.812500,14.687500,14.562500,14.500000
250	0	6498	9.759386	198,279,220,271,264,311,58,1148	18.625000,15.750000,15.562500,15.250000,14.562500,14.437500,14.312500,14.312500
251	0	4632	14.622905	198,220,279,271,311,264,720,58	18.625000,16.250000,16.125000,15.500000,15.062500,15.000000,14.687500,14.312500
252	0	1174	10.015412	198,279,220,271,311,264,1148,58	18.625000,16.375000,16.000000,15.562500,15.250000,14.937500,14.687500,14.562500
253	0	12707	14.890414	198,220,279,264,58,311,271,720	18.375000,16.625000,16.000000,14.750000,14.562500,14.562500,14.437500,14.312500
254	0	323	5.948266	198,279,271,220,311,1148,264,58	18.875000,16.000000,15.750000,15.437500,15.000000,14.812500,14.687500,14.500000
255	0	34596	13.473612	198,279,220,271,1148,264,311,358	18.875000,16.750000,16.125000,15.687500,15.500000,15.312500,15.187500,14.500000
256	0	12360	14.863529	198,279,220,271,311,264,58,1148	19.125000,16.250000,16.125000,16.125000,15.437500,15.000000,14.812500,14.750000
257	0	662	10.517644	198,279,220,271,311,58,264,512	18.375000,15.937500,15.812500,15.500000,15.187500,14.562500,14.562500,13.937500
258	0	1283	11.529302	198,220,279,271,58,311,264,720	19.125000,15.937500,15.500000,15.312500,14.750000,14.250000,14.187500,14.187500
259	0	1047	8.873369	198,220,279,271,264,311,58,720	18.375000,15.812500,15.687500,15.250000,14.500000,14.437500,14.187500,14.187500
260	0	264	4.442385	198,279,220,271,264,311,1148,58	19.125000,16.500000,16.000000,15.312500,15.187500,15.062500,15.000000,14.812500
261	0	8810	15.342608	198,279,220,271,264,311,58,1148	18.625000,15.750000,15.562500,15.187500,14.687500,14.437500,14.312500,14.312500
262	0	571	12.219448	198,279,220,311,271,264,1148,58	18.000000,16.125000,15.687500,15.250000,15.187500,14.812500,14.312500,14.187500
263	0	12	7.126054	198,271,220,279,720,58,311,998	18.750000,15.500000,15.437500,14.937500,14.187500,13.812500,13.812500,13.687500
264	0	31	10.811755	198,220,279,16,334,720,58,264	18.000000,16.125000,15.750000,14.812500,14.687500,14.687500,14.562500,14.562500
265	0	40500	15.044916	198,220,271,279,720,58,311,16	18.625000,15.437500,15.062500,14.812500,14.312500,14.000000,13.687500,13.562500
266	0	3560	12.093509	198,220,279,264,459,311,1148,271	16.875000,16.625000,16.625000,15.312500,14.937500,14.687500,14.562500,14.187500
267	0	389	10.016090	198,220,279,271,311,58,264,512	18.625000,15.687500,15.562500,15.312500,15.000000,14.500000,14.312500,14.000000
268	0	279	2.931478	198,279,220,271,264,311,1148,58	18.625000,16.375000,16.125000,15.250000,15.000000,14.750000,14.687500,14.312500
269	0	12707	13.795241	198,279,220,271,264,311,1148,40	18.375000,16.125000,15.937500,15.062500,14.812500,14.562500,14.562500,14.000000
270	0	4101	12.604516	198,279,271,220,311,1148,264,58	18.875000,16.000000,15.750000,15.437500,15.000000,14.812500,14.687500,14.500000
271	0	578	7.555211	198,271,220,58,279,40,311,512	19.500000,16.250000,16.000000,15.750000,15.500000,15.000000,14.750000,14.687500
272	0	8766	13.936844	198,220,279,271,264,720,311,1148	18.250000,16.125000,16.000000,15.187500,14.812500,14.500000,14.312500,14.250000
273	0	304	6.910876	198,220,279,271,264,311,1148,58	18.625000,16.625000,16.375000,15.812500,15.187500,15.062500,14.812500,14.750000
274	0	220	3.285094	198,279,220,264,271,311,1148,58	18.500000,16.625000,15.937500,15.187500,15.187500,15.000000,14.812500,14.062500
275	0	1049	6.897288	198,220,279,271,16,58,40,264	18.250000,15.312500,15.062500,14.562500,14.437500,14.187500,13.937500,13.937500
276	0	15	6.697102	198,220,271,279,58,720,311,16	19.000000,15.750000,15.437500,15.250000,14.687500,14.562500,14.250000,14.187500
277	0	662	10.379647	198,220,271,279,58,311,16,720	19.250000,15.437500,15.250000,15.000000,14.750000,14.187500,14.000000,14.000000
278	0	1115	9.029302	198,220,279,271,58,311,264,720	19.125000,15.937500,15.500000,15.312500,14.750000,14.250000,14.187500,14.187500
279	0	574	8.236111	198,279,220,271,40,264,58,311	19.375000,15.562500,15.500000,15.437500,14.437500,14.437500,14.312500,14.250000
280	0	8272	13.184709	198,279,220,271,264,1148,311,58	19.125000,16.625000,16.375000,15.312500,15.250000,15.187500,15.062500,14.562500
281	0	555	7.969096	198,220,279,271,311,58,264,1148	19.625000,16.500000,16.375000,15.687500,15.437500,15.062500,15.062500,15.062500
282	0	264	3.626793	198,220,279,264,271,311,1148,459	18.000000,16.875000,16.750000,15.437500,15.062500,14.937500,14.750000,14.437500
283	0	40500	14.170733	198,279,220,271,264,311,58,1148	18.625000,15.750000,15.562500,15.187500,14.687500,14.437500,14.312500,14.312500
284	0	3560	12.093509	198,220,279,264,459,311,1148,271	16.875000,16.625000,16.625000,15.312500,14.937500,14.687500,14.562500,14.187500
285	0	304	6.953590	198,220,279,271,311,58,264,512	18.625000,15.687500,15.562500,15.312500,15.000000,14.500000,14.312500,14.000000
286	0	279	2.597594	198,279,220,264,271,311,1148,58	18.500000,16.625000,15.937500,15.187500,15.187500,15.000000,14.812500,14.062500
287	0	1514	10.263991	198,279,220,271,264,311,1148,40	18.375000,16.125000,15.937500,15.062500,14.812500,14.562500,14.562500,14.000000
288	0	6385	12.508771	198,279,220,271,311,264,58,1148	18.750000,16.250000,15.500000,15.500000,15.187500,14.937500,14.562500,14.562500
289	0	2439	13.237871	198,220,279,271,264,311,720,12	17.625000,15.812500,15.687500,14.937500,14.500000,14.437500,14.187500,13.937500
290	0	5439	12.270926	198,220,271,279,311,58,264,40	18.750000,15.437500,15.312500,15.312500,14.562500,14.500000,14.187500,13.812500
291	0	555	7.365683	198,279,220,311,264,271,58,1148	18.875000,16.500000,16.375000,15.312500,15.250000,15.187500,14.812500,14.687500
292	0	22021	13.908043	198,220,279,264,271,311,1148,459	18.000000,16.875000,16.750000,15.437500,15.062500,14.937500,14.750000,14.437500
293	0	77023	15.466628	198,220,279,271,264,58,12,311	17.750000,15.500000,14.937500,14.812500,14.000000,13.812500,13.750000,13.750000
294	0	1174	9.160430	198,220,279,271,58,311,720,12	17.750000,15.812500,15.000000,14.750000,14.250000,14.250000,14.250000,14.187500
295	0	902	7.734164	198,220,279,264,58,311,271,720	18.375000,16.625000,16.000000,14.750000,14.562500,14.562500,14.437500,14.312500
296	0	574	8.008144	198,279,271,220,58,40,1148,311	19.625000,16.000000,15.750000,15.562500,15.000000,14.812500,14.750000,14.687500
297	0	10887	12.684709	198,279,220,271,264,1148,311,58	19.125000,16.625000,16.375000,15.312500,15.250000,15.187500,15.062500,14.562500
298	0	304	7.371706	198,220,279,271,311,58,264,1148	19.000000,16.125000,16.125000,15.187500,15.000000,14.937500,14.937500,14.312500
299	0	220	3.285094	198,279,220,264,271,311,1148,58	18.500000,16.625000,15.937500,15.187500,15.187500,15.000000,14.812500,14.062500
300	0	1049	6.897288	198,220,279,271,16,58,40,264	18.250000,15.312500,15.062500,14.562500,14.437500,14.187500,13.937500,13.937500
301	0	16	5.197102	198,220,271,279,58,720,311,16	19.000000,15.750000,15.437500,15.250000,14.687500,14.562500,14.250000,14.187500
302	0	520	6.888522	198,220,271,279,58,311,16,264	18.875000,15.437500,15.000000,14.937500,14.562500,14.062500,14.000000,13.937500
303	0	279	2.593305	198,279,220,264,271,311,1148,720	18.375000,16.500000,16.125000,15.062500,14.812500,14.750000,14.500000,14.312500
304	0	16591	13.795241	198,279,220,271,264,311,1148,40	18.375000,16.125000,15.937500,15.062500,14.812500,14.562500,14.562500,14.000000
305	0	7301	13.065321	198,220,279,271,264,311,791,1148	17.875000,15.750000,15.437500,15.312500,14.312500,14.187500,14.062500,14.062500
306	0	27315	16.576284	198,279,220,271,311,264,720,459	18.125000,16.625000,16.375000,15.687500,15.437500,15.250000,14.687500,14.562500
307	0	662	10.551216	198,220,271,279,311,264,58,1148	19.125000,16.375000,16.125000,16.125000,15.250000,14.937500,14.750000,14.687500
308	0	1283	11.529302	198,220,279,271,58,311,264,720	19.125000,15.937500,15.500000,15.312500,14.750000,14.250000,14.187500,14.187500
309	0	1047	8.873369	198,220,279,271,264,311,58,720	18.375000,15.812500,15.687500,15.250000,14.500000,14.437500,14.187500,14.187500
310	0	264	4.442385	198,279,220,271,264,311,1148,58	19.125000,16.500000,16.000000,15.312500,15.187500,15.062500,15.000000,14.812500
311	0	8810	15.342608	198,279,220,271,264,311,58,1148	18.625000,15.750000,15.562500,15.187500,14.687500,14.437500,14.312500,14.312500
312	0	3560	11.969448	198,279,220,311,271,264,1148,58	18.000000,16.125000,15.687500,15.250000,15.187500,14.812500,14.312500,14.187500
313	0	304	6.953590	198,220,279,271,311,58,264,512	18.625000,15.687500,15.562500,15.312500,15.000000,14.500000,14.312500,14.000000
314	0	279	2.597594	198,279,220,264,271,311,1148,58	18.500000,16.625000,15.937500,15.187500,15.187500,15.000000,14.812500,14.062500
315	0	12707	13.795241	198,279,220,271,264,311,1148,40	18.375000,16.125000,15.937500,15.062500,14.812500,14.562500,14.562500,14.000000
316	0	4101	12.604516	198,279,271,220,311,1148,264,58	18.875000,16.000000,15.750000,15.437500,15.000000,14.812500,14.687500,14.500000
317	0	20819	14.336461	198,271,220,58,279,40,311,512	19.500000,16.250000,16.000000,15.750000,15.500000,15.000000,14.750000,14.687500
318	0	3842	10.010272	198,220,279,271,264,311,459,1148	17.500000,16.625000,16.500000,15.250000,15.187500,15.062500,14.500000,14.437500
319	0	1611	9.259801	198,220,279,271,264,311,1148,459	18.250000,16.375000,16.125000,15.500000,14.812500,14.687500,14.500000,14.187500
320	0	291	10.146675	198,220,271,279,720,58,12,791	17.875000,15.437500,14.437500,14.437500,14.250000,13.562500,13.437500,13.437500
321	0	304	7.286354	198,220,279,271,58,264,311,40	18.500000,15.500000,15.500000,15.000000,14.562500,14.437500,14.437500,13.937500
322	0	220	3.285094	198,279,220,264,271,311,1148,58	18.500000,16.625000,15.937500,15.187500,15.187500,15.000000,14.812500,14.062500
323	0	1049	6.897288	198,220,279,271,16,58,40,264	18.250000,15.312500,15.062500,14.562500,14.437500,14.187500,13.937500,13.937500
324	0	17	6.322102	198,220,271,279,58,720,311,16	19.000000,15.750000,15.437500,15.250000,14.687500,14.562500,14.250000,14.187500
325	0	662	10.169676	198,220,58,271,279,16,334,720	18.875000,15.312500,14.937500,14.937500,14.750000,14.437500,14.187500,14.000000
326	0	763	8.529302	198,220,279,271,58,311,264,720	19.125000,15.937500,15.500000,15.312500,14.750000,14.250000,14.187500,14.187500
327	0	220	3.488003	198,279,220,271,264,311,1148,40	18.625000,16.125000,15.750000,15.250000,14.812500,14.312500,14.312500,14.250000
328	0	1049	6.897288	198,220,279,271,16,58,40,264	18.250000,15.312500,15.062500,14.562500,14.437500,14.187500,13.937500,13.937500
329	0	19	7.384602	198,220,271,279,58,720,311,16	19.000000,15.750000,15.437500,15.250000,14.687500,14.562500,14.250000,14.187500
330	0	426	10.763072	198,220,271,279,58,311,16,40	19.000000,15.312500,15.312500,14.937500,14.687500,14.000000,13.937500,13.812500
331	0	11206	15.712903	198,220,271,279,58,720,311,264	18.875000,15.562500,15.562500,15.250000,14.562500,14.437500,14.187500,14.062500
332	0	466	8.705023	198,271,220,58,279,791,40,12	18.625000,15.187500,15.000000,14.687500,14.437500,14.000000,13.937500,13.437500
333	0	27212	13.749491	198,279,220,271,311,264,58,40	18.125000,15.500000,15.312500,15.000000,14.500000,14.312500,14.187500,13.562500
334	0	264	3.063550	198,279,220,264,311,459,271,1148	16.375000,16.125000,15.437500,14.937500,14.750000,14.250000,14.000000,13.562500
335	0	3560	12.326983	198,279,220,271,264,311,58,1148	18.625000,15.750000,15.562500,15.187500,14.687500,14.437500,14.312500,14.312500
336	0	439	8.328590	198,220,279,271,311,58,264,512	18.625000,15.687500,15.562500,15.312500,15.000000,14.500000,14.312500,14.000000
337	0	330	6.013003	198,279,220,271,264,1148,311,58	18.875000,16.500000,16.000000,15.312500,15.187500,15.000000,14.812500,14.437500
338	0	29517	14.829270	198,279,271,40,220,791,58,264	19.125000,15.312500,15.250000,14.937500,14.812500,14.562500,14.312500,14.062500
339	0	330	5.873303	198,220,279,271,264,311,459,58	17.500000,15.937500,15.812500,14.937500,14.750000,14.500000,14.000000,13.937500
340	0	304	8.110520	198,279,271,40,220,791,58,264	19.125000,15.312500,15.250000,14.937500,14.812500,14.562500,14.312500,14.062500
341	0	279	2.597594	198,279,220,264,271,311,1148,58	18.500000,16.625000,15.937500,15.187500,15.187500,15.000000,14.812500,14.062500
342	0	9417	14.357741	198,279,220,271,264,311,1148,40	18.375000,16.125000,15.937500,15.062500,14.812500,14.562500,14.562500,14.000000
343	0	330	6.849852	198,271,279,220,58,311,1148,264	19.625000,16.625000,16.250000,16.125000,15.250000,15.250000,15.062500,14.812500
344	0	71166	14.829270	198,279,271,40,220,791,58,264	19.125000,15.312500,15.250000,14.937500,14.812500,14.562500,14.312500,14.062500
345	0	364	9.059576	198,220,279,271,264,311,12,459	16.875000,15.562500,15.000000,14.437500,14.062500,14.000000,13.687500,13.500000
346	0	82	5.757603	198,279,271,220,40,791,58,44	18.625000,15.062500,14.937500,14.812500,14.500000,14.187500,14.000000,13.812500
347	0	15457	14.868663	198,271,279,220,58,311,512,264	19.000000,15.187500,15.062500,14.812500,14.750000,14.250000,14.062500,14.000000
348	0	330	6.442771	198,220,271,279,58,311,264,40	19.250000,16.625000,16.375000,15.812500,15.062500,14.937500,14.750000,14.437500
349	0	315	8.798020	198,279,271,40,220,791,58,264	19.125000,15.312500,15.250000,14.937500,14.812500,14.562500,14.312500,14.062500
350	0	279	2.928439	198,279,220,271,264,1148,311,58	18.625000,16.375000,15.937500,15.250000,15.062500,14.937500,14.562500,14.250000
351	0	12707	13.795241	198,279,220,271,264,311,1148,40	18.375000,16.125000,15.937500,15.062500,14.812500,14.562500,14.562500,14.000000
352	0	4101	12.604516	198,279,271,220,311,1148,264,58	18.875000,16.000000,15.750000,15.437500,15.000000,14.812500,14.687500,14.500000
353	0	578	7.555211	198,271,220,58,279,40,311,512	19.500000,16.250000,16.000000,15.750000,15.500000,15.000000,14.750000,14.687500
354	0	5843	13.874344	198,220,279,271,264,720,311,1148	18.250000,16.125000,16.000000,15.187500,14.812500,14.500000,14.312500,14.250000
355	0	38725	16.953388	198,220,279,271,311,720,264,58	17.875000,15.937500,15.562500,14.687500,14.437500,14.437500,14.312500,14.187500
356	0	2652	11.312191	198,271,220,279,791,264,311,40	17.875000,15.437500,15.312500,15.250000,14.437500,14.187500,14.187500,14.000000
357	0	568	7.249997	198,220,279,58,720,271,311,264	19.500000,16.750000,16.125000,14.937500,14.937500,14.812500,14.812500,14.750000
358	0	59335	16.669236	198,279,220,271,40,311,58,264	18.875000,15.812500,15.687500,15.500000,14.687500,14.687500,14.562500,14.500000
359	0	16662	14.025418	198,220,279,264,311,459,720,477	16.125000,15.937500,15.687500,14.750000,14.562500,14.187500,13.812500,13.500000
360	0	20142	15.677159	198,279,220,264,271,311,1148,459	18.500000,17.375000,16.500000,15.937500,15.687500,15.562500,15.562500,15.312500
361	0	4488	11.661103	198,279,220,271,311,58,264,1148	18.750000,15.937500,15.687500,15.687500,15.250000,14.750000,14.562500,14.062500
362	0	27191	15.402831	198,220,279,271,264,311,58,1148	18.000000,16.375000,15.937500,15.437500,14.687500,14.500000,14.250000,14.062500
363	0	323	5.939619	198,220,279,271,264,311,720,58	17.625000,15.562500,15.187500,14.312500,14.187500,14.062500,14.000000,13.812500
364	0	43423	12.942362	198,279,220,271,1148,264,311,358	18.875000,16.750000,16.125000,15.687500,15.500000,15.312500,15.187500,14.500000
365	0	15385	15.123201	198,220,271,279,58,311,40,264	18.375000,15.437500,15.187500,14.687500,14.312500,13.812500,13.687500,13.687500
366	0	18843	14.132000	198,220,271,279,58,720,311,998	17.375000,15.250000,14.562500,13.500000,13.187500,13.187500,13.000000,12.937500
367	0	662	10.498199	198,271,220,58,279,311,40,791	18.750000,15.937500,15.250000,14.750000,14.687500,13.937500,13.812500,13.812500
368	0	1283	11.529302	198,220,279,271,58,311,264,720	19.125000,15.937500,15.500000,15.312500,14.750000,14.250000,14.187500,14.187500
369	0	574	7.248369	198,220,279,271,264,311,58,720	18.375000,15.812500,15.687500,15.250000,14.500000,14.437500,14.187500,14.187500
370	0	6445	11.684709	198,279,220,271,264,1148,311,58	19.125000,16.625000,16.375000,15.312500,15.250000,15.187500,15.062500,14.562500
371	0	304	6.715103	198,279,220,311,271,264,58,459	18.000000,16.125000,15.562500,15.062500,14.750000,14.687500,14.187500,13.937500
372	0	279	2.597594	198,279,220,264,271,311,1148,58	18.500000,16.625000,15.937500,15.187500,15.187500,15.000000,14.812500,14.062500
373	0	220	3.138991	198,279,220,271,264,311,1148,40	18.375000,16.125000,15.937500,15.062500,14.812500,14.562500,14.562500,14.000000
374	0	1049	6.897288	198,220,279,271,16,58,40,264	18.250000,15.312500,15.062500,14.562500,14.437500,14.187500,13.937500,13.937500
375	0	20	5.947102	198,220,271,279,58,720,311,16	19.000000,15.750000,15.437500,15.250000,14.687500,14.562500,14.250000,14.187500
376	0	34596	15.425077	198,220,271,279,58,311,720,16	18.875000,15.312500,15.187500,14.937500,14.500000,14.000000,13.937500,13.812500
377	0	54248	16.254154	198,279,220,271,311,264,58,1148	19.125000,16.250000,16.125000,16.125000,15.437500,15.000000,14.812500,14.750000
378	0	315	7.530522	198,279,271,220,311,58,264,1148	19.125000,15.937500,15.812500,15.562500,15.312500,14.750000,14.687500,14.250000
379	0	279	2.928439	198,279,220,271,264,1148,311,58	18.625000,16.375000,15.937500,15.250000,15.062500,14.937500,14.562500,14.250000
380	0	26241	14.482741	198,279,220,271,264,311,1148,40	18.375000,16.125000,15.937500,15.062500,14.812500,14.562500,14.562500,14.000000
381	0	93401	14.919287	198,220,271,279,791,58,40,264	17.875000,15.437500,15.062500,14.937500,14.000000,13.937500,13.750000,13.750000
382	0	1514	10.592996	198,271,220,279,311,264,58,791	18.625000,15.750000,15.437500,15.437500,14.687500,14.187500,14.000000,13.812500
383	0	44662	14.258771	198,279,220,271,311,264,58,1148	18.750000,16.250000,15.500000,15.500000,15.187500,14.937500,14.562500,14.562500
384	0	50940	16.147269	198,220,279,271,264,311,720,374	17.375000,16.000000,15.437500,15.312500,14.312500,14.312500,13.562500,13.500000
385	0	1174	9.742166	198,220,271,279,12,58,720,264	17.250000,15.062500,14.000000,14.000000,13.562500,13.250000,13.062500,13.000000
386	0	902	7.734164	198,220,279,264,58,311,271,720	18.375000,16.625000,16.000000,14.750000,14.562500,14.562500,14.437500,14.312500
387	0	574	8.008144	198,279,271,220,58,40,1148,311	19.625000,16.000000,15.750000,15.562500,15.000000,14.812500,14.750000,14.687500
388	0	10887	12.684709	198,279,220,271,264,1148,311,58	19.125000,16.625000,16.375000,15.312500,15.250000,15.187500,15.062500,14.562500
389	0	520	5.996706	198,220,279,271,311,58,264,1148	19.000000,16.125000,16.125000,15.187500,15.000000,14.937500,14.937500,14.312500
390	0	279	2.593305	198,279,220,264,271,311,1148,720	18.375000,16.500000,16.125000,15.062500,14.812500,14.750000,14.500000,14.312500
391	0	46506	16.326491	198,279,220,271,264,311,1148,40	18.375000,16.125000,15.937500,15.062500,14.812500,14.562500,14.562500,14.000000
392	0	27315	17.230186	198,220,279,271,264,311,12,720	17.125000,16.000000,15.062500,14.687500,14.000000,14.000000,13.687500,13.500000
393	0	304	7.113716	198,220,271,279,311,264,58,1148	19.125000,16.375000,16.125000,16.125000,15.250000,14.937500,14.750000,14.687500
394	0	72098	17.316344	198,279,220,264,271,311,1148,58	18.500000,16.625000,15.937500,15.187500,15.187500,15.000000,14.812500,14.062500
395	0	323	5.495405	198,279,220,271,311,1148,264,459	18.625000,16.375000,16.000000,16.000000,15.312500,15.062500,15.000000,14.500000
396	0	279	2.817362	198,279,220,271,1148,264,311,358	18.875000,16.750000,16.125000,15.687500,15.500000,15.312500,15.187500,14.500000
397	0	11258	14.076491	198,279,220,271,264,311,1148,40	18.375000,16.125000,15.937500,15.062500,14.812500,14.562500,14.562500,14.000000
398	0	1291	11.200015	198,220,279,271,311,264,12,720	17.375000,15.750000,15.437500,14.687500,14.500000,14.437500,14.187500,14.062500
399	0	39520	16.992863	198,220,279,311,271,264,58,720	17.250000,15.687500,15.437500,14.500000,14.437500,14.250000,13.562500,13.562500
400	0	17367	14.774964	198,220,271,279,264,311,720,459	17.625000,16.375000,15.562500,15.562500,14.562500,14.562500,14.062500,13.812500
401	0	304	6.657960	198,220,279,271,311,264,58,720	18.000000,15.750000,15.687500,15.437500,14.750000,14.562500,14.062500,14.000000
402	0	7295	12.253844	198,279,220,264,271,311,1148,58	18.500000,16.625000,15.937500,15.187500,15.187500,15.000000,14.812500,14.062500
403	0	662	10.069218	198,220,279,271,264,311,1148,459	18.125000,16.375000,16.375000,15.562500,15.250000,15.250000,14.562500,14.500000
404	0	1283	11.529302	198,220,279,271,58,311,264,720	19.125000,15.937500,15.500000,15.312500,14.750000,14.250000,14.187500,14.187500
405	0	574	7.248369	198,220,279,271,264,311,58,720	18.375000,15.812500,15.687500,15.250000,14.500000,14.437500,14.187500,14.187500
406	0	15910	11.747209	198,279,220,271,264,1148,311,58	19.125000,16.625000,16.375000,15.312500,15.250000,15.187500,15.062500,14.562500
407	0	555	7.180830	198,279,220,311,264,271,58,512	17.875000,16.000000,15.687500,15.187500,14.750000,14.562500,14.187500,14.000000
408	0	3842	10.189293	198,220,279,264,271,311,1148,459	18.000000,16.875000,16.750000,15.437500,15.062500,14.937500,14.750000,14.437500
409	0	68573	14.978551	198,220,279,271,264,311,1148,459	18.250000,16.375000,16.125000,15.500000,14.812500,14.687500,14.500000,14.187500
410	0	323	5.040249	198,279,220,264,271,720,12,459	15.937500,15.187500,14.812500,14.187500,13.937500,13.937500,13.812500,13.812500
411	0	59335	15.989237	198,279,220,271,1148,264,311,358	18.875000,16.750000,16.125000,15.687500,15.500000,15.312500,15.187500,14.500000
412	0	16662	14.025418	198,220,279,264,311,459,720,477	16.125000,15.937500,15.687500,14.750000,14.562500,14.187500,13.812500,13.500000
413	0	7505	13.349034	198,279,220,264,271,311,1148,459	18.500000,17.375000,16.500000,15.937500,15.687500,15.562500,15.562500,15.312500
414	0	1254	12.171594	198,220,279,271,264,311,58,720	17.375000,15.687500,15.062500,14.562500,13.937500,13.937500,13.437500,13.437500
415	0	819	12.420192	198,271,220,279,720,998,40,72	17.875000,14.687500,14.312500,14.250000,13.937500,13.750000,13.500000,13.500000
416	0	675	13.221236	198,279,220,271,264,311,58,40	18.250000,15.250000,15.062500,14.812500,14.062500,14.062500,14.000000,13.687500
417	0	1174	9.871851	198,220,279,271,58,311,264,40	18.125000,14.937500,14.750000,14.687500,14.000000,13.750000,13.562500,13.500000
418	0	51075	16.437289	198,220,279,264,58,311,271,720	18.375000,16.625000,16.000000,14.750000,14.562500,14.562500,14.437500,14.312500
419	0	1901	10.844426	198,279,220,271,40,264,311,791	18.375000,15.687500,15.562500,15.500000,14.437500,14.437500,14.437500,14.437500
420	0	12997	15.547436	198,220,271,279,720,311,58,264	17.875000,15.062500,14.687500,14.687500,14.187500,13.750000,13.687500,13.500000
421	0	1174	9.682280	198,220,279,271,311,58,264,791	18.250000,15.062500,14.937500,14.750000,14.000000,13.937500,13.812500,13.437500
422	0	14253	13.702914	198,220,279,264,58,311,271,720	18.375000,16.625000,16.000000,14.750000,14.562500,14.562500,14.437500,14.312500
423	0	18206	13.591921	198,220,279,271,311,264,1148,791	17.750000,15.687500,15.500000,15.312500,14.437500,14.312500,13.937500,13.812500
424	0	1174	9.117030	198,279,220,271,311,264,1148,459	17.750000,16.250000,15.937500,15.312500,15.187500,14.937500,14.500000,14.187500
425	0	56230	15.656039	198,220,279,264,58,311,271,720	18.375000,16.625000,16.000000,14.750000,14.562500,14.562500,14.437500,14.312500
426	0	24852	12.583814	198,279,220,311,271,264,459,720	17.125000,15.937500,15.562500,14.937500,14.812500,14.750000,14.062500,13.937500
427	0	417	9.912215	198,220,271,279,58,40,791,311	17.875000,15.437500,15.062500,14.500000,14.000000,13.687500,13.687500,13.562500
428	0	1174	9.914597	198,220,279,271,311,58,720,264	18.625000,15.312500,15.250000,14.750000,14.562500,14.500000,14.187500,14.062500
429	0	60410	15.093539	198,220,279,264,58,311,271,720	18.375000,16.625000,16.000000,14.750000,14.562500,14.562500,14.437500,14.312500
430	0	81764	16.276567	198,220,279,271,720,264,12,311	17.375000,15.812500,15.062500,14.437500,14.437500,14.187500,14.062500,14.062500
431	0	323	5.709805	198,220,279,271,264,311,720,12	17.375000,15.750000,14.937500,14.750000,14.062500,14.000000,14.000000,13.750000
432	0	68134	14.161112	198,279,220,271,1148,264,311,358	18.875000,16.750000,16.125000,15.687500,15.500000,15.312500,15.187500,14.500000
433	0	11166	13.086169	198,220,279,271,264,311,58,1148	18.000000,15.812500,15.250000,15.000000,14.187500,14.062500,13.812500,13.687500
434	0	662	10.244449	198,220,279,271,311,264,720,12	17.875000,15.937500,15.812500,15.250000,14.750000,14.687500,14.562500,14.062500
435	0	720	5.341802	198,220,279,271,58,311,264,720	19.125000,15.937500,15.500000,15.312500,14.750000,14.250000,14.187500,14.187500
436	0	763	8.747362	198,220,58,271,279,720,40,16	19.750000,16.375000,15.812500,15.687500,15.437500,15.062500,15.000000,14.750000
437	0	220	3.488003	198,279,220,271,264,311,1148,40	18.625000,16.125000,15.750000,15.250000,14.812500,14.312500,14.312500,14.250000
438	0	1049	6.897288	198,220,279,271,16,58,40,264	18.250000,15.312500,15.062500,14.562500,14.437500,14.187500,13.937500,13.937500
439	0	21	6.384602	198,220,271,279,58,720,311,16	19.000000,15.750000,15.437500,15.250000,14.687500,14.562500,14.250000,14.187500
440	0	1174	10.174912	198,271,220,279,58,311,16,40	19.250000,15.562500,15.500000,15.062500,14.750000,14.187500,14.000000,14.000000
441	0	426	9.484164	198,220,279,264,58,311,271,720	18.375000,16.625000,16.000000,14.750000,14.562500,14.562500,14.437500,14.312500
442	0	11206	15.712903	198,220,271,279,58,720,311,264	18.875000,15.562500,15.562500,15.250000,14.562500,14.437500,14.187500,14.062500
443	0	466	8.705023	198,271,220,58,279,791,40,12	18.625000,15.187500,15.000000,14.687500,14.437500,14.000000,13.937500,13.437500
444	0	59335	16.765116	198,279,220,271,311,264,58,40	18.125000,15.500000,15.312500,15.000000,14.500000,14.312500,14.187500,13.562500
445	0	16662	14.025418	198,220,279,264,311,459,720,477	16.125000,15.937500,15.687500,14.750000,14.562500,14.187500,13.812500,13.500000
446	0	1254	12.161534	198,279,220,264,271,311,1148,459	18.500000,17.375000,16.500000,15.937500,15.687500,15.562500,15.562500,15.312500
447	0	819	12.420192	198,271,220,279,720,998,40,72	17.875000,14.687500,14.312500,14.250000,13.937500,13.750000,13.500000,13.500000
448	0	675	13.221236	198,279,220,271,264,311,58,40	18.250000,15.250000,15.062500,14.812500,14.062500,14.062500,14.000000,13.687500
449	0	304	7.684351	198,220,279,271,58,311,264,40	18.125000,14.937500,14.750000,14.687500,14.000000,13.750000,13.562500,13.500000
450	0	279	2.597594	198,279,220,264,271,311,1148,58	18.500000,16.625000,15.937500,15.187500,15.187500,15.000000,14.812500,14.062500
451	0	1514	10.263991	198,279,220,271,264,311,1148,40	18.375000,16.125000,15.937500,15.062500,14.812500,14.562500,14.562500,14.000000
452	0	94836	19.179670	198,279,220,271,311,264,58,1148	18.750000,16.250000,15.500000,15.500000,15.187500,14.937500,14.562500,14.562500
453	0	5439	11.799725	198,220,279,271,311,264,459,720	17.875000,16.375000,15.750000,15.687500,14.937500,14.750000,14.062500,14.062500
454	0	555	7.365683	198,279,220,311,264,271,58,1148	18.875000,16.500000,16.375000,15.312500,15.250000,15.187500,14.812500,14.687500
455	0	4488	10.001793	198,220,279,264,271,311,1148,459	18.000000,16.875000,16.750000,15.437500,15.062500,14.937500,14.750000,14.437500
456	0	46207	17.457519	198,220,279,271,264,311,58,1148	18.000000,16.375000,15.937500,15.437500,14.687500,14.500000,14.250000,14.062500
457	0	28607	14.067468	198,220,279,271,264,311,12,459	17.500000,16.000000,15.500000,14.687500,14.437500,14.312500,13.812500,13.750000
458	0	662	9.575726	198,220,279,311,720,264,271,12	16.875000,15.687500,15.250000,14.500000,14.312500,14.187500,13.937500,13.312500
459	0	1283	11.529302	198,220,279,271,58,311,264,720	19.125000,15.937500,15.500000,15.312500,14.750000,14.250000,14.187500,14.187500
460	0	9922	13.717119	198,220,279,271,264,311,58,720	18.375000,15.812500,15.687500,15.250000,14.500000,14.437500,14.187500,14.187500
461	0	389	10.151640	198,220,279,271,311,264,58,1148	19.000000,16.250000,16.000000,15.000000,14.937500,14.812500,14.687500,14.250000
462	0	264	4.306478	198,279,220,271,264,311,1148,58	18.625000,16.375000,16.125000,15.250000,15.000000,14.750000,14.687500,14.312500
463	0	220	3.608233	198,279,220,271,264,311,58,1148	18.625000,15.750000,15.562500,15.187500,14.687500,14.437500,14.312500,14.312500
464	0	1049	6.897288	198,220,279,271,16,58,40,264	18.250000,15.312500,15.062500,14.562500,14.437500,14.187500,13.937500,13.937500
465	0	21	6.384602	198,220,271,279,58,720,311,16	19.000000,15.750000,15.437500,15.250000,14.687500,14.562500,14.250000,14.187500
466	0	9417	15.596787	198,271,220,279,58,311,16,40	19.250000,15.562500,15.500000,15.062500,14.750000,14.187500,14.000000,14.000000
467	0	315	6.974852	198,271,279,220,58,311,1148,264	19.625000,16.625000,16.250000,16.125000,15.250000,15.250000,15.062500,14.812500
468	0	279	2.928439	198,279,220,271,264,1148,311,58	18.625000,16.375000,15.937500,15.250000,15.062500,14.937500,14.562500,14.250000
469	0	12707	13.795241	198,279,220,271,264,311,1148,40	18.375000,16.125000,15.937500,15.062500,14.812500,14.562500,14.562500,14.000000
470	0	4101	12.604516	198,279,271,220,311,1148,264,58	18.875000,16.000000,15.750000,15.437500,15.000000,14.812500,14.687500,14.500000
471	0	1174	10.930211	198,271,220,58,279,40,311,512	19.500000,16.250000,16.000000,15.750000,15.500000,15.000000,14.750000,14.687500
472	0	54943	16.546664	198,220,279,264,58,311,271,720	18.375000,16.625000,16.000000,14.750000,14.562500,14.562500,14.437500,14.312500
473	0	1174	9.564151	198,220,279,311,264,271,459,1148	17.375000,16.625000,16.375000,15.500000,15.250000,15.250000,14.562500,14.062500
474	0	8272	13.327914	198,220,279,264,58,311,271,720	18.375000,16.625000,16.000000,14.750000,14.562500,14.562500,14.437500,14.312500
475	0	555	7.969096	198,220,279,271,311,58,264,1148	19.625000,16.500000,16.375000,15.687500,15.437500,15.062500,15.062500,15.062500
476	0	264	3.626793	198,220,279,264,271,311,1148,459	18.000000,16.875000,16.750000,15.437500,15.062500,14.937500,14.750000,14.437500
477	0	3560	12.326983	198,279,220,271,264,311,58,1148	18.625000,15.750000,15.562500,15.187500,14.687500,14.437500,14.312500,14.312500
478	0	304	6.953590	198,220,279,271,311,58,264,512	18.625000,15.687500,15.562500,15.312500,15.000000,14.500000,14.312500,14.000000
479	0	279	2.597594	198,279,220,264,271,311,1148,58	18.500000,16.625000,15.937500,15.187500,15.187500,15.000000,14.812500,14.062500
480	0	220	3.138991	198,279,220,271,264,311,1148,40	18.375000,16.125000,15.937500,15.062500,14.812500,14.562500,14.562500,14.000000
481	0	1049	6.897288	198,220,279,271,16,58,40,264	18.250000,15.312500,15.062500,14.562500,14.437500,14.187500,13.937500,13.937500
482	0	22	6.947102	198,220,271,279,58,720,311,16	19.000000,15.750000,15.437500,15.250000,14.687500,14.562500,14.250000,14.187500
483	0	34596	15.551458	198,271,220,279,58,311,40,264	19.250000,15.562500,15.500000,15.062500,14.750000,14.250000,14.062500,14.000000
484	0	5788	13.238529	198,279,220,271,311,264,58,1148	19.125000,16.250000,16.125000,16.125000,15.437500,15.000000,14.812500,14.750000
485	0	315	7.181968	198,271,279,220,311,264,58,1148	18.875000,16.125000,16.125000,15.687500,15.250000,14.812500,14.687500,14.500000
486	0	2650	7.803439	198,279,220,271,264,1148,311,58	18.625000,16.375000,15.937500,15.250000,15.062500,14.937500,14.562500,14.250000
487	0	311	4.691588	198,220,279,271,311,40,264,1148	18.875000,16.125000,15.937500,15.750000,14.750000,14.687500,14.562500,14.500000
488	0	71727	17.744554	198,279,220,264,271,311,1148,58	18.500000,16.500000,16.125000,15.250000,15.250000,15.000000,14.812500,14.250000
489	0	15910	13.252218	198,271,279,220,791,40,58,3923	19.500000,16.500000,15.312500,15.250000,15.187500,14.937500,14.812500,14.562500
490	0	555	7.180830	198,279,220,311,264,271,58,512	17.875000,16.000000,15.687500,15.187500,14.750000,14.562500,14.187500,14.000000
491	0	28978	12.189293	198,220,279,264,271,311,1148,459	18.000000,16.875000,16.750000,15.437500,15.062500,14.937500,14.750000,14.437500
492	0	648	11.549083	198,220,271,279,58,311,720,12	17.875000,15.187500,14.437500,14.062500,13.500000,13.312500,13.250000,13.187500
493	0	432	9.965364	198,271,220,279,58,40,311,264	18.750000,15.500000,15.437500,15.187500,14.312500,14.187500,14.187500,14.000000
494	0	85534	17.498943	198,220,271,279,720,58,311,264	18.375000,15.437500,15.187500,15.187500,14.437500,14.187500,14.062500,14.000000
495	0	662	10.209639	198,220,271,279,58,311,720,264	18.750000,16.125000,15.937500,15.187500,14.937500,14.312500,14.312500,14.187500
496	0	2650	8.904302	198,220,279,271,58,311,264,720	19.125000,15.937500,15.500000,15.312500,14.750000,14.250000,14.187500,14.187500
497	0	311	4.691588	198,220,279,271,311,40,264,1148	18.875000,16.125000,15.937500,15.750000,14.750000,14.687500,14.562500,14.500000
498	0	71727	17.744554	198,279,220,264,271,311,1148,58	18.500000,16.500000,16.125000,15.250000,15.250000,15.000000,14.812500,14.250000
499	0	574	8.220968	198,271,279,220,791,40,58,3923	19.500000,16.500000,15.312500,15.250000,15.187500,14.937500,14.812500,14.562500
500	0	10887	12.684709	198,279,220,271,264,1148,311,58	19.125000,16.625000,16.375000,15.312500,15.250000,15.187500,15.062500,14.562500
501	0	520	5.996706	198,220,279,271,311,58,264,1148	19.000000,16.125000,16.125000,15.187500,15.000000,14.937500,14.937500,14.312500
502	0	14409	13.562055	198,279,220,264,271,311,1148,720	18.375000,16.500000,16.125000,15.062500,14.812500,14.750000,14.500000,14.312500
503	0	27315	16.413692	198,279,220,271,264,311,459,12	17.125000,16.125000,15.937500,15.437500,15.000000,15.000000,14.437500,14.000000
504	0	304	7.113716	198,220,271,279,311,264,58,1148	19.125000,16.375000,16.125000,16.125000,15.250000,14.937500,14.750000,14.687500
505	0	279	2.597594	198,279,220,264,271,311,1148,58	18.500000,16.625000,15.937500,15.187500,15.187500,15.000000,14.812500,14.062500
506	0	7295	11.951491	198,279,220,271,264,311,1148,40	18.375000,16.125000,15.937500,15.062500,14.812500,14.562500,14.562500,14.000000
507	0	85303	16.616093	198,220,279,271,264,311,1148,459	18.125000,16.375000,16.375000,15.562500,15.250000,15.250000,14.562500,14.500000
508	0	315	7.533300	198,220,279,271,264,311,58,720	17.875000,16.375000,15.750000,15.187500,14.687500,14.437500,14.312500,14.250000
509	0	473	10.740939	198,279,220,271,264,1148,311,58	18.625000,16.375000,15.937500,15.250000,15.062500,14.937500,14.562500,14.250000
510	0	43157	18.854538	198,271,220,279,720,58,311,264	18.250000,15.062500,14.937500,14.812500,14.062500,13.937500,13.750000,13.562500
511	0	44774	18.747950	198,279,220,271,311,264,58,374	18.250000,16.250000,16.125000,15.812500,15.437500,14.937500,14.437500,14.062500
512	0	323	5.772974	198,271,220,279,311,58,264,1148	18.500000,15.437500,15.312500,15.250000,14.562500,14.312500,14.187500,13.750000
513	0	48550	12.911112	198,279,220,271,1148,264,311,358	18.875000,16.750000,16.125000,15.687500,15.500000,15.312500,15.187500,14.500000
514	0	5721	12.908513	198,220,271,279,791,40,44,311	16.500000,14.187500,13.812500,13.437500,13.000000,12.500000,12.500000,12.500000
515	0	662	9.945256	198,220,279,311,264,271,720,459	17.625000,16.125000,15.812500,14.937500,14.750000,14.750000,14.187500,13.812500
516	0	426	10.591802	198,220,279,271,58,311,264,720	19.125000,15.937500,15.500000,15.312500,14.750000,14.250000,14.187500,14.187500
517	0	11206	15.712903	198,220,271,279,58,720,311,264	18.875000,15.562500,15.562500,15.250000,14.562500,14.437500,14.187500,14.062500
518	0	466	8.705023	198,271,220,58,279,791,40,12	18.625000,15.187500,15.000000,14.687500,14.437500,14.000000,13.937500,13.437500
519	0	59335	16.765116	198,279,220,271,311,264,58,40	18.125000,15.500000,15.312500,15.000000,14.500000,14.312500,14.187500,13.562500
520	0	304	5.541043	198,220,279,264,311,459,720,477	16.125000,15.937500,15.687500,14.750000,14.562500,14.187500,13.812500,13.500000
521	0	1403	9.222594	198,279,220,264,271,311,1148,58	18.500000,16.625000,15.937500,15.187500,15.187500,15.000000,14.812500,14.062500
522	0	12631	16.173154	198,279,220,271,58,40,264,311	19.000000,15.750000,15.500000,15.312500,15.250000,14.687500,14.562500,14.312500
523	0	304	7.062194	198,279,220,271,311,58,264,1148	19.125000,16.125000,15.937500,15.812500,15.312500,15.000000,14.812500,14.500000
524	0	220	3.285094	198,279,220,264,271,311,1148,58	18.500000,16.625000,15.937500,15.187500,15.187500,15.000000,14.812500,14.062500
525	0	1049	6.897288	198,220,279,271,16,58,40,264	18.250000,15.312500,15.062500,14.562500,14.437500,14.187500,13.937500,13.937500
526	0	23	7.072102	198,220,271,279,58,720,311,16	19.000000,15.750000,15.437500,15.250000,14.687500,14.562500,14.250000,14.187500
527	0	1174	9.683174	198,271,220,279,58,311,264,40	19.000000,15.687500,15.500000,15.187500,14.687500,14.250000,14.000000,13.937500
528	0	6187	12.640414	198,220,279,264,58,311,271,720	18.375000,16.625000,16.000000,14.750000,14.562500,14.562500,14.437500,14.312500
529	0	4238	13.273296	198,220,279,271,58,264,311,1148	19.250000,16.750000,16.250000,16.125000,15.062500,15.062500,15.000000,14.562500
530	0	4997	13.502668	198,279,271,220,311,58,264,720	18.875000,15.562500,15.500000,15.437500,14.750000,14.687500,14.312500,14.250000
531	0	31304	13.668505	198,220,279,271,311,264,12,720	17.500000,15.437500,15.187500,14.812500,14.062500,13.937500,13.750000,13.750000
532	0	555	7.166333	198,220,279,271,311,264,720,12	17.625000,16.375000,15.750000,15.312500,15.062500,14.812500,14.250000,14.187500
533	0	57337	18.048668	198,220,279,264,271,311,1148,459	18.000000,16.875000,16.750000,15.437500,15.062500,14.937500,14.750000,14.437500
534	0	12366	13.634254	198,279,220,271,311,264,1148,459	17.875000,16.250000,15.812500,15.562500,15.312500,14.937500,14.562500,14.437500
535	0	2009	12.695498	198,220,279,311,264,271,720,12	16.875000,15.937500,15.562500,14.562500,14.500000,14.250000,14.000000,13.937500
536	0	546	12.609574	198,220,271,279,720,791,264,58	17.500000,15.250000,14.500000,14.500000,13.750000,13.437500,13.312500,13.187500
537	0	72	5.288427	198,220,279,271,58,311,720,998	18.125000,14.937500,14.937500,14.687500,14.187500,14.000000,13.750000,13.750000
538	0	1174	10.047851	198,220,271,279,58,311,512,720	18.875000,15.000000,14.937500,14.687500,14.562500,13.812500,13.750000,13.750000
539	0	323	5.796664	198,220,279,264,58,311,271,720	18.375000,16.625000,16.000000,14.750000,14.562500,14.562500,14.437500,14.312500
540	0	4418	10.192362	198,279,220,271,1148,264,311,358	18.875000,16.750000,16.125000,15.687500,15.500000,15.312500,15.187500,14.500000
541	0	798	10.318006	198,220,271,279,40,720,791,311	18.625000,15.437500,15.187500,15.187500,14.250000,14.062500,14.062500,13.937500
542	0	54275	17.354548	198,220,279,271,311,58,264,720	17.875000,15.562500,15.250000,15.187500,14.687500,14.437500,14.187500,14.000000
543	0	15910	12.358186	198,220,279,271,264,311,720,459	17.625000,16.250000,15.500000,14.812500,14.687500,14.437500,14.250000,14.000000
544	0	555	7.180830	198,279,220,311,264,271,58,512	17.875000,16.000000,15.687500,15.187500,14.750000,14.562500,14.187500,14.000000
545	0	12225	12.158043	198,220,279,264,271,311,1148,459	18.000000,16.875000,16.750000,15.437500,15.062500,14.937500,14.750000,14.437500
546	0	398	9.336028	198,220,271,58,279,720,791,40	17.875000,14.812500,14.437500,13.687500,13.562500,13.562500,13.062500,13.000000
547	0	89453	17.874918	198,279,220,271,311,264,58,1148	18.625000,15.687500,15.562500,15.250000,14.750000,14.562500,14.312500,14.187500
548	0	662	9.992424	220,198,279,311,264,459,477,720	15.062500,14.750000,14.562500,13.812500,13.687500,13.250000,13.187500,13.000000
549	0	763	8.529302	198,220,279,271,58,311,264,720	19.125000,15.937500,15.500000,15.312500,14.750000,14.250000,14.187500,14.187500
550	0	3297	10.925503	198,279,220,271,264,311,1148,40	18.625000,16.125000,15.750000,15.250000,14.812500,14.312500,14.312500,14.250000
551	0	220	1.732326	198,220,279,271,311,264,720,1148	18.625000,17.625000,16.375000,15.250000,15.250000,15.187500,14.687500,14.562500
552	0	1049	6.897288	198,220,279,271,16,58,40,264	18.250000,15.312500,15.062500,14.562500,14.437500,14.187500,13.937500,13.937500
553	0	23	7.072102	198,220,271,279,58,720,311,16	19.000000,15.750000,15.437500,15.250000,14.687500,14.562500,14.250000,14.187500
554	0	1174	9.683174	198,271,220,279,58,311,264,40	19.000000,15.687500,15.500000,15.187500,14.687500,14.250000,14.000000,13.937500
555	0	426	9.484164	198,220,279,264,58,311,271,720	18.375000,16.625000,16.000000,14.750000,14.562500,14.562500,14.437500,14.312500
556	0	11206	15.712903	198,220,271,279,58,720,311,264	18.875000,15.562500,15.562500,15.250000,14.562500,14.437500,14.187500,14.062500
557	0	466	8.705023	198,271,220,58,279,791,40,12	18.625000,15.187500,15.000000,14.687500,14.437500,14.000000,13.937500,13.437500
558	0	1903	9.593241	198,279,220,271,311,264,58,40	18.125000,15.500000,15.312500,15.000000,14.500000,14.312500,14.187500,13.562500
559	0	264	4.569250	198,279,220,271,311,264,58,40	19.000000,16.250000,15.750000,15.437500,15.000000,14.937500,14.687500,14.500000
560	0	8810	15.342608	198,279,220,271,264,311,58,1148	18.625000,15.750000,15.562500,15.187500,14.687500,14.437500,14.312500,14.312500
561	0	11341	14.625698	198,279,220,311,271,264,1148,58	18.000000,16.125000,15.687500,15.250000,15.187500,14.812500,14.312500,14.187500
562	0	389	10.751528	198,271,220,279,58,311,40,512	19.375000,15.812500,15.500000,15.500000,15.187500,14.687500,14.437500,14.437500
563	0	264	4.306478	198,279,220,271,264,311,1148,58	18.625000,16.375000,16.125000,15.250000,15.000000,14.750000,14.687500,14.312500
564	0	1403	9.545733	198,279,220,271,264,311,58,1148	18.625000,15.750000,15.562500,15.187500,14.687500,14.437500,14.312500,14.312500
565	0	571	13.126279	198,279,220,271,58,40,264,311	19.000000,15.750000,15.500000,15.312500,15.250000,14.687500,14.562500,14.312500
566	0	12	7.126054	198,271,220,279,720,58,311,998	18.750000,15.500000,15.437500,14.937500,14.187500,13.812500,13.812500,13.687500
567	0	31	10.811755	198,220,279,16,334,720,58,264	18.000000,16.125000,15.750000,14.812500,14.687500,14.687500,14.562500,14.562500
568	0	961	9.388666	198,220,271,279,720,58,311,16	18.625000,15.437500,15.062500,14.812500,14.312500,14.000000,13.687500,13.562500
569	0	9417	15.209589	198,279,220,271,311,264,58,1148	18.625000,16.125000,16.000000,15.437500,15.187500,14.812500,14.750000,14.312500
570	0	15952	14.443602	198,271,279,220,58,311,1148,264	19.625000,16.625000,16.250000,16.125000,15.250000,15.250000,15.062500,14.812500
571	0	315	8.078607	198,220,271,279,58,12,311,720	18.000000,15.750000,15.187500,14.937500,14.562500,14.312500,14.187500,14.000000
572	0	279	2.928439	198,279,220,271,264,1148,311,58	18.625000,16.375000,15.937500,15.250000,15.062500,14.937500,14.562500,14.250000
573	0	12707	13.795241	198,279,220,271,264,311,1148,40	18.375000,16.125000,15.937500,15.062500,14.812500,14.562500,14.562500,14.000000
574	0	4101	12.604516	198,279,271,220,311,1148,264,58	18.875000,16.000000,15.750000,15.437500,15.000000,14.812500,14.687500,14.500000
575	0	468	14.117711	198,271,220,58,279,40,311,512	19.500000,16.250000,16.000000,15.750000,15.500000,15.000000,14.750000,14.687500
576	0	1802	14.780892	198,220,271,279,720,58,311,264	18.500000,15.250000,15.250000,15.187500,14.437500,14.062500,14.000000,13.937500
577	0	279	2.998645	198,220,279,271,264,311,58,1148	18.500000,16.125000,16.125000,15.437500,14.937500,14.812500,14.500000,14.187500
578	0	15371	16.607741	198,279,220,271,264,311,1148,40	18.375000,16.125000,15.937500,15.062500,14.812500,14.562500,14.562500,14.000000
579	0	1174	9.796848	198,220,271,279,58,311,264,720	18.250000,15.812500,15.250000,14.937500,14.312500,14.062500,13.812500,13.750000
580	0	8272	13.327914	198,220,279,264,58,311,271,720	18.375000,16.625000,16.000000,14.750000,14.562500,14.562500,14.437500,14.312500
581	0	555	7.969096	198,220,279,271,311,58,264,1148	19.625000,16.500000,16.375000,15.687500,15.437500,15.062500,15.062500,15.062500
582	0	459	4.626793	198,220,279,264,271,311,1148,459	18.000000,16.875000,16.750000,15.437500,15.062500,14.937500,14.750000,14.437500
583	0	11341	14.790636	198,279,220,271,264,311,58,1148	18.625000,15.750000,15.562500,15.250000,14.562500,14.437500,14.312500,14.312500
584	0	389	10.751528	198,271,220,279,58,311,40,512	19.375000,15.812500,15.500000,15.500000,15.187500,14.687500,14.437500,14.437500
585	0	279	2.931478	198,279,220,271,264,311,1148,58	18.625000,16.375000,16.125000,15.250000,15.000000,14.750000,14.687500,14.312500
586	0	12707	13.795241	198,279,220,271,264,311,1148,40	18.375000,16.125000,15.937500,15.062500,14.812500,14.562500,14.562500,14.000000
587	0	4101	12.604516	198,279,271,220,311,1148,264,58	18.875000,16.000000,15.750000,15.437500,15.000000,14.812500,14.687500,14.500000
588	0	29878	20.011266	198,271,220,58,279,40,311,512	19.500000,16.250000,16.000000,15.750000,15.500000,15.000000,14.750000,14.687500
589	0	86493	17.094464	198,220,271,279,720,58,311,12	17.625000,15.062500,14.437500,14.000000,13.937500,13.750000,13.500000,13.250000
590	0	304	6.728610	198,271,220,279,311,58,264,40	18.500000,16.375000,16.000000,16.000000,15.250000,15.062500,14.812500,14.062500
591	0	6841	13.441344	198,279,220,264,271,311,1148,58	18.500000,16.625000,15.937500,15.187500,15.187500,15.000000,14.812500,14.062500
592	0	220	1.827502	198,220,279,271,311,264,1148,720	19.250000,18.000000,16.625000,15.937500,15.437500,15.312500,14.937500,14.750000
593	0	1049	6.897288	198,220,279,271,16,58,40,264	18.250000,15.312500,15.062500,14.562500,14.437500,14.187500,13.937500,13.937500
594	0	23	7.072102	198,220,271,279,58,720,311,16	19.000000,15.750000,15.437500,15.250000,14.687500,14.562500,14.250000,14.187500
595	0	662	10.058174	198,271,220,279,58,311,264,40	19.000000,15.687500,15.500000,15.187500,14.687500,14.250000,14.000000,13.937500
596	0	1283	11.529302	198,220,279,271,58,311,264,720	19.125000,15.937500,15.500000,15.312500,14.750000,14.250000,14.187500,14.187500
597	0	1047	8.873369	198,220,279,271,264,311,58,720	18.375000,15.812500,15.687500,15.250000,14.500000,14.437500,14.187500,14.187500
598	0	264	4.442385	198,279,220,271,264,311,1148,58	19.125000,16.500000,16.000000,15.312500,15.187500,15.062500,15.000000,14.812500
599	0	46350	15.217608	198,279,220,271,264,311,58,1148	18.625000,15.750000,15.562500,15.187500,14.687500,14.437500,14.312500,14.312500
600	0	3560	12.446836	198,220,279,271,311,264,459,1148	18.625000,16.750000,16.500000,15.500000,15.437500,15.250000,14.687500,14.687500
601	0	304	6.953590	198,220,279,271,311,58,264,512	18.625000,15.687500,15.562500,15.312500,15.000000,14.500000,14.312500,14.000000
602	0	5899	9.410094	198,279,220,264,271,311,1148,58	18.500000,16.625000,15.937500,15.187500,15.187500,15.000000,14.812500,14.062500
603	0	18243	16.354555	198,279,220,271,58,264,311,12	18.500000,15.937500,15.687500,15.062500,14.937500,14.812500,14.750000,14.500000
604	0	315	7.016543	198,271,220,279,58,311,264,1148	19.750000,16.500000,16.125000,16.125000,15.437500,15.312500,14.750000,14.750000
605	0	279	2.928439	198,279,220,271,264,1148,311,58	18.625000,16.375000,15.937500,15.250000,15.062500,14.937500,14.562500,14.250000
606	0	12707	13.795241	198,279,220,271,264,311,1148,40	18.375000,16.125000,15.937500,15.062500,14.812500,14.562500,14.562500,14.000000
607	0	4101	12.604516	198,279,271,220,311,1148,264,58	18.875000,16.000000,15.750000,15.437500,15.000000,14.812500,14.687500,14.500000
608	0	49922	17.852086	198,271,220,58,279,40,311,512	19.500000,16.250000,16.000000,15.750000,15.500000,15.000000,14.750000,14.687500
609	0	1919	11.362323	198,220,271,279,58,264,311,1148	19.125000,15.937500,15.750000,15.687500,14.500000,14.500000,14.437500,14.187500
610	0	304	7.566678	198,271,220,279,58,40,311,264	18.875000,15.500000,15.437500,15.187500,14.750000,14.312500,14.312500,14.062500
611	0	220	3.285094	198,279,220,264,271,311,1148,58	18.500000,16.625000,15.937500,15.187500,15.187500,15.000000,14.812500,14.062500
612	0	679	8.459788	198,220,279,271,16,58,40,264	18.250000,15.312500,15.062500,14.562500,14.437500,14.187500,13.937500,13.937500
613	0	15	6.678177	198,220,271,279,720,58,311,16	18.750000,15.937500,15.062500,14.937500,14.500000,14.312500,14.062500,14.000000
614	0	1174	10.067147	198,220,271,279,58,311,16,720	19.250000,15.437500,15.250000,15.000000,14.750000,14.187500,14.000000,14.000000
615	0	439	8.234164	198,220,279,264,58,311,271,720	18.375000,16.625000,16.000000,14.750000,14.562500,14.562500,14.437500,14.312500
616	0	330	6.013003	198,279,220,271,264,1148,311,58	18.875000,16.500000,16.000000,15.312500,15.187500,15.000000,14.812500,14.437500
617	0	735	11.423020	198,279,271,40,220,791,58,264	19.125000,15.312500,15.250000,14.937500,14.812500,14.562500,14.312500,14.062500
618	0	40608	15.071177	198,220,271,279,720,58,264,311	18.000000,15.187500,15.187500,15.062500,14.250000,14.000000,13.937500,13.937500
619	0	69168	17.899346	198,220,279,271,311,264,58,1148	18.375000,15.437500,15.250000,14.500000,14.062500,13.937500,13.750000,13.687500
620	0	330	6.498110	198,220,271,279,311,58,264,791	18.500000,15.812500,15.500000,15.250000,14.437500,14.312500,14.250000,14.062500
621	0	662	10.735520	198,279,271,40,220,791,58,264	19.125000,15.312500,15.250000,14.937500,14.812500,14.562500,14.312500,14.062500
622	0	426	10.591802	198,220,279,271,58,311,264,720	19.125000,15.937500,15.500000,15.312500,14.750000,14.250000,14.187500,14.187500
623	0	11206	15.712903	198,220,271,279,58,720,311,264	18.875000,15.562500,15.562500,15.250000,14.562500,14.437500,14.187500,14.062500
624	0	466	8.705023	198,271,220,58,279,791,40,12	18.625000,15.187500,15.000000,14.687500,14.437500,14.000000,13.937500,13.437500
625	0	59335	16.765116	198,279,220,271,311,264,58,40	18.125000,15.500000,15.312500,15.000000,14.500000,14.312500,14.187500,13.562500
626	0	304	5.541043	198,220,279,264,311,459,720,477	16.125000,15.937500,15.687500,14.750000,14.562500,14.187500,13.812500,13.500000
627	0	279	2.597594	198,279,220,264,271,311,1148,58	18.500000,16.625000,15.937500,15.187500,15.187500,15.000000,14.812500,14.062500
628	0	220	3.138991	198,279,220,271,264,311,1148,40	18.375000,16.125000,15.937500,15.062500,14.812500,14.562500,14.562500,14.000000
629	0	679	8.459788	198,220,279,271,16,58,40,264	18.250000,15.312500,15.062500,14.562500,14.437500,14.187500,13.937500,13.937500
630	0	16	5.178177	198,220,271,279,720,58,311,16	18.750000,15.937500,15.062500,14.937500,14.500000,14.312500,14.062500,14.000000
631	0	4632	14.919772	198,220,271,279,58,311,16,264	18.875000,15.437500,15.000000,14.937500,14.562500,14.062500,14.000000,13.937500
632	0	25145	15.265412	198,279,220,271,311,264,1148,58	18.625000,16.375000,16.000000,15.562500,15.250000,14.937500,14.687500,14.562500
633	0	85375	18.433499	198,220,271,279,311,720,264,58	16.875000,14.937500,13.937500,13.937500,13.312500,13.062500,12.750000,12.562500
634	0	15910	12.951802	198,220,271,279,58,311,264,720	19.125000,16.125000,15.562500,15.562500,15.000000,14.937500,14.562500,14.062500
635	0	555	7.180830	198,279,220,311,264,271,58,512	17.875000,16.000000,15.687500,15.187500,14.750000,14.562500,14.187500,14.000000
636	0	12366	13.439293	198,220,279,264,271,311,1148,459	18.000000,16.875000,16.750000,15.437500,15.062500,14.937500,14.750000,14.437500
637	0	2009	12.695498	198,220,279,311,264,271,720,12	16.875000,15.937500,15.562500,14.562500,14.500000,14.250000,14.000000,13.937500
638	0	546	12.609574	198,220,271,279,720,791,264,58	17.500000,15.250000,14.500000,14.500000,13.750000,13.437500,13.312500,13.187500
639	0	72	5.288427	198,220,279,271,58,311,720,998	18.125000,14.937500,14.937500,14.687500,14.187500,14.000000,13.750000,13.750000
640	0	662	10.360351	198,220,271,279,58,311,512,720	18.875000,15.000000,14.937500,14.687500,14.562500,13.812500,13.750000,13.750000
641	0	720	5.341802	198,220,279,271,58,311,264,720	19.125000,15.937500,15.500000,15.312500,14.750000,14.250000,14.187500,14.187500
642	0	284	10.684862	198,220,58,271,279,720,40,16	19.750000,16.375000,15.812500,15.687500,15.437500,15.062500,15.000000,14.750000
643	0	284	9.167171	198,220,279,720,264,271,311,58	18.125000,16.750000,15.812500,15.000000,14.750000,14.437500,14.312500,14.187500
644	0	41576	15.307796	198,220,279,720,264,271,311,58	18.125000,16.750000,15.812500,15.000000,14.750000,14.437500,14.312500,14.187500
645	0	284	11.023852	198,220,271,279,311,264,58,1148	19.000000,16.375000,16.375000,16.000000,15.062500,14.937500,14.750000,14.437500
646	0	284	9.167171	198,220,279,720,264,271,311,58	18.125000,16.750000,15.812500,15.000000,14.750000,14.437500,14.312500,14.187500
647	0	720	3.854671	198,220,279,720,264,271,311,58	18.125000,16.750000,15.812500,15.000000,14.750000,14.437500,14.312500,14.187500
648	0	284	10.684862	198,220,58,271,279,720,40,16	19.750000,16.375000,15.812500,15.687500,15.437500,15.062500,15.000000,14.750000
649	0	284	9.167171	198,220,279,720,264,271,311,58	18.125000,16.750000,15.812500,15.000000,14.750000,14.437500,14.312500,14.187500
650	0	284	9.167171	198,220,279,720,264,271,311,58	18.125000,16.750000,15.812500,15.000000,14.750000,14.437500,14.312500,14.187500
651	0	220	2.104671	198,220,279,720,264,271,311,58	18.125000,16.750000,15.812500,15.000000,14.750000,14.437500,14.312500,14.187500
652	0	1049	6.897288	198,220,279,271,16,58,40,264	18.250000,15.312500,15.062500,14.562500,14.437500,14.187500,13.937500,13.937500
653	0	15	6.697102	198,220,271,279,58,720,311,16	19.000000,15.750000,15.437500,15.250000,14.687500,14.562500,14.250000,14.187500
654	0	1389	11.067147	198,220,271,279,58,311,16,720	19.250000,15.437500,15.250000,15.000000,14.750000,14.187500,14.000000,14.000000
655	0	220	2.928740	198,220,279,264,271,720,311,1148	19.125000,16.625000,16.125000,15.000000,14.812500,14.812500,14.750000,14.500000
656	0	1049	6.897288	198,220,279,271,16,58,40,264	18.250000,15.312500,15.062500,14.562500,14.437500,14.187500,13.937500,13.937500
657	0	20	5.947102	198,220,271,279,58,720,311,16	19.000000,15.750000,15.437500,15.250000,14.687500,14.562500,14.250000,14.187500
658	0	284	10.034452	198,220,271,279,58,311,720,16	18.875000,15.312500,15.187500,14.937500,14.500000,14.000000,13.937500,13.812500
659	0	284	9.167171	198,220,279,720,264,271,311,58	18.125000,16.750000,15.812500,15.000000,14.750000,14.437500,14.312500,14.187500
660	0	284	9.167171	198,220,279,720,264,271,311,58	18.125000,16.750000,15.812500,15.000000,14.750000,14.437500,14.312500,14.187500
661	0	720	3.854671	198,220,279,720,264,271,311,58	18.125000,16.750000,15.812500,15.000000,14.750000,14.437500,14.312500,14.187500
662	0	763	8.747362	198,220,58,271,279,720,40,16	19.750000,16.375000,15.812500,15.687500,15.437500,15.062500,15.000000,14.750000
663	0	220	3.488003	198,279,220,271,264,311,1148,40	18.625000,16.125000,15.750000,15.250000,14.812500,14.312500,14.312500,14.250000
664	0	1049	6.897288	198,220,279,271,16,58,40,264	18.250000,15.312500,15.062500,14.562500,14.437500,14.187500,13.937500,13.937500
665	0	15	6.697102	198,220,271,279,58,720,311,16	19.000000,15.750000,15.437500,15.250000,14.687500,14.562500,14.250000,14.187500
666	0	426	11.004647	198,220,271,279,58,311,16,720	19.250000,15.437500,15.250000,15.000000,14.750000,14.187500,14.000000,14.000000
667	0	11206	15.712903	198,220,271,279,58,720,311,264	18.875000,15.562500,15.562500,15.250000,14.562500,14.437500,14.187500,14.062500
668	0	466	8.705023	198,271,220,58,279,791,40,12	18.625000,15.187500,15.000000,14.687500,14.437500,14.000000,13.937500,13.437500
669	0	1047	8.843241	198,279,220,271,311,264,58,40	18.125000,15.500000,15.312500,15.000000,14.500000,14.312500,14.187500,13.562500
670	0	264	4.442385	198,279,220,271,264,311,1148,58	19.125000,16.500000,16.000000,15.312500,15.187500,15.062500,15.000000,14.812500
671	0	8810	15.342608	198,279,220,271,264,311,58,1148	18.625000,15.750000,15.562500,15.187500,14.687500,14.437500,14.312500,14.312500
672	0	571	12.219448	198,279,220,311,271,264,1148,58	18.000000,16.125000,15.687500,15.250000,15.187500,14.812500,14.312500,14.187500
673	0	12	7.126054	198,271,220,279,720,58,311,998	18.750000,15.500000,15.437500,14.937500,14.187500,13.812500,13.812500,13.687500
674	0	31	10.811755	198,220,279,16,334,720,58,264	18.000000,16.125000,15.750000,14.812500,14.687500,14.687500,14.562500,14.562500
675	0	40500	15.044916	198,220,271,279,720,58,311,16	18.625000,15.437500,15.062500,14.812500,14.312500,14.000000,13.687500,13.562500
676	0	3560	12.093509	198,220,279,264,459,311,1148,271	16.875000,16.625000,16.625000,15.312500,14.937500,14.687500,14.562500,14.187500
677	0	389	10.016090	198,220,279,271,311,58,264,512	18.625000,15.687500,15.562500,15.312500,15.000000,14.500000,14.312500,14.000000
678	0	279	2.931478	198,279,220,271,264,311,1148,58	18.625000,16.375000,16.125000,15.250000,15.000000,14.750000,14.687500,14.312500
679	0	12707	13.795241	198,279,220,271,264,311,1148,40	18.375000,16.125000,15.937500,15.062500,14.812500,14.562500,14.562500,14.000000
680	0	4101	12.604516	198,279,271,220,311,1148,264,58	18.875000,16.000000,15.750000,15.437500,15.000000,14.812500,14.687500,14.500000
681	0	578	7.555211	198,271,220,58,279,40,311,512	19.500000,16.250000,16.000000,15.750000,15.500000,15.000000,14.750000,14.687500
682	0	8766	13.936844	198,220,279,271,264,720,311,1148	18.250000,16.125000,16.000000,15.187500,14.812500,14.500000,14.312500,14.250000
683	0	2652	11.285876	198,220,279,271,264,311,1148,58	18.625000,16.625000,16.375000,15.812500,15.187500,15.062500,14.812500,14.750000
684	0	568	7.249997	198,220,279,58,720,271,311,264	19.500000,16.750000,16.125000,14.937500,14.937500,14.812500,14.812500,14.750000
685	0	45877	13.637986	198,279,220,271,40,311,58,264	18.875000,15.812500,15.687500,15.500000,14.687500,14.687500,14.562500,14.500000
686	0	330	6.728230	198,279,220,271,311,1148,264,40	19.000000,16.000000,15.687500,15.312500,14.687500,14.687500,14.562500,14.312500
687	0	10016	12.954270	198,279,271,40,220,791,58,264	19.125000,15.312500,15.250000,14.937500,14.812500,14.562500,14.312500,14.062500
688	0	4366	10.757098	198,279,220,271,264,311,1148,791	18.250000,16.125000,16.000000,16.000000,14.750000,14.687500,14.562500,14.500000
689	0	894	11.245174	198,220,271,279,720,58,40,264	17.875000,15.312500,14.750000,14.437500,13.812500,13.687500,13.500000,13.437500
690	0	330	6.442914	198,271,220,279,58,311,40,264	18.625000,15.562500,15.500000,15.500000,14.500000,14.500000,14.312500,14.312500
691	0	304	8.110520	198,279,271,40,220,791,58,264	19.125000,15.312500,15.250000,14.937500,14.812500,14.562500,14.312500,14.062500
692	0	279	2.597594	198,279,220,264,271,311,1148,58	18.500000,16.625000,15.937500,15.187500,15.187500,15.000000,14.812500,14.062500
693	0	9417	14.357741	198,279,220,271,264,311,1148,40	18.375000,16.125000,15.937500,15.062500,14.812500,14.562500,14.562500,14.000000
694	0	1174	10.912352	198,271,279,220,58,311,1148,264	19.625000,16.625000,16.250000,16.125000,15.250000,15.250000,15.062500,14.812500
695	0	330	5.546664	198,220,279,264,58,311,271,720	18.375000,16.625000,16.000000,14.750000,14.562500,14.562500,14.437500,14.312500
696	0	763	8.860520	198,279,271,40,220,791,58,264	19.125000,15.312500,15.250000,14.937500,14.812500,14.562500,14.312500,14.062500
697	0	23088	16.659878	198,279,220,271,264,311,1148,40	18.625000,16.125000,15.750000,15.250000,14.812500,14.312500,14.312500,14.250000
698	0	43396	14.923568	198,220,279,271,311,264,58,720	17.375000,15.750000,15.687500,15.500000,14.937500,14.562500,13.937500,13.812500
699	0	330	7.014392	198,220,271,279,311,58,264,791	18.375000,15.812500,15.500000,15.312500,14.562500,14.312500,14.250000,14.062500
700	0	662	10.735520	198,279,271,40,220,791,58,264	19.125000,15.312500,15.250000,14.937500,14.812500,14.562500,14.312500,14.062500
701	0	426	10.591802	198,220,279,271,58,311,264,720	19.125000,15.937500,15.500000,15.312500,14.750000,14.250000,14.187500,14.187500
702	0	11206	15.712903	198,220,271,279,58,720,311,264	18.875000,15.562500,15.562500,15.250000,14.562500,14.437500,14.187500,14.062500
703	0	466	8.705023	198,271,220,58,279,791,40,12	18.625000,15.187500,15.000000,14.687500,14.437500,14.000000,13.937500,13.437500
704	0	59335	16.765116	198,279,220,271,311,264,58,40	18.125000,15.500000,15.312500,15.000000,14.500000,14.312500,14.187500,13.562500
705	0	439	7.728543	198,220,279,264,311,459,720,477	16.125000,15.937500,15.687500,14.750000,14.562500,14.187500,13.812500,13.500000
706	0	330	6.013003	198,279,220,271,264,1148,311,58	18.875000,16.500000,16.000000,15.312500,15.187500,15.000000,14.812500,14.437500
707	0	10016	12.954270	198,279,271,40,220,791,58,264	19.125000,15.312500,15.250000,14.937500,14.812500,14.562500,14.312500,14.062500
708	0	330	6.007098	198,279,220,271,264,311,1148,791	18.250000,16.125000,16.000000,16.000000,14.750000,14.687500,14.562500,14.500000
709	0	304	8.110520	198,279,271,40,220,791,58,264	19.125000,15.312500,15.250000,14.937500,14.812500,14.562500,14.312500,14.062500
710	0	279	2.597594	198,279,220,264,271,311,1148,58	18.500000,16.625000,15.937500,15.187500,15.187500,15.000000,14.812500,14.062500
711	0	1514	10.263991	198,279,220,271,264,311,1148,40	18.375000,16.125000,15.937500,15.062500,14.812500,14.562500,14.562500,14.000000
712	0	6385	12.508771	198,279,220,271,311,264,58,1148	18.750000,16.250000,15.500000,15.500000,15.187500,14.937500,14.562500,14.562500
713	0	2439	13.237871	198,220,279,271,264,311,720,12	17.625000,15.812500,15.687500,14.937500,14.500000,14.437500,14.187500,13.937500
714	0	5439	12.270926	198,220,271,279,311,58,264,40	18.750000,15.437500,15.312500,15.312500,14.562500,14.500000,14.187500,13.812500
715	0	555	7.365683	198,279,220,311,264,271,58,1148	18.875000,16.500000,16.375000,15.312500,15.250000,15.187500,14.812500,14.687500
716	0	22021	13.908043	198,220,279,264,271,311,1148,459	18.000000,16.875000,16.750000,15.437500,15.062500,14.937500,14.750000,14.437500
717	0	77023	15.466628	198,220,279,271,264,58,12,311	17.750000,15.500000,14.937500,14.812500,14.000000,13.812500,13.750000,13.750000
718	0	1174	9.160430	198,220,279,271,58,311,720,12	17.750000,15.812500,15.000000,14.750000,14.250000,14.250000,14.250000,14.187500
719	0	902	7.734164	198,220,279,264,58,311,271,720	18.375000,16.625000,16.000000,14.750000,14.562500,14.562500,14.437500,14.312500
720	0	574	8.008144	198,279,271,220,58,40,1148,311	19.625000,16.000000,15.750000,15.562500,15.000000,14.812500,14.750000,14.687500
721	0	10887	12.684709	198,279,220,271,264,1148,311,58	19.125000,16.625000,16.375000,15.312500,15.250000,15.187500,15.062500,14.562500
722	0	304	7.371706	198,220,279,271,311,58,264,1148	19.000000,16.125000,16.125000,15.187500,15.000000,14.937500,14.937500,14.312500
723	0	220	3.285094	198,279,220,264,271,311,1148,58	18.500000,16.625000,15.937500,15.187500,15.187500,15.000000,14.812500,14.062500
724	0	1049	6.897288	198,220,279,271,16,58,40,264	18.250000,15.312500,15.062500,14.562500,14.437500,14.187500,13.937500,13.937500
725	0	16	5.197102	198,220,271,279,58,720,311,16	19.000000,15.750000,15.437500,15.250000,14.687500,14.562500,14.250000,14.187500
726	0	520	6.888522	198,220,271,279,58,311,16,264	18.875000,15.437500,15.000000,14.937500,14.562500,14.062500,14.000000,13.937500
727	0	279	2.593305	198,279,220,264,271,311,1148,720	18.375000,16.500000,16.125000,15.062500,14.812500,14.750000,14.500000,14.312500
728	0	16591	13.795241	198,279,220,271,264,311,1148,40	18.375000,16.125000,15.937500,15.062500,14.812500,14.562500,14.562500,14.000000
729	0	7301	13.065321	198,220,279,271,264,311,791,1148	17.875000,15.750000,15.437500,15.312500,14.312500,14.187500,14.062500,14.062500
730	0	27315	16.576284	198,279,220,271,311,264,720,459	18.125000,16.625000,16.375000,15.687500,15.437500,15.250000,14.687500,14.562500
731	0	662	10.551216	198,220,271,279,311,264,58,1148	19.125000,16.375000,16.125000,16.125000,15.250000,14.937500,14.750000,14.687500
732	0	362	9.341802	198,220,279,271,58,311,264,720	19.125000,15.937500,15.500000,15.312500,14.750000,14.250000,14.187500,14.187500
733	0	3477	10.241201	198,220,271,279,58,264,311,720	18.750000,15.562500,15.437500,15.437500,14.500000,14.312500,14.250000,14.250000
734	0	315	7.506050	198,279,220,271,311,58,264,1148	19.625000,16.625000,16.375000,16.375000,15.562500,15.500000,15.312500,15.250000
735	0	426	9.553439	198,279,220,271,264,1148,311,58	18.625000,16.375000,15.937500,15.250000,15.062500,14.937500,14.562500,14.250000
736	0	11206	15.712903	198,220,271,279,58,720,311,264	18.875000,15.562500,15.562500,15.250000,14.562500,14.437500,14.187500,14.062500
737	0	466	8.705023	198,271,220,58,279,791,40,12	18.625000,15.187500,15.000000,14.687500,14.437500,14.000000,13.937500,13.437500
738	0	364	9.468241	198,279,220,271,311,264,58,40	18.125000,15.500000,15.312500,15.000000,14.500000,14.312500,14.187500,13.562500
739	0	82	5.757603	198,279,271,220,40,791,58,44	18.625000,15.062500,14.937500,14.812500,14.500000,14.187500,14.000000,13.812500
740	0	5178	13.774913	198,271,279,220,58,311,512,264	19.000000,15.187500,15.062500,14.812500,14.750000,14.250000,14.062500,14.000000
741	0	304	7.667161	198,271,279,58,220,311,40,264	19.875000,16.500000,15.812500,15.437500,15.312500,15.187500,14.812500,14.562500
742	0	578	6.535094	198,279,220,264,271,311,1148,58	18.500000,16.625000,15.937500,15.187500,15.187500,15.000000,14.812500,14.062500
743	0	22765	13.686844	198,220,279,271,264,720,311,1148	18.250000,16.125000,16.000000,15.187500,14.812500,14.500000,14.312500,14.250000
744	0	389	10.241855	198,220,279,271,264,311,58,791	18.500000,16.250000,15.562500,15.500000,14.437500,14.312500,14.187500,14.062500
745	0	7418	14.431478	198,279,220,271,264,311,1148,58	18.625000,16.375000,16.125000,15.250000,15.000000,14.750000,14.687500,14.312500
746	0	7633	10.689462	198,220,279,271,264,311,459,1148	18.375000,17.250000,16.625000,15.750000,15.500000,15.437500,14.750000,14.750000
747	0	1461	9.522275	198,220,279,271,311,264,58,1148	19.125000,16.625000,16.500000,15.562500,15.500000,15.250000,14.937500,14.812500
748	0	439	8.027774	198,279,220,271,311,264,1148,58	19.000000,16.375000,16.125000,15.687500,15.437500,15.062500,14.812500,14.750000
749	0	330	6.013003	198,279,220,271,264,1148,311,58	18.875000,16.500000,16.000000,15.312500,15.187500,15.000000,14.812500,14.437500
750	0	77104	16.626145	198,279,271,40,220,791,58,264	19.125000,15.312500,15.250000,14.937500,14.812500,14.562500,14.312500,14.062500
751	0	95072	16.876190	198,220,279,271,311,264,1148,58	19.125000,16.000000,16.000000,15.562500,15.000000,14.750000,14.750000,14.437500
752	0	330	5.755195	198,279,220,264,311,459,271,1148	16.500000,15.687500,15.500000,14.500000,14.500000,14.062500,13.812500,13.500000
753	0	304	8.110520	198,279,271,40,220,791,58,264	19.125000,15.312500,15.250000,14.937500,14.812500,14.562500,14.312500,14.062500
754	0	279	2.597594	198,279,220,264,271,311,1148,58	18.500000,16.625000,15.937500,15.187500,15.187500,15.000000,14.812500,14.062500
755	0	3560	12.107741	198,279,220,271,264,311,1148,40	18.375000,16.125000,15.937500,15.062500,14.812500,14.562500,14.562500,14.000000
756	0	1174	10.453590	198,220,279,271,311,58,264,512	18.625000,15.687500,15.562500,15.312500,15.000000,14.500000,14.312500,14.000000
757	0	323	5.796664	198,220,279,264,58,311,271,720	18.375000,16.625000,16.000000,14.750000,14.562500,14.562500,14.437500,14.312500
758	0	568	6.067362	198,279,220,271,1148,264,311,358	18.875000,16.750000,16.125000,15.687500,15.500000,15.312500,15.187500,14.500000
759	0	4036	12.387986	198,279,220,271,40,311,58,264	18.875000,15.812500,15.687500,15.500000,14.687500,14.687500,14.562500,14.500000
760	0	9200	13.513496	198,220,279,271,264,311,58,1148	19.125000,16.625000,16.625000,15.750000,15.500000,15.437500,15.062500,14.812500
761	0	8544	11.931287	198,220,279,271,311,264,1148,58	18.000000,15.750000,15.750000,15.437500,15.000000,14.500000,14.250000,14.187500
762	0	304	7.034835	198,279,220,271,311,58,264,1148	19.625000,16.625000,16.375000,16.375000,15.750000,15.312500,15.312500,15.062500
763	0	578	6.535094	198,279,220,264,271,311,1148,58	18.500000,16.625000,15.937500,15.187500,15.187500,15.000000,14.812500,14.062500
764	0	42769	18.151687	198,220,279,271,264,720,311,1148	18.250000,16.125000,16.000000,15.187500,14.812500,14.500000,14.312500,14.250000
765	0	1174	9.239620	198,279,220,271,311,264,459,1148	17.875000,15.937500,15.750000,15.500000,14.750000,14.687500,14.000000,14.000000
766	0	323	5.796664	198,220,279,264,58,311,271,720	18.375000,16.625000,16.000000,14.750000,14.562500,14.562500,14.437500,14.312500
767	0	57202	16.239237	198,279,220,271,1148,264,311,358	18.875000,16.750000,16.125000,15.687500,15.500000,15.312500,15.187500,14.500000
768	0	12028	14.087265	198,220,279,271,264,311,58,1148	18.875000,16.625000,16.250000,15.750000,15.187500,15.000000,14.562500,14.437500
769	0	662	10.813785	198,271,220,58,279,40,791,720	19.375000,16.125000,15.937500,15.312500,15.312500,14.562500,14.562500,14.187500
770	0	1283	11.529302	198,220,279,271,58,311,264,720	19.125000,15.937500,15.500000,15.312500,14.750000,14.250000,14.187500,14.187500
771	0	9922	13.717119	198,220,279,271,264,311,58,720	18.375000,15.812500,15.687500,15.250000,14.500000,14.437500,14.187500,14.187500
772	0	304	7.151640	198,220,279,271,311,264,58,1148	19.000000,16.250000,16.000000,15.000000,14.937500,14.812500,14.687500,14.250000
773	0	279	2.597594	198,279,220,264,271,311,1148,58	18.500000,16.625000,15.937500,15.187500,15.187500,15.000000,14.812500,14.062500
774	0	12707	13.795241	198,279,220,271,264,311,1148,40	18.375000,16.125000,15.937500,15.062500,14.812500,14.562500,14.562500,14.000000
775	0	4101	12.604516	198,279,271,220,311,1148,264,58	18.875000,16.000000,15.750000,15.437500,15.000000,14.812500,14.687500,14.500000
776	0	20819	14.336461	198,271,220,58,279,40,311,512	19.500000,16.250000,16.000000,15.750000,15.500000,15.000000,14.750000,14.687500
777	0	3842	10.010272	198,220,279,271,264,311,459,1148	17.500000,16.625000,16.500000,15.250000,15.187500,15.062500,14.500000,14.437500
778	0	1611	9.259801	198,220,279,271,264,311,1148,459	18.250000,16.375000,16.125000,15.500000,14.812500,14.687500,14.500000,14.187500
779	0	291	10.146675	198,220,271,279,720,58,12,791	17.875000,15.437500,14.437500,14.437500,14.250000,13.562500,13.437500,13.437500
780	0	304	7.286354	198,220,279,271,58,264,311,40	18.500000,15.500000,15.500000,15.000000,14.562500,14.437500,14.437500,13.937500
781	0	220	3.285094	198,279,220,264,271,311,1148,58	18.500000,16.625000,15.937500,15.187500,15.187500,15.000000,14.812500,14.062500
782	0	1049	6.897288	198,220,279,271,16,58,40,264	18.250000,15.312500,15.062500,14.562500,14.437500,14.187500,13.937500,13.937500
783	0	17	6.322102	198,220,271,279,58,720,311,16	19.000000,15.750000,15.437500,15.250000,14.687500,14.562500,14.250000,14.187500
784	0	439	9.107176	198,220,58,271,279,16,334,720	18.875000,15.312500,14.937500,14.937500,14.750000,14.437500,14.187500,14.000000
785	0	330	6.013003	198,279,220,271,264,1148,311,58	18.875000,16.500000,16.000000,15.312500,15.187500,15.000000,14.812500,14.437500
786	0	2758	13.016770	198,279,271,40,220,791,58,264	19.125000,15.312500,15.250000,14.937500,14.812500,14.562500,14.312500,14.062500
787	0	336	9.500549	198,220,279,264,311,271,720,459	17.375000,16.125000,16.125000,15.000000,14.937500,14.500000,14.000000,13.937500
788	0	1676	14.446104	198,220,279,271,311,264,58,720	17.875000,15.437500,14.937500,14.500000,14.250000,13.812500,13.687500,13.687500
789	0	1800	12.199082	198,220,271,279,791,720,40,58	17.875000,15.062500,14.687500,14.250000,13.812500,13.687500,13.562500,13.562500
790	0	425	14.070418	198,220,279,271,311,264,58,12	17.125000,15.562500,15.000000,14.437500,14.250000,13.937500,13.500000,13.062500
791	0	330	6.335690	198,220,279,271,58,311,720,264	18.875000,15.812500,15.500000,15.437500,14.750000,14.687500,14.562500,14.312500
792	0	304	8.110520	198,279,271,40,220,791,58,264	19.125000,15.312500,15.250000,14.937500,14.812500,14.562500,14.312500,14.062500
793	0	279	2.597594	198,279,220,264,271,311,1148,58	18.500000,16.625000,15.937500,15.187500,15.187500,15.000000,14.812500,14.062500
794	0	9417	14.357741	198,279,220,271,264,311,1148,40	18.375000,16.125000,15.937500,15.062500,14.812500,14.562500,14.562500,14.000000
795	0	330	6.849852	198,271,279,220,58,311,1148,264	19.625000,16.625000,16.250000,16.125000,15.250000,15.250000,15.062500,14.812500
796	0	31597	14.235520	198,279,271,40,220,791,58,264	19.125000,15.312500,15.250000,14.937500,14.812500,14.562500,14.312500,14.062500
797	0	64412	18.582534	198,220,279,271,264,311,459,720	17.625000,16.000000,15.812500,15.437500,14.750000,14.500000,14.250000,14.000000
798	0	72	5.757530	198,220,271,58,279,791,40,311	18.000000,15.500000,14.937500,14.000000,14.000000,13.562500,13.437500,13.437500
799	0	2301	13.047851	198,220,271,279,58,311,512,720	18.875000,15.000000,14.937500,14.687500,14.562500,13.812500,13.750000,13.750000
800	0	330	6.110279	198,220,279,271,311,264,58,720	17.875000,15.437500,15.250000,15.000000,14.750000,14.187500,13.937500,13.500000
801	0	1174	10.735520	198,279,271,40,220,791,58,264	19.125000,15.312500,15.250000,14.937500,14.812500,14.562500,14.312500,14.062500
802	0	323	5.796664	198,220,279,264,58,311,271,720	18.375000,16.625000,16.000000,14.750000,14.562500,14.562500,14.437500,14.312500
803	0	1047	8.504862	198,279,220,271,1148,264,311,358	18.875000,16.750000,16.125000,15.687500,15.500000,15.312500,15.187500,14.500000
804	0	264	4.442385	198,279,220,271,264,311,1148,58	19.125000,16.500000,16.000000,15.312500,15.187500,15.062500,15.000000,14.812500
805	0	3560	12.326983	198,279,220,271,264,311,58,1148	18.625000,15.750000,15.562500,15.187500,14.687500,14.437500,14.312500,14.312500
806	0	439	8.328590	198,220,279,271,311,58,264,512	18.625000,15.687500,15.562500,15.312500,15.000000,14.500000,14.312500,14.000000
807	0	264	4.263003	198,279,220,271,264,1148,311,58	18.875000,16.500000,16.000000,15.312500,15.187500,15.000000,14.812500,14.437500
808	0	2204	11.264483	198,279,220,271,264,311,58,1148	18.625000,15.750000,15.562500,15.187500,14.687500,14.437500,14.312500,14.312500
809	0	3752	13.249129	198,279,220,271,311,264,1148,58	18.875000,16.625000,16.125000,15.312500,15.250000,15.187500,14.937500,14.812500
810	0	330	6.696682	198,271,220,279,58,311,264,40	19.375000,15.812500,15.687500,15.562500,14.937500,14.937500,14.437500,14.250000
811	0	79479	15.141770	198,279,271,40,220,791,58,264	19.125000,15.312500,15.250000,14.937500,14.812500,14.562500,14.312500,14.062500
812	0	57493	14.487923	198,220,271,279,58,791,264,40	18.250000,15.437500,15.437500,15.062500,14.250000,14.062500,14.000000,13.937500
813	0	330	6.591158	198,271,220,279,58,311,264,791	18.750000,15.750000,15.687500,15.437500,14.562500,14.437500,14.312500,14.312500
814	0	389	10.735520	198,279,271,40,220,791,58,264	19.125000,15.312500,15.250000,14.937500,14.812500,14.562500,14.312500,14.062500
815	0	578	6.556478	198,279,220,271,264,311,1148,58	18.625000,16.375000,16.125000,15.250000,15.000000,14.750000,14.687500,14.312500
816	0	8766	13.936844	198,220,279,271,264,720,311,1148	18.250000,16.125000,16.000000,15.187500,14.812500,14.500000,14.312500,14.250000
817	0	662	10.348376	198,220,279,271,264,311,1148,58	18.625000,16.625000,16.375000,15.812500,15.187500,15.062500,14.812500,14.750000
818	0	720	5.341802	198,220,279,271,58,311,264,720	19.125000,15.937500,15.500000,15.312500,14.750000,14.250000,14.187500,14.187500
819	0	1283	12.091112	198,220,58,271,279,720,40,16	19.750000,16.375000,15.812500,15.687500,15.437500,15.062500,15.000000,14.750000
820	0	1047	8.873369	198,220,279,271,264,311,58,720	18.375000,15.812500,15.687500,15.250000,14.500000,14.437500,14.187500,14.187500
821	0	264	4.442385	198,279,220,271,264,311,1148,58	19.125000,16.500000,16.000000,15.312500,15.187500,15.062500,15.000000,14.812500
822	0	46350	15.217608	198,279,220,271,264,311,58,1148	18.625000,15.750000,15.562500,15.187500,14.687500,14.437500,14.312500,14.312500
823	0	3560	12.446836	198,220,279,271,311,264,459,1148	18.625000,16.750000,16.500000,15.500000,15.437500,15.250000,14.687500,14.687500
824	0	304	6.953590	198,220,279,271,311,58,264,512	18.625000,15.687500,15.562500,15.312500,15.000000,14.500000,14.312500,14.000000
825	0	220	3.285094	198,279,220,264,271,311,1148,58	18.500000,16.625000,15.937500,15.187500,15.187500,15.000000,14.812500,14.062500
826	0	1049	6.897288	198,220,279,271,16,58,40,264	18.250000,15.312500,15.062500,14.562500,14.437500,14.187500,13.937500,13.937500
827	0	18	6.572102	198,220,271,279,58,720,311,16	19.000000,15.750000,15.437500,15.250000,14.687500,14.562500,14.250000,14.187500
828	0	389	10.900434	198,220,271,58,279,16,334,40	19.125000,15.500000,15.312500,15.000000,15.000000,14.437500,14.250000,14.187500
829	0	1403	9.493978	198,279,220,271,264,311,1148,58	18.625000,16.375000,16.125000,15.250000,15.000000,14.750000,14.687500,14.312500
830	0	18243	15.970029	198,279,220,271,58,40,264,311	19.000000,15.750000,15.500000,15.312500,15.250000,14.687500,14.562500,14.312500
831	0	315	7.016543	198,271,220,279,58,311,264,1148	19.750000,16.500000,16.125000,16.125000,15.437500,15.312500,14.750000,14.750000
832	0	578	6.303439	198,279,220,271,264,1148,311,58	18.625000,16.375000,15.937500,15.250000,15.062500,14.937500,14.562500,14.250000
833	0	8766	13.936844	198,220,279,271,264,720,311,1148	18.250000,16.125000,16.000000,15.187500,14.812500,14.500000,14.312500,14.250000
834	0	1174	9.910876	198,220,279,271,264,311,1148,58	18.625000,16.625000,16.375000,15.812500,15.187500,15.062500,14.812500,14.750000
835	0	439	8.234164	198,220,279,264,58,311,271,720	18.375000,16.625000,16.000000,14.750000,14.562500,14.562500,14.437500,14.312500
836	0	3752	12.856753	198,279,220,271,264,1148,311,58	18.875000,16.500000,16.000000,15.312500,15.187500,15.000000,14.812500,14.437500
837	0	330	6.696682	198,271,220,279,58,311,264,40	19.375000,15.812500,15.687500,15.562500,14.937500,14.937500,14.437500,14.250000
838	0	58280	17.532395	198,279,271,40,220,791,58,264	19.125000,15.312500,15.250000,14.937500,14.812500,14.562500,14.312500,14.062500
839	0	8650	10.059830	198,220,279,264,311,720,12,271	16.750000,15.687500,15.437500,14.500000,14.437500,14.187500,14.062500,13.937500
840	0	330	5.736009	198,220,279,271,720,264,58,311	17.875000,16.375000,15.500000,15.312500,15.000000,14.687500,14.562500,14.500000
841	0	662	10.735520	198,279,271,40,220,791,58,264	19.125000,15.312500,15.250000,14.937500,14.812500,14.562500,14.312500,14.062500
842	0	763	8.529302	198,220,279,271,58,311,264,720	19.125000,15.937500,15.500000,15.312500,14.750000,14.250000,14.187500,14.187500
843	0	220	3.488003	198,279,220,271,264,311,1148,40	18.625000,16.125000,15.750000,15.250000,14.812500,14.312500,14.312500,14.250000
844	0	1049	6.897288	198,220,279,271,16,58,40,264	18.250000,15.312500,15.062500,14.562500,14.437500,14.187500,13.937500,13.937500
845	0	19	7.384602	198,220,271,279,58,720,311,16	19.000000,15.750000,15.437500,15.250000,14.687500,14.562500,14.250000,14.187500
846	0	426	10.763072	198,220,271,279,58,311,16,40	19.000000,15.312500,15.312500,14.937500,14.687500,14.000000,13.937500,13.812500
847	0	11206	15.712903	198,220,271,279,58,720,311,264	18.875000,15.562500,15.562500,15.250000,14.562500,14.437500,14.187500,14.062500
848	0	466	8.705023	198,271,220,58,279,791,40,12	18.625000,15.187500,15.000000,14.687500,14.437500,14.000000,13.937500,13.437500
849	0	27212	13.749491	198,279,220,271,311,264,58,40	18.125000,15.500000,15.312500,15.000000,14.500000,14.312500,14.187500,13.562500
850	0	264	3.063550	198,279,220,264,311,459,271,1148	16.375000,16.125000,15.437500,14.937500,14.750000,14.250000,14.000000,13.562500
851	0	3560	12.326983	198,279,220,271,264,311,58,1148	18.625000,15.750000,15.562500,15.187500,14.687500,14.437500,14.312500,14.312500
852	0	439	8.328590	198,220,279,271,311,58,264,512	18.625000,15.687500,15.562500,15.312500,15.000000,14.500000,14.312500,14.000000
853	0	330	6.013003	198,279,220,271,264,1148,311,58	18.875000,16.500000,16.000000,15.312500,15.187500,15.000000,14.812500,14.437500
854	0	29517	14.829270	198,279,271,40,220,791,58,264	19.125000,15.312500,15.250000,14.937500,14.812500,14.562500,14.312500,14.062500
855	0	330	5.873303	198,220,279,271,264,311,459,58	17.500000,15.937500,15.812500,14.937500,14.750000,14.500000,14.000000,13.937500
856	0	304	8.110520	198,279,271,40,220,791,58,264	19.125000,15.312500,15.250000,14.937500,14.812500,14.562500,14.312500,14.062500
857	0	279	2.597594	198,279,220,264,271,311,1148,58	18.500000,16.625000,15.937500,15.187500,15.187500,15.000000,14.812500,14.062500
858	0	9417	14.357741	198,279,220,271,264,311,1148,40	18.375000,16.125000,15.937500,15.062500,14.812500,14.562500,14.562500,14.000000
859	0	330	6.849852	198,271,279,220,58,311,1148,264	19.625000,16.625000,16.250000,16.125000,15.250000,15.250000,15.062500,14.812500
860	0	71166	14.829270	198,279,271,40,220,791,58,264	19.125000,15.312500,15.250000,14.937500,14.812500,14.562500,14.312500,14.062500
861	0	364	9.059576	198,220,279,271,264,311,12,459	16.875000,15.562500,15.000000,14.437500,14.062500,14.000000,13.687500,13.500000
862	0	82	5.757603	198,279,271,220,40,791,58,44	18.625000,15.062500,14.937500,14.812500,14.500000,14.187500,14.000000,13.812500
863	0	15457	14.868663	198,271,279,220,58,311,512,264	19.000000,15.187500,15.062500,14.812500,14.750000,14.250000,14.062500,14.000000
864	0	330	6.442771	198,220,271,279,58,311,264,40	19.250000,16.625000,16.375000,15.812500,15.062500,14.937500,14.750000,14.437500
865	0	315	8.798020	198,279,271,40,220,791,58,264	19.125000,15.312500,15.250000,14.937500,14.812500,14.562500,14.312500,14.062500
866	0	279	2.928439	198,279,220,271,264,1148,311,58	18.625000,16.375000,15.937500,15.250000,15.062500,14.937500,14.562500,14.250000
867	0	12707	13.795241	198,279,220,271,264,311,1148,40	18.375000,16.125000,15.937500,15.062500,14.812500,14.562500,14.562500,14.000000
868	0	4101	12.604516	198,279,271,220,311,1148,264,58	18.875000,16.000000,15.750000,15.437500,15.000000,14.812500,14.687500,14.500000
869	0	578	7.555211	198,271,220,58,279,40,311,512	19.500000,16.250000,16.000000,15.750000,15.500000,15.000000,14.750000,14.687500
870	0	5843	13.874344	198,220,279,271,264,720,311,1148	18.250000,16.125000,16.000000,15.187500,14.812500,14.500000,14.312500,14.250000
871	0	38725	16.953388	198,220,279,271,311,720,264,58	17.875000,15.937500,15.562500,14.687500,14.437500,14.437500,14.312500,14.187500
872	0	2652	11.312191	198,271,220,279,791,264,311,40	17.875000,15.437500,15.312500,15.250000,14.437500,14.187500,14.187500,14.000000
873	0	568	7.249997	198,220,279,58,720,271,311,264	19.500000,16.750000,16.125000,14.937500,14.937500,14.812500,14.812500,14.750000
874	0	59335	16.669236	198,279,220,271,40,311,58,264	18.875000,15.812500,15.687500,15.500000,14.687500,14.687500,14.562500,14.500000
875	0	16662	14.025418	198,220,279,264,311,459,720,477	16.125000,15.937500,15.687500,14.750000,14.562500,14.187500,13.812500,13.500000
876	0	20142	15.677159	198,279,220,264,271,311,1148,459	18.500000,17.375000,16.500000,15.937500,15.687500,15.562500,15.562500,15.312500
877	0	4488	11.661103	198,279,220,271,311,58,264,1148	18.750000,15.937500,15.687500,15.687500,15.250000,14.750000,14.562500,14.062500
878	0	27191	15.402831	198,220,279,271,264,311,58,1148	18.000000,16.375000,15.937500,15.437500,14.687500,14.500000,14.250000,14.062500
879	0	323	5.939619	198,220,279,271,264,311,720,58	17.625000,15.562500,15.187500,14.312500,14.187500,14.062500,14.000000,13.812500
880	0	43423	12.942362	198,279,220,271,1148,264,311,358	18.875000,16.750000,16.125000,15.687500,15.500000,15.312500,15.187500,14.500000
881	0	15385	15.123201	198,220,271,279,58,311,40,264	18.375000,15.437500,15.187500,14.687500,14.312500,13.812500,13.687500,13.687500
882	0	18843	14.132000	198,220,271,279,58,720,311,998	17.375000,15.250000,14.562500,13.500000,13.187500,13.187500,13.000000,12.937500
883	0	662	10.498199	198,271,220,58,279,311,40,791	18.750000,15.937500,15.250000,14.750000,14.687500,13.937500,13.812500,13.812500
884	0	426	10.591802	198,220,279,271,58,311,264,720	19.125000,15.937500,15.500000,15.312500,14.750000,14.250000,14.187500,14.187500
885	0	11206	15.712903	198,220,271,279,58,720,311,264	18.875000,15.562500,15.562500,15.250000,14.562500,14.437500,14.187500,14.062500
886	0	466	8.705023	198,271,220,58,279,791,40,12	18.625000,15.187500,15.000000,14.687500,14.437500,14.000000,13.937500,13.437500
887	0	59335	16.765116	198,279,220,271,311,264,58,40	18.125000,15.500000,15.312500,15.000000,14.500000,14.312500,14.187500,13.562500
888	0	439	7.728543	198,220,279,264,311,459,720,477	16.125000,15.937500,15.687500,14.750000,14.562500,14.187500,13.812500,13.500000
889	0	330	6.013003	198,279,220,271,264,1148,311,58	18.875000,16.500000,16.000000,15.312500,15.187500,15.000000,14.812500,14.437500
890	0	58090	14.454270	198,279,271,40,220,791,58,264	19.125000,15.312500,15.250000,14.937500,14.812500,14.562500,14.312500,14.062500
891	0	330	6.857862	198,220,279,271,58,264,311,720	18.750000,15.687500,15.312500,15.000000,14.500000,14.312500,14.250000,13.937500
892	0	1174	10.735520	198,279,271,40,220,791,58,264	19.125000,15.312500,15.250000,14.937500,14.812500,14.562500,14.312500,14.062500
893	0	304	7.046664	198,220,279,264,58,311,271,720	18.375000,16.625000,16.000000,14.750000,14.562500,14.562500,14.437500,14.312500
894	0	279	2.597594	198,279,220,264,271,311,1148,58	18.500000,16.625000,15.937500,15.187500,15.187500,15.000000,14.812500,14.062500
895	0	220	3.138991	198,279,220,271,264,311,1148,40	18.375000,16.125000,15.937500,15.062500,14.812500,14.562500,14.562500,14.000000
896	0	1049	6.897288	198,220,279,271,16,58,40,264	18.250000,15.312500,15.062500,14.562500,14.437500,14.187500,13.937500,13.937500
897	0	20	5.947102	198,220,271,279,58,720,311,16	19.000000,15.750000,15.437500,15.250000,14.687500,14.562500,14.250000,14.187500
898	0	34596	15.425077	198,220,271,279,58,311,720,16	18.875000,15.312500,15.187500,14.937500,14.500000,14.000000,13.937500,13.812500
899	0	54248	16.254154	198,279,220,271,311,264,58,1148	19.125000,16.250000,16.125000,16.125000,15.437500,15.000000,14.812500,14.750000
900	0	315	7.530522	198,279,271,220,311,58,264,1148	19.125000,15.937500,15.812500,15.562500,15.312500,14.750000,14.687500,14.250000
901	0	279	2.928439	198,279,220,271,264,1148,311,58	18.625000,16.375000,15.937500,15.250000,15.062500,14.937500,14.562500,14.250000
902	0	26241	14.482741	198,279,220,271,264,311,1148,40	18.375000,16.125000,15.937500,15.062500,14.812500,14.562500,14.562500,14.000000
903	0	93401	14.919287	198,220,271,279,791,58,40,264	17.875000,15.437500,15.062500,14.937500,14.000000,13.937500,13.750000,13.750000
904	0	1514	10.592996	198,271,220,279,311,264,58,791	18.625000,15.750000,15.437500,15.437500,14.687500,14.187500,14.000000,13.812500
905	0	44662	14.258771	198,279,220,271,311,264,58,1148	18.750000,16.250000,15.500000,15.500000,15.187500,14.937500,14.562500,14.562500
906	0	50940	16.147269	198,220,279,271,264,311,720,374	17.375000,16.000000,15.437500,15.312500,14.312500,14.312500,13.562500,13.500000
907	0	662	10.523416	198,220,271,279,12,58,720,264	17.250000,15.062500,14.000000,14.000000,13.562500,13.250000,13.062500,13.000000
908	0	1102	10.029302	198,220,279,271,58,311,264,720	19.125000,15.937500,15.500000,15.312500,14.750000,14.250000,14.187500,14.187500
909	0	574	8.025511	198,220,271,279,40,58,311,264	19.250000,15.750000,15.562500,15.562500,14.500000,14.500000,14.500000,14.437500
910	0	10887	12.684709	198,279,220,271,264,1148,311,58	19.125000,16.625000,16.375000,15.312500,15.250000,15.187500,15.062500,14.562500
911	0	520	5.996706	198,220,279,271,311,58,264,1148	19.000000,16.125000,16.125000,15.187500,15.000000,14.937500,14.937500,14.312500
912	0	279	2.593305	198,279,220,264,271,311,1148,720	18.375000,16.500000,16.125000,15.062500,14.812500,14.750000,14.500000,14.312500
913	0	46506	16.326491	198,279,220,271,264,311,1148,40	18.375000,16.125000,15.937500,15.062500,14.812500,14.562500,14.562500,14.000000
914	0	27315	17.230186	198,220,279,271,264,311,12,720	17.125000,16.000000,15.062500,14.687500,14.000000,14.000000,13.687500,13.500000
915	0	304	7.113716	198,220,271,279,311,264,58,1148	19.125000,16.375000,16.125000,16.125000,15.250000,14.937500,14.750000,14.687500
916	0	72098	17.316344	198,279,220,264,271,311,1148,58	18.500000,16.625000,15.937500,15.187500,15.187500,15.000000,14.812500,14.062500
917	0	1174	9.870405	198,279,220,271,311,1148,264,459	18.625000,16.375000,16.000000,16.000000,15.312500,15.062500,15.000000,14.500000
918	0	323	5.796664	198,220,279,264,58,311,271,720	18.375000,16.625000,16.000000,14.750000,14.562500,14.562500,14.437500,14.312500
919	0	279	2.817362	198,279,220,271,1148,264,311,358	18.875000,16.750000,16.125000,15.687500,15.500000,15.312500,15.187500,14.500000
920	0	11258	14.076491	198,279,220,271,264,311,1148,40	18.375000,16.125000,15.937500,15.062500,14.812500,14.562500,14.562500,14.000000
921	0	1291	11.200015	198,220,279,271,311,264,12,720	17.375000,15.750000,15.437500,14.687500,14.500000,14.437500,14.187500,14.062500
922	0	39520	16.992863	198,220,279,311,271,264,58,720	17.250000,15.687500,15.437500,14.500000,14.437500,14.250000,13.562500,13.562500
923	0	17367	14.774964	198,220,271,279,264,311,720,459	17.625000,16.375000,15.562500,15.562500,14.562500,14.562500,14.062500,13.812500
924	0	304	6.657960	198,220,279,271,311,264,58,720	18.000000,15.750000,15.687500,15.437500,14.750000,14.562500,14.062500,14.000000
925	0	7295	12.253844	198,279,220,264,271,311,1148,58	18.500000,16.625000,15.937500,15.187500,15.187500,15.000000,14.812500,14.062500
926	0	662	10.069218	198,220,279,271,264,311,1148,459	18.125000,16.375000,16.375000,15.562500,15.250000,15.250000,14.562500,14.500000
927	0	1283	11.529302	198,220,279,271,58,311,264,720	19.125000,15.937500,15.500000,15.312500,14.750000,14.250000,14.187500,14.187500
928	0	574	7.248369	198,220,279,271,264,311,58,720	18.375000,15.812500,15.687500,15.250000,14.500000,14.437500,14.187500,14.187500
929	0	15910	11.747209	198,279,220,271,264,1148,311,58	19.125000,16.625000,16.375000,15.312500,15.250000,15.187500,15.062500,14.562500
930	0	555	7.180830	198,279,220,311,264,271,58,512	17.875000,16.000000,15.687500,15.187500,14.750000,14.562500,14.187500,14.000000
931	0	3842	10.189293	198,220,279,264,271,311,1148,459	18.000000,16.875000,16.750000,15.437500,15.062500,14.937500,14.750000,14.437500
932	0	68573	14.978551	198,220,279,271,264,311,1148,459	18.250000,16.375000,16.125000,15.500000,14.812500,14.687500,14.500000,14.187500
933	0	323	5.040249	198,279,220,264,271,720,12,459	15.937500,15.187500,14.812500,14.187500,13.937500,13.937500,13.812500,13.812500
934	0	59335	15.989237	198,279,220,271,1148,264,311,358	18.875000,16.750000,16.125000,15.687500,15.500000,15.312500,15.187500,14.500000
935	0	16662	14.025418	198,220,279,264,311,459,720,477	16.125000,15.937500,15.687500,14.750000,14.562500,14.187500,13.812500,13.500000
936	0	7505	13.349034	198,279,220,264,271,311,1148,459	18.500000,17.375000,16.500000,15.937500,15.687500,15.562500,15.562500,15.312500
937	0	1254	12.171594	198,220,279,271,264,311,58,720	17.375000,15.687500,15.062500,14.562500,13.937500,13.937500,13.437500,13.437500
938	0	819	12.420192	198,271,220,279,720,998,40,72	17.875000,14.687500,14.312500,14.250000,13.937500,13.750000,13.500000,13.500000
939	0	675	13.221236	198,279,220,271,264,311,58,40	18.250000,15.250000,15.062500,14.812500,14.062500,14.062500,14.000000,13.687500
940	0	1174	9.871851	198,220,279,271,58,311,264,40	18.125000,14.937500,14.750000,14.687500,14.000000,13.750000,13.562500,13.500000
941	0	51075	16.437289	198,220,279,264,58,311,271,720	18.375000,16.625000,16.000000,14.750000,14.562500,14.562500,14.437500,14.312500
942	0	1901	10.844426	198,279,220,271,40,264,311,791	18.375000,15.687500,15.562500,15.500000,14.437500,14.437500,14.437500,14.437500
943	0	12997	15.547436	198,220,271,279,720,311,58,264	17.875000,15.062500,14.687500,14.687500,14.187500,13.750000,13.687500,13.500000
944	0	1174	9.682280	198,220,279,271,311,58,264,791	18.250000,15.062500,14.937500,14.750000,14.000000,13.937500,13.812500,13.437500
945	0	14253	13.702914	198,220,279,264,58,311,271,720	18.375000,16.625000,16.000000,14.750000,14.562500,14.562500,14.437500,14.312500
946	0	18206	13.591921	198,220,279,271,311,264,1148,791	17.750000,15.687500,15.500000,15.312500,14.437500,14.312500,13.937500,13.812500
947	0	1174	9.117030	198,279,220,271,311,264,1148,459	17.750000,16.250000,15.937500,15.312500,15.187500,14.937500,14.500000,14.187500
948	0	56230	15.656039	198,220,279,264,58,311,271,720	18.375000,16.625000,16.000000,14.750000,14.562500,14.562500,14.437500,14.312500
949	0	24852	12.583814	198,279,220,311,271,264,459,720	17.125000,15.937500,15.562500,14.937500,14.812500,14.750000,14.062500,13.937500
950	0	417	9.912215	198,220,271,279,58,40,791,311	17.875000,15.437500,15.062500,14.500000,14.000000,13.687500,13.687500,13.562500
951	0	1174	9.914597	198,220,279,271,311,58,720,264	18.625000,15.312500,15.250000,14.750000,14.562500,14.500000,14.187500,14.062500
952	0	60410	15.093539	198,220,279,264,58,311,271,720	18.375000,16.625000,16.000000,14.750000,14.562500,14.562500,14.437500,14.312500
953	0	81764	16.276567	198,220,279,271,720,264,12,311	17.375000,15.812500,15.062500,14.437500,14.437500,14.187500,14.062500,14.062500
954	0	323	5.709805	198,220,279,271,264,311,720,12	17.375000,15.750000,14.937500,14.750000,14.062500,14.000000,14.000000,13.750000
955	0	68134	14.161112	198,279,220,271,1148,264,311,358	18.875000,16.750000,16.125000,15.687500,15.500000,15.312500,15.187500,14.500000
956	0	11166	13.086169	198,220,279,271,264,311,58,1148	18.000000,15.812500,15.250000,15.000000,14.187500,14.062500,13.812500,13.687500
957	0	662	10.244449	198,220,279,271,311,264,720,12	17.875000,15.937500,15.812500,15.250000,14.750000,14.687500,14.562500,14.062500
958	0	426	10.591802	198,220,279,271,58,311,264,720	19.125000,15.937500,15.500000,15.312500,14.750000,14.250000,14.187500,14.187500
959	0	11206	15.712903	198,220,271,279,58,720,311,264	18.875000,15.562500,15.562500,15.250000,14.562500,14.437500,14.187500,14.062500
960	0	466	8.705023	198,271,220,58,279,791,40,12	18.625000,15.187500,15.000000,14.687500,14.437500,14.000000,13.937500,13.437500
961	0	4036	12.499491	198,279,220,271,311,264,58,40	18.125000,15.500000,15.312500,15.000000,14.500000,14.312500,14.187500,13.562500
962	0	264	4.138496	198,220,279,271,264,311,58,1148	19.125000,16.625000,16.625000,15.750000,15.500000,15.437500,15.062500,14.812500
963	0	37849	13.670733	198,279,220,271,264,311,58,1148	18.625000,15.750000,15.562500,15.187500,14.687500,14.437500,14.312500,14.312500
964	0	3477	9.442397	198,220,279,311,264,271,720,459	18.250000,16.000000,15.937500,15.000000,14.687500,14.562500,14.187500,14.062500
965	0	304	7.131050	198,279,220,271,311,58,264,1148	19.625000,16.625000,16.375000,16.375000,15.562500,15.500000,15.312500,15.250000
966	0	578	6.535094	198,279,220,264,271,311,1148,58	18.500000,16.625000,15.937500,15.187500,15.187500,15.000000,14.812500,14.062500
967	0	13690	12.499344	198,220,279,271,264,720,311,1148	18.250000,16.125000,16.000000,15.187500,14.812500,14.500000,14.312500,14.250000
968	0	49906	19.298293	198,220,279,271,264,311,720,459	17.875000,16.625000,16.125000,15.500000,15.000000,14.937500,14.562500,14.312500
969	0	551	9.962726	198,220,271,279,12,311,720,264	18.375000,15.562500,15.562500,15.562500,15.062500,14.687500,14.562500,14.437500
970	0	330	6.068527	198,220,279,271,58,720,264,311	18.875000,16.125000,15.687500,14.812500,14.687500,14.562500,14.437500,14.437500
971	0	578	7.173020	198,279,271,40,220,791,58,264	19.125000,15.312500,15.250000,14.937500,14.812500,14.562500,14.312500,14.062500
972	0	15718	10.843094	198,220,279,271,264,720,311,1148	18.250000,16.125000,16.000000,15.187500,14.812500,14.500000,14.312500,14.250000
973	0	374	5.248205	198,220,279,311,264,271,720,1148	18.000000,16.125000,16.000000,15.187500,14.687500,14.562500,14.000000,14.000000
974	0	559	12.418658	198,279,220,271,264,311,58,1148	18.875000,16.125000,15.937500,15.312500,14.812500,14.687500,14.562500,14.500000
975	0	1683	10.951067	198,271,279,220,58,40,998,311	18.000000,14.562500,14.562500,14.437500,13.687500,13.562500,13.562500,13.500000
976	0	11559	14.528208	198,220,279,271,311,264,58,720	17.500000,15.250000,14.937500,14.562500,14.062500,13.812500,13.687500,13.437500
977	0	19428	12.975514	198,279,271,220,311,264,1148,40	18.875000,16.125000,15.750000,15.562500,15.000000,14.812500,14.750000,14.437500
978	0	1174	9.829651	198,279,220,311,271,264,1148,459	17.875000,15.937500,15.437500,14.812500,14.750000,14.562500,14.062500,13.937500
979	0	449	8.421664	198,220,279,264,58,311,271,720	18.375000,16.625000,16.000000,14.750000,14.562500,14.562500,14.437500,14.312500
980	0	53221	15.593835	198,279,220,264,271,311,1148,459	18.375000,16.750000,16.375000,15.500000,15.250000,15.000000,14.937500,14.500000
981	0	24601	15.726404	198,279,220,311,264,271,459,1148	17.375000,16.000000,15.562500,15.187500,14.562500,14.437500,14.062500,14.000000
982	0	505	10.208385	198,271,279,220,58,311,40,512	20.125000,16.250000,15.687500,15.562500,15.437500,15.062500,14.687500,14.562500
983	0	7505	13.758262	198,279,220,264,271,311,1148,58	18.750000,16.500000,16.375000,15.187500,15.187500,14.812500,14.687500,14.562500
984	0	1254	12.171594	198,220,279,271,264,311,58,720	17.375000,15.687500,15.062500,14.562500,13.937500,13.937500,13.437500,13.437500
985	0	819	12.420192	198,271,220,279,720,998,40,72	17.875000,14.687500,14.312500,14.250000,13.937500,13.750000,13.500000,13.500000
986	0	675	13.221236	198,279,220,271,264,311,58,40	18.250000,15.250000,15.062500,14.812500,14.062500,14.062500,14.000000,13.687500
987	0	320	8.121851	198,220,279,271,58,311,264,40	18.125000,14.937500,14.750000,14.687500,14.000000,13.750000,13.562500,13.500000
988	0	1457	11.535387	198,279,220,271,40,58,791,16	18.750000,15.062500,15.000000,14.937500,14.562500,14.437500,14.062500,14.000000
989	0	653	11.161129	198,279,220,271,311,264,58,1148	19.000000,16.375000,16.250000,15.500000,15.312500,15.062500,14.750000,14.750000
990	0	34551	13.172408	198,279,220,271,311,58,264,720	18.125000,15.187500,14.812500,14.562500,14.062500,13.812500,13.812500,13.750000
991	0	82585	17.919372	198,271,58,220,998,334,40,279	18.625000,14.750000,14.500000,14.500000,13.937500,13.812500,13.687500,13.562500
992	0	505	10.322168	198,220,271,279,58,311,264,40	19.000000,15.437500,15.437500,15.250000,14.750000,14.250000,14.000000,13.937500
993	0	813	7.164512	198,279,220,264,271,311,1148,58	18.750000,16.500000,16.375000,15.187500,15.187500,14.812500,14.687500,14.562500
994	0	5178	12.814016	198,279,220,271,264,311,1148,40	18.625000,16.000000,15.687500,15.250000,14.687500,14.562500,14.562500,14.312500
995	0	439	8.667161	198,271,279,58,220,311,40,264	19.875000,16.500000,15.812500,15.437500,15.312500,15.187500,14.812500,14.562500
996	0	54651	13.606753	198,279,220,271,264,1148,311,58	18.875000,16.500000,16.000000,15.312500,15.187500,15.000000,14.812500,14.437500
997	0	452	10.609265	198,220,279,271,311,58,264,791	18.750000,15.687500,15.437500,15.312500,14.437500,14.250000,14.187500,14.062500
998	0	15278	15.126699	198,271,220,279,720,58,311,264	18.375000,15.312500,15.250000,15.000000,14.437500,14.250000,14.000000,13.937500
999	0	364	10.241209	198,220,279,271,58,311,998,720	18.250000,14.687500,14.437500,14.312500,14.062500,13.812500,13.687500,13.500000
1000	0	82	5.757603	198,279,271,220,40,791,58,44	18.625000,15.062500,14.937500,14.812500,14.500000,14.187500,14.000000,13.812500
1001	0	9777	15.790538	198,271,279,220,58,311,512,264	19.000000,15.187500,15.062500,14.812500,14.750000,14.250000,14.062500,14.000000
1002	0	1169	9.867735	198,220,271,279,58,720,12,311	18.125000,15.750000,14.812500,14.562500,14.187500,13.812500,13.750000,13.750000
1003	0	883	10.407760	198,279,220,311,271,264,58,1148	18.000000,15.937500,15.687500,14.812500,14.750000,14.687500,14.062500,14.000000
1004	0	1174	9.294471	198,220,279,58,720,271,311,264	18.875000,15.750000,15.250000,14.750000,14.750000,14.500000,14.437500,14.062500
1005	0	8563	11.765414	198,220,279,264,58,311,271,720	18.375000,16.625000,16.000000,14.750000,14.562500,14.562500,14.437500,14.312500
1006	0	426	9.525623	198,220,279,271,264,311,1148,720	18.000000,16.375000,15.812500,15.312500,14.687500,14.437500,14.250000,14.062500
1007	0	11206	15.712903	198,220,271,279,58,720,311,264	18.875000,15.562500,15.562500,15.250000,14.562500,14.437500,14.187500,14.062500
1008	0	466	8.705023	198,271,220,58,279,791,40,12	18.625000,15.187500,15.000000,14.687500,14.437500,14.000000,13.937500,13.437500
1009	0	1174	9.843241	198,279,220,271,311,264,58,40	18.125000,15.500000,15.312500,15.000000,14.500000,14.312500,14.187500,13.562500
1010	0	51075	16.437289	198,220,279,264,58,311,271,720	18.375000,16.625000,16.000000,14.750000,14.562500,14.562500,14.437500,14.312500
1011	0	1901	10.844426	198,279,220,271,40,264,311,791	18.375000,15.687500,15.562500,15.500000,14.437500,14.437500,14.437500,14.437500
1012	0	12997	15.547436	198,220,271,279,720,311,58,264	17.875000,15.062500,14.687500,14.687500,14.187500,13.750000,13.687500,13.500000
1013	0	323	6.182280	198,220,279,271,311,58,264,791	18.250000,15.062500,14.937500,14.750000,14.000000,13.937500,13.812500,13.437500
1014	0	56230	15.223612	198,279,220,271,1148,264,311,358	18.875000,16.750000,16.125000,15.687500,15.500000,15.312500,15.187500,14.500000
1015	0	24852	12.583814	198,279,220,311,271,264,459,720	17.125000,15.937500,15.562500,14.937500,14.812500,14.750000,14.062500,13.937500
1016	0	417	9.912215	198,220,271,279,58,40,791,311	17.875000,15.437500,15.062500,14.500000,14.000000,13.687500,13.687500,13.562500
1017	0	662	10.352097	198,220,279,271,311,58,720,264	18.625000,15.312500,15.250000,14.750000,14.562500,14.500000,14.187500,14.062500
1018	0	330	6.279302	198,220,279,271,58,311,264,720	19.125000,15.937500,15.500000,15.312500,14.750000,14.250000,14.187500,14.187500
1019	0	578	7.173020	198,279,271,40,220,791,58,264	19.125000,15.312500,15.250000,14.937500,14.812500,14.562500,14.312500,14.062500
1020	0	25460	16.780594	198,220,279,271,264,720,311,1148	18.250000,16.125000,16.000000,15.187500,14.812500,14.500000,14.312500,14.250000
1021	0	10555	11.144422	198,279,220,271,311,264,459,374	17.250000,16.000000,15.812500,15.312500,15.000000,14.937500,14.187500,13.937500
1022	0	1174	9.766646	198,279,220,271,311,264,1148,58	18.375000,16.250000,16.000000,15.250000,15.187500,14.937500,14.562500,14.312500
1023	0	330	5.546664	198,220,279,264,58,311,271,720	18.375000,16.625000,16.000000,14.750000,14.562500,14.562500,14.437500,14.312500
