# mix	attn
0	0	43205	18.413743	198,220,279,58,271,720,16,334	18.633345,15.722214,14.852077,14.660522,14.529521,14.494044,14.339747,13.817424
1	0	275	8.716955	198,271,220,279,311,791,998,14428	16.941711,14.520659,14.480367,13.981380,13.241319,13.176892,13.114194,12.911008
2	0	428	13.911989	198,279,220,271,311,58,264,512	18.244238,14.885068,14.857201,14.673077,14.142715,13.960052,13.730344,13.531941
3	0	12	5.734551	198,220,279,271,58,311,720,334	18.102560,15.105147,14.799820,14.755708,14.577652,14.140755,13.926318,13.607559
4	0	17	5.091097	198,220,279,16,720,334,264,58	17.964060,16.182365,15.736781,14.870118,14.674663,14.642638,14.605693,14.593413
5	0	3475	14.409259	198,220,271,58,279,16,334,720	18.811855,15.347569,14.934293,14.892470,14.745784,14.404737,14.159379,13.983777
6	0	76834	15.226933	198,220,279,271,58,264,311,720	18.271948,16.227079,16.072220,15.679046,14.871182,14.792615,14.783287,14.433349
7	0	80583	14.768883	198,271,220,279,311,58,264,720	18.356970,16.218773,16.165987,15.534889,14.881878,14.496368,14.386157,14.297803
8	0	3692	12.605980	198,220,720,58,271,334,279,40	19.027153,16.149446,15.268220,15.208915,14.904167,14.676559,14.097528,13.718684
9	0	257	9.166904	198,271,220,279,58,512,311,264	18.408030,15.820736,15.611089,15.245357,14.922582,14.371724,14.310440,14.108935
10	0	551	8.852228	198,220,279,720,58,264,311,16	17.875685,17.178961,15.963464,15.726578,15.031184,14.977280,14.914227,14.789884
11	0	3788	12.709983	198,220,279,271,58,720,311,264	18.886896,16.209051,15.709358,14.854276,14.638606,14.622269,14.437974,14.427101
12	0	1129	14.270995	198,220,271,279,720,58,311,264	19.375605,15.917672,15.558822,15.117873,14.702769,14.685425,14.449207,13.609272
13	0	71	6.961145	198,220,271,279,720,311,58,264	18.708696,15.571942,15.280216,15.217481,14.199313,14.049968,13.719131,13.637016
14	0	36368	15.744234	198,220,271,279,58,720,311,264	18.361189,14.879119,14.568503,14.561417,14.219729,13.745659,13.724273,13.469731
15	0	1594	12.313528	198,220,279,271,264,311,58,459	17.535563,16.152802,16.044250,14.867124,14.860168,14.776372,14.095215,13.957054
16	0	6973	18.672601	198,271,220,279,58,311,720,264	18.955193,15.518571,15.494643,15.356407,14.783900,14.516151,14.317296,14.112099
17	0	3529	15.713126	198,220,271,720,279,58,311,998	18.246599,15.203312,14.916100,14.553739,14.177498,14.047944,13.448224,13.061768
18	0	77749	17.407797	198,220,271,279,58,720,311,998	18.976858,15.842252,15.387023,15.350761,14.754166,14.494771,14.294858,13.921329
19	0	11628	17.884337	198,271,220,58,279,311,512,264	19.390869,16.635328,16.055841,15.846377,15.314799,14.714938,14.341916,14.217736
20	0	3916	16.387473	198,220,271,279,58,720,311,998	19.292856,15.930161,15.583542,15.262507,14.715421,14.587060,14.215466,13.897117
21	0	9009	12.257769	198,220,271,279,58,311,264,40	18.921230,15.668317,15.482994,15.451825,14.690494,14.597346,14.331268,13.953525
22	0	6458	15.180883	198,279,220,271,264,311,58,720	17.844950,15.936259,15.546298,14.932597,14.856460,14.807200,14.310046,14.034558
23	0	61503	17.694960	198,220,279,271,311,58,264,720	18.999994,15.914952,15.614964,15.264119,14.578206,14.385825,14.155766,14.080686
24	0	428	14.339124	198,220,279,311,271,264,720,12	16.086550,15.153882,14.077538,13.870564,13.778329,13.167850,13.012992,12.674561
25	0	198	0.539104	198,220,279,271,58,311,720,334	18.102560,15.105147,14.799820,14.755708,14.577652,14.140755,13.926318,13.607559
26	0	71684	15.972886	198,271,220,279,58,40,311,16	19.728205,15.780765,15.559733,15.395997,15.343167,14.883454,14.443675,14.435940
27	0	257	8.306747	198,220,271,279,264,58,720,334	16.035730,14.698642,13.876962,13.813495,13.148300,13.137660,13.136909,13.011612
28	0	551	8.852228	198,220,279,720,58,264,311,16	17.875685,17.178961,15.963464,15.726578,15.031184,14.977280,14.914227,14.789884
29	0	289	9.825140	198,220,279,271,58,720,311,264	18.886896,16.209051,15.709358,14.854276,14.638606,14.622269,14.437974,14.427101
30	0	61503	17.383930	198,220,271,279,58,311,720,40	18.720230,15.181073,15.171353,15.053508,14.547970,14.111077,14.054208,13.922694
31	0	428	14.339124	198,220,279,311,271,264,720,12	16.086550,15.153882,14.077538,13.870564,13.778329,13.167850,13.012992,12.674561
32	0	12	5.734551	198,220,279,271,58,311,720,334	18.102560,15.105147,14.799820,14.755708,14.577652,14.140755,13.926318,13.607559
33	0	17	5.091097	198,220,279,16,720,334,264,58	17.964060,16.182365,15.736781,14.870118,14.674663,14.642638,14.605693,14.593413
34	0	12	6.548181	198,220,271,58,279,16,334,720	18.811855,15.347569,14.934293,14.892470,14.745784,14.404737,14.159379,13.983777
35	0	1059	15.811145	198,220,279,16,720,334,264,58	17.964060,16.182365,15.736781,14.870118,14.674663,14.642638,14.605693,14.593413
36	0	8437	15.735293	198,220,271,58,279,311,998,720	18.265924,15.142822,14.734955,14.553670,14.495193,13.672287,13.546928,13.531610
37	0	16	5.546014	198,220,279,271,720,58,998,311	18.714918,15.856468,15.116900,14.780208,14.631394,14.517838,14.168137,14.141793
38	0	198	0.336244	198,220,271,279,58,311,16,264	18.851578,15.474153,15.033082,14.970988,14.595172,14.104694,14.014789,13.918422
39	0	20805	14.824082	198,271,220,279,58,40,311,16	19.728205,15.780765,15.559733,15.395997,15.343167,14.883454,14.443675,14.435940
40	0	415	10.105122	198,220,271,279,58,264,311,334	18.265917,15.503728,15.088833,15.073207,14.941742,13.997540,13.984234,13.896396
41	0	551	8.605498	198,220,279,720,264,271,311,58	18.284353,16.734348,16.005369,15.204277,14.835609,14.634000,14.610554,14.134364
42	0	1296	13.602662	198,220,279,271,58,720,311,264	18.886896,16.209051,15.709358,14.854276,14.638606,14.622269,14.437974,14.427101
43	0	320	7.672957	198,279,271,220,58,311,264,40	18.835371,16.088732,15.977223,15.657561,15.225064,14.987862,14.656369,14.561820
44	0	19305	13.205424	198,279,220,271,40,58,791,16	18.788465,15.074147,15.049706,14.955983,14.574613,14.430439,14.132988,14.028832
45	0	23	7.100807	198,220,271,279,58,720,311,264	18.609526,15.904231,15.215706,14.843104,14.412127,14.201653,14.107391,13.846791
46	0	7123	17.322962	198,271,220,279,58,311,264,40	19.008877,15.674993,15.488168,15.164710,14.627663,14.271272,13.976474,13.897690
47	0	340	8.097103	198,220,279,271,311,58,264,720	19.011465,16.485182,16.001411,15.452370,15.234515,15.218864,14.851372,14.500500
48	0	10028	12.961221	198,220,271,58,279,720,40,16	19.691820,15.773715,15.728864,15.727115,15.234245,14.791698,14.697745,14.695214
49	0	262	7.200421	198,220,271,279,311,720,264,58	18.565512,17.178192,15.599734,15.597709,15.302399,14.976685,14.709515,14.357101
50	0	551	8.822595	198,220,279,271,720,264,311,58	18.286634,16.468893,16.033428,15.015233,14.883704,14.858813,14.786842,14.037108
51	0	13844	14.147419	198,220,279,271,58,720,311,264	18.886896,16.209051,15.709358,14.854276,14.638606,14.622269,14.437974,14.427101
52	0	7866	14.293318	198,279,220,271,311,264,720,58	18.444929,16.017679,15.788732,15.459416,14.938461,14.656116,14.459076,14.108396
53	0	93314	14.043060	198,220,279,264,271,311,720,459	18.151331,16.952644,16.511698,15.002530,14.909810,14.684997,14.394257,14.314162
54	0	220	3.758677	198,220,271,279,311,58,720,264	19.368902,15.919475,15.846282,15.554893,14.607623,14.345958,14.343946,14.283054
55	0	18	5.594784	198,220,279,271,16,58,311,40	18.200384,15.290648,15.045898,14.543717,14.417618,14.175450,13.947739,13.904727
56	0	13	8.893626	198,220,271,279,58,16,334,40	19.047747,15.494183,15.324145,15.005241,14.972077,14.405555,14.223901,14.139130
57	0	15	7.074888	198,220,279,271,40,791,58,264	18.964758,15.629222,15.501518,15.495631,14.668137,14.542320,14.499004,14.387409
58	0	320	8.223902	198,220,271,279,58,311,720,16	19.217443,15.396396,15.236012,14.971535,14.773957,14.147183,13.995486,13.980927
59	0	2485	12.867109	198,279,220,271,40,58,791,16	18.788465,15.074147,15.049706,14.955983,14.574613,14.430439,14.132988,14.028832
60	0	1129	13.110324	198,220,720,271,279,58,311,512	18.659494,15.679428,14.848775,14.724195,14.363355,14.139664,14.046387,13.383819
61	0	86331	16.386365	198,220,271,279,720,311,58,264	18.708696,15.571942,15.280216,15.217481,14.199313,14.049968,13.719131,13.637016
62	0	2726	11.959292	198,220,271,279,720,311,264,459	18.492542,16.182692,15.010189,14.736984,14.527369,14.283824,13.381512,13.166233
63	0	7116	15.580701	198,220,271,279,720,311,58,264	18.907122,16.326536,15.629172,15.508639,14.980686,14.773923,14.494725,14.083755
64	0	68833	17.594469	198,220,279,271,720,311,264,459	19.020891,16.648634,15.699344,15.691989,15.080940,14.830121,13.921409,13.597478
65	0	1355	13.053567	198,220,279,271,311,264,720,998	18.321913,16.292641,15.880069,14.642014,14.440799,14.228957,14.145207,13.903850
66	0	64	5.673519	198,271,279,220,58,998,311,720	19.186644,15.185368,15.117930,15.000859,14.661511,14.243295,14.099266,14.018519
67	0	14	10.346850	198,220,279,271,58,311,264,720	18.375843,15.226222,14.795708,14.565819,14.228385,13.893008,13.800190,13.709999
68	0	18	5.898628	198,279,220,271,311,16,264,58	18.492365,15.751668,15.569470,14.926655,14.471626,14.305634,14.295735,14.223361
69	0	13	8.893626	198,220,271,279,58,16,334,40	19.047747,15.494183,15.324145,15.005241,14.972077,14.405555,14.223901,14.139130
70	0	15	7.074888	198,220,279,271,40,791,58,264	18.964758,15.629222,15.501518,15.495631,14.668137,14.542320,14.499004,14.387409
71	0	54660	16.819720	198,220,271,279,58,311,720,16	19.217443,15.396396,15.236012,14.971535,14.773957,14.147183,13.995486,13.980927
72	0	20241	13.713475	198,271,220,279,58,311,720,264	20.540760,16.873003,16.562658,16.245102,15.627915,15.467486,15.460064,14.789520
73	0	1516	15.296740	198,220,271,58,998,279,512,311	17.556704,15.010014,14.548841,14.147298,13.765515,13.614735,13.402829,13.400223
74	0	25	8.389241	198,220,279,271,311,58,264,720	18.452555,16.029997,15.559688,15.364017,14.911342,14.585212,14.493098,14.096063
75	0	27685	14.045256	198,220,279,264,720,271,311,58	17.830078,16.423925,15.855495,14.823354,14.663681,14.484371,14.453435,14.187427
76	0	20965	15.604519	198,279,220,271,311,264,459,720	17.448536,16.742683,16.683943,15.770452,15.554454,15.512813,14.882183,14.873807
77	0	11	5.900900	198,220,279,271,311,264,58,1148	19.317892,16.501709,16.271181,16.124746,15.840384,15.087468,14.902875,14.612206
78	0	82035	17.755499	198,279,220,271,264,311,1148,58	18.659300,16.059320,15.858752,15.129428,14.808064,14.635086,14.567121,14.496053
79	0	15592	11.231456	198,279,271,220,311,264,459,1148	17.749804,16.012152,15.704516,15.574306,15.069179,14.738320,14.187726,13.925420
80	0	8483	13.488220	198,279,220,311,271,264,459,720	16.259016,15.513660,14.953673,14.919647,14.482388,14.430214,13.739204,13.455579
81	0	198	0.693864	198,220,271,279,311,264,1148,58	18.709486,16.383886,16.377497,16.185806,15.104342,14.952165,14.551338,14.488373
82	0	1835	13.248884	198,271,220,279,58,40,311,16	19.728205,15.780765,15.559733,15.395997,15.343167,14.883454,14.443675,14.435940
83	0	320	8.219876	198,220,279,271,720,58,264,311	19.265936,16.268608,15.463071,14.984469,14.891004,14.846721,14.405717,14.303818
84	0	50	7.588980	198,279,220,271,40,58,791,16	18.788465,15.074147,15.049706,14.955983,14.574613,14.430439,14.132988,14.028832
85	0	13	8.387597	198,271,220,279,58,720,334,512	18.826426,15.206389,14.990790,14.585899,14.527499,13.983368,13.926593,13.836716
86	0	8930	15.229327	198,220,279,271,40,791,58,264	18.964758,15.629222,15.501518,15.495631,14.668137,14.542320,14.499004,14.387409
87	0	488	13.262959	198,271,220,279,791,40,58,720	18.094015,14.845283,14.823049,14.279091,13.680176,13.598607,13.567822,13.421069
88	0	11	6.215320	198,271,220,279,58,40,311,791	18.730831,15.665741,15.227891,15.176023,14.626119,14.287998,14.285886,14.133677
89	0	452	9.489140	198,279,220,271,264,311,1148,58	18.659300,16.059320,15.858752,15.129428,14.808064,14.635086,14.567121,14.496053
90	0	13	8.151357	198,271,220,279,720,58,311,264	18.373949,15.338710,15.272137,15.033157,14.409644,14.292785,13.991402,13.938222
91	0	50356	17.865296	198,220,279,271,40,791,58,264	18.964758,15.629222,15.501518,15.495631,14.668137,14.542320,14.499004,14.387409
92	0	819	12.915501	198,271,220,791,40,279,44,10267	17.450266,14.215072,13.945572,13.773561,13.558000,13.509395,13.224875,13.097672
93	0	84077	17.163969	198,279,220,271,264,311,58,40	18.268721,15.255280,15.120717,14.861664,14.090161,14.083366,13.991745,13.661273
94	0	29234	12.175734	198,220,271,279,791,58,311,40	18.062801,15.077023,14.762248,14.324346,13.688527,13.652530,13.481069,13.447726
95	0	11	5.674343	198,220,271,279,58,311,264,720	18.131435,15.373711,15.080048,14.908368,14.361974,14.064464,13.929271,13.645756
96	0	432	9.045347	198,279,220,271,264,311,1148,58	18.659300,16.059320,15.858752,15.129428,14.808064,14.635086,14.567121,14.496053
97	0	13	8.305429	198,220,271,279,720,58,311,264	18.387819,15.405368,15.188217,15.167455,14.431867,14.188283,14.126983,14.039429
98	0	2100	9.862667	198,220,279,271,40,791,58,264	18.964758,15.629222,15.501518,15.495631,14.668137,14.542320,14.499004,14.387409
99	0	9211	14.062733	198,279,220,271,264,311,720,1148	18.489756,16.212088,16.024567,15.135414,14.896859,14.841011,14.658512,14.557870
100	0	2001	10.537479	198,220,279,311,271,264,720,12	17.191885,15.790362,15.432816,14.696098,14.505959,14.242111,13.749474,13.355144
101	0	330	5.944748	198,220,279,720,264,311,271,1148	19.104538,16.718359,16.308964,15.075456,15.028340,14.905007,14.875356,14.513127
102	0	9261	11.587944	198,279,271,40,220,791,58,311	19.096682,15.344718,15.264649,14.894580,14.842709,14.537316,14.372841,14.094434
103	0	57893	17.223025	198,220,271,58,279,334,512,311	18.478991,15.524121,15.442824,14.814801,14.603072,14.237582,14.178313,14.065402
104	0	386	10.406730	198,271,220,279,58,311,264,40	18.842905,16.018068,15.531242,15.252933,15.025787,14.330647,14.171065,14.143071
105	0	13025	17.670635	198,271,220,279,58,720,311,264	18.518095,15.414950,15.261865,15.093590,14.278877,14.252998,14.003993,13.950362
106	0	27972	15.935168	198,220,271,279,58,334,720,264	18.212774,15.689102,15.376587,14.940473,14.761815,14.246601,14.169659,14.009320
107	0	498	12.424938	198,220,271,279,58,311,720,264	18.544342,16.599001,15.654938,15.456597,14.829930,14.747306,14.680713,14.545517
108	0	220	3.289422	198,220,279,720,264,271,311,58	19.241682,16.370209,16.329426,15.232018,14.952141,14.934268,14.836414,14.757138
109	0	679	8.448853	198,220,279,271,16,58,311,40	18.200384,15.290648,15.045898,14.543717,14.417618,14.175450,13.947739,13.904727
110	0	21	6.235761	198,220,271,279,720,58,311,16	18.760698,15.902669,15.109164,14.924479,14.515834,14.371513,14.037773,14.006871
111	0	340	8.917989	198,271,220,279,58,311,40,264	19.283926,15.707822,15.492772,15.112407,14.824010,14.174487,14.116557,13.998454
112	0	1835	12.347839	198,220,271,58,279,720,40,16	19.691820,15.773715,15.728864,15.727115,15.234245,14.791698,14.697745,14.695214
113	0	40283	16.025337	198,220,279,271,720,58,264,311	19.265936,16.268608,15.463071,14.984469,14.891004,14.846721,14.405717,14.303818
114	0	3786	16.459833	198,271,220,58,279,311,264,791	19.315254,16.891457,16.343901,15.950459,15.678180,14.751079,14.686623,14.297599
115	0	25	9.266835	198,271,220,279,311,58,264,40	19.011141,15.903247,15.895427,15.863952,15.056035,14.720078,14.611709,14.441072
116	0	3788	11.993685	198,220,279,264,720,271,311,58	17.830078,16.423925,15.855495,14.823354,14.663681,14.484371,14.453435,14.187427
117	0	1129	14.270995	198,220,271,279,720,58,311,264	19.375605,15.917672,15.558822,15.117873,14.702769,14.685425,14.449207,13.609272
118	0	71	6.961145	198,220,271,279,720,311,58,264	18.708696,15.571942,15.280216,15.217481,14.199313,14.049968,13.719131,13.637016
119	0	36368	15.744234	198,220,271,279,58,720,311,264	18.361189,14.879119,14.568503,14.561417,14.219729,13.745659,13.724273,13.469731
120	0	1594	12.313528	198,220,279,271,264,311,58,459	17.535563,16.152802,16.044250,14.867124,14.860168,14.776372,14.095215,13.957054
121	0	6973	18.672601	198,271,220,279,58,311,720,264	18.955193,15.518571,15.494643,15.356407,14.783900,14.516151,14.317296,14.112099
122	0	3529	15.713126	198,220,271,720,279,58,311,998	18.246599,15.203312,14.916100,14.553739,14.177498,14.047944,13.448224,13.061768
123	0	77749	17.407797	198,220,271,279,58,720,311,998	18.976858,15.842252,15.387023,15.350761,14.754166,14.494771,14.294858,13.921329
124	0	11628	17.884337	198,271,220,58,279,311,512,264	19.390869,16.635328,16.055841,15.846377,15.314799,14.714938,14.341916,14.217736
125	0	3916	16.387473	198,220,271,279,58,720,311,998	19.292856,15.930161,15.583542,15.262507,14.715421,14.587060,14.215466,13.897117
126	0	9009	12.257769	198,220,271,279,58,311,264,40	18.921230,15.668317,15.482994,15.451825,14.690494,14.597346,14.331268,13.953525
127	0	6458	15.180883	198,279,220,271,264,311,58,720	17.844950,15.936259,15.546298,14.932597,14.856460,14.807200,14.310046,14.034558
128	0	61503	17.694960	198,220,279,271,311,58,264,720	18.999994,15.914952,15.614964,15.264119,14.578206,14.385825,14.155766,14.080686
129	0	428	14.339124	198,220,279,311,271,264,720,12	16.086550,15.153882,14.077538,13.870564,13.778329,13.167850,13.012992,12.674561
130	0	271	3.885956	198,220,279,271,58,311,720,334	18.102560,15.105147,14.799820,14.755708,14.577652,14.140755,13.926318,13.607559
131	0	34336	12.576862	198,271,220,279,791,40,58,3923	19.540018,16.255518,15.514773,15.323673,15.160949,15.149760,15.141446,14.520270
132	0	415	10.962119	198,271,220,58,279,16,40,512	19.326534,15.720917,15.485309,15.438431,14.842789,14.221181,14.057677,13.999555
133	0	551	8.605498	198,220,279,720,264,271,311,58	18.284353,16.734348,16.005369,15.204277,14.835609,14.634000,14.610554,14.134364
134	0	2539	10.025222	198,220,279,271,58,720,311,264	18.886896,16.209051,15.709358,14.854276,14.638606,14.622269,14.437974,14.427101
135	0	1296	13.219276	198,279,220,271,311,58,264,1148	18.941925,15.992488,15.426053,15.361712,14.881543,14.591954,14.495495,14.406701
136	0	6859	14.587100	198,279,271,220,58,311,264,40	18.835371,16.088732,15.977223,15.657561,15.225064,14.987862,14.656369,14.561820
137	0	320	7.950974	198,279,220,271,311,58,264,512	18.016958,15.656884,15.464929,14.786880,14.618230,14.529574,14.420906,13.613458
138	0	543	11.336714	198,279,220,271,40,58,791,16	18.788465,15.074147,15.049706,14.955983,14.574613,14.430439,14.132988,14.028832
139	0	220	3.727534	198,279,220,271,58,311,264,40	18.334713,15.312103,15.145420,14.829590,14.475568,14.122039,14.037727,13.883446
140	0	19305	12.923672	198,220,279,271,16,58,311,40	18.200384,15.290648,15.045898,14.543717,14.417618,14.175450,13.947739,13.904727
141	0	23	7.100807	198,220,271,279,58,720,311,264	18.609526,15.904231,15.215706,14.843104,14.412127,14.201653,14.107391,13.846791
142	0	7123	17.322962	198,271,220,279,58,311,264,40	19.008877,15.674993,15.488168,15.164710,14.627663,14.271272,13.976474,13.897690
143	0	98634	16.526588	198,220,279,271,311,58,264,720	19.011465,16.485182,16.001411,15.452370,15.234515,15.218864,14.851372,14.500500
144	0	340	8.279070	198,220,279,264,311,271,58,720	18.563910,16.723780,16.047363,14.963655,14.962341,14.939694,14.571823,14.075035
145	0	38	9.132444	198,220,271,58,279,720,40,16	19.691820,15.773715,15.728864,15.727115,15.234245,14.791698,14.697745,14.695214
146	0	2898	11.674771	198,220,271,279,58,720,334,311	18.498009,14.877498,14.840047,14.611847,14.313329,13.877215,13.680865,13.648618
147	0	12	6.304720	198,271,220,279,311,58,264,512	18.911886,15.769061,15.426257,15.268048,14.544209,14.454758,14.084435,13.727307
148	0	17	5.091097	198,220,279,16,720,334,264,58	17.964060,16.182365,15.736781,14.870118,14.674663,14.642638,14.605693,14.593413
149	0	426	10.701105	198,220,271,58,279,16,334,720	18.811855,15.347569,14.934293,14.892470,14.745784,14.404737,14.159379,13.983777
150	0	1777	11.637296	198,271,220,279,58,720,311,264	18.897295,15.607528,15.556966,15.205199,14.595268,14.420917,14.160347,14.118088
151	0	11460	16.710663	198,271,220,279,58,311,264,720	19.093269,15.829536,15.123824,14.960196,14.665128,14.141896,13.775322,13.645700
152	0	320	8.167845	198,220,279,271,58,311,264,512	18.825199,16.111120,15.429143,15.355461,15.059627,14.556587,14.292786,14.153046
153	0	83	8.009722	198,279,220,271,40,58,791,16	18.788465,15.074147,15.049706,14.955983,14.574613,14.430439,14.132988,14.028832
154	0	1609	12.657493	198,220,271,279,58,720,311,512	18.564928,15.010728,14.749451,14.731255,14.526443,13.955834,13.857606,13.753743
155	0	5963	13.990251	198,220,271,279,58,311,264,720	17.962313,14.963153,14.908961,14.525578,13.951244,13.885562,13.443207,13.331250
156	0	1680	12.528302	198,220,271,279,58,512,311,720	18.477962,15.657161,15.621407,14.976135,14.696149,14.328286,14.027661,13.855454
157	0	220	1.810051	198,220,279,720,264,311,58,334	17.617899,16.756882,15.737450,15.290970,14.958806,14.614631,14.382679,14.334679
158	0	16085	10.616093	198,220,279,271,16,58,311,40	18.200384,15.290648,15.045898,14.543717,14.417618,14.175450,13.947739,13.904727
159	0	17897	12.996952	198,220,271,279,58,720,311,264	18.528612,15.874226,14.900887,14.707501,14.426295,14.342499,13.894641,13.644559
160	0	198	0.368973	198,220,271,279,58,720,311,16	18.927565,15.953064,15.168529,14.831710,14.735135,14.545718,13.996882,13.984085
161	0	1688	8.675109	198,271,220,279,58,40,311,16	19.728205,15.780765,15.559733,15.395997,15.343167,14.883454,14.443675,14.435940
162	0	393	9.284930	198,220,279,271,264,58,720,40	17.812122,15.635185,15.569935,14.531024,14.447548,14.214414,13.983226,13.795970
163	0	2989	10.096548	198,271,220,279,58,720,311,264	18.415556,15.316544,14.953456,14.854587,14.308846,14.125381,13.774282,13.700305
164	0	71608	17.335264	198,271,279,220,58,311,264,998	18.618176,15.150895,14.798032,14.662477,14.209747,14.023578,13.576133,13.437748
165	0	15906	16.836143	198,220,271,58,279,720,16,311	18.813246,15.841018,15.354695,14.732270,14.365517,14.055458,13.713702,13.680767
166	0	28	7.943313	198,220,271,720,279,58,311,512	17.140408,15.707576,14.422276,14.192429,14.156140,14.038676,13.849564,13.544060
167	0	12378	11.760974	198,220,279,58,271,720,16,334	18.633345,15.722214,14.852077,14.660522,14.529521,14.494044,14.339747,13.817424
168	0	21	6.353453	198,220,271,58,279,720,334,16	18.959980,15.867088,15.330760,14.951848,14.684937,14.517316,14.470925,14.181849
169	0	420	8.705252	198,271,220,279,58,311,40,264	19.283926,15.707822,15.492772,15.112407,14.824010,14.174487,14.116557,13.998454
170	0	36508	14.426836	198,279,271,220,58,40,311,264	19.322319,15.588681,15.486234,15.190297,14.656463,14.554009,14.439072,14.361016
171	0	220	2.234391	198,220,279,264,311,271,58,459	17.936735,16.622332,16.382963,15.328675,15.047557,14.802902,14.457175,14.405739
172	0	3076	8.836546	198,220,279,271,16,58,311,40	18.200384,15.290648,15.045898,14.543717,14.417618,14.175450,13.947739,13.904727
173	0	2536	13.410168	198,220,271,58,279,720,311,16	19.279833,15.934978,15.530296,14.940051,14.807010,14.123063,14.007861,13.891243
174	0	29352	16.283617	198,271,279,220,58,720,40,311	18.957928,15.345351,15.243553,14.978688,14.605083,14.370277,14.335217,14.167829
175	0	91719	14.553863	198,279,220,271,58,311,264,720	19.437267,16.328846,16.013491,15.498330,15.239701,15.147416,14.930707,14.587456
176	0	27855	15.229068	198,220,279,271,264,58,311,720	18.858702,16.659338,16.563620,15.712692,15.407342,15.393303,14.881145,14.727474
177	0	345	7.815833	198,271,220,279,58,311,512,16	19.709574,16.479561,15.941429,15.590291,15.539033,14.903661,14.747429,14.533801
178	0	19975	15.831839	198,220,271,279,58,720,40,311	20.102406,15.910378,15.788602,15.569810,15.461326,14.722859,14.625977,14.499603
179	0	2915	13.553693	198,220,271,279,311,264,58,12	18.350218,15.818492,15.646386,15.640297,14.967990,14.614821,14.590611,14.414662
180	0	49005	15.509325	198,279,220,271,311,264,58,1148	18.983284,15.852923,15.798309,15.484654,14.897575,14.729015,14.571330,14.466886
181	0	279	2.737804	198,220,279,264,271,311,1148,720	18.926666,16.923700,16.810625,15.418063,15.392982,15.093521,15.089691,14.965873
182	0	220	3.179549	198,279,220,271,264,1148,311,58	18.387686,16.133886,15.906955,15.067622,14.881269,14.611481,14.571528,14.040836
183	0	508	5.314687	198,220,279,271,16,58,311,40	18.200384,15.290648,15.045898,14.543717,14.417618,14.175450,13.947739,13.904727
184	0	11843	15.511918	198,220,271,58,279,720,16,334	19.305256,16.107885,15.506263,15.284902,15.223061,14.587840,14.562825,14.432541
185	0	3200	13.119095	198,220,271,279,58,998,72,40	18.887289,15.342620,15.055500,15.035777,14.392136,14.217216,14.162247,13.983289
186	0	16686	16.290569	198,220,279,271,311,58,264,720	18.059637,15.200786,14.989270,14.751357,14.194896,14.132100,13.821908,13.464841
187	0	315	8.118141	198,220,271,279,311,58,720,264	19.277977,16.165190,16.029139,15.908818,15.199013,15.159523,14.867734,14.722379
188	0	279	2.921453	198,279,220,271,264,1148,311,58	18.556715,16.341967,15.932574,15.193919,15.042359,14.865293,14.583417,14.279603
189	0	426	9.577344	198,279,220,271,264,1148,311,58	18.387686,16.133886,15.906955,15.067622,14.881269,14.611481,14.571528,14.040836
190	0	18	6.839553	198,271,220,279,58,720,311,264	18.897295,15.607528,15.556966,15.205199,14.595268,14.420917,14.160347,14.118088
191	0	4367	12.903553	198,220,271,279,58,16,334,40	19.047747,15.494183,15.324145,15.005241,14.972077,14.405555,14.223901,14.139130
192	0	18618	15.360075	198,271,279,220,311,58,1148,264	19.413248,16.278708,16.130556,15.353951,15.196422,14.874142,14.847332,14.738483
193	0	382	8.300437	198,220,279,311,271,264,720,374	17.912720,16.476259,16.367731,15.563592,15.399219,15.048518,14.490997,14.320580
194	0	2028	7.325669	198,271,40,791,220,58,279,3923	19.971113,16.791952,16.006058,15.841220,15.776207,15.721695,15.321332,15.090366
195	0	1052	14.998075	198,220,271,279,58,40,791,264	19.336554,15.584538,15.460855,15.251801,14.723975,14.636459,14.375579,14.220269
196	0	374	5.273329	198,279,220,271,311,264,58,720	18.775978,16.444242,16.062481,15.936768,15.515018,15.128509,15.012740,14.315021
197	0	1511	10.958325	198,279,220,271,264,311,58,1148	18.874168,16.050264,15.948543,15.323257,14.857760,14.684718,14.593300,14.500596
198	0	439	8.360522	198,279,220,271,311,264,58,1148	18.631205,16.192795,15.920987,15.359878,15.143448,14.841164,14.718534,14.260239
199	0	264	4.247890	198,279,220,271,264,1148,311,58	18.818338,16.487978,15.999616,15.381373,15.171627,14.979225,14.884819,14.444230
200	0	12790	16.703448	198,279,220,271,264,311,58,1148	18.668501,15.762531,15.610847,15.176777,14.664111,14.390205,14.350079,14.309318
201	0	369	7.515485	198,279,220,271,311,264,459,58	17.400026,15.759761,15.541840,14.938855,14.879392,14.562354,13.734406,13.580770
202	0	279	2.835764	198,279,220,264,271,311,1148,58	18.528307,16.351425,15.878741,15.055740,15.040245,14.707134,14.641055,14.499011
203	0	48275	15.660879	198,279,220,271,264,1148,311,58	18.387686,16.133886,15.906955,15.067622,14.881269,14.611481,14.571528,14.040836
204	0	45320	9.456599	198,220,279,271,311,264,58,459	17.992449,16.443731,15.674198,15.497931,14.752498,14.561253,14.183484,13.694791
205	0	85748	16.932283	198,220,271,58,279,334,12,512	17.783871,15.231616,14.688128,14.304368,13.643384,13.527237,13.446589,13.384953
206	0	6636	14.180180	198,220,279,271,311,264,720,58	17.746641,15.214196,14.898587,14.633517,14.043361,13.768888,13.761040,13.760997
207	0	74252	14.188911	198,279,220,271,311,264,58,512	18.149574,15.808376,15.676579,15.434140,14.853625,14.595914,14.585200,13.825765
208	0	488	12.623336	198,220,271,279,58,12,512,311	17.810621,14.991173,14.631583,14.110257,13.766899,13.726918,13.493775,13.475102
209	0	18618	16.003642	198,271,220,279,58,40,311,791	18.730831,15.665741,15.227891,15.176023,14.626119,14.287998,14.285886,14.133677
210	0	198	0.962668	198,220,279,311,271,264,720,374	17.912720,16.476259,16.367731,15.563592,15.399219,15.048518,14.490997,14.320580
211	0	8793	19.420250	198,271,220,279,58,40,311,16	19.728205,15.780765,15.559733,15.395997,15.343167,14.883454,14.443675,14.435940
212	0	82	5.586130	198,220,58,271,720,279,16,998	19.061943,15.940886,15.881645,15.546290,15.038963,14.616131,14.499322,14.298543
213	0	5640	16.868426	198,271,279,220,58,311,512,264	19.029549,15.210183,15.120543,14.877862,14.771492,14.303505,14.129257,13.986941
214	0	324	11.589459	198,220,279,271,58,311,720,264	19.028337,15.741397,15.502785,15.411326,14.711029,14.484421,14.430652,14.073609
215	0	754	10.376527	198,220,271,279,311,58,264,40	18.053732,14.957352,14.920541,14.854824,13.991565,13.888107,13.724967,13.408237
216	0	98166	17.555315	198,220,271,279,58,720,16,311	18.724695,15.486238,14.940335,14.568500,14.304004,13.904132,13.658177,13.637207
217	0	2253	14.986691	198,220,271,512,58,16,279,12	16.626263,14.176251,14.003018,13.783859,13.346431,12.931485,12.873691,12.776666
218	0	17	5.908993	198,220,271,58,279,334,720,16	18.551104,15.147279,14.822891,14.685596,14.262108,14.256270,14.168237,14.089793
219	0	68	8.193752	198,220,271,58,279,16,334,720	18.811855,15.347569,14.934293,14.892470,14.745784,14.404737,14.159379,13.983777
220	0	26721	16.944380	198,220,271,279,58,720,334,512	18.838556,15.147447,14.853627,14.574654,14.519912,13.950877,13.878047,13.778569
221	0	4390	12.495858	198,271,220,279,720,311,58,264	18.983799,15.797992,15.717755,15.282582,14.747601,14.599309,13.957879,13.725158
222	0	8780	11.751571	198,271,58,220,334,40,720,16	20.353765,16.384369,16.279655,16.175970,15.723086,15.431571,15.375968,15.017507
223	0	32905	12.238345	198,220,279,271,58,40,311,264	18.821318,15.478439,15.430940,15.290936,15.037769,14.339787,14.201427,14.159373
224	0	1005	10.191091	198,220,279,271,58,311,720,334	19.030867,15.944335,15.601405,15.515271,15.128774,14.675250,14.568295,14.512492
225	0	2011	9.713377	198,279,220,271,311,264,58,1148	18.543736,16.329561,15.668157,15.621127,15.011487,14.940112,14.760230,14.496518
226	0	14389	14.712671	198,220,279,311,271,264,1148,58	18.444689,15.994709,15.936901,14.960182,14.944805,14.686332,14.183402,14.132573
227	0	420	7.173986	198,279,220,271,264,311,1148,459	18.185633,16.651476,15.894376,15.414332,15.333232,15.010297,14.733788,14.553768
228	0	13844	15.365340	198,279,271,220,58,40,311,264	19.322319,15.588681,15.486234,15.190297,14.656463,14.554009,14.439072,14.361016
229	0	7866	14.293318	198,279,220,271,311,264,720,58	18.444929,16.017679,15.788732,15.459416,14.938461,14.656116,14.459076,14.108396
230	0	93314	14.043060	198,220,279,264,271,311,720,459	18.151331,16.952644,16.511698,15.002530,14.909810,14.684997,14.394257,14.314162
231	0	220	3.758677	198,220,271,279,311,58,720,264	19.368902,15.919475,15.846282,15.554893,14.607623,14.345958,14.343946,14.283054
232	0	18	5.594784	198,220,279,271,16,58,311,40	18.200384,15.290648,15.045898,14.543717,14.417618,14.175450,13.947739,13.904727
233	0	13	8.893626	198,220,271,279,58,16,334,40	19.047747,15.494183,15.324145,15.005241,14.972077,14.405555,14.223901,14.139130
234	0	15	7.074888	198,220,279,271,40,791,58,264	18.964758,15.629222,15.501518,15.495631,14.668137,14.542320,14.499004,14.387409
235	0	63124	15.483855	198,220,271,279,58,311,720,16	19.217443,15.396396,15.236012,14.971535,14.773957,14.147183,13.995486,13.980927
236	0	382	8.939328	198,220,271,279,311,58,264,1148	19.136038,16.014687,15.984779,15.833295,15.313259,14.814496,14.551326,14.116414
237	0	284	11.992333	198,271,40,791,220,58,279,3923	19.971113,16.791952,16.006058,15.841220,15.776207,15.721695,15.321332,15.090366
238	0	8563	12.009134	198,220,279,720,264,271,311,58	18.199274,16.743723,15.827834,14.992953,14.744438,14.395322,14.347649,14.192204
239	0	426	9.556621	198,220,279,271,264,311,1148,720	17.960892,16.321665,15.835197,15.286731,14.653861,14.394938,14.200727,14.097287
240	0	11206	15.730428	198,271,220,279,58,720,311,264	18.897295,15.607528,15.556966,15.205199,14.595268,14.420917,14.160347,14.118088
241	0	466	8.706873	198,271,220,58,279,791,40,311	18.634851,15.135192,14.940747,14.629779,14.364182,14.024199,13.948701,13.418622
242	0	284	10.234627	198,279,220,271,311,264,58,720	18.062243,15.516782,15.355698,15.029358,14.477170,14.324939,14.116710,13.579875
243	0	720	3.898015	198,220,279,720,264,271,311,58	18.199274,16.743723,15.827834,14.992953,14.744438,14.395322,14.347649,14.192204
244	0	8563	13.224028	198,220,58,271,279,720,40,16	19.748571,16.338440,15.803073,15.648120,15.438540,15.065273,14.953280,14.708340
245	0	426	9.556621	198,220,279,271,264,311,1148,720	17.960892,16.321665,15.835197,15.286731,14.653861,14.394938,14.200727,14.097287
246	0	11206	15.730428	198,271,220,279,58,720,311,264	18.897295,15.607528,15.556966,15.205199,14.595268,14.420917,14.160347,14.118088
247	0	466	8.706873	198,271,220,58,279,791,40,311	18.634851,15.135192,14.940747,14.629779,14.364182,14.024199,13.948701,13.418622
248	0	374	5.627359	198,279,220,271,311,264,58,720	18.062243,15.516782,15.355698,15.029358,14.477170,14.324939,14.116710,13.579875
249	0	459	5.662587	198,279,220,271,264,311,58,1148	18.874168,16.050264,15.948543,15.323257,14.857760,14.684718,14.593300,14.500596
250	0	6498	9.777015	198,279,220,271,264,311,1148,58	18.610191,15.732181,15.546455,15.243579,14.582362,14.417613,14.320553,14.296426
251	0	4632	14.582980	198,220,279,271,311,264,720,58	18.555260,16.235138,16.153055,15.493064,15.097354,14.955354,14.629565,14.345813
252	0	1174	10.012190	198,279,220,271,311,264,1148,58	18.569115,16.377245,15.947452,15.613338,15.206132,14.928730,14.689504,14.569491
253	0	12707	14.934615	198,220,279,264,311,58,271,720	18.463499,16.564587,16.020687,14.723794,14.614247,14.547978,14.440827,14.305255
254	0	323	5.957691	198,279,271,220,311,1148,264,58	18.773878,15.996325,15.692472,15.397767,14.980896,14.809239,14.624554,14.461825
255	0	34596	13.476925	198,279,220,271,1148,264,311,358	18.806881,16.788877,16.166117,15.716744,15.465240,15.361637,15.189132,14.518906
256	0	12360	14.809630	198,279,271,220,311,264,58,1148	19.048063,16.244102,16.034529,16.030279,15.445679,14.968559,14.810662,14.759560
257	0	662	10.509498	198,279,220,271,311,58,264,512	18.364704,15.920531,15.799148,15.516997,15.134518,14.622781,14.586871,13.920300
258	0	1283	11.546504	198,220,279,271,58,311,264,720	19.139894,15.890201,15.496690,15.383957,14.764459,14.294850,14.198108,14.153750
259	0	1047	8.893282	198,220,279,271,264,311,720,58	18.412298,15.835373,15.663617,15.263612,14.491050,14.429690,14.208280,14.190437
260	0	264	4.406772	198,279,220,271,264,311,1148,58	19.072050,16.466413,16.014986,15.336720,15.191278,15.101695,15.015218,14.803889
261	0	8810	15.348853	198,279,220,271,264,311,58,1148	18.668501,15.762531,15.610847,15.176777,14.664111,14.390205,14.350079,14.309318
262	0	571	12.230362	198,279,220,311,271,264,1148,459	18.021517,16.174295,15.686490,15.287384,15.175877,14.871540,14.309545,14.136859
263	0	12	7.131556	198,271,220,279,720,311,58,998	18.712538,15.521443,15.436202,14.919908,14.153272,13.859360,13.828214,13.700534
264	0	31	10.828439	198,220,279,16,720,334,264,58	17.964060,16.182365,15.736781,14.870118,14.674663,14.642638,14.605693,14.593413
265	0	40500	15.001067	198,220,271,279,720,58,311,16	18.572145,15.367855,15.068559,14.802831,14.358266,13.999949,13.630677,13.588153
266	0	3560	12.091568	198,220,279,264,459,311,1148,271	16.907707,16.700151,16.548376,15.304123,14.939903,14.693692,14.612432,14.122978
267	0	389	9.992275	198,220,279,271,311,58,264,512	18.586411,15.658692,15.567813,15.301747,15.009425,14.483444,14.306587,13.977273
268	0	279	2.984673	198,279,220,271,264,311,1148,58	18.687933,16.352955,16.087898,15.222402,14.998843,14.741092,14.679826,14.367091
269	0	12707	13.795490	198,279,220,271,264,1148,311,58	18.387686,16.133886,15.906955,15.067622,14.881269,14.611481,14.571528,14.040836
270	0	4101	12.539795	198,279,271,220,311,1148,264,58	18.773878,15.996325,15.692472,15.397767,14.980896,14.809239,14.624554,14.461825
271	0	578	7.473535	198,271,220,58,279,40,311,512	19.493509,16.235220,16.068525,15.764344,15.527608,14.981715,14.797318,14.667262
272	0	8766	13.929959	198,220,279,271,264,720,311,1148	18.260691,16.149611,15.985401,15.180481,14.810124,14.505141,14.332324,14.264979
273	0	304	6.966026	198,220,279,271,264,311,1148,58	18.706388,16.582344,16.424566,15.853656,15.155154,15.088008,14.835422,14.758748
274	0	220	3.297041	198,279,220,264,271,311,1148,58	18.553186,16.570745,15.950866,15.179730,15.159527,15.055076,14.842221,14.062182
275	0	1049	6.843621	198,220,279,271,16,58,311,40	18.200384,15.290648,15.045898,14.543717,14.417618,14.175450,13.947739,13.904727
276	0	15	6.716269	198,220,271,279,58,720,311,16	18.989054,15.740318,15.385005,15.203568,14.690918,14.601364,14.203979,14.119050
277	0	662	10.341202	198,220,271,279,58,311,720,16	19.217443,15.396396,15.236012,14.971535,14.773957,14.147183,13.995486,13.980927
278	0	1115	9.046365	198,220,279,271,58,311,264,720	19.139894,15.890201,15.496690,15.383957,14.764459,14.294850,14.198108,14.153750
279	0	574	8.212764	198,279,220,271,40,264,58,311	19.376413,15.553142,15.545369,15.465638,14.422706,14.400043,14.346501,14.290085
280	0	8272	13.164494	198,279,220,271,264,1148,311,58	19.094675,16.565477,16.357344,15.381180,15.257454,15.197597,15.099014,14.608970
281	0	555	8.033973	198,220,279,271,311,58,264,1148	19.660501,16.483114,16.440062,15.712403,15.386563,15.095901,15.066491,15.061282
282	0	264	3.650182	198,220,279,264,271,311,1148,459	17.989965,16.802811,16.720980,15.398006,15.086704,14.941078,14.769954,14.444209
283	0	40500	14.195964	198,279,220,271,264,311,58,1148	18.668501,15.762531,15.610847,15.176777,14.664111,14.390205,14.350079,14.309318
284	0	3560	12.091568	198,220,279,264,459,311,1148,271	16.907707,16.700151,16.548376,15.304123,14.939903,14.693692,14.612432,14.122978
285	0	304	6.984723	198,220,279,271,311,58,264,512	18.586411,15.658692,15.567813,15.301747,15.009425,14.483444,14.306587,13.977273
286	0	279	2.677162	198,279,220,264,271,311,1148,58	18.553186,16.570745,15.950866,15.179730,15.159527,15.055076,14.842221,14.062182
287	0	1514	10.248825	198,279,220,271,264,1148,311,58	18.387686,16.133886,15.906955,15.067622,14.881269,14.611481,14.571528,14.040836
288	0	6385	12.543594	198,279,220,271,311,264,58,1148	18.775696,16.280762,15.496848,15.469529,15.201709,14.926822,14.600170,14.538193
289	0	2439	13.205101	198,220,279,271,264,311,720,12	17.536768,15.777324,15.687691,14.890175,14.471845,14.420097,14.189946,13.911011
290	0	5439	12.272418	198,220,271,279,311,58,264,40	18.737164,15.437854,15.388653,15.373820,14.566651,14.562274,14.187184,13.879666
291	0	555	7.362409	198,279,220,311,264,271,58,1148	18.862434,16.527489,16.336653,15.343898,15.222596,15.112132,14.784923,14.682658
292	0	22021	13.878313	198,220,279,264,271,311,1148,459	17.989965,16.802811,16.720980,15.398006,15.086704,14.941078,14.769954,14.444209
293	0	77023	15.427886	198,220,279,271,264,58,311,12	17.690882,15.486587,14.929677,14.804893,13.950054,13.845830,13.762566,13.708386
294	0	1174	9.182581	198,220,279,271,58,720,311,12	17.706591,15.820050,14.966076,14.699351,14.247063,14.246590,14.185371,14.108556
295	0	902	7.763990	198,220,279,264,311,58,271,720	18.463499,16.564587,16.020687,14.723794,14.614247,14.547978,14.440827,14.305255
296	0	574	8.047902	198,279,271,220,58,40,1148,311	19.645750,15.946280,15.735394,15.541980,15.022476,14.870819,14.772548,14.633430
297	0	10887	12.693378	198,279,220,271,264,1148,311,58	19.094675,16.565477,16.357344,15.381180,15.257454,15.197597,15.099014,14.608970
298	0	304	7.354231	198,279,220,271,311,58,264,1148	19.012596,16.098148,16.096306,15.189641,14.989766,14.944669,14.934361,14.306511
299	0	220	3.297041	198,279,220,264,271,311,1148,58	18.553186,16.570745,15.950866,15.179730,15.159527,15.055076,14.842221,14.062182
300	0	1049	6.843621	198,220,279,271,16,58,311,40	18.200384,15.290648,15.045898,14.543717,14.417618,14.175450,13.947739,13.904727
301	0	16	5.254217	198,220,271,279,58,720,311,16	18.989054,15.740318,15.385005,15.203568,14.690918,14.601364,14.203979,14.119050
302	0	520	6.881901	198,220,271,279,58,311,16,264	18.851578,15.474153,15.033082,14.970988,14.595172,14.104694,14.014789,13.918422
303	0	279	2.588303	198,279,220,264,271,311,1148,720	18.320993,16.485630,16.211882,15.118790,14.811069,14.770413,14.537908,14.304412
304	0	16591	13.810870	198,279,220,271,264,1148,311,58	18.387686,16.133886,15.906955,15.067622,14.881269,14.611481,14.571528,14.040836
305	0	7301	13.026349	198,220,279,271,264,311,1148,791	17.828741,15.690315,15.376973,15.329055,14.271016,14.118360,14.073398,14.043663
306	0	27315	16.563969	198,279,220,271,311,264,720,459	18.077570,16.645805,16.450022,15.646268,15.420212,15.245178,14.672160,14.562691
307	0	662	10.483143	198,220,279,271,311,264,58,1148	19.106266,16.477633,16.176672,16.159941,15.305028,14.972168,14.760066,14.625092
308	0	1283	11.546504	198,220,279,271,58,311,264,720	19.139894,15.890201,15.496690,15.383957,14.764459,14.294850,14.198108,14.153750
309	0	1047	8.893282	198,220,279,271,264,311,720,58	18.412298,15.835373,15.663617,15.263612,14.491050,14.429690,14.208280,14.190437
310	0	264	4.406772	198,279,220,271,264,311,1148,58	19.072050,16.466413,16.014986,15.336720,15.191278,15.101695,15.015218,14.803889
311	0	8810	15.348853	198,279,220,271,264,311,58,1148	18.668501,15.762531,15.610847,15.176777,14.664111,14.390205,14.350079,14.309318
312	0	3560	11.986345	198,279,220,311,271,264,1148,459	18.021517,16.174295,15.686490,15.287384,15.175877,14.871540,14.309545,14.136859
313	0	304	6.984723	198,220,279,271,311,58,264,512	18.586411,15.658692,15.567813,15.301747,15.009425,14.483444,14.306587,13.977273
314	0	279	2.677162	198,279,220,264,271,311,1148,58	18.553186,16.570745,15.950866,15.179730,15.159527,15.055076,14.842221,14.062182
315	0	12707	13.795490	198,279,220,271,264,1148,311,58	18.387686,16.133886,15.906955,15.067622,14.881269,14.611481,14.571528,14.040836
316	0	4101	12.539795	198,279,271,220,311,1148,264,58	18.773878,15.996325,15.692472,15.397767,14.980896,14.809239,14.624554,14.461825
317	0	20819	14.305129	198,271,220,58,279,40,311,512	19.493509,16.235220,16.068525,15.764344,15.527608,14.981715,14.797318,14.667262
318	0	3842	9.998366	198,220,279,271,264,311,459,1148	17.513577,16.563524,16.490284,15.254291,15.194893,15.108342,14.485569,14.378159
319	0	1611	9.299685	198,220,279,271,264,311,1148,459	18.296907,16.330950,16.102041,15.512866,14.817683,14.700031,14.534526,14.131886
320	0	291	10.106431	198,220,279,271,720,58,12,791	17.815865,15.412598,14.408409,14.397948,14.269139,13.586735,13.419441,13.377973
321	0	304	7.266347	198,279,220,271,58,311,264,40	18.462206,15.510951,15.483659,14.991180,14.554036,14.436864,14.380096,13.881638
322	0	220	3.297041	198,279,220,264,271,311,1148,58	18.553186,16.570745,15.950866,15.179730,15.159527,15.055076,14.842221,14.062182
323	0	1049	6.843621	198,220,279,271,16,58,311,40	18.200384,15.290648,15.045898,14.543717,14.417618,14.175450,13.947739,13.904727
324	0	17	6.273932	198,220,271,279,58,720,311,16	18.989054,15.740318,15.385005,15.203568,14.690918,14.601364,14.203979,14.119050
325	0	662	10.105686	198,220,271,58,279,16,334,720	18.811855,15.347569,14.934293,14.892470,14.745784,14.404737,14.159379,13.983777
326	0	763	8.508389	198,220,279,271,58,311,264,720	19.139894,15.890201,15.496690,15.383957,14.764459,14.294850,14.198108,14.153750
327	0	220	3.415173	198,279,220,271,264,311,1148,791	18.573925,16.108814,15.796094,15.249486,14.826655,14.348798,14.342832,14.259849
328	0	1049	6.843621	198,220,279,271,16,58,311,40	18.200384,15.290648,15.045898,14.543717,14.417618,14.175450,13.947739,13.904727
329	0	19	7.381376	198,220,271,279,58,720,311,16	18.989054,15.740318,15.385005,15.203568,14.690918,14.601364,14.203979,14.119050
330	0	426	10.765445	198,220,271,279,58,311,16,40	19.017141,15.369492,15.315871,14.923442,14.697692,14.049218,13.945539,13.864959
331	0	11206	15.730428	198,271,220,279,58,720,311,264	18.897295,15.607528,15.556966,15.205199,14.595268,14.420917,14.160347,14.118088
332	0	466	8.706873	198,271,220,58,279,791,40,311	18.634851,15.135192,14.940747,14.629779,14.364182,14.024199,13.948701,13.418622
333	0	27212	13.712703	198,279,220,271,311,264,58,720	18.062243,15.516782,15.355698,15.029358,14.477170,14.324939,14.116710,13.579875
334	0	264	3.034340	198,279,220,264,311,459,271,1148	16.315958,16.046961,15.442924,14.947438,14.773997,14.287288,14.012799,13.562394
335	0	3560	12.380443	198,279,220,271,264,311,58,1148	18.668501,15.762531,15.610847,15.176777,14.664111,14.390205,14.350079,14.309318
336	0	439	8.262474	198,220,279,271,311,58,264,512	18.586411,15.658692,15.567813,15.301747,15.009425,14.483444,14.306587,13.977273
337	0	330	5.963429	198,279,220,271,264,1148,311,58	18.818338,16.487978,15.999616,15.381373,15.171627,14.979225,14.884819,14.444230
338	0	29517	14.817644	198,279,271,40,220,791,58,311	19.096682,15.344718,15.264649,14.894580,14.842709,14.537316,14.372841,14.094434
339	0	330	5.941924	198,220,279,271,264,311,459,1148	17.519321,15.922076,15.825902,14.940862,14.747684,14.528796,14.036092,13.908051
340	0	304	8.103734	198,279,271,40,220,791,58,311	19.096682,15.344718,15.264649,14.894580,14.842709,14.537316,14.372841,14.094434
341	0	279	2.677162	198,279,220,264,271,311,1148,58	18.553186,16.570745,15.950866,15.179730,15.159527,15.055076,14.842221,14.062182
342	0	9417	14.388154	198,279,220,271,264,1148,311,58	18.387686,16.133886,15.906955,15.067622,14.881269,14.611481,14.571528,14.040836
343	0	330	6.869261	198,271,279,220,311,58,1148,264	19.589100,16.539400,16.208290,16.107256,15.254814,15.247925,15.072923,14.820720
344	0	71166	14.793969	198,279,271,40,220,791,58,311	19.096682,15.344718,15.264649,14.894580,14.842709,14.537316,14.372841,14.094434
345	0	364	9.027384	198,220,279,271,264,311,12,459	16.849316,15.610184,15.041306,14.407025,14.107892,14.033546,13.650864,13.538081
346	0	82	5.780057	198,279,271,220,40,791,58,311	18.688797,15.113416,14.907524,14.807479,14.473893,14.178871,14.001980,13.841793
347	0	15457	14.899843	198,271,279,220,58,311,512,264	19.029549,15.210183,15.120543,14.877862,14.771492,14.303505,14.129257,13.986941
348	0	330	6.437930	198,220,271,279,58,311,264,720	19.235161,16.603008,16.389570,15.826775,15.084870,14.909573,14.740533,14.458583
349	0	315	8.726830	198,279,271,40,220,791,58,311	19.096682,15.344718,15.264649,14.894580,14.842709,14.537316,14.372841,14.094434
350	0	279	2.921453	198,279,220,271,264,1148,311,58	18.556715,16.341967,15.932574,15.193919,15.042359,14.865293,14.583417,14.279603
351	0	12707	13.795490	198,279,220,271,264,1148,311,58	18.387686,16.133886,15.906955,15.067622,14.881269,14.611481,14.571528,14.040836
352	0	4101	12.539795	198,279,271,220,311,1148,264,58	18.773878,15.996325,15.692472,15.397767,14.980896,14.809239,14.624554,14.461825
353	0	578	7.473535	198,271,220,58,279,40,311,512	19.493509,16.235220,16.068525,15.764344,15.527608,14.981715,14.797318,14.667262
354	0	5843	13.884437	198,220,279,271,264,720,311,1148	18.260691,16.149611,15.985401,15.180481,14.810124,14.505141,14.332324,14.264979
355	0	38725	16.989103	198,220,279,271,311,720,264,58	17.945568,15.876282,15.537071,14.658722,14.405599,14.372228,14.300136,14.124167
356	0	2652	11.295721	198,271,220,279,791,311,264,58	17.828354,15.414319,15.274085,15.251456,14.419453,14.172269,14.150330,14.007668
357	0	568	7.179838	198,220,279,58,720,311,271,264	19.459284,16.729254,16.098688,14.917851,14.874602,14.854012,14.823035,14.748585
358	0	59335	16.680332	198,279,220,271,40,311,58,264	18.897011,15.787136,15.596127,15.449768,14.701730,14.609894,14.599307,14.516868
359	0	16662	14.027021	198,220,279,264,311,459,720,477	16.131647,15.906910,15.661460,14.730161,14.545337,14.134902,13.815307,13.532557
360	0	20142	15.685320	198,279,220,264,271,1148,311,459	18.522066,17.370625,16.533035,15.963407,15.642639,15.623844,15.558651,15.324407
361	0	4488	11.655689	198,279,220,271,311,58,264,1148	18.732237,15.929008,15.678947,15.658809,15.246202,14.777420,14.591438,14.053929
362	0	27191	15.404059	198,220,279,271,264,311,58,1148	18.041336,16.317848,15.927274,15.396253,14.691719,14.459354,14.242219,14.105331
363	0	323	5.943819	198,220,279,271,264,311,720,58	17.583166,15.556233,15.172854,14.343350,14.143434,14.102531,13.977615,13.825009
364	0	43423	12.922241	198,279,220,271,1148,264,311,358	18.806881,16.788877,16.166117,15.716744,15.465240,15.361637,15.189132,14.518906
365	0	15385	15.145413	198,220,271,279,58,311,264,791	18.415577,15.446744,15.143998,14.718883,14.340984,13.814884,13.686119,13.669163
366	0	18843	14.169610	198,220,271,279,720,58,311,998	17.461630,15.278114,14.577129,13.523876,13.151920,13.136230,12.976476,12.911275
367	0	662	10.504477	198,271,220,58,279,311,40,791	18.744385,15.900760,15.263695,14.767917,14.670093,13.905782,13.800635,13.797818
368	0	1283	11.546504	198,220,279,271,58,311,264,720	19.139894,15.890201,15.496690,15.383957,14.764459,14.294850,14.198108,14.153750
369	0	574	7.306940	198,220,279,271,264,311,720,58	18.412298,15.835373,15.663617,15.263612,14.491050,14.429690,14.208280,14.190437
370	0	6445	11.683326	198,279,220,271,264,1148,311,58	19.094675,16.565477,16.357344,15.381180,15.257454,15.197597,15.099014,14.608970
371	0	304	6.739542	198,279,220,311,271,264,58,459	18.000843,16.093809,15.541684,15.097613,14.707568,14.655351,14.178805,13.936627
372	0	279	2.677162	198,279,220,264,271,311,1148,58	18.553186,16.570745,15.950866,15.179730,15.159527,15.055076,14.842221,14.062182
373	0	220	3.179549	198,279,220,271,264,1148,311,58	18.387686,16.133886,15.906955,15.067622,14.881269,14.611481,14.571528,14.040836
374	0	1049	6.843621	198,220,279,271,16,58,311,40	18.200384,15.290648,15.045898,14.543717,14.417618,14.175450,13.947739,13.904727
375	0	20	5.967834	198,220,271,279,58,720,311,16	18.989054,15.740318,15.385005,15.203568,14.690918,14.601364,14.203979,14.119050
376	0	34596	15.482773	198,220,271,279,58,311,720,16	18.948269,15.331426,15.198102,14.882763,14.506317,14.027031,13.922549,13.852298
377	0	54248	16.206518	198,279,271,220,311,264,58,1148	19.048063,16.244102,16.034529,16.030279,15.445679,14.968559,14.810662,14.759560
378	0	315	7.525103	198,279,271,220,311,58,264,1148	19.179106,15.948853,15.832906,15.588615,15.329189,14.792343,14.719403,14.283664
379	0	279	2.921453	198,279,220,271,264,1148,311,58	18.556715,16.341967,15.932574,15.193919,15.042359,14.865293,14.583417,14.279603
380	0	26241	14.512130	198,279,220,271,264,1148,311,58	18.387686,16.133886,15.906955,15.067622,14.881269,14.611481,14.571528,14.040836
381	0	93401	14.924663	198,220,271,279,791,58,264,40	17.897482,15.427719,15.102966,14.954244,13.987731,13.889432,13.768209,13.746915
382	0	1514	10.652710	198,271,220,279,311,264,58,1148	18.680017,15.731250,15.459180,15.430598,14.662122,14.204692,14.005882,13.847959
383	0	44662	14.280287	198,279,220,271,311,264,58,1148	18.775696,16.280762,15.496848,15.469529,15.201709,14.926822,14.600170,14.538193
384	0	50940	16.163916	198,220,279,271,264,311,720,459	17.425032,16.002939,15.408765,15.356186,14.350690,14.334048,13.618546,13.543134
385	0	1174	9.733296	198,220,279,271,12,58,720,264	17.251835,15.100123,14.021290,13.971152,13.552417,13.223506,13.086713,12.969459
386	0	902	7.763990	198,220,279,264,311,58,271,720	18.463499,16.564587,16.020687,14.723794,14.614247,14.547978,14.440827,14.305255
387	0	574	8.047902	198,279,271,220,58,40,1148,311	19.645750,15.946280,15.735394,15.541980,15.022476,14.870819,14.772548,14.633430
388	0	10887	12.693378	198,279,220,271,264,1148,311,58	19.094675,16.565477,16.357344,15.381180,15.257454,15.197597,15.099014,14.608970
389	0	520	6.015768	198,279,220,271,311,58,264,1148	19.012596,16.098148,16.096306,15.189641,14.989766,14.944669,14.934361,14.306511
390	0	279	2.588303	198,279,220,264,271,311,1148,720	18.320993,16.485630,16.211882,15.118790,14.811069,14.770413,14.537908,14.304412
391	0	46506	16.330645	198,279,220,271,264,1148,311,58	18.387686,16.133886,15.906955,15.067622,14.881269,14.611481,14.571528,14.040836
392	0	27315	17.227831	198,220,279,271,311,264,12,720	17.146523,15.979541,15.029332,14.643089,14.013873,13.988210,13.618820,13.473503
393	0	304	7.063412	198,220,279,271,311,264,58,1148	19.106266,16.477633,16.176672,16.159941,15.305028,14.972168,14.760066,14.625092
394	0	72098	17.348491	198,279,220,264,271,311,1148,58	18.553186,16.570745,15.950866,15.179730,15.159527,15.055076,14.842221,14.062182
395	0	323	5.538001	198,279,220,271,311,1148,264,459	18.648575,16.373062,16.035852,15.998269,15.351932,15.085750,15.024632,14.476947
396	0	279	2.748745	198,279,220,271,1148,264,311,358	18.806881,16.788877,16.166117,15.716744,15.465240,15.361637,15.189132,14.518906
397	0	11258	14.089733	198,279,220,271,264,1148,311,58	18.387686,16.133886,15.906955,15.067622,14.881269,14.611481,14.571528,14.040836
398	0	1291	11.206976	198,220,279,271,311,264,12,720	17.403694,15.776902,15.461619,14.695679,14.533188,14.437894,14.117175,14.046295
399	0	39520	17.002390	198,220,279,311,271,264,58,720	17.285334,15.671975,15.413223,14.508682,14.446353,14.236660,13.597606,13.579422
400	0	17367	14.781077	198,220,279,271,264,311,720,459	17.671751,16.365229,15.581655,15.561466,14.586627,14.559070,14.079578,13.845380
401	0	304	6.668993	198,220,279,271,311,264,58,720	17.956526,15.727269,15.618016,15.433350,14.760615,14.563858,14.030698,14.012226
402	0	7295	12.305907	198,279,220,264,271,311,1148,58	18.553186,16.570745,15.950866,15.179730,15.159527,15.055076,14.842221,14.062182
403	0	662	10.109823	198,279,220,271,311,264,1148,459	18.200727,16.427856,16.402399,15.553543,15.277896,15.215899,14.585674,14.548760
404	0	1283	11.546504	198,220,279,271,58,311,264,720	19.139894,15.890201,15.496690,15.383957,14.764459,14.294850,14.198108,14.153750
405	0	574	7.306940	198,220,279,271,264,311,720,58	18.412298,15.835373,15.663617,15.263612,14.491050,14.429690,14.208280,14.190437
406	0	15910	11.730057	198,279,220,271,264,1148,311,58	19.094675,16.565477,16.357344,15.381180,15.257454,15.197597,15.099014,14.608970
407	0	555	7.200305	198,279,220,311,264,271,58,512	17.890694,15.978997,15.675746,15.207578,14.745273,14.587833,14.194592,14.018937
408	0	3842	10.167334	198,220,279,264,271,311,1148,459	17.989965,16.802811,16.720980,15.398006,15.086704,14.941078,14.769954,14.444209
409	0	68573	15.012493	198,220,279,271,264,311,1148,459	18.296907,16.330950,16.102041,15.512866,14.817683,14.700031,14.534526,14.131886
410	0	323	5.086702	198,279,220,264,720,271,12,459	15.875679,15.133533,14.847237,14.170430,13.911766,13.875175,13.835579,13.833237
411	0	59335	15.964305	198,279,220,271,1148,264,311,358	18.806881,16.788877,16.166117,15.716744,15.465240,15.361637,15.189132,14.518906
412	0	16662	14.027021	198,220,279,264,311,459,720,477	16.131647,15.906910,15.661460,14.730161,14.545337,14.134902,13.815307,13.532557
413	0	7505	13.351887	198,279,220,264,271,1148,311,459	18.522066,17.370625,16.533035,15.963407,15.642639,15.623844,15.558651,15.324407
414	0	1254	12.146584	198,220,279,271,264,311,58,720	17.370493,15.672477,15.116511,14.560483,13.937776,13.878262,13.436574,13.393074
415	0	819	12.363118	198,271,220,279,720,998,40,72	17.781580,14.654376,14.360863,14.209930,13.885048,13.743922,13.528327,13.510162
416	0	675	13.248477	198,279,220,271,264,311,58,40	18.268721,15.255280,15.120717,14.861664,14.090161,14.083366,13.991745,13.661273
417	0	1174	9.941543	198,220,279,271,58,311,264,40	18.188288,14.950475,14.759819,14.681293,14.019439,13.780240,13.573775,13.508735
418	0	51075	16.484881	198,220,279,264,311,58,271,720	18.463499,16.564587,16.020687,14.723794,14.614247,14.547978,14.440827,14.305255
419	0	1901	10.852597	198,279,220,271,40,791,311,1148	18.427614,15.636950,15.636365,15.536855,14.426765,14.418477,14.409313,14.392018
420	0	12997	15.612476	198,220,279,271,720,311,58,264	17.956717,15.097888,14.699466,14.670673,14.130058,13.726377,13.640824,13.515865
421	0	1174	9.685643	198,220,279,271,311,58,264,791	18.236574,15.080720,14.953342,14.766464,14.025962,13.965370,13.819430,13.458351
422	0	14253	13.753081	198,220,279,264,311,58,271,720	18.463499,16.564587,16.020687,14.723794,14.614247,14.547978,14.440827,14.305255
423	0	18206	13.553701	198,220,279,271,311,264,1148,791	17.698030,15.589810,15.480830,15.343704,14.382257,14.337382,13.936313,13.809577
424	0	1174	9.132160	198,279,220,271,311,264,1148,459	17.726604,16.224052,15.951449,15.357207,15.130580,14.891162,14.464630,14.146489
425	0	56230	15.699642	198,220,279,264,311,58,271,720	18.463499,16.564587,16.020687,14.723794,14.614247,14.547978,14.440827,14.305255
426	0	24852	12.586455	198,279,220,311,271,264,459,720	17.176115,15.880241,15.589592,14.883362,14.821297,14.729260,14.081172,13.927586
427	0	417	9.935652	198,220,271,279,58,40,791,311	17.930170,15.387881,15.111899,14.502845,14.028587,13.700683,13.685601,13.559812
428	0	1174	9.961506	198,220,279,271,311,58,720,264	18.680998,15.382207,15.313678,14.998189,14.607540,14.576576,14.218781,14.137822
429	0	60410	15.124015	198,220,279,264,311,58,271,720	18.463499,16.564587,16.020687,14.723794,14.614247,14.547978,14.440827,14.305255
430	0	81764	16.256897	198,220,279,720,271,264,12,311	17.339346,15.836347,15.049150,14.415004,14.393853,14.152866,14.109302,14.069557
431	0	323	5.730170	198,220,279,271,264,720,311,12	17.387325,15.734036,14.935364,14.720909,14.117162,14.021419,13.960547,13.790233
432	0	68134	14.129770	198,279,220,271,1148,264,311,358	18.806881,16.788877,16.166117,15.716744,15.465240,15.361637,15.189132,14.518906
433	0	11166	13.088442	198,220,279,271,264,311,58,1148	18.040056,15.810222,15.284343,14.998761,14.192853,14.060756,13.822717,13.691495
434	0	662	10.216562	198,220,279,271,311,264,720,12	17.830765,15.914079,15.847428,15.255719,14.722781,14.640827,14.541484,14.038129
435	0	720	5.385381	198,220,279,271,58,311,264,720	19.139894,15.890201,15.496690,15.383957,14.764459,14.294850,14.198108,14.153750
436	0	763	8.758224	198,220,58,271,279,720,40,16	19.748571,16.338440,15.803073,15.648120,15.438540,15.065273,14.953280,14.708340
437	0	220	3.415173	198,279,220,271,264,311,1148,791	18.573925,16.108814,15.796094,15.249486,14.826655,14.348798,14.342832,14.259849
438	0	1049	6.843621	198,220,279,271,16,58,311,40	18.200384,15.290648,15.045898,14.543717,14.417618,14.175450,13.947739,13.904727
439	0	21	6.371054	198,220,271,279,58,720,311,16	18.989054,15.740318,15.385005,15.203568,14.690918,14.601364,14.203979,14.119050
440	0	1174	10.176429	198,271,220,279,58,311,40,264	19.283926,15.707822,15.492772,15.112407,14.824010,14.174487,14.116557,13.998454
441	0	426	9.494553	198,220,279,264,311,58,271,720	18.463499,16.564587,16.020687,14.723794,14.614247,14.547978,14.440827,14.305255
442	0	11206	15.730428	198,271,220,279,58,720,311,264	18.897295,15.607528,15.556966,15.205199,14.595268,14.420917,14.160347,14.118088
443	0	466	8.706873	198,271,220,58,279,791,40,311	18.634851,15.135192,14.940747,14.629779,14.364182,14.024199,13.948701,13.418622
444	0	59335	16.720787	198,279,220,271,311,264,58,720	18.062243,15.516782,15.355698,15.029358,14.477170,14.324939,14.116710,13.579875
445	0	16662	14.027021	198,220,279,264,311,459,720,477	16.131647,15.906910,15.661460,14.730161,14.545337,14.134902,13.815307,13.532557
446	0	1254	12.139658	198,279,220,264,271,1148,311,459	18.522066,17.370625,16.533035,15.963407,15.642639,15.623844,15.558651,15.324407
447	0	819	12.363118	198,271,220,279,720,998,40,72	17.781580,14.654376,14.360863,14.209930,13.885048,13.743922,13.528327,13.510162
448	0	675	13.248477	198,279,220,271,264,311,58,40	18.268721,15.255280,15.120717,14.861664,14.090161,14.083366,13.991745,13.661273
449	0	304	7.728160	198,220,279,271,58,311,264,40	18.188288,14.950475,14.759819,14.681293,14.019439,13.780240,13.573775,13.508735
450	0	279	2.677162	198,279,220,264,271,311,1148,58	18.553186,16.570745,15.950866,15.179730,15.159527,15.055076,14.842221,14.062182
451	0	1514	10.248825	198,279,220,271,264,1148,311,58	18.387686,16.133886,15.906955,15.067622,14.881269,14.611481,14.571528,14.040836
452	0	94836	19.196346	198,279,220,271,311,264,58,1148	18.775696,16.280762,15.496848,15.469529,15.201709,14.926822,14.600170,14.538193
453	0	5439	11.759546	198,220,279,271,311,264,720,459	17.830898,16.324390,15.703522,15.628987,14.914284,14.746430,14.109467,14.058795
454	0	555	7.362409	198,279,220,311,264,271,58,1148	18.862434,16.527489,16.336653,15.343898,15.222596,15.112132,14.784923,14.682658
455	0	4488	10.005687	198,220,279,264,271,311,1148,459	17.989965,16.802811,16.720980,15.398006,15.086704,14.941078,14.769954,14.444209
456	0	46207	17.468271	198,220,279,271,264,311,58,1148	18.041336,16.317848,15.927274,15.396253,14.691719,14.459354,14.242219,14.105331
457	0	28607	14.064829	198,220,279,271,264,311,12,459	17.498457,15.970039,15.497416,14.618813,14.398426,14.296962,13.864224,13.715489
458	0	662	9.571890	198,220,279,311,720,264,271,12	16.782507,15.649586,15.215401,14.528518,14.332545,14.142491,13.936090,13.329488
459	0	1283	11.546504	198,220,279,271,58,311,264,720	19.139894,15.890201,15.496690,15.383957,14.764459,14.294850,14.198108,14.153750
460	0	9922	13.751544	198,220,279,271,264,311,720,58	18.412298,15.835373,15.663617,15.263612,14.491050,14.429690,14.208280,14.190437
461	0	389	10.186673	198,220,279,271,311,264,58,1148	19.037859,16.303583,16.031334,15.005139,14.951183,14.808902,14.717288,14.221818
462	0	264	4.338785	198,279,220,271,264,311,1148,58	18.687933,16.352955,16.087898,15.222402,14.998843,14.741092,14.679826,14.367091
463	0	220	3.586444	198,279,220,271,264,311,58,1148	18.668501,15.762531,15.610847,15.176777,14.664111,14.390205,14.350079,14.309318
464	0	1049	6.843621	198,220,279,271,16,58,311,40	18.200384,15.290648,15.045898,14.543717,14.417618,14.175450,13.947739,13.904727
465	0	21	6.371054	198,220,271,279,58,720,311,16	18.989054,15.740318,15.385005,15.203568,14.690918,14.601364,14.203979,14.119050
466	0	9417	15.631406	198,271,220,279,58,311,40,264	19.283926,15.707822,15.492772,15.112407,14.824010,14.174487,14.116557,13.998454
467	0	315	6.920433	198,271,279,220,311,58,1148,264	19.589100,16.539400,16.208290,16.107256,15.254814,15.247925,15.072923,14.820720
468	0	279	2.921453	198,279,220,271,264,1148,311,58	18.556715,16.341967,15.932574,15.193919,15.042359,14.865293,14.583417,14.279603
469	0	12707	13.795490	198,279,220,271,264,1148,311,58	18.387686,16.133886,15.906955,15.067622,14.881269,14.611481,14.571528,14.040836
470	0	4101	12.539795	198,279,271,220,311,1148,264,58	18.773878,15.996325,15.692472,15.397767,14.980896,14.809239,14.624554,14.461825
471	0	1174	10.936617	198,271,220,58,279,40,311,512	19.493509,16.235220,16.068525,15.764344,15.527608,14.981715,14.797318,14.667262
472	0	54943	16.584649	198,220,279,264,311,58,271,720	18.463499,16.564587,16.020687,14.723794,14.614247,14.547978,14.440827,14.305255
473	0	1174	9.546004	198,220,279,311,271,264,459,1148	17.322521,16.664412,16.298162,15.459655,15.256238,15.211243,14.591385,14.050105
474	0	8272	13.397887	198,220,279,264,311,58,271,720	18.463499,16.564587,16.020687,14.723794,14.614247,14.547978,14.440827,14.305255
475	0	555	8.033973	198,220,279,271,311,58,264,1148	19.660501,16.483114,16.440062,15.712403,15.386563,15.095901,15.066491,15.061282
476	0	264	3.650182	198,220,279,264,271,311,1148,459	17.989965,16.802811,16.720980,15.398006,15.086704,14.941078,14.769954,14.444209
477	0	3560	12.380443	198,279,220,271,264,311,58,1148	18.668501,15.762531,15.610847,15.176777,14.664111,14.390205,14.350079,14.309318
478	0	304	6.984723	198,220,279,271,311,58,264,512	18.586411,15.658692,15.567813,15.301747,15.009425,14.483444,14.306587,13.977273
479	0	279	2.677162	198,279,220,264,271,311,1148,58	18.553186,16.570745,15.950866,15.179730,15.159527,15.055076,14.842221,14.062182
480	0	220	3.179549	198,279,220,271,264,1148,311,58	18.387686,16.133886,15.906955,15.067622,14.881269,14.611481,14.571528,14.040836
481	0	1049	6.843621	198,220,279,271,16,58,311,40	18.200384,15.290648,15.045898,14.543717,14.417618,14.175450,13.947739,13.904727
482	0	22	7.008972	198,220,271,279,58,720,311,16	18.989054,15.740318,15.385005,15.203568,14.690918,14.601364,14.203979,14.119050
483	0	34596	15.544386	198,271,220,279,58,311,40,264	19.237444,15.564069,15.497201,15.120399,14.752827,14.223683,14.087975,13.974361
484	0	5788	13.195166	198,279,271,220,311,264,58,1148	19.048063,16.244102,16.034529,16.030279,15.445679,14.968559,14.810662,14.759560
485	0	315	7.170372	198,279,271,220,311,264,58,1148	18.865629,16.120773,16.040398,15.628139,15.265640,14.862450,14.628789,14.472402
486	0	2650	7.742981	198,279,220,271,264,1148,311,58	18.556715,16.341967,15.932574,15.193919,15.042359,14.865293,14.583417,14.279603
487	0	311	4.707101	198,220,279,271,311,40,264,1148	18.880085,16.094103,15.883117,15.755905,14.734436,14.630034,14.604736,14.518781
488	0	71727	17.790906	198,279,220,271,264,311,1148,58	18.556490,16.525282,16.148111,15.293036,15.242317,15.013038,14.823804,14.274921
489	0	15910	13.238138	198,271,279,220,791,40,58,3923	19.505621,16.541471,15.362370,15.281005,15.137145,14.950366,14.810856,14.556069
490	0	555	7.200305	198,279,220,311,264,271,58,512	17.890694,15.978997,15.675746,15.207578,14.745273,14.587833,14.194592,14.018937
491	0	28978	12.159614	198,220,279,264,271,311,1148,459	17.989965,16.802811,16.720980,15.398006,15.086704,14.941078,14.769954,14.444209
492	0	648	11.568541	198,220,271,279,58,311,720,12	17.863899,15.181541,14.366051,14.043769,13.454552,13.295265,13.275552,13.154572
493	0	432	9.955897	198,271,220,279,58,311,40,264	18.696493,15.491043,15.413846,15.137570,14.347125,14.155190,14.110772,14.006256
494	0	85534	17.531426	198,220,271,279,720,58,311,264	18.387819,15.405368,15.188217,15.167455,14.431867,14.188283,14.126983,14.039429
495	0	662	10.217175	198,220,271,279,58,311,720,264	18.753279,16.035009,15.930875,15.150331,14.913040,14.356416,14.324463,14.151032
496	0	2650	8.893734	198,220,279,271,58,311,264,720	19.139894,15.890201,15.496690,15.383957,14.764459,14.294850,14.198108,14.153750
497	0	311	4.707101	198,220,279,271,311,40,264,1148	18.880085,16.094103,15.883117,15.755905,14.734436,14.630034,14.604736,14.518781
498	0	71727	17.790906	198,279,220,271,264,311,1148,58	18.556490,16.525282,16.148111,15.293036,15.242317,15.013038,14.823804,14.274921
499	0	574	8.272645	198,271,279,220,791,40,58,3923	19.505621,16.541471,15.362370,15.281005,15.137145,14.950366,14.810856,14.556069
500	0	10887	12.693378	198,279,220,271,264,1148,311,58	19.094675,16.565477,16.357344,15.381180,15.257454,15.197597,15.099014,14.608970
501	0	520	6.015768	198,279,220,271,311,58,264,1148	19.012596,16.098148,16.096306,15.189641,14.989766,14.944669,14.934361,14.306511
502	0	14409	13.547550	198,279,220,264,271,311,1148,720	18.320993,16.485630,16.211882,15.118790,14.811069,14.770413,14.537908,14.304412
503	0	27315	16.444395	198,279,220,271,311,264,459,374	17.208488,16.165785,15.917933,15.422412,15.023890,14.962390,14.439178,13.988941
504	0	304	7.063412	198,220,279,271,311,264,58,1148	19.106266,16.477633,16.176672,16.159941,15.305028,14.972168,14.760066,14.625092
505	0	279	2.677162	198,279,220,264,271,311,1148,58	18.553186,16.570745,15.950866,15.179730,15.159527,15.055076,14.842221,14.062182
506	0	7295	11.972427	198,279,220,271,264,1148,311,58	18.387686,16.133886,15.906955,15.067622,14.881269,14.611481,14.571528,14.040836
507	0	85303	16.640741	198,279,220,271,311,264,1148,459	18.200727,16.427856,16.402399,15.553543,15.277896,15.215899,14.585674,14.548760
508	0	315	7.526624	198,220,279,271,264,311,58,720	17.904142,16.408655,15.782211,15.213696,14.680290,14.407804,14.335334,14.239571
509	0	473	10.683761	198,279,220,271,264,1148,311,58	18.556715,16.341967,15.932574,15.193919,15.042359,14.865293,14.583417,14.279603
510	0	43157	18.875531	198,271,220,279,720,58,311,264	18.281485,15.122536,14.887244,14.795319,14.060532,13.966161,13.759990,13.608215
511	0	44774	18.734355	198,279,220,271,311,264,58,374	18.225000,16.274033,16.100706,15.821033,15.446193,14.916829,14.397109,14.097407
512	0	323	5.766787	198,271,220,279,311,58,264,1148	18.552168,15.409358,15.395589,15.295810,14.558398,14.367599,14.221456,13.719036
513	0	48550	12.887371	198,279,220,271,1148,264,311,358	18.806881,16.788877,16.166117,15.716744,15.465240,15.361637,15.189132,14.518906
514	0	5721	12.922080	198,220,271,279,791,998,311,44	16.520506,14.155334,13.861142,13.395878,12.977651,12.520889,12.501602,12.463287
515	0	662	9.916613	198,220,279,311,271,264,720,459	17.536549,16.102777,15.851504,14.879101,14.755481,14.711085,14.168218,13.803788
516	0	426	10.569512	198,220,279,271,58,311,264,720	19.139894,15.890201,15.496690,15.383957,14.764459,14.294850,14.198108,14.153750
517	0	11206	15.730428	198,271,220,279,58,720,311,264	18.897295,15.607528,15.556966,15.205199,14.595268,14.420917,14.160347,14.118088
518	0	466	8.706873	198,271,220,58,279,791,40,311	18.634851,15.135192,14.940747,14.629779,14.364182,14.024199,13.948701,13.418622
519	0	59335	16.720787	198,279,220,271,311,264,58,720	18.062243,15.516782,15.355698,15.029358,14.477170,14.324939,14.116710,13.579875
520	0	304	5.558818	198,220,279,264,311,459,720,477	16.131647,15.906910,15.661460,14.730161,14.545337,14.134902,13.815307,13.532557
521	0	1403	9.233305	198,279,220,264,271,311,1148,58	18.553186,16.570745,15.950866,15.179730,15.159527,15.055076,14.842221,14.062182
522	0	12631	16.215662	198,279,220,271,58,40,264,311	19.043015,15.751366,15.545471,15.309127,15.230014,14.646297,14.624534,14.330699
523	0	304	7.048752	198,279,220,271,311,58,264,1148	19.113522,16.204300,15.892207,15.852310,15.310314,14.970134,14.819530,14.528773
524	0	220	3.297041	198,279,220,264,271,311,1148,58	18.553186,16.570745,15.950866,15.179730,15.159527,15.055076,14.842221,14.062182
525	0	1049	6.843621	198,220,279,271,16,58,311,40	18.200384,15.290648,15.045898,14.543717,14.417618,14.175450,13.947739,13.904727
526	0	23	7.053154	198,220,271,279,58,720,311,16	18.989054,15.740318,15.385005,15.203568,14.690918,14.601364,14.203979,14.119050
527	0	1174	9.731681	198,271,220,279,58,311,264,40	19.008877,15.674993,15.488168,15.164710,14.627663,14.271272,13.976474,13.897690
528	0	6187	12.679641	198,220,279,264,311,58,271,720	18.463499,16.564587,16.020687,14.723794,14.614247,14.547978,14.440827,14.305255
529	0	4238	13.255059	198,220,279,271,264,58,311,1148	19.212259,16.751673,16.221493,16.187500,15.056491,15.052673,15.025424,14.554970
530	0	4997	13.491206	198,279,271,220,311,58,264,720	18.900328,15.564061,15.489643,15.438416,14.743096,14.687714,14.307842,14.231996
531	0	31304	13.698805	198,220,279,271,311,264,12,720	17.526550,15.467873,15.206492,14.814633,14.078534,13.948730,13.744926,13.729191
532	0	555	7.192885	198,220,279,271,311,264,720,12	17.712637,16.445404,15.752482,15.321301,15.086692,14.840678,14.231624,14.160820
533	0	57337	18.024034	198,220,279,264,271,311,1148,459	17.989965,16.802811,16.720980,15.398006,15.086704,14.941078,14.769954,14.444209
534	0	12366	13.642555	198,279,220,271,311,264,1148,459	17.893351,16.231070,15.818353,15.584540,15.306592,14.892245,14.552425,14.408740
535	0	2009	12.666076	198,220,279,311,264,271,720,12	16.795212,15.887077,15.552489,14.616463,14.458649,14.237676,13.975986,13.912417
536	0	546	12.595743	198,220,279,271,720,791,264,311	17.458605,15.233521,14.533961,14.482849,13.746236,13.388584,13.343736,13.162900
537	0	72	5.293815	198,220,279,271,58,311,998,720	18.159632,14.921247,14.914112,14.661481,14.144493,14.045345,13.720107,13.719144
538	0	1174	10.046225	198,220,271,279,58,311,720,512	18.882948,14.988301,14.955334,14.674605,14.543449,13.804692,13.765437,13.752023
539	0	323	5.833457	198,220,279,264,311,58,271,720	18.463499,16.564587,16.020687,14.723794,14.614247,14.547978,14.440827,14.305255
540	0	4418	10.163427	198,279,220,271,1148,264,311,358	18.806881,16.788877,16.166117,15.716744,15.465240,15.361637,15.189132,14.518906
541	0	798	10.324374	198,220,271,279,40,720,791,311	18.564667,15.437024,15.218658,15.165803,14.238603,14.116939,14.105685,13.955784
542	0	54275	17.332941	198,220,279,271,311,58,264,720	17.827482,15.618881,15.214337,15.134723,14.630857,14.392886,14.131207,13.985878
543	0	15910	12.345684	198,220,279,271,264,311,720,459	17.565268,16.293272,15.492410,14.875569,14.633382,14.395684,14.215050,13.988013
544	0	555	7.200305	198,279,220,311,264,271,58,512	17.890694,15.978997,15.675746,15.207578,14.745273,14.587833,14.194592,14.018937
545	0	12225	12.149644	198,220,279,264,271,311,1148,459	17.989965,16.802811,16.720980,15.398006,15.086704,14.941078,14.769954,14.444209
546	0	398	9.302411	198,220,271,58,720,279,791,40	17.854265,14.840080,14.381638,13.652100,13.556241,13.550824,13.083855,12.959737
547	0	89453	17.879748	198,279,220,271,311,264,58,1148	18.602835,15.696117,15.644048,15.303384,14.743077,14.569970,14.367770,14.188251
548	0	662	10.028757	220,198,279,311,264,459,477,720	15.130653,14.746635,14.629395,13.872722,13.655417,13.290759,13.143013,12.973630
549	0	763	8.508389	198,220,279,271,58,311,264,720	19.139894,15.890201,15.496690,15.383957,14.764459,14.294850,14.198108,14.153750
550	0	3297	10.890554	198,279,220,271,264,311,1148,791	18.573925,16.108814,15.796094,15.249486,14.826655,14.348798,14.342832,14.259849
551	0	220	1.709928	198,220,279,271,311,264,720,1148	18.546114,17.604372,16.387899,15.243935,15.197090,15.128242,14.624324,14.560315
552	0	1049	6.843621	198,220,279,271,16,58,311,40	18.200384,15.290648,15.045898,14.543717,14.417618,14.175450,13.947739,13.904727
553	0	23	7.053154	198,220,271,279,58,720,311,16	18.989054,15.740318,15.385005,15.203568,14.690918,14.601364,14.203979,14.119050
554	0	1174	9.731681	198,271,220,279,58,311,264,40	19.008877,15.674993,15.488168,15.164710,14.627663,14.271272,13.976474,13.897690
555	0	426	9.494553	198,220,279,264,311,58,271,720	18.463499,16.564587,16.020687,14.723794,14.614247,14.547978,14.440827,14.305255
556	0	11206	15.730428	198,271,220,279,58,720,311,264	18.897295,15.607528,15.556966,15.205199,14.595268,14.420917,14.160347,14.118088
557	0	466	8.706873	198,271,220,58,279,791,40,311	18.634851,15.135192,14.940747,14.629779,14.364182,14.024199,13.948701,13.418622
558	0	1903	9.574486	198,279,220,271,311,264,58,720	18.062243,15.516782,15.355698,15.029358,14.477170,14.324939,14.116710,13.579875
559	0	264	4.610063	198,279,220,271,311,264,58,1148	19.044966,16.269129,15.734306,15.461979,15.000553,14.925092,14.701652,14.517841
560	0	8810	15.348853	198,279,220,271,264,311,58,1148	18.668501,15.762531,15.610847,15.176777,14.664111,14.390205,14.350079,14.309318
561	0	11341	14.651050	198,279,220,311,271,264,1148,459	18.021517,16.174295,15.686490,15.287384,15.175877,14.871540,14.309545,14.136859
562	0	389	10.742057	198,271,220,279,58,311,40,512	19.369053,15.787735,15.500234,15.488673,15.143949,14.678784,14.437595,14.432549
563	0	264	4.338785	198,279,220,271,264,311,1148,58	18.687933,16.352955,16.087898,15.222402,14.998843,14.741092,14.679826,14.367091
564	0	1403	9.554218	198,279,220,271,264,311,58,1148	18.668501,15.762531,15.610847,15.176777,14.664111,14.390205,14.350079,14.309318
565	0	571	13.183483	198,279,220,271,58,40,264,311	19.043015,15.751366,15.545471,15.309127,15.230014,14.646297,14.624534,14.330699
566	0	12	7.131556	198,271,220,279,720,311,58,998	18.712538,15.521443,15.436202,14.919908,14.153272,13.859360,13.828214,13.700534
567	0	31	10.828439	198,220,279,16,720,334,264,58	17.964060,16.182365,15.736781,14.870118,14.674663,14.642638,14.605693,14.593413
568	0	961	9.328642	198,220,271,279,720,58,311,16	18.572145,15.367855,15.068559,14.802831,14.358266,13.999949,13.630677,13.588153
569	0	9417	15.248943	198,279,220,271,311,264,58,1148	18.716717,16.125469,16.048859,15.431694,15.219566,14.824576,14.744212,14.341984
570	0	15952	14.433039	198,271,279,220,311,58,1148,264	19.589100,16.539400,16.208290,16.107256,15.254814,15.247925,15.072923,14.820720
571	0	315	8.094138	198,220,271,279,58,12,311,720	18.030497,15.722537,15.142166,14.921192,14.610499,14.315471,14.139781,13.992414
572	0	279	2.921453	198,279,220,271,264,1148,311,58	18.556715,16.341967,15.932574,15.193919,15.042359,14.865293,14.583417,14.279603
573	0	12707	13.795490	198,279,220,271,264,1148,311,58	18.387686,16.133886,15.906955,15.067622,14.881269,14.611481,14.571528,14.040836
574	0	4101	12.539795	198,279,271,220,311,1148,264,58	18.773878,15.996325,15.692472,15.397767,14.980896,14.809239,14.624554,14.461825
575	0	468	14.085184	198,271,220,58,279,40,311,512	19.493509,16.235220,16.068525,15.764344,15.527608,14.981715,14.797318,14.667262
576	0	1802	14.762725	198,220,271,279,720,58,311,264	18.505476,15.282081,15.269489,15.139415,14.394916,14.108579,14.032947,13.906002
577	0	279	3.037034	198,279,220,271,264,311,58,1148	18.460588,16.054405,16.044806,15.429364,14.879974,14.803517,14.497066,14.141606
578	0	15371	16.616824	198,279,220,271,264,1148,311,58	18.387686,16.133886,15.906955,15.067622,14.881269,14.611481,14.571528,14.040836
579	0	1174	9.773758	198,220,271,279,58,311,264,720	18.273401,15.837433,15.299161,14.968330,14.383428,14.084087,13.855179,13.762263
580	0	8272	13.397887	198,220,279,264,311,58,271,720	18.463499,16.564587,16.020687,14.723794,14.614247,14.547978,14.440827,14.305255
581	0	555	8.033973	198,220,279,271,311,58,264,1148	19.660501,16.483114,16.440062,15.712403,15.386563,15.095901,15.066491,15.061282
582	0	459	4.603979	198,220,279,264,271,311,1148,459	17.989965,16.802811,16.720980,15.398006,15.086704,14.941078,14.769954,14.444209
583	0	11341	14.783221	198,279,220,271,264,311,1148,58	18.610191,15.732181,15.546455,15.243579,14.582362,14.417613,14.320553,14.296426
584	0	389	10.742057	198,271,220,279,58,311,40,512	19.369053,15.787735,15.500234,15.488673,15.143949,14.678784,14.437595,14.432549
585	0	279	2.984673	198,279,220,271,264,311,1148,58	18.687933,16.352955,16.087898,15.222402,14.998843,14.741092,14.679826,14.367091
586	0	12707	13.795490	198,279,220,271,264,1148,311,58	18.387686,16.133886,15.906955,15.067622,14.881269,14.611481,14.571528,14.040836
587	0	4101	12.539795	198,279,271,220,311,1148,264,58	18.773878,15.996325,15.692472,15.397767,14.980896,14.809239,14.624554,14.461825
588	0	29878	20.013576	198,271,220,58,279,40,311,512	19.493509,16.235220,16.068525,15.764344,15.527608,14.981715,14.797318,14.667262
589	0	86493	17.070475	198,220,271,279,720,58,311,12	17.559313,15.101433,14.386116,14.017673,13.910966,13.778927,13.482957,13.292134
590	0	304	6.738724	198,271,220,279,311,58,264,40	18.568657,16.337053,16.016397,15.999698,15.297956,15.081204,14.830257,14.141650
591	0	6841	13.458538	198,279,220,264,271,311,1148,58	18.553186,16.570745,15.950866,15.179730,15.159527,15.055076,14.842221,14.062182
592	0	220	1.844960	198,220,279,271,311,264,1148,720	19.179024,17.927687,16.571848,15.924001,15.398324,15.317856,14.872193,14.777658
593	0	1049	6.843621	198,220,279,271,16,58,311,40	18.200384,15.290648,15.045898,14.543717,14.417618,14.175450,13.947739,13.904727
594	0	23	7.053154	198,220,271,279,58,720,311,16	18.989054,15.740318,15.385005,15.203568,14.690918,14.601364,14.203979,14.119050
595	0	662	10.073432	198,271,220,279,58,311,264,40	19.008877,15.674993,15.488168,15.164710,14.627663,14.271272,13.976474,13.897690
596	0	1283	11.546504	198,220,279,271,58,311,264,720	19.139894,15.890201,15.496690,15.383957,14.764459,14.294850,14.198108,14.153750
597	0	1047	8.893282	198,220,279,271,264,311,720,58	18.412298,15.835373,15.663617,15.263612,14.491050,14.429690,14.208280,14.190437
598	0	264	4.406772	198,279,220,271,264,311,1148,58	19.072050,16.466413,16.014986,15.336720,15.191278,15.101695,15.015218,14.803889
599	0	46350	15.231214	198,279,220,271,264,311,58,1148	18.668501,15.762531,15.610847,15.176777,14.664111,14.390205,14.350079,14.309318
600	0	3560	12.461868	198,220,279,271,311,264,459,1148	18.546066,16.775711,16.486391,15.482959,15.453990,15.225568,14.653646,14.616160
601	0	304	6.984723	198,220,279,271,311,58,264,512	18.586411,15.658692,15.567813,15.301747,15.009425,14.483444,14.306587,13.977273
602	0	5899	9.449456	198,279,220,264,271,311,1148,58	18.553186,16.570745,15.950866,15.179730,15.159527,15.055076,14.842221,14.062182
603	0	18243	16.343804	198,279,220,271,58,264,311,12	18.482809,15.943807,15.644493,15.070969,14.939694,14.808589,14.710510,14.464745
604	0	315	7.021757	198,271,220,279,58,311,264,1148	19.749674,16.475613,16.130384,16.115667,15.364127,15.356908,14.754148,14.739487
605	0	279	2.921453	198,279,220,271,264,1148,311,58	18.556715,16.341967,15.932574,15.193919,15.042359,14.865293,14.583417,14.279603
606	0	12707	13.795490	198,279,220,271,264,1148,311,58	18.387686,16.133886,15.906955,15.067622,14.881269,14.611481,14.571528,14.040836
607	0	4101	12.539795	198,279,271,220,311,1148,264,58	18.773878,15.996325,15.692472,15.397767,14.980896,14.809239,14.624554,14.461825
608	0	49922	17.855660	198,271,220,58,279,40,311,512	19.493509,16.235220,16.068525,15.764344,15.527608,14.981715,14.797318,14.667262
609	0	1919	11.387905	198,220,271,279,264,58,311,1148	19.103209,15.972824,15.730504,15.692889,14.496524,14.466629,14.434922,14.179085
610	0	304	7.592740	198,271,220,279,58,311,40,264	18.947912,15.533450,15.395912,15.145856,14.770022,14.357460,14.313207,14.087934
611	0	220	3.297041	198,279,220,264,271,311,1148,58	18.553186,16.570745,15.950866,15.179730,15.159527,15.055076,14.842221,14.062182
612	0	679	8.448853	198,220,279,271,16,58,311,40	18.200384,15.290648,15.045898,14.543717,14.417618,14.175450,13.947739,13.904727
613	0	15	6.679568	198,220,271,279,720,58,311,16	18.760698,15.902669,15.109164,14.924479,14.515834,14.371513,14.037773,14.006871
614	0	1174	10.009928	198,220,271,279,58,311,720,16	19.217443,15.396396,15.236012,14.971535,14.773957,14.147183,13.995486,13.980927
615	0	439	8.274977	198,220,279,264,311,58,271,720	18.463499,16.564587,16.020687,14.723794,14.614247,14.547978,14.440827,14.305255
616	0	330	5.963429	198,279,220,271,264,1148,311,58	18.818338,16.487978,15.999616,15.381373,15.171627,14.979225,14.884819,14.444230
617	0	735	11.408161	198,279,271,40,220,791,58,311	19.096682,15.344718,15.264649,14.894580,14.842709,14.537316,14.372841,14.094434
618	0	40608	15.107638	198,220,271,279,720,58,311,264	18.058306,15.228587,15.212903,15.070430,14.228885,13.969251,13.967151,13.956613
619	0	69168	17.883509	198,220,279,271,311,264,58,1148	18.356482,15.423648,15.203693,14.498244,14.063835,13.947354,13.755825,13.645714
620	0	330	6.463259	198,220,271,279,311,58,264,791	18.503531,15.823892,15.521854,15.276546,14.400658,14.317573,14.237742,14.070690
621	0	662	10.702442	198,279,271,40,220,791,58,311	19.096682,15.344718,15.264649,14.894580,14.842709,14.537316,14.372841,14.094434
622	0	426	10.569512	198,220,279,271,58,311,264,720	19.139894,15.890201,15.496690,15.383957,14.764459,14.294850,14.198108,14.153750
623	0	11206	15.730428	198,271,220,279,58,720,311,264	18.897295,15.607528,15.556966,15.205199,14.595268,14.420917,14.160347,14.118088
624	0	466	8.706873	198,271,220,58,279,791,40,311	18.634851,15.135192,14.940747,14.629779,14.364182,14.024199,13.948701,13.418622
625	0	59335	16.720787	198,279,220,271,311,264,58,720	18.062243,15.516782,15.355698,15.029358,14.477170,14.324939,14.116710,13.579875
626	0	304	5.558818	198,220,279,264,311,459,720,477	16.131647,15.906910,15.661460,14.730161,14.545337,14.134902,13.815307,13.532557
627	0	279	2.677162	198,279,220,264,271,311,1148,58	18.553186,16.570745,15.950866,15.179730,15.159527,15.055076,14.842221,14.062182
628	0	220	3.179549	198,279,220,271,264,1148,311,58	18.387686,16.133886,15.906955,15.067622,14.881269,14.611481,14.571528,14.040836
629	0	679	8.448853	198,220,279,271,16,58,311,40	18.200384,15.290648,15.045898,14.543717,14.417618,14.175450,13.947739,13.904727
630	0	16	5.177797	198,220,271,279,720,58,311,16	18.760698,15.902669,15.109164,14.924479,14.515834,14.371513,14.037773,14.006871
631	0	4632	14.900084	198,220,271,279,58,311,16,264	18.851578,15.474153,15.033082,14.970988,14.595172,14.104694,14.014789,13.918422
632	0	25145	15.242496	198,279,220,271,311,264,1148,58	18.569115,16.377245,15.947452,15.613338,15.206132,14.928730,14.689504,14.569491
633	0	85375	18.414388	198,220,271,279,311,720,264,58	16.858505,14.910762,13.918185,13.882812,13.301689,13.083323,12.758416,12.565021
634	0	15910	12.899763	198,220,271,279,58,311,264,720	19.066172,16.156294,15.608551,15.556678,14.992879,14.926793,14.556610,14.095448
635	0	555	7.200305	198,279,220,311,264,271,58,512	17.890694,15.978997,15.675746,15.207578,14.745273,14.587833,14.194592,14.018937
636	0	12366	13.417404	198,220,279,264,271,311,1148,459	17.989965,16.802811,16.720980,15.398006,15.086704,14.941078,14.769954,14.444209
637	0	2009	12.666076	198,220,279,311,264,271,720,12	16.795212,15.887077,15.552489,14.616463,14.458649,14.237676,13.975986,13.912417
638	0	546	12.595743	198,220,279,271,720,791,264,311	17.458605,15.233521,14.533961,14.482849,13.746236,13.388584,13.343736,13.162900
639	0	72	5.293815	198,220,279,271,58,311,998,720	18.159632,14.921247,14.914112,14.661481,14.144493,14.045345,13.720107,13.719144
640	0	662	10.333898	198,220,271,279,58,311,720,512	18.882948,14.988301,14.955334,14.674605,14.543449,13.804692,13.765437,13.752023
641	0	720	5.385381	198,220,279,271,58,311,264,720	19.139894,15.890201,15.496690,15.383957,14.764459,14.294850,14.198108,14.153750
642	0	284	10.679393	198,220,58,271,279,720,40,16	19.748571,16.338440,15.803073,15.648120,15.438540,15.065273,14.953280,14.708340
643	0	284	9.226393	198,220,279,720,264,271,311,58	18.199274,16.743723,15.827834,14.992953,14.744438,14.395322,14.347649,14.192204
644	0	41576	15.355470	198,220,279,720,264,271,311,58	18.199274,16.743723,15.827834,14.992953,14.744438,14.395322,14.347649,14.192204
645	0	284	11.011222	198,220,271,279,311,264,58,1148	19.002710,16.455429,16.321520,16.008011,15.129663,14.950340,14.749272,14.410314
646	0	284	9.226393	198,220,279,720,264,271,311,58	18.199274,16.743723,15.827834,14.992953,14.744438,14.395322,14.347649,14.192204
647	0	720	3.898015	198,220,279,720,264,271,311,58	18.199274,16.743723,15.827834,14.992953,14.744438,14.395322,14.347649,14.192204
648	0	284	10.679393	198,220,58,271,279,720,40,16	19.748571,16.338440,15.803073,15.648120,15.438540,15.065273,14.953280,14.708340
649	0	284	9.226393	198,220,279,720,264,271,311,58	18.199274,16.743723,15.827834,14.992953,14.744438,14.395322,14.347649,14.192204
650	0	284	9.226393	198,220,279,720,264,271,311,58	18.199274,16.743723,15.827834,14.992953,14.744438,14.395322,14.347649,14.192204
651	0	220	2.147245	198,220,279,720,264,271,311,58	18.199274,16.743723,15.827834,14.992953,14.744438,14.395322,14.347649,14.192204
652	0	1049	6.843621	198,220,279,271,16,58,311,40	18.200384,15.290648,15.045898,14.543717,14.417618,14.175450,13.947739,13.904727
653	0	15	6.716269	198,220,271,279,58,720,311,16	18.989054,15.740318,15.385005,15.203568,14.690918,14.601364,14.203979,14.119050
654	0	1389	11.025993	198,220,271,279,58,311,720,16	19.217443,15.396396,15.236012,14.971535,14.773957,14.147183,13.995486,13.980927
655	0	220	3.005437	198,220,279,264,271,720,311,1148	19.168781,16.572199,16.120195,14.973498,14.809916,14.790425,14.726617,14.505157
656	0	1049	6.843621	198,220,279,271,16,58,311,40	18.200384,15.290648,15.045898,14.543717,14.417618,14.175450,13.947739,13.904727
657	0	20	5.967834	198,220,271,279,58,720,311,16	18.989054,15.740318,15.385005,15.203568,14.690918,14.601364,14.203979,14.119050
658	0	284	10.109840	198,220,271,279,58,311,720,16	18.948269,15.331426,15.198102,14.882763,14.506317,14.027031,13.922549,13.852298
659	0	284	9.226393	198,220,279,720,264,271,311,58	18.199274,16.743723,15.827834,14.992953,14.744438,14.395322,14.347649,14.192204
660	0	284	9.226393	198,220,279,720,264,271,311,58	18.199274,16.743723,15.827834,14.992953,14.744438,14.395322,14.347649,14.192204
661	0	720	3.898015	198,220,279,720,264,271,311,58	18.199274,16.743723,15.827834,14.992953,14.744438,14.395322,14.347649,14.192204
662	0	763	8.758224	198,220,58,271,279,720,40,16	19.748571,16.338440,15.803073,15.648120,15.438540,15.065273,14.953280,14.708340
663	0	220	3.415173	198,279,220,271,264,311,1148,791	18.573925,16.108814,15.796094,15.249486,14.826655,14.348798,14.342832,14.259849
664	0	1049	6.843621	198,220,279,271,16,58,311,40	18.200384,15.290648,15.045898,14.543717,14.417618,14.175450,13.947739,13.904727
665	0	15	6.716269	198,220,271,279,58,720,311,16	18.989054,15.740318,15.385005,15.203568,14.690918,14.601364,14.203979,14.119050
666	0	426	10.986424	198,220,271,279,58,311,720,16	19.217443,15.396396,15.236012,14.971535,14.773957,14.147183,13.995486,13.980927
667	0	11206	15.730428	198,271,220,279,58,720,311,264	18.897295,15.607528,15.556966,15.205199,14.595268,14.420917,14.160347,14.118088
668	0	466	8.706873	198,271,220,58,279,791,40,311	18.634851,15.135192,14.940747,14.629779,14.364182,14.024199,13.948701,13.418622
669	0	1047	8.798658	198,279,220,271,311,264,58,720	18.062243,15.516782,15.355698,15.029358,14.477170,14.324939,14.116710,13.579875
670	0	264	4.406772	198,279,220,271,264,311,1148,58	19.072050,16.466413,16.014986,15.336720,15.191278,15.101695,15.015218,14.803889
671	0	8810	15.348853	198,279,220,271,264,311,58,1148	18.668501,15.762531,15.610847,15.176777,14.664111,14.390205,14.350079,14.309318
672	0	571	12.230362	198,279,220,311,271,264,1148,459	18.021517,16.174295,15.686490,15.287384,15.175877,14.871540,14.309545,14.136859
673	0	12	7.131556	198,271,220,279,720,311,58,998	18.712538,15.521443,15.436202,14.919908,14.153272,13.859360,13.828214,13.700534
674	0	31	10.828439	198,220,279,16,720,334,264,58	17.964060,16.182365,15.736781,14.870118,14.674663,14.642638,14.605693,14.593413
675	0	40500	15.001067	198,220,271,279,720,58,311,16	18.572145,15.367855,15.068559,14.802831,14.358266,13.999949,13.630677,13.588153
676	0	3560	12.091568	198,220,279,264,459,311,1148,271	16.907707,16.700151,16.548376,15.304123,14.939903,14.693692,14.612432,14.122978
677	0	389	9.992275	198,220,279,271,311,58,264,512	18.586411,15.658692,15.567813,15.301747,15.009425,14.483444,14.306587,13.977273
678	0	279	2.984673	198,279,220,271,264,311,1148,58	18.687933,16.352955,16.087898,15.222402,14.998843,14.741092,14.679826,14.367091
679	0	12707	13.795490	198,279,220,271,264,1148,311,58	18.387686,16.133886,15.906955,15.067622,14.881269,14.611481,14.571528,14.040836
680	0	4101	12.539795	198,279,271,220,311,1148,264,58	18.773878,15.996325,15.692472,15.397767,14.980896,14.809239,14.624554,14.461825
681	0	578	7.473535	198,271,220,58,279,40,311,512	19.493509,16.235220,16.068525,15.764344,15.527608,14.981715,14.797318,14.667262
682	0	8766	13.929959	198,220,279,271,264,720,311,1148	18.260691,16.149611,15.985401,15.180481,14.810124,14.505141,14.332324,14.264979
683	0	2652	11.346393	198,220,279,271,264,311,1148,58	18.706388,16.582344,16.424566,15.853656,15.155154,15.088008,14.835422,14.758748
684	0	568	7.179838	198,220,279,58,720,311,271,264	19.459284,16.729254,16.098688,14.917851,14.874602,14.854012,14.823035,14.748585
685	0	45877	13.609571	198,279,220,271,40,311,58,264	18.897011,15.787136,15.596127,15.449768,14.701730,14.609894,14.599307,14.516868
686	0	330	6.718409	198,279,220,271,1148,311,264,58	18.996622,15.988864,15.663730,15.347878,14.707515,14.629977,14.622746,14.301913
687	0	10016	12.913413	198,279,271,40,220,791,58,311	19.096682,15.344718,15.264649,14.894580,14.842709,14.537316,14.372841,14.094434
688	0	4366	10.721094	198,279,220,271,264,311,1148,791	18.254070,16.084663,16.050945,16.043119,14.793363,14.652844,14.609994,14.458224
689	0	894	11.204730	198,220,271,279,720,58,40,264	17.843267,15.294701,14.740044,14.459491,13.803238,13.672793,13.458186,13.451373
690	0	330	6.466451	198,271,220,279,311,58,264,40	18.615404,15.629846,15.485063,15.470004,14.539330,14.463759,14.332702,14.312111
691	0	304	8.103734	198,279,271,40,220,791,58,311	19.096682,15.344718,15.264649,14.894580,14.842709,14.537316,14.372841,14.094434
692	0	279	2.677162	198,279,220,264,271,311,1148,58	18.553186,16.570745,15.950866,15.179730,15.159527,15.055076,14.842221,14.062182
693	0	9417	14.388154	198,279,220,271,264,1148,311,58	18.387686,16.133886,15.906955,15.067622,14.881269,14.611481,14.571528,14.040836
694	0	1174	10.885874	198,271,279,220,311,58,1148,264	19.589100,16.539400,16.208290,16.107256,15.254814,15.247925,15.072923,14.820720
695	0	330	5.601085	198,220,279,264,311,58,271,720	18.463499,16.564587,16.020687,14.723794,14.614247,14.547978,14.440827,14.305255
696	0	763	8.830810	198,279,271,40,220,791,58,311	19.096682,15.344718,15.264649,14.894580,14.842709,14.537316,14.372841,14.094434
697	0	23088	16.640945	198,279,220,271,264,311,1148,791	18.573925,16.108814,15.796094,15.249486,14.826655,14.348798,14.342832,14.259849
698	0	43396	14.931087	198,220,279,271,311,264,58,720	17.403002,15.763921,15.665036,15.459992,14.924327,14.579530,13.907870,13.793401
699	0	330	6.970589	198,220,271,279,311,58,264,791	18.296289,15.846393,15.491844,15.331904,14.596217,14.353841,14.277112,14.065865
700	0	662	10.702442	198,279,271,40,220,791,58,311	19.096682,15.344718,15.264649,14.894580,14.842709,14.537316,14.372841,14.094434
701	0	426	10.569512	198,220,279,271,58,311,264,720	19.139894,15.890201,15.496690,15.383957,14.764459,14.294850,14.198108,14.153750
702	0	11206	15.730428	198,271,220,279,58,720,311,264	18.897295,15.607528,15.556966,15.205199,14.595268,14.420917,14.160347,14.118088
703	0	466	8.706873	198,271,220,58,279,791,40,311	18.634851,15.135192,14.940747,14.629779,14.364182,14.024199,13.948701,13.418622
704	0	59335	16.720787	198,279,220,271,311,264,58,720	18.062243,15.516782,15.355698,15.029358,14.477170,14.324939,14.116710,13.579875
705	0	439	7.696647	198,220,279,264,311,459,720,477	16.131647,15.906910,15.661460,14.730161,14.545337,14.134902,13.815307,13.532557
706	0	330	5.963429	198,279,220,271,264,1148,311,58	18.818338,16.487978,15.999616,15.381373,15.171627,14.979225,14.884819,14.444230
707	0	10016	12.913413	198,279,271,40,220,791,58,311	19.096682,15.344718,15.264649,14.894580,14.842709,14.537316,14.372841,14.094434
708	0	330	6.016208	198,279,220,271,264,311,1148,791	18.254070,16.084663,16.050945,16.043119,14.793363,14.652844,14.609994,14.458224
709	0	304	8.103734	198,279,271,40,220,791,58,311	19.096682,15.344718,15.264649,14.894580,14.842709,14.537316,14.372841,14.094434
710	0	279	2.677162	198,279,220,264,271,311,1148,58	18.553186,16.570745,15.950866,15.179730,15.159527,15.055076,14.842221,14.062182
711	0	1514	10.248825	198,279,220,271,264,1148,311,58	18.387686,16.133886,15.906955,15.067622,14.881269,14.611481,14.571528,14.040836
712	0	6385	12.543594	198,279,220,271,311,264,58,1148	18.775696,16.280762,15.496848,15.469529,15.201709,14.926822,14.600170,14.538193
713	0	2439	13.205101	198,220,279,271,264,311,720,12	17.536768,15.777324,15.687691,14.890175,14.471845,14.420097,14.189946,13.911011
714	0	5439	12.272418	198,220,271,279,311,58,264,40	18.737164,15.437854,15.388653,15.373820,14.566651,14.562274,14.187184,13.879666
715	0	555	7.362409	198,279,220,311,264,271,58,1148	18.862434,16.527489,16.336653,15.343898,15.222596,15.112132,14.784923,14.682658
716	0	22021	13.878313	198,220,279,264,271,311,1148,459	17.989965,16.802811,16.720980,15.398006,15.086704,14.941078,14.769954,14.444209
717	0	77023	15.427886	198,220,279,271,264,58,311,12	17.690882,15.486587,14.929677,14.804893,13.950054,13.845830,13.762566,13.708386
718	0	1174	9.182581	198,220,279,271,58,720,311,12	17.706591,15.820050,14.966076,14.699351,14.247063,14.246590,14.185371,14.108556
719	0	902	7.763990	198,220,279,264,311,58,271,720	18.463499,16.564587,16.020687,14.723794,14.614247,14.547978,14.440827,14.305255
720	0	574	8.047902	198,279,271,220,58,40,1148,311	19.645750,15.946280,15.735394,15.541980,15.022476,14.870819,14.772548,14.633430
721	0	10887	12.693378	198,279,220,271,264,1148,311,58	19.094675,16.565477,16.357344,15.381180,15.257454,15.197597,15.099014,14.608970
722	0	304	7.354231	198,279,220,271,311,58,264,1148	19.012596,16.098148,16.096306,15.189641,14.989766,14.944669,14.934361,14.306511
723	0	220	3.297041	198,279,220,264,271,311,1148,58	18.553186,16.570745,15.950866,15.179730,15.159527,15.055076,14.842221,14.062182
724	0	1049	6.843621	198,220,279,271,16,58,311,40	18.200384,15.290648,15.045898,14.543717,14.417618,14.175450,13.947739,13.904727
725	0	16	5.254217	198,220,271,279,58,720,311,16	18.989054,15.740318,15.385005,15.203568,14.690918,14.601364,14.203979,14.119050
726	0	520	6.881901	198,220,271,279,58,311,16,264	18.851578,15.474153,15.033082,14.970988,14.595172,14.104694,14.014789,13.918422
727	0	279	2.588303	198,279,220,264,271,311,1148,720	18.320993,16.485630,16.211882,15.118790,14.811069,14.770413,14.537908,14.304412
728	0	16591	13.810870	198,279,220,271,264,1148,311,58	18.387686,16.133886,15.906955,15.067622,14.881269,14.611481,14.571528,14.040836
729	0	7301	13.026349	198,220,279,271,264,311,1148,791	17.828741,15.690315,15.376973,15.329055,14.271016,14.118360,14.073398,14.043663
730	0	27315	16.563969	198,279,220,271,311,264,720,459	18.077570,16.645805,16.450022,15.646268,15.420212,15.245178,14.672160,14.562691
731	0	662	10.483143	198,220,279,271,311,264,58,1148	19.106266,16.477633,16.176672,16.159941,15.305028,14.972168,14.760066,14.625092
732	0	362	9.305032	198,220,279,271,58,311,264,720	19.139894,15.890201,15.496690,15.383957,14.764459,14.294850,14.198108,14.153750
733	0	3477	10.245571	198,220,271,279,58,264,720,311	18.718893,15.614136,15.402360,15.374474,14.456650,14.329280,14.270343,14.221410
734	0	315	7.474868	198,279,271,220,311,58,264,1148	19.645678,16.689184,16.464462,16.449772,15.578790,15.496024,15.376625,15.272090
735	0	426	9.549438	198,279,220,271,264,1148,311,58	18.556715,16.341967,15.932574,15.193919,15.042359,14.865293,14.583417,14.279603
736	0	11206	15.730428	198,271,220,279,58,720,311,264	18.897295,15.607528,15.556966,15.205199,14.595268,14.420917,14.160347,14.118088
737	0	466	8.706873	198,271,220,58,279,791,40,311	18.634851,15.135192,14.940747,14.629779,14.364182,14.024199,13.948701,13.418622
738	0	364	9.415205	198,279,220,271,311,264,58,720	18.062243,15.516782,15.355698,15.029358,14.477170,14.324939,14.116710,13.579875
739	0	82	5.780057	198,279,271,220,40,791,58,311	18.688797,15.113416,14.907524,14.807479,14.473893,14.178871,14.001980,13.841793
740	0	5178	13.777332	198,271,279,220,58,311,512,264	19.029549,15.210183,15.120543,14.877862,14.771492,14.303505,14.129257,13.986941
741	0	304	7.576665	198,271,279,58,220,311,40,512	19.815115,16.492914,15.880905,15.430430,15.405014,15.152637,14.829278,14.625366
742	0	578	6.589501	198,279,220,264,271,311,1148,58	18.553186,16.570745,15.950866,15.179730,15.159527,15.055076,14.842221,14.062182
743	0	22765	13.688564	198,220,279,271,264,720,311,1148	18.260691,16.149611,15.985401,15.180481,14.810124,14.505141,14.332324,14.264979
744	0	389	10.249521	198,220,279,271,264,311,58,791	18.521910,16.247337,15.572419,15.506459,14.406800,14.361675,14.193970,14.097203
745	0	7418	14.460837	198,279,220,271,264,311,1148,58	18.687933,16.352955,16.087898,15.222402,14.998843,14.741092,14.679826,14.367091
746	0	7633	10.676963	198,220,279,271,264,311,459,1148	18.301678,17.219885,16.627796,15.719616,15.507396,15.407823,14.747449,14.720959
747	0	1461	9.446897	198,220,279,271,311,264,58,1148	19.063112,16.648434,16.531275,15.536170,15.477208,15.266217,14.877110,14.835723
748	0	439	7.988990	198,279,220,271,311,264,1148,58	18.989632,16.373119,16.067728,15.668185,15.467105,15.088707,14.873985,14.780194
749	0	330	5.963429	198,279,220,271,264,1148,311,58	18.818338,16.487978,15.999616,15.381373,15.171627,14.979225,14.884819,14.444230
750	0	77104	16.610652	198,279,271,40,220,791,58,311	19.096682,15.344718,15.264649,14.894580,14.842709,14.537316,14.372841,14.094434
751	0	95072	16.895858	198,279,220,271,311,264,1148,58	19.147619,16.020575,15.971642,15.583577,14.979444,14.771640,14.717114,14.413859
752	0	330	5.751955	198,279,220,264,311,459,271,1148	16.508574,15.647606,15.487048,14.515042,14.483749,14.049708,13.862106,13.462588
753	0	304	8.103734	198,279,271,40,220,791,58,311	19.096682,15.344718,15.264649,14.894580,14.842709,14.537316,14.372841,14.094434
754	0	279	2.677162	198,279,220,264,271,311,1148,58	18.553186,16.570745,15.950866,15.179730,15.159527,15.055076,14.842221,14.062182
755	0	3560	12.114812	198,279,220,271,264,1148,311,58	18.387686,16.133886,15.906955,15.067622,14.881269,14.611481,14.571528,14.040836
756	0	1174	10.440267	198,220,279,271,311,58,264,512	18.586411,15.658692,15.567813,15.301747,15.009425,14.483444,14.306587,13.977273
757	0	323	5.833457	198,220,279,264,311,58,271,720	18.463499,16.564587,16.020687,14.723794,14.614247,14.547978,14.440827,14.305255
758	0	568	6.063373	198,279,220,271,1148,264,311,358	18.806881,16.788877,16.166117,15.716744,15.465240,15.361637,15.189132,14.518906
759	0	4036	12.388529	198,279,220,271,40,311,58,264	18.897011,15.787136,15.596127,15.449768,14.701730,14.609894,14.599307,14.516868
760	0	9200	13.489934	198,279,220,271,264,311,58,1148	19.081120,16.675583,16.554022,15.724988,15.502515,15.360017,15.032567,14.850963
761	0	8544	11.962293	198,220,279,271,311,264,1148,58	18.054634,15.786019,15.772579,15.391902,15.011889,14.504939,14.236171,14.188306
762	0	304	7.006701	198,279,271,220,311,264,58,1148	19.548332,16.663717,16.412188,16.380754,15.733548,15.339615,15.309685,15.050167
763	0	578	6.589501	198,279,220,264,271,311,1148,58	18.553186,16.570745,15.950866,15.179730,15.159527,15.055076,14.842221,14.062182
764	0	42769	18.154955	198,220,279,271,264,720,311,1148	18.260691,16.149611,15.985401,15.180481,14.810124,14.505141,14.332324,14.264979
765	0	1174	9.214088	198,279,220,271,311,264,1148,459	17.842886,15.942882,15.799802,15.532573,14.730548,14.716445,14.023957,14.004569
766	0	323	5.833457	198,220,279,264,311,58,271,720	18.463499,16.564587,16.020687,14.723794,14.614247,14.547978,14.440827,14.305255
767	0	57202	16.212408	198,279,220,271,1148,264,311,358	18.806881,16.788877,16.166117,15.716744,15.465240,15.361637,15.189132,14.518906
768	0	12028	14.035912	198,220,279,271,264,311,58,1148	18.790525,16.644989,16.218424,15.702568,15.116405,15.029636,14.558410,14.379222
769	0	662	10.822099	198,271,220,58,279,791,40,720	19.340307,16.140184,15.944130,15.354637,15.304347,14.558769,14.549492,14.145679
770	0	1283	11.546504	198,220,279,271,58,311,264,720	19.139894,15.890201,15.496690,15.383957,14.764459,14.294850,14.198108,14.153750
771	0	9922	13.751544	198,220,279,271,264,311,720,58	18.412298,15.835373,15.663617,15.263612,14.491050,14.429690,14.208280,14.190437
772	0	304	7.158031	198,220,279,271,311,264,58,1148	19.037859,16.303583,16.031334,15.005139,14.951183,14.808902,14.717288,14.221818
773	0	279	2.677162	198,279,220,264,271,311,1148,58	18.553186,16.570745,15.950866,15.179730,15.159527,15.055076,14.842221,14.062182
774	0	12707	13.795490	198,279,220,271,264,1148,311,58	18.387686,16.133886,15.906955,15.067622,14.881269,14.611481,14.571528,14.040836
775	0	4101	12.539795	198,279,271,220,311,1148,264,58	18.773878,15.996325,15.692472,15.397767,14.980896,14.809239,14.624554,14.461825
776	0	20819	14.305129	198,271,220,58,279,40,311,512	19.493509,16.235220,16.068525,15.764344,15.527608,14.981715,14.797318,14.667262
777	0	3842	9.998366	198,220,279,271,264,311,459,1148	17.513577,16.563524,16.490284,15.254291,15.194893,15.108342,14.485569,14.378159
778	0	1611	9.299685	198,220,279,271,264,311,1148,459	18.296907,16.330950,16.102041,15.512866,14.817683,14.700031,14.534526,14.131886
779	0	291	10.106431	198,220,279,271,720,58,12,791	17.815865,15.412598,14.408409,14.397948,14.269139,13.586735,13.419441,13.377973
780	0	304	7.266347	198,279,220,271,58,311,264,40	18.462206,15.510951,15.483659,14.991180,14.554036,14.436864,14.380096,13.881638
781	0	220	3.297041	198,279,220,264,271,311,1148,58	18.553186,16.570745,15.950866,15.179730,15.159527,15.055076,14.842221,14.062182
782	0	1049	6.843621	198,220,279,271,16,58,311,40	18.200384,15.290648,15.045898,14.543717,14.417618,14.175450,13.947739,13.904727
783	0	17	6.273932	198,220,271,279,58,720,311,16	18.989054,15.740318,15.385005,15.203568,14.690918,14.601364,14.203979,14.119050
784	0	439	9.068485	198,220,271,58,279,16,334,720	18.811855,15.347569,14.934293,14.892470,14.745784,14.404737,14.159379,13.983777
785	0	330	5.963429	198,279,220,271,264,1148,311,58	18.818338,16.487978,15.999616,15.381373,15.171627,14.979225,14.884819,14.444230
786	0	2758	13.011771	198,279,271,40,220,791,58,311	19.096682,15.344718,15.264649,14.894580,14.842709,14.537316,14.372841,14.094434
787	0	336	9.509868	198,220,279,264,311,271,720,459	17.443949,16.159554,16.147827,14.990968,14.905894,14.492577,14.042661,13.952163
788	0	1676	14.460997	198,220,279,271,311,264,58,720	17.872499,15.455966,14.958819,14.524379,14.245006,13.804347,13.705890,13.648209
789	0	1800	12.168746	198,220,271,279,791,720,58,40	17.841867,15.094327,14.623015,14.275642,13.807881,13.694537,13.600169,13.585103
790	0	425	14.111049	198,220,279,271,311,264,58,12	17.214897,15.561801,15.036416,14.387921,14.262794,13.920787,13.529786,13.104136
791	0	330	6.295642	198,220,279,271,58,311,720,264	18.858284,15.833768,15.502915,15.409150,14.739062,14.712685,14.555104,14.360569
792	0	304	8.103734	198,279,271,40,220,791,58,311	19.096682,15.344718,15.264649,14.894580,14.842709,14.537316,14.372841,14.094434
793	0	279	2.677162	198,279,220,264,271,311,1148,58	18.553186,16.570745,15.950866,15.179730,15.159527,15.055076,14.842221,14.062182
794	0	9417	14.388154	198,279,220,271,264,1148,311,58	18.387686,16.133886,15.906955,15.067622,14.881269,14.611481,14.571528,14.040836
795	0	330	6.869261	198,271,279,220,311,58,1148,264	19.589100,16.539400,16.208290,16.107256,15.254814,15.247925,15.072923,14.820720
796	0	31597	14.237771	198,279,271,40,220,791,58,311	19.096682,15.344718,15.264649,14.894580,14.842709,14.537316,14.372841,14.094434
797	0	64412	18.583231	198,220,279,271,264,311,459,720	17.608629,16.025370,15.850273,15.407901,14.757759,14.484090,14.291389,14.040600
798	0	72	5.760648	198,220,271,279,58,791,40,311	17.968992,15.529716,14.891683,14.035541,13.960958,13.560623,13.443935,13.443653
799	0	2301	13.066271	198,220,271,279,58,311,720,512	18.882948,14.988301,14.955334,14.674605,14.543449,13.804692,13.765437,13.752023
800	0	330	6.126593	198,220,279,271,311,264,58,720	17.835882,15.437099,15.249644,14.971603,14.747040,14.157481,13.907517,13.494907
801	0	1174	10.731537	198,279,271,40,220,791,58,311	19.096682,15.344718,15.264649,14.894580,14.842709,14.537316,14.372841,14.094434
802	0	323	5.833457	198,220,279,264,311,58,271,720	18.463499,16.564587,16.020687,14.723794,14.614247,14.547978,14.440827,14.305255
803	0	1047	8.437574	198,279,220,271,1148,264,311,358	18.806881,16.788877,16.166117,15.716744,15.465240,15.361637,15.189132,14.518906
804	0	264	4.406772	198,279,220,271,264,311,1148,58	19.072050,16.466413,16.014986,15.336720,15.191278,15.101695,15.015218,14.803889
805	0	3560	12.380443	198,279,220,271,264,311,58,1148	18.668501,15.762531,15.610847,15.176777,14.664111,14.390205,14.350079,14.309318
806	0	439	8.262474	198,220,279,271,311,58,264,512	18.586411,15.658692,15.567813,15.301747,15.009425,14.483444,14.306587,13.977273
807	0	264	4.247890	198,279,220,271,264,1148,311,58	18.818338,16.487978,15.999616,15.381373,15.171627,14.979225,14.884819,14.444230
808	0	2204	11.271121	198,279,220,271,264,311,58,1148	18.668501,15.762531,15.610847,15.176777,14.664111,14.390205,14.350079,14.309318
809	0	3752	13.266099	198,279,220,271,311,264,1148,720	18.919685,16.535053,16.074175,15.352966,15.227958,15.148460,14.887703,14.869390
810	0	330	6.675976	198,271,220,279,58,311,264,40	19.292971,15.868808,15.684878,15.622743,14.913811,14.894206,14.438811,14.252922
811	0	79479	15.126549	198,279,271,40,220,791,58,311	19.096682,15.344718,15.264649,14.894580,14.842709,14.537316,14.372841,14.094434
812	0	57493	14.500019	198,271,220,279,58,791,264,40	18.269222,15.446701,15.396398,15.087162,14.204972,14.047214,13.970104,13.942077
813	0	330	6.575936	198,271,220,279,58,311,264,791	18.736601,15.770996,15.641944,15.445568,14.590965,14.436104,14.343837,14.312696
814	0	389	10.700688	198,279,271,40,220,791,58,311	19.096682,15.344718,15.264649,14.894580,14.842709,14.537316,14.372841,14.094434
815	0	578	6.606630	198,279,220,271,264,311,1148,58	18.687933,16.352955,16.087898,15.222402,14.998843,14.741092,14.679826,14.367091
816	0	8766	13.929959	198,220,279,271,264,720,311,1148	18.260691,16.149611,15.985401,15.180481,14.810124,14.505141,14.332324,14.264979
817	0	662	10.373649	198,220,279,271,264,311,1148,58	18.706388,16.582344,16.424566,15.853656,15.155154,15.088008,14.835422,14.758748
818	0	720	5.385381	198,220,279,271,58,311,264,720	19.139894,15.890201,15.496690,15.383957,14.764459,14.294850,14.198108,14.153750
819	0	1283	12.098928	198,220,58,271,279,720,40,16	19.748571,16.338440,15.803073,15.648120,15.438540,15.065273,14.953280,14.708340
820	0	1047	8.893282	198,220,279,271,264,311,720,58	18.412298,15.835373,15.663617,15.263612,14.491050,14.429690,14.208280,14.190437
821	0	264	4.406772	198,279,220,271,264,311,1148,58	19.072050,16.466413,16.014986,15.336720,15.191278,15.101695,15.015218,14.803889
822	0	46350	15.231214	198,279,220,271,264,311,58,1148	18.668501,15.762531,15.610847,15.176777,14.664111,14.390205,14.350079,14.309318
823	0	3560	12.461868	198,220,279,271,311,264,459,1148	18.546066,16.775711,16.486391,15.482959,15.453990,15.225568,14.653646,14.616160
824	0	304	6.984723	198,220,279,271,311,58,264,512	18.586411,15.658692,15.567813,15.301747,15.009425,14.483444,14.306587,13.977273
825	0	220	3.297041	198,279,220,264,271,311,1148,58	18.553186,16.570745,15.950866,15.179730,15.159527,15.055076,14.842221,14.062182
826	0	1049	6.843621	198,220,279,271,16,58,311,40	18.200384,15.290648,15.045898,14.543717,14.417618,14.175450,13.947739,13.904727
827	0	18	6.544569	198,220,271,279,58,720,311,16	18.989054,15.740318,15.385005,15.203568,14.690918,14.601364,14.203979,14.119050
828	0	389	10.829115	198,220,271,279,58,16,334,40	19.047747,15.494183,15.324145,15.005241,14.972077,14.405555,14.223901,14.139130
829	0	1403	9.546382	198,279,220,271,264,311,1148,58	18.687933,16.352955,16.087898,15.222402,14.998843,14.741092,14.679826,14.367091
830	0	18243	15.999925	198,279,220,271,58,40,264,311	19.043015,15.751366,15.545471,15.309127,15.230014,14.646297,14.624534,14.330699
831	0	315	7.021757	198,271,220,279,58,311,264,1148	19.749674,16.475613,16.130384,16.115667,15.364127,15.356908,14.754148,14.739487
832	0	578	6.289897	198,279,220,271,264,1148,311,58	18.556715,16.341967,15.932574,15.193919,15.042359,14.865293,14.583417,14.279603
833	0	8766	13.929959	198,220,279,271,264,720,311,1148	18.260691,16.149611,15.985401,15.180481,14.810124,14.505141,14.332324,14.264979
834	0	1174	9.936549	198,220,279,271,264,311,1148,58	18.706388,16.582344,16.424566,15.853656,15.155154,15.088008,14.835422,14.758748
835	0	439	8.274977	198,220,279,264,311,58,271,720	18.463499,16.564587,16.020687,14.723794,14.614247,14.547978,14.440827,14.305255
836	0	3752	12.853614	198,279,220,271,264,1148,311,58	18.818338,16.487978,15.999616,15.381373,15.171627,14.979225,14.884819,14.444230
837	0	330	6.675976	198,271,220,279,58,311,264,40	19.292971,15.868808,15.684878,15.622743,14.913811,14.894206,14.438811,14.252922
838	0	58280	17.502472	198,279,271,40,220,791,58,311	19.096682,15.344718,15.264649,14.894580,14.842709,14.537316,14.372841,14.094434
839	0	8650	10.056852	198,220,279,264,311,720,12,271	16.792231,15.699024,15.438736,14.525844,14.427699,14.163608,14.069190,13.913418
840	0	330	5.793874	198,220,279,271,720,264,58,311	17.935266,16.351219,15.517411,15.346286,14.954166,14.669441,14.559354,14.473534
841	0	662	10.702442	198,279,271,40,220,791,58,311	19.096682,15.344718,15.264649,14.894580,14.842709,14.537316,14.372841,14.094434
842	0	763	8.508389	198,220,279,271,58,311,264,720	19.139894,15.890201,15.496690,15.383957,14.764459,14.294850,14.198108,14.153750
843	0	220	3.415173	198,279,220,271,264,311,1148,791	18.573925,16.108814,15.796094,15.249486,14.826655,14.348798,14.342832,14.259849
844	0	1049	6.843621	198,220,279,271,16,58,311,40	18.200384,15.290648,15.045898,14.543717,14.417618,14.175450,13.947739,13.904727
845	0	19	7.381376	198,220,271,279,58,720,311,16	18.989054,15.740318,15.385005,15.203568,14.690918,14.601364,14.203979,14.119050
846	0	426	10.765445	198,220,271,279,58,311,16,40	19.017141,15.369492,15.315871,14.923442,14.697692,14.049218,13.945539,13.864959
847	0	11206	15.730428	198,271,220,279,58,720,311,264	18.897295,15.607528,15.556966,15.205199,14.595268,14.420917,14.160347,14.118088
848	0	466	8.706873	198,271,220,58,279,791,40,311	18.634851,15.135192,14.940747,14.629779,14.364182,14.024199,13.948701,13.418622
849	0	27212	13.712703	198,279,220,271,311,264,58,720	18.062243,15.516782,15.355698,15.029358,14.477170,14.324939,14.116710,13.579875
850	0	264	3.034340	198,279,220,264,311,459,271,1148	16.315958,16.046961,15.442924,14.947438,14.773997,14.287288,14.012799,13.562394
851	0	3560	12.380443	198,279,220,271,264,311,58,1148	18.668501,15.762531,15.610847,15.176777,14.664111,14.390205,14.350079,14.309318
852	0	439	8.262474	198,220,279,271,311,58,264,512	18.586411,15.658692,15.567813,15.301747,15.009425,14.483444,14.306587,13.977273
853	0	330	5.963429	198,279,220,271,264,1148,311,58	18.818338,16.487978,15.999616,15.381373,15.171627,14.979225,14.884819,14.444230
854	0	29517	14.817644	198,279,271,40,220,791,58,311	19.096682,15.344718,15.264649,14.894580,14.842709,14.537316,14.372841,14.094434
855	0	330	5.941924	198,220,279,271,264,311,459,1148	17.519321,15.922076,15.825902,14.940862,14.747684,14.528796,14.036092,13.908051
856	0	304	8.103734	198,279,271,40,220,791,58,311	19.096682,15.344718,15.264649,14.894580,14.842709,14.537316,14.372841,14.094434
857	0	279	2.677162	198,279,220,264,271,311,1148,58	18.553186,16.570745,15.950866,15.179730,15.159527,15.055076,14.842221,14.062182
858	0	9417	14.388154	198,279,220,271,264,1148,311,58	18.387686,16.133886,15.906955,15.067622,14.881269,14.611481,14.571528,14.040836
859	0	330	6.869261	198,271,279,220,311,58,1148,264	19.589100,16.539400,16.208290,16.107256,15.254814,15.247925,15.072923,14.820720
860	0	71166	14.793969	198,279,271,40,220,791,58,311	19.096682,15.344718,15.264649,14.894580,14.842709,14.537316,14.372841,14.094434
861	0	364	9.027384	198,220,279,271,264,311,12,459	16.849316,15.610184,15.041306,14.407025,14.107892,14.033546,13.650864,13.538081
862	0	82	5.780057	198,279,271,220,40,791,58,311	18.688797,15.113416,14.907524,14.807479,14.473893,14.178871,14.001980,13.841793
863	0	15457	14.899843	198,271,279,220,58,311,512,264	19.029549,15.210183,15.120543,14.877862,14.771492,14.303505,14.129257,13.986941
864	0	330	6.437930	198,220,271,279,58,311,264,720	19.235161,16.603008,16.389570,15.826775,15.084870,14.909573,14.740533,14.458583
865	0	315	8.726830	198,279,271,40,220,791,58,311	19.096682,15.344718,15.264649,14.894580,14.842709,14.537316,14.372841,14.094434
866	0	279	2.921453	198,279,220,271,264,1148,311,58	18.556715,16.341967,15.932574,15.193919,15.042359,14.865293,14.583417,14.279603
867	0	12707	13.795490	198,279,220,271,264,1148,311,58	18.387686,16.133886,15.906955,15.067622,14.881269,14.611481,14.571528,14.040836
868	0	4101	12.539795	198,279,271,220,311,1148,264,58	18.773878,15.996325,15.692472,15.397767,14.980896,14.809239,14.624554,14.461825
869	0	578	7.473535	198,271,220,58,279,40,311,512	19.493509,16.235220,16.068525,15.764344,15.527608,14.981715,14.797318,14.667262
870	0	5843	13.884437	198,220,279,271,264,720,311,1148	18.260691,16.149611,15.985401,15.180481,14.810124,14.505141,14.332324,14.264979
871	0	38725	16.989103	198,220,279,271,311,720,264,58	17.945568,15.876282,15.537071,14.658722,14.405599,14.372228,14.300136,14.124167
872	0	2652	11.295721	198,271,220,279,791,311,264,58	17.828354,15.414319,15.274085,15.251456,14.419453,14.172269,14.150330,14.007668
873	0	568	7.179838	198,220,279,58,720,311,271,264	19.459284,16.729254,16.098688,14.917851,14.874602,14.854012,14.823035,14.748585
874	0	59335	16.680332	198,279,220,271,40,311,58,264	18.897011,15.787136,15.596127,15.449768,14.701730,14.609894,14.599307,14.516868
875	0	16662	14.027021	198,220,279,264,311,459,720,477	16.131647,15.906910,15.661460,14.730161,14.545337,14.134902,13.815307,13.532557
876	0	20142	15.685320	198,279,220,264,271,1148,311,459	18.522066,17.370625,16.533035,15.963407,15.642639,15.623844,15.558651,15.324407
877	0	4488	11.655689	198,279,220,271,311,58,264,1148	18.732237,15.929008,15.678947,15.658809,15.246202,14.777420,14.591438,14.053929
878	0	27191	15.404059	198,220,279,271,264,311,58,1148	18.041336,16.317848,15.927274,15.396253,14.691719,14.459354,14.242219,14.105331
879	0	323	5.943819	198,220,279,271,264,311,720,58	17.583166,15.556233,15.172854,14.343350,14.143434,14.102531,13.977615,13.825009
880	0	43423	12.922241	198,279,220,271,1148,264,311,358	18.806881,16.788877,16.166117,15.716744,15.465240,15.361637,15.189132,14.518906
881	0	15385	15.145413	198,220,271,279,58,311,264,791	18.415577,15.446744,15.143998,14.718883,14.340984,13.814884,13.686119,13.669163
882	0	18843	14.169610	198,220,271,279,720,58,311,998	17.461630,15.278114,14.577129,13.523876,13.151920,13.136230,12.976476,12.911275
883	0	662	10.504477	198,271,220,58,279,311,40,791	18.744385,15.900760,15.263695,14.767917,14.670093,13.905782,13.800635,13.797818
884	0	426	10.569512	198,220,279,271,58,311,264,720	19.139894,15.890201,15.496690,15.383957,14.764459,14.294850,14.198108,14.153750
885	0	11206	15.730428	198,271,220,279,58,720,311,264	18.897295,15.607528,15.556966,15.205199,14.595268,14.420917,14.160347,14.118088
886	0	466	8.706873	198,271,220,58,279,791,40,311	18.634851,15.135192,14.940747,14.629779,14.364182,14.024199,13.948701,13.418622
887	0	59335	16.720787	198,279,220,271,311,264,58,720	18.062243,15.516782,15.355698,15.029358,14.477170,14.324939,14.116710,13.579875
888	0	439	7.696647	198,220,279,264,311,459,720,477	16.131647,15.906910,15.661460,14.730161,14.545337,14.134902,13.815307,13.532557
889	0	330	5.963429	198,279,220,271,264,1148,311,58	18.818338,16.487978,15.999616,15.381373,15.171627,14.979225,14.884819,14.444230
890	0	58090	14.429484	198,279,271,40,220,791,58,311	19.096682,15.344718,15.264649,14.894580,14.842709,14.537316,14.372841,14.094434
891	0	330	6.858888	198,220,279,271,58,264,311,720	18.771132,15.693095,15.295407,14.998761,14.464477,14.292026,14.214223,13.881234
892	0	1174	10.731537	198,279,271,40,220,791,58,311	19.096682,15.344718,15.264649,14.894580,14.842709,14.537316,14.372841,14.094434
893	0	304	7.113161	198,220,279,264,311,58,271,720	18.463499,16.564587,16.020687,14.723794,14.614247,14.547978,14.440827,14.305255
894	0	279	2.677162	198,279,220,264,271,311,1148,58	18.553186,16.570745,15.950866,15.179730,15.159527,15.055076,14.842221,14.062182
895	0	220	3.179549	198,279,220,271,264,1148,311,58	18.387686,16.133886,15.906955,15.067622,14.881269,14.611481,14.571528,14.040836
896	0	1049	6.843621	198,220,279,271,16,58,311,40	18.200384,15.290648,15.045898,14.543717,14.417618,14.175450,13.947739,13.904727
897	0	20	5.967834	198,220,271,279,58,720,311,16	18.989054,15.740318,15.385005,15.203568,14.690918,14.601364,14.203979,14.119050
898	0	34596	15.482773	198,220,271,279,58,311,720,16	18.948269,15.331426,15.198102,14.882763,14.506317,14.027031,13.922549,13.852298
899	0	54248	16.206518	198,279,271,220,311,264,58,1148	19.048063,16.244102,16.034529,16.030279,15.445679,14.968559,14.810662,14.759560
900	0	315	7.525103	198,279,271,220,311,58,264,1148	19.179106,15.948853,15.832906,15.588615,15.329189,14.792343,14.719403,14.283664
901	0	279	2.921453	198,279,220,271,264,1148,311,58	18.556715,16.341967,15.932574,15.193919,15.042359,14.865293,14.583417,14.279603
902	0	26241	14.512130	198,279,220,271,264,1148,311,58	18.387686,16.133886,15.906955,15.067622,14.881269,14.611481,14.571528,14.040836
903	0	93401	14.924663	198,220,271,279,791,58,264,40	17.897482,15.427719,15.102966,14.954244,13.987731,13.889432,13.768209,13.746915
904	0	1514	10.652710	198,271,220,279,311,264,58,1148	18.680017,15.731250,15.459180,15.430598,14.662122,14.204692,14.005882,13.847959
905	0	44662	14.280287	198,279,220,271,311,264,58,1148	18.775696,16.280762,15.496848,15.469529,15.201709,14.926822,14.600170,14.538193
906	0	50940	16.163916	198,220,279,271,264,311,720,459	17.425032,16.002939,15.408765,15.356186,14.350690,14.334048,13.618546,13.543134
907	0	662	10.505834	198,220,279,271,12,58,720,264	17.251835,15.100123,14.021290,13.971152,13.552417,13.223506,13.086713,12.969459
908	0	1102	10.019516	198,220,279,271,58,311,264,720	19.139894,15.890201,15.496690,15.383957,14.764459,14.294850,14.198108,14.153750
909	0	574	7.946484	198,220,271,279,40,58,311,264	19.221071,15.726655,15.630151,15.621984,14.516476,14.494578,14.490311,14.452426
910	0	10887	12.693378	198,279,220,271,264,1148,311,58	19.094675,16.565477,16.357344,15.381180,15.257454,15.197597,15.099014,14.608970
911	0	520	6.015768	198,279,220,271,311,58,264,1148	19.012596,16.098148,16.096306,15.189641,14.989766,14.944669,14.934361,14.306511
912	0	279	2.588303	198,279,220,264,271,311,1148,720	18.320993,16.485630,16.211882,15.118790,14.811069,14.770413,14.537908,14.304412
913	0	46506	16.330645	198,279,220,271,264,1148,311,58	18.387686,16.133886,15.906955,15.067622,14.881269,14.611481,14.571528,14.040836
914	0	27315	17.227831	198,220,279,271,311,264,12,720	17.146523,15.979541,15.029332,14.643089,14.013873,13.988210,13.618820,13.473503
915	0	304	7.063412	198,220,279,271,311,264,58,1148	19.106266,16.477633,16.176672,16.159941,15.305028,14.972168,14.760066,14.625092
916	0	72098	17.348491	198,279,220,264,271,311,1148,58	18.553186,16.570745,15.950866,15.179730,15.159527,15.055076,14.842221,14.062182
917	0	1174	9.842083	198,279,220,271,311,1148,264,459	18.648575,16.373062,16.035852,15.998269,15.351932,15.085750,15.024632,14.476947
918	0	323	5.833457	198,220,279,264,311,58,271,720	18.463499,16.564587,16.020687,14.723794,14.614247,14.547978,14.440827,14.305255
919	0	279	2.748745	198,279,220,271,1148,264,311,358	18.806881,16.788877,16.166117,15.716744,15.465240,15.361637,15.189132,14.518906
920	0	11258	14.089733	198,279,220,271,264,1148,311,58	18.387686,16.133886,15.906955,15.067622,14.881269,14.611481,14.571528,14.040836
921	0	1291	11.206976	198,220,279,271,311,264,12,720	17.403694,15.776902,15.461619,14.695679,14.533188,14.437894,14.117175,14.046295
922	0	39520	17.002390	198,220,279,311,271,264,58,720	17.285334,15.671975,15.413223,14.508682,14.446353,14.236660,13.597606,13.579422
923	0	17367	14.781077	198,220,279,271,264,311,720,459	17.671751,16.365229,15.581655,15.561466,14.586627,14.559070,14.079578,13.845380
924	0	304	6.668993	198,220,279,271,311,264,58,720	17.956526,15.727269,15.618016,15.433350,14.760615,14.563858,14.030698,14.012226
925	0	7295	12.305907	198,279,220,264,271,311,1148,58	18.553186,16.570745,15.950866,15.179730,15.159527,15.055076,14.842221,14.062182
926	0	662	10.109823	198,279,220,271,311,264,1148,459	18.200727,16.427856,16.402399,15.553543,15.277896,15.215899,14.585674,14.548760
927	0	1283	11.546504	198,220,279,271,58,311,264,720	19.139894,15.890201,15.496690,15.383957,14.764459,14.294850,14.198108,14.153750
928	0	574	7.306940	198,220,279,271,264,311,720,58	18.412298,15.835373,15.663617,15.263612,14.491050,14.429690,14.208280,14.190437
929	0	15910	11.730057	198,279,220,271,264,1148,311,58	19.094675,16.565477,16.357344,15.381180,15.257454,15.197597,15.099014,14.608970
930	0	555	7.200305	198,279,220,311,264,271,58,512	17.890694,15.978997,15.675746,15.207578,14.745273,14.587833,14.194592,14.018937
931	0	3842	10.167334	198,220,279,264,271,311,1148,459	17.989965,16.802811,16.720980,15.398006,15.086704,14.941078,14.769954,14.444209
932	0	68573	15.012493	198,220,279,271,264,311,1148,459	18.296907,16.330950,16.102041,15.512866,14.817683,14.700031,14.534526,14.131886
933	0	323	5.086702	198,279,220,264,720,271,12,459	15.875679,15.133533,14.847237,14.170430,13.911766,13.875175,13.835579,13.833237
934	0	59335	15.964305	198,279,220,271,1148,264,311,358	18.806881,16.788877,16.166117,15.716744,15.465240,15.361637,15.189132,14.518906
935	0	16662	14.027021	198,220,279,264,311,459,720,477	16.131647,15.906910,15.661460,14.730161,14.545337,14.134902,13.815307,13.532557
936	0	7505	13.351887	198,279,220,264,271,1148,311,459	18.522066,17.370625,16.533035,15.963407,15.642639,15.623844,15.558651,15.324407
937	0	1254	12.146584	198,220,279,271,264,311,58,720	17.370493,15.672477,15.116511,14.560483,13.937776,13.878262,13.436574,13.393074
938	0	819	12.363118	198,271,220,279,720,998,40,72	17.781580,14.654376,14.360863,14.209930,13.885048,13.743922,13.528327,13.510162
939	0	675	13.248477	198,279,220,271,264,311,58,40	18.268721,15.255280,15.120717,14.861664,14.090161,14.083366,13.991745,13.661273
940	0	1174	9.941543	198,220,279,271,58,311,264,40	18.188288,14.950475,14.759819,14.681293,14.019439,13.780240,13.573775,13.508735
941	0	51075	16.484881	198,220,279,264,311,58,271,720	18.463499,16.564587,16.020687,14.723794,14.614247,14.547978,14.440827,14.305255
942	0	1901	10.852597	198,279,220,271,40,791,311,1148	18.427614,15.636950,15.636365,15.536855,14.426765,14.418477,14.409313,14.392018
943	0	12997	15.612476	198,220,279,271,720,311,58,264	17.956717,15.097888,14.699466,14.670673,14.130058,13.726377,13.640824,13.515865
944	0	1174	9.685643	198,220,279,271,311,58,264,791	18.236574,15.080720,14.953342,14.766464,14.025962,13.965370,13.819430,13.458351
945	0	14253	13.753081	198,220,279,264,311,58,271,720	18.463499,16.564587,16.020687,14.723794,14.614247,14.547978,14.440827,14.305255
946	0	18206	13.553701	198,220,279,271,311,264,1148,791	17.698030,15.589810,15.480830,15.343704,14.382257,14.337382,13.936313,13.809577
947	0	1174	9.132160	198,279,220,271,311,264,1148,459	17.726604,16.224052,15.951449,15.357207,15.130580,14.891162,14.464630,14.146489
948	0	56230	15.699642	198,220,279,264,311,58,271,720	18.463499,16.564587,16.020687,14.723794,14.614247,14.547978,14.440827,14.305255
949	0	24852	12.586455	198,279,220,311,271,264,459,720	17.176115,15.880241,15.589592,14.883362,14.821297,14.729260,14.081172,13.927586
950	0	417	9.935652	198,220,271,279,58,40,791,311	17.930170,15.387881,15.111899,14.502845,14.028587,13.700683,13.685601,13.559812
951	0	1174	9.961506	198,220,279,271,311,58,720,264	18.680998,15.382207,15.313678,14.998189,14.607540,14.576576,14.218781,14.137822
952	0	60410	15.124015	198,220,279,264,311,58,271,720	18.463499,16.564587,16.020687,14.723794,14.614247,14.547978,14.440827,14.305255
953	0	81764	16.256897	198,220,279,720,271,264,12,311	17.339346,15.836347,15.049150,14.415004,14.393853,14.152866,14.109302,14.069557
954	0	323	5.730170	198,220,279,271,264,720,311,12	17.387325,15.734036,14.935364,14.720909,14.117162,14.021419,13.960547,13.790233
955	0	68134	14.129770	198,279,220,271,1148,264,311,358	18.806881,16.788877,16.166117,15.716744,15.465240,15.361637,15.189132,14.518906
956	0	11166	13.088442	198,220,279,271,264,311,58,1148	18.040056,15.810222,15.284343,14.998761,14.192853,14.060756,13.822717,13.691495
957	0	662	10.216562	198,220,279,271,311,264,720,12	17.830765,15.914079,15.847428,15.255719,14.722781,14.640827,14.541484,14.038129
958	0	426	10.569512	198,220,279,271,58,311,264,720	19.139894,15.890201,15.496690,15.383957,14.764459,14.294850,14.198108,14.153750
959	0	11206	15.730428	198,271,220,279,58,720,311,264	18.897295,15.607528,15.556966,15.205199,14.595268,14.420917,14.160347,14.118088
960	0	466	8.706873	198,271,220,58,279,791,40,311	18.634851,15.135192,14.940747,14.629779,14.364182,14.024199,13.948701,13.418622
961	0	4036	12.475099	198,279,220,271,311,264,58,720	18.062243,15.516782,15.355698,15.029358,14.477170,14.324939,14.116710,13.579875
962	0	264	4.104811	198,279,220,271,264,311,58,1148	19.081120,16.675583,16.554022,15.724988,15.502515,15.360017,15.032567,14.850963
963	0	37849	13.712274	198,279,220,271,264,311,58,1148	18.668501,15.762531,15.610847,15.176777,14.664111,14.390205,14.350079,14.309318
964	0	3477	9.484471	198,220,279,311,264,271,720,459	18.246407,16.035559,15.893111,14.965117,14.696670,14.615552,14.134140,14.050357
965	0	304	7.143720	198,279,271,220,311,58,264,1148	19.645678,16.689184,16.464462,16.449772,15.578790,15.496024,15.376625,15.272090
966	0	578	6.589501	198,279,220,264,271,311,1148,58	18.553186,16.570745,15.950866,15.179730,15.159527,15.055076,14.842221,14.062182
967	0	13690	12.515097	198,220,279,271,264,720,311,1148	18.260691,16.149611,15.985401,15.180481,14.810124,14.505141,14.332324,14.264979
968	0	49906	19.320204	198,220,279,271,264,311,720,459	17.911200,16.681875,16.157215,15.485894,15.037277,14.944079,14.559319,14.359886
969	0	551	9.975079	198,220,279,271,12,311,720,264	18.344503,15.562940,15.540738,15.528546,15.067398,14.643620,14.596748,14.436908
970	0	330	6.039267	198,220,279,271,58,720,311,264	18.886896,16.209051,15.709358,14.854276,14.638606,14.622269,14.437974,14.427101
971	0	578	7.170353	198,279,271,40,220,791,58,311	19.096682,15.344718,15.264649,14.894580,14.842709,14.537316,14.372841,14.094434
972	0	15718	10.839074	198,220,279,271,264,720,311,1148	18.260691,16.149611,15.985401,15.180481,14.810124,14.505141,14.332324,14.264979
973	0	374	5.250190	198,220,279,311,264,271,1148,720	17.962408,16.109028,15.949979,15.177307,14.652596,14.592330,14.001442,13.968018
974	0	559	12.443847	198,279,220,271,264,311,58,1148	18.874168,16.050264,15.948543,15.323257,14.857760,14.684718,14.593300,14.500596
975	0	1683	10.951744	198,279,271,220,58,998,40,311	18.006048,14.601547,14.595581,14.434804,13.691625,13.598050,13.552094,13.504028
976	0	11559	14.517179	198,220,279,271,311,264,58,720	17.483809,15.225043,14.926160,14.569656,14.070297,13.836617,13.665647,13.385020
977	0	19428	12.956230	198,279,271,220,311,264,1148,40	18.824915,16.130188,15.716382,15.563815,14.973815,14.851959,14.740921,14.435066
978	0	1174	9.833161	198,279,220,311,271,264,1148,459	17.825354,15.887801,15.450147,14.801113,14.768490,14.600601,14.108955,13.911057
979	0	449	8.453470	198,220,279,264,311,58,271,720	18.463499,16.564587,16.020687,14.723794,14.614247,14.547978,14.440827,14.305255
980	0	53221	15.580680	198,279,220,264,271,311,1148,459	18.386030,16.762867,16.275248,15.500725,15.198476,15.016742,14.945622,14.494710
981	0	24601	15.712158	198,279,220,311,264,271,459,1148	17.309752,15.966870,15.619651,15.184020,14.608836,14.413617,14.100108,13.996480
982	0	505	10.170735	198,271,279,220,58,311,40,512	20.046663,16.226835,15.637805,15.566334,15.422100,15.059441,14.662652,14.614571
983	0	7505	13.789743	198,279,220,271,264,311,1148,58	18.777849,16.472685,16.419790,15.184247,15.159230,14.836596,14.639041,14.584148
984	0	1254	12.146584	198,220,279,271,264,311,58,720	17.370493,15.672477,15.116511,14.560483,13.937776,13.878262,13.436574,13.393074
985	0	819	12.363118	198,271,220,279,720,998,40,72	17.781580,14.654376,14.360863,14.209930,13.885048,13.743922,13.528327,13.510162
986	0	675	13.248477	198,279,220,271,264,311,58,40	18.268721,15.255280,15.120717,14.861664,14.090161,14.083366,13.991745,13.661273
987	0	320	8.119213	198,220,279,271,58,311,264,40	18.188288,14.950475,14.759819,14.681293,14.019439,13.780240,13.573775,13.508735
988	0	1457	11.543985	198,279,220,271,40,58,791,16	18.788465,15.074147,15.049706,14.955983,14.574613,14.430439,14.132988,14.028832
989	0	653	11.205814	198,279,220,271,311,264,1148,58	19.013998,16.392550,16.241302,15.480846,15.291542,15.049011,14.767545,14.712607
990	0	34551	13.135393	198,279,220,271,311,58,264,720	18.053879,15.142926,14.848839,14.607803,14.050975,13.856926,13.808805,13.763846
991	0	82585	17.945370	198,271,220,58,998,334,40,720	18.656553,14.729272,14.511609,14.470582,13.928548,13.824622,13.655778,13.599748
992	0	505	10.316616	198,220,271,279,58,311,264,40	18.961084,15.370992,15.370728,15.203763,14.765912,14.253516,14.010860,13.959800
993	0	813	7.182571	198,279,220,271,264,311,1148,58	18.777849,16.472685,16.419790,15.184247,15.159230,14.836596,14.639041,14.584148
994	0	5178	12.824794	198,279,220,271,264,311,1148,40	18.588966,16.011665,15.657565,15.197534,14.675503,14.614705,14.614408,14.364479
995	0	439	8.630335	198,271,279,58,220,311,40,512	19.815115,16.492914,15.880905,15.430430,15.405014,15.152637,14.829278,14.625366
996	0	54651	13.601695	198,279,220,271,264,1148,311,58	18.818338,16.487978,15.999616,15.381373,15.171627,14.979225,14.884819,14.444230
997	0	452	10.636395	198,220,279,271,311,58,264,791	18.775627,15.704061,15.375741,15.374539,14.403252,14.263981,14.192502,14.093946
998	0	15278	15.106720	198,271,220,279,720,58,311,264	18.373949,15.338710,15.272137,15.033157,14.409644,14.292785,13.991402,13.938222
999	0	364	10.206224	198,220,279,271,58,311,998,720	18.219198,14.669257,14.447001,14.306911,14.107922,13.788612,13.637874,13.470510
1000	0	82	5.780057	198,279,271,220,40,791,58,311	18.688797,15.113416,14.907524,14.807479,14.473893,14.178871,14.001980,13.841793
1001	0	9777	15.810487	198,271,279,220,58,311,512,264	19.029549,15.210183,15.120543,14.877862,14.771492,14.303505,14.129257,13.986941
1002	0	1169	9.844051	198,220,271,279,58,720,311,12	18.087965,15.745421,14.860401,14.622291,14.211169,13.814672,13.783095,13.740211
1003	0	883	10.445140	198,279,220,311,271,264,58,1148	18.008554,15.942566,15.686522,14.806137,14.754672,14.688343,14.054433,13.968975
1004	0	1174	9.299377	198,220,279,58,720,271,311,264	18.844395,15.750148,15.264713,14.786017,14.772031,14.524016,14.414177,14.110536
1005	0	8563	11.785447	198,220,279,264,311,58,271,720	18.463499,16.564587,16.020687,14.723794,14.614247,14.547978,14.440827,14.305255
1006	0	426	9.556621	198,220,279,271,264,311,1148,720	17.960892,16.321665,15.835197,15.286731,14.653861,14.394938,14.200727,14.097287
1007	0	11206	15.730428	198,271,220,279,58,720,311,264	18.897295,15.607528,15.556966,15.205199,14.595268,14.420917,14.160347,14.118088
1008	0	466	8.706873	198,271,220,58,279,791,40,311	18.634851,15.135192,14.940747,14.629779,14.364182,14.024199,13.948701,13.418622
1009	0	1174	9.859977	198,279,220,271,311,264,58,720	18.062243,15.516782,15.355698,15.029358,14.477170,14.324939,14.116710,13.579875
1010	0	51075	16.484881	198,220,279,264,311,58,271,720	18.463499,16.564587,16.020687,14.723794,14.614247,14.547978,14.440827,14.305255
1011	0	1901	10.852597	198,279,220,271,40,791,311,1148	18.427614,15.636950,15.636365,15.536855,14.426765,14.418477,14.409313,14.392018
1012	0	12997	15.612476	198,220,279,271,720,311,58,264	17.956717,15.097888,14.699466,14.670673,14.130058,13.726377,13.640824,13.515865
1013	0	323	6.154761	198,220,279,271,311,58,264,791	18.236574,15.080720,14.953342,14.766464,14.025962,13.965370,13.819430,13.458351
1014	0	56230	15.225921	198,279,220,271,1148,264,311,358	18.806881,16.788877,16.166117,15.716744,15.465240,15.361637,15.189132,14.518906
1015	0	24852	12.586455	198,279,220,311,271,264,459,720	17.176115,15.880241,15.589592,14.883362,14.821297,14.729260,14.081172,13.927586
1016	0	417	9.935652	198,220,271,279,58,40,791,311	17.930170,15.387881,15.111899,14.502845,14.028587,13.700683,13.685601,13.559812
1017	0	662	10.372106	198,220,279,271,311,58,720,264	18.680998,15.382207,15.313678,14.998189,14.607540,14.576576,14.218781,14.137822
1018	0	330	6.268781	198,220,279,271,58,311,264,720	19.139894,15.890201,15.496690,15.383957,14.764459,14.294850,14.198108,14.153750
1019	0	578	7.170353	198,279,271,40,220,791,58,311	19.096682,15.344718,15.264649,14.894580,14.842709,14.537316,14.372841,14.094434
1020	0	25460	16.779252	198,220,279,271,264,720,311,1148	18.260691,16.149611,15.985401,15.180481,14.810124,14.505141,14.332324,14.264979
1021	0	10555	11.120479	198,279,220,271,311,264,459,374	17.197632,15.965596,15.838562,15.313701,14.969966,14.888397,14.188573,13.927006
1022	0	1174	9.760666	198,279,220,271,311,264,1148,58	18.376310,16.265917,16.019800,15.249584,15.181763,14.911682,14.562726,14.300380
1023	0	330	5.601085	198,220,279,264,311,58,271,720	18.463499,16.564587,16.020687,14.723794,14.614247,14.547978,14.440827,14.305255
