# mix	norm
0	0	43205	18.401027	198,220,279,58,271,720,16,264	18.636431,15.764313,14.938165,14.690915,14.545558,14.423205,14.308639,13.803769
1	0	275	8.695098	198,271,220,279,311,791,998,14428	16.848501,14.482278,14.471274,14.007016,13.289177,13.105441,13.086894,12.886365
2	0	428	13.926906	198,279,220,271,311,58,264,512	18.276735,14.885048,14.882113,14.686172,14.150776,13.974091,13.739257,13.532336
3	0	12	5.846826	198,220,271,279,58,311,720,334	18.228649,15.158473,14.874321,14.846545,14.735993,14.162356,13.894465,13.726280
4	0	17	5.155706	198,220,279,16,264,58,271,720	18.073694,16.257448,15.833867,14.872197,14.690482,14.656283,14.644833,14.623016
5	0	3475	14.449522	198,220,58,271,279,16,334,512	18.861025,15.291595,14.939097,14.932499,14.719493,14.438457,14.160705,13.973450
6	0	76834	15.258196	198,220,279,271,58,311,264,720	18.270988,16.264206,16.082830,15.624177,14.860711,14.821340,14.812032,14.356277
7	0	80583	14.816895	198,271,220,279,311,58,264,720	18.594704,16.346039,16.200575,15.623530,14.949394,14.666660,14.450440,14.234932
8	0	3692	12.592843	198,220,720,58,271,334,279,12	18.994345,16.204466,15.198334,15.186610,14.903066,14.676936,14.128520,13.742917
9	0	257	9.122419	198,271,220,279,58,512,311,264	18.378378,15.817154,15.595469,15.208699,14.915531,14.362259,14.295985,14.068665
10	0	551	8.851142	198,220,279,720,58,264,311,16	17.805761,17.118601,15.925430,15.658759,15.014697,14.932030,14.872940,14.735194
11	0	3788	12.720568	198,220,279,271,58,720,311,264	19.004238,16.177896,15.679013,14.896306,14.755180,14.692351,14.402270,14.394855
12	0	1129	14.398201	198,220,271,279,58,720,311,264	19.472395,15.913676,15.611773,15.189804,14.704183,14.586604,14.498492,13.670563
13	0	71	6.956885	198,220,271,279,720,311,58,264	18.755491,15.578813,15.287552,15.206334,14.271122,14.028516,13.752633,13.628029
14	0	36368	15.694592	198,220,271,279,58,720,311,334	18.298948,14.827126,14.499385,14.493134,14.155129,13.854580,13.637860,13.508729
15	0	1594	12.198312	198,220,279,271,264,311,58,459	17.444910,16.028093,15.919324,14.787822,14.746982,14.673251,14.036225,13.851083
16	0	6973	18.652246	198,220,271,279,58,311,720,264	18.902924,15.494918,15.471379,15.338089,14.756439,14.519519,14.228831,14.091199
17	0	3529	15.729414	198,220,271,720,279,58,311,998	18.406225,15.240123,15.013581,14.606795,14.251808,14.170978,13.470540,13.100406
18	0	77749	17.676450	198,220,271,279,58,720,311,998	19.236574,15.864102,15.603763,15.363070,14.930903,14.566472,14.284078,13.966350
19	0	11628	17.847272	198,271,220,58,279,311,512,264	19.417246,16.613678,15.962888,15.816052,15.315997,14.703380,14.300769,14.195178
20	0	3916	16.434865	198,220,271,279,58,720,311,998	19.357319,15.892319,15.625076,15.269664,14.779162,14.464017,14.214741,13.915588
21	0	9009	12.296817	198,220,271,279,58,311,264,40	18.981190,15.737971,15.527996,15.514644,14.719154,14.660106,14.405091,13.963141
22	0	6458	15.271194	198,279,220,264,271,311,720,58	17.635603,15.951657,15.503525,14.856776,14.845347,14.776703,14.173182,14.135410
23	0	61503	17.614486	198,220,279,271,311,58,264,720	19.013842,15.903839,15.653375,15.233059,14.607292,14.381042,14.179909,13.965083
24	0	428	14.363694	198,220,279,311,271,264,720,12	16.071110,15.156850,14.098769,13.897611,13.764434,13.187859,13.039021,12.679330
25	0	198	0.522783	198,220,271,279,58,311,720,334	18.228649,15.158473,14.874321,14.846545,14.735993,14.162356,13.894465,13.726280
26	0	71684	15.944121	198,271,220,279,58,40,16,311	19.699041,15.762024,15.553855,15.394809,15.331176,14.897858,14.436223,14.413869
27	0	257	8.390015	198,220,271,279,58,264,720,334	16.216822,14.798961,13.987769,13.941329,13.287206,13.254928,13.160530,13.150535
28	0	551	8.851142	198,220,279,720,58,264,311,16	17.805761,17.118601,15.925430,15.658759,15.014697,14.932030,14.872940,14.735194
29	0	289	9.918431	198,220,279,271,58,720,311,264	19.004238,16.177896,15.679013,14.896306,14.755180,14.692351,14.402270,14.394855
30	0	61503	17.303370	198,220,271,279,58,311,720,264	18.627464,15.200718,15.144589,15.044818,14.485810,14.103226,14.080437,13.894580
31	0	428	14.363694	198,220,279,311,271,264,720,12	16.071110,15.156850,14.098769,13.897611,13.764434,13.187859,13.039021,12.679330
32	0	12	5.846826	198,220,271,279,58,311,720,334	18.228649,15.158473,14.874321,14.846545,14.735993,14.162356,13.894465,13.726280
33	0	17	5.155706	198,220,279,16,264,58,271,720	18.073694,16.257448,15.833867,14.872197,14.690482,14.656283,14.644833,14.623016
34	0	12	6.645690	198,220,58,271,279,16,334,512	18.861025,15.291595,14.939097,14.932499,14.719493,14.438457,14.160705,13.973450
35	0	1059	15.818244	198,220,279,16,264,58,271,720	18.073694,16.257448,15.833867,14.872197,14.690482,14.656283,14.644833,14.623016
36	0	8437	15.708866	198,220,271,58,279,311,998,720	18.249102,15.173473,14.720989,14.551720,14.538887,13.711403,13.540538,13.484464
37	0	16	5.497319	198,220,279,271,720,58,998,311	18.674030,15.818794,15.111567,14.714412,14.599164,14.508969,14.192993,14.116681
38	0	198	0.320827	198,220,271,279,58,311,16,264	18.930895,15.455460,15.043973,14.966559,14.643280,14.091396,14.075794,13.918087
39	0	20805	14.801554	198,271,220,279,58,40,16,311	19.699041,15.762024,15.553855,15.394809,15.331176,14.897858,14.436223,14.413869
40	0	415	10.265875	198,220,271,58,279,334,264,311	18.477982,15.518929,15.211940,15.088184,15.052287,14.025416,13.975080,13.959595
41	0	551	8.692408	198,220,279,720,264,271,311,58	18.376467,16.671265,16.018936,15.202927,14.827252,14.706847,14.613349,14.191559
42	0	1296	13.649178	198,220,279,271,58,720,311,264	19.004238,16.177896,15.679013,14.896306,14.755180,14.692351,14.402270,14.394855
43	0	320	7.695280	198,279,271,220,58,311,40,264	18.890268,16.081131,15.963475,15.631389,15.279241,14.952426,14.651803,14.641823
44	0	19305	13.154085	198,220,279,271,40,58,791,16	18.687052,15.018703,15.001598,14.902011,14.514454,14.370594,14.088562,13.974396
45	0	23	7.106714	198,220,271,279,58,720,311,264	18.637300,15.898491,15.243266,14.848767,14.440394,14.258502,14.092781,13.846996
46	0	7123	17.310165	198,271,220,279,58,311,264,720	18.932333,15.618518,15.455792,15.104539,14.582138,14.186378,13.916097,13.880622
47	0	340	8.124322	198,220,279,271,58,311,264,720	19.050146,16.486214,16.021738,15.477765,15.247738,15.232140,14.871634,14.563736
48	0	10028	12.973666	198,220,271,58,279,40,16,720	19.747889,15.825456,15.776326,15.761077,15.338641,14.769586,14.767014,14.714084
49	0	262	7.424621	198,220,271,279,311,720,512,264	18.743704,17.073980,16.113688,15.695663,15.284894,15.025791,14.731788,14.687123
50	0	551	8.785078	198,220,279,271,264,720,311,58	18.213924,16.447714,16.013517,14.975764,14.843263,14.836759,14.789085,13.971332
51	0	13844	14.251299	198,220,279,271,58,720,311,264	19.004238,16.177896,15.679013,14.896306,14.755180,14.692351,14.402270,14.394855
52	0	7866	14.254458	198,279,220,271,311,264,720,58	18.515442,15.990593,15.742302,15.516393,14.883651,14.630371,14.473765,14.202457
53	0	93314	14.028601	198,220,279,264,271,311,459,720	18.111153,16.929213,16.518538,15.020493,14.860366,14.696232,14.337231,14.302879
54	0	220	3.840557	198,220,271,279,311,58,720,264	19.491266,15.946567,15.938972,15.603794,14.633336,14.479930,14.333421,14.333366
55	0	18	5.605143	198,220,279,271,16,58,311,40	18.221169,15.309982,15.107257,14.585889,14.435740,14.196617,13.971619,13.960877
56	0	13	8.940284	198,220,271,58,279,16,334,40	19.041040,15.428559,15.336925,14.940060,14.928784,14.389707,14.231300,14.128936
57	0	15	7.086481	198,220,279,271,40,791,58,264	18.982367,15.629872,15.514183,15.489575,14.648187,14.524849,14.463730,14.391232
58	0	320	8.228197	198,220,271,279,58,311,720,16	19.230764,15.396316,15.219394,14.951401,14.764003,14.112716,14.052040,13.986745
59	0	2485	12.775761	198,220,279,271,40,58,791,16	18.687052,15.018703,15.001598,14.902011,14.514454,14.370594,14.088562,13.974396
60	0	1129	13.266239	198,220,720,271,279,58,311,512	18.882448,15.807706,14.897237,14.873471,14.463562,14.305501,14.121797,13.494283
61	0	86331	16.406816	198,220,271,279,720,311,58,264	18.755491,15.578813,15.287552,15.206334,14.271122,14.028516,13.752633,13.628029
62	0	2726	11.970501	198,220,271,279,720,311,264,58	18.525721,16.141182,15.008142,14.678309,14.625123,14.230868,13.324698,13.167844
63	0	7116	15.749377	198,220,271,279,720,311,58,264	19.069380,16.361902,15.703425,15.601750,15.034866,14.841365,14.613200,14.166451
64	0	68833	17.667596	198,220,279,271,720,311,264,459	19.142925,16.727974,15.870700,15.740415,15.102303,14.958678,14.067725,13.740321
65	0	1355	13.103791	198,220,279,271,311,264,720,998	18.414276,16.306610,15.933520,14.717239,14.465072,14.267047,14.188611,13.913826
66	0	64	5.721227	198,271,279,220,58,998,311,40	19.268341,15.236145,15.117963,14.995412,14.714467,14.261922,14.087886,14.062928
67	0	14	10.417219	198,220,279,271,58,311,720,264	18.409338,15.268390,14.801831,14.605453,14.228645,13.903953,13.859061,13.809541
68	0	18	6.034004	198,279,220,271,311,264,16,58	18.698740,15.816849,15.544032,15.086043,14.543654,14.336616,14.294014,14.288703
69	0	13	8.940284	198,220,271,58,279,16,334,40	19.041040,15.428559,15.336925,14.940060,14.928784,14.389707,14.231300,14.128936
70	0	15	7.086481	198,220,279,271,40,791,58,264	18.982367,15.629872,15.514183,15.489575,14.648187,14.524849,14.463730,14.391232
71	0	54660	16.855690	198,220,271,279,58,311,720,16	19.230764,15.396316,15.219394,14.951401,14.764003,14.112716,14.052040,13.986745
72	0	20241	13.723529	198,271,220,279,58,720,311,264	20.483667,16.832047,16.548716,16.149492,15.641571,15.591045,15.370877,14.698509
73	0	1516	15.040994	198,220,271,58,998,279,512,311	17.214561,14.844241,14.309559,13.929227,13.680893,13.422966,13.272298,13.206220
74	0	25	8.468211	198,220,279,271,311,58,264,720	18.525908,16.070551,15.607547,15.408040,14.963025,14.637588,14.543269,14.053897
75	0	27685	14.035222	198,220,279,264,720,311,271,58	17.802816,16.419092,15.855800,14.812680,14.646171,14.450752,14.436831,14.158939
76	0	20965	15.685454	198,279,220,271,264,311,459,720	17.419601,16.687941,16.662264,15.770816,15.496876,15.347267,14.911392,14.869039
77	0	11	5.938515	198,220,279,271,311,264,58,1148	19.420828,16.480238,16.312569,16.176035,15.854821,15.120776,14.938937,14.695557
78	0	82035	17.804773	198,279,220,271,264,311,1148,58	18.568377,16.015915,15.799884,15.096646,14.753712,14.707952,14.564087,14.278844
79	0	15592	11.256417	198,279,271,220,311,264,459,1148	17.801352,16.047264,15.712510,15.596114,15.095901,14.759158,14.212794,13.952075
80	0	8483	13.486586	198,279,311,220,264,271,459,720	16.054834,15.337230,14.813786,14.801155,14.279004,14.264743,13.612542,13.446223
81	0	198	0.700109	198,220,271,279,311,264,1148,58	18.685511,16.404636,16.337872,16.199318,15.126846,14.956111,14.535592,14.492485
82	0	1835	13.169567	198,271,220,279,58,40,16,311	19.699041,15.762024,15.553855,15.394809,15.331176,14.897858,14.436223,14.413869
83	0	320	8.266758	198,220,279,271,58,720,264,311	19.365835,16.266245,15.433034,15.009051,14.890735,14.883208,14.387920,14.296058
84	0	50	7.565807	198,220,279,271,40,58,791,16	18.687052,15.018703,15.001598,14.902011,14.514454,14.370594,14.088562,13.974396
85	0	13	8.401910	198,271,220,58,279,512,334,720	19.022501,15.359265,15.217080,14.921761,14.728157,14.174235,14.170177,14.082242
86	0	8930	15.199700	198,220,279,271,40,791,58,264	18.982367,15.629872,15.514183,15.489575,14.648187,14.524849,14.463730,14.391232
87	0	488	13.267355	198,271,220,279,791,40,58,311	17.998240,14.863560,14.743145,14.347661,13.695076,13.615214,13.478515,13.309970
88	0	11	6.231226	198,271,220,279,58,40,311,791	18.792789,15.699010,15.257923,15.164661,14.685397,14.346143,14.275479,14.174771
89	0	452	9.414501	198,279,220,271,264,311,1148,58	18.568377,16.015915,15.799884,15.096646,14.753712,14.707952,14.564087,14.278844
90	0	13	8.179268	198,220,271,279,720,58,311,264	18.226870,15.219048,15.091052,15.018631,14.247996,14.142268,13.998088,13.869851
91	0	50356	17.832385	198,220,279,271,40,791,58,264	18.982367,15.629872,15.514183,15.489575,14.648187,14.524849,14.463730,14.391232
92	0	819	12.981857	198,271,220,791,40,279,44,3923	17.551493,14.281360,13.955737,13.869328,13.617745,13.615148,13.278240,13.191540
93	0	84077	17.268394	198,279,220,271,58,311,264,40	18.385521,15.209339,15.090966,14.890027,14.072108,14.061442,14.032661,13.746994
94	0	29234	12.153051	198,220,271,279,791,58,40,311	18.245565,15.006522,14.842107,14.376504,13.919435,13.793576,13.702259,13.521698
95	0	11	5.692170	198,220,271,279,58,311,264,720	18.079458,15.355512,15.004265,14.888702,14.297069,14.043464,13.886066,13.620000
96	0	432	9.028536	198,279,220,271,264,311,1148,58	18.568377,16.015915,15.799884,15.096646,14.753712,14.707952,14.564087,14.278844
97	0	13	8.360187	198,220,279,271,720,58,311,264	18.351458,15.367406,15.140114,15.015435,14.446982,14.123729,14.091420,14.000186
98	0	2100	9.853771	198,220,279,271,40,791,58,264	18.982367,15.629872,15.514183,15.489575,14.648187,14.524849,14.463730,14.391232
99	0	9211	13.951362	198,279,220,271,264,311,720,1148	18.352215,16.236910,16.041689,15.076943,14.921346,14.865230,14.678847,14.532525
100	0	2001	10.505897	198,220,279,311,271,264,720,459	17.236076,15.738724,15.456674,14.676581,14.567576,14.250167,13.674922,13.359196
101	0	330	5.983502	198,220,279,720,264,311,271,1148	19.151625,16.693485,16.299429,15.070987,15.011317,14.886294,14.870376,14.517151
102	0	9261	11.609012	198,279,271,220,40,791,58,311	19.097519,15.401639,15.265792,14.890717,14.883451,14.542148,14.368549,14.163028
103	0	57893	17.151566	198,220,271,58,279,334,512,311	18.410265,15.500099,15.394166,14.784039,14.618657,14.169568,14.166926,14.069672
104	0	386	10.406772	198,271,220,279,58,311,264,40	18.868078,16.065224,15.510246,15.279236,15.016362,14.368370,14.196446,14.172305
105	0	13025	17.714793	198,271,220,279,58,720,311,264	18.582163,15.442195,15.270927,15.132464,14.308642,14.270366,14.033010,13.979360
106	0	27972	15.905029	198,220,271,279,58,334,720,264	18.222748,15.602982,15.331203,14.896787,14.725975,14.224297,14.125275,13.946641
107	0	498	12.490972	198,220,271,279,58,311,720,264	18.667395,16.590494,15.722123,15.469723,14.898829,14.771708,14.657455,14.565285
108	0	220	3.136677	198,220,279,720,264,271,311,58	19.200241,16.526888,16.474957,15.403079,15.098174,15.031629,14.964437,14.800052
109	0	679	8.398185	198,220,279,271,16,58,311,40	18.221169,15.309982,15.107257,14.585889,14.435740,14.196617,13.971619,13.960877
110	0	21	6.264008	198,220,271,279,720,58,311,334	18.605793,15.855621,14.991414,14.868352,14.534970,14.307117,14.022270,13.972035
111	0	340	8.997800	198,271,220,279,58,311,40,16	19.304602,15.570301,15.450904,15.040837,14.765737,14.099748,14.067409,13.991460
112	0	1835	12.455190	198,220,271,58,279,40,16,720	19.747889,15.825456,15.776326,15.761077,15.338641,14.769586,14.767014,14.714084
113	0	40283	16.120548	198,220,279,271,58,720,264,311	19.365835,16.266245,15.433034,15.009051,14.890735,14.883208,14.387920,14.296058
114	0	3786	16.470466	198,271,220,58,279,311,264,720	19.217897,16.850828,16.364595,15.899688,15.631454,14.736542,14.663887,14.263288
115	0	25	9.297623	198,271,279,220,311,58,264,40	19.064699,15.940853,15.907570,15.898734,15.094914,14.741463,14.636325,14.472026
116	0	3788	11.995297	198,220,279,264,720,311,271,58	17.802816,16.419092,15.855800,14.812680,14.646171,14.450752,14.436831,14.158939
117	0	1129	14.398201	198,220,271,279,58,720,311,264	19.472395,15.913676,15.611773,15.189804,14.704183,14.586604,14.498492,13.670563
118	0	71	6.956885	198,220,271,279,720,311,58,264	18.755491,15.578813,15.287552,15.206334,14.271122,14.028516,13.752633,13.628029
119	0	36368	15.694592	198,220,271,279,58,720,311,334	18.298948,14.827126,14.499385,14.493134,14.155129,13.854580,13.637860,13.508729
120	0	1594	12.198312	198,220,279,271,264,311,58,459	17.444910,16.028093,15.919324,14.787822,14.746982,14.673251,14.036225,13.851083
121	0	6973	18.652246	198,220,271,279,58,311,720,264	18.902924,15.494918,15.471379,15.338089,14.756439,14.519519,14.228831,14.091199
122	0	3529	15.729414	198,220,271,720,279,58,311,998	18.406225,15.240123,15.013581,14.606795,14.251808,14.170978,13.470540,13.100406
123	0	77749	17.676450	198,220,271,279,58,720,311,998	19.236574,15.864102,15.603763,15.363070,14.930903,14.566472,14.284078,13.966350
124	0	11628	17.847272	198,271,220,58,279,311,512,264	19.417246,16.613678,15.962888,15.816052,15.315997,14.703380,14.300769,14.195178
125	0	3916	16.434865	198,220,271,279,58,720,311,998	19.357319,15.892319,15.625076,15.269664,14.779162,14.464017,14.214741,13.915588
126	0	9009	12.296817	198,220,271,279,58,311,264,40	18.981190,15.737971,15.527996,15.514644,14.719154,14.660106,14.405091,13.963141
127	0	6458	15.271194	198,279,220,264,271,311,720,58	17.635603,15.951657,15.503525,14.856776,14.845347,14.776703,14.173182,14.135410
128	0	61503	17.614486	198,220,279,271,311,58,264,720	19.013842,15.903839,15.653375,15.233059,14.607292,14.381042,14.179909,13.965083
129	0	428	14.363694	198,220,279,311,271,264,720,12	16.071110,15.156850,14.098769,13.897611,13.764434,13.187859,13.039021,12.679330
130	0	271	3.877111	198,220,271,279,58,311,720,334	18.228649,15.158473,14.874321,14.846545,14.735993,14.162356,13.894465,13.726280
131	0	34336	12.542596	198,271,220,279,791,40,58,3923	19.493715,16.254681,15.543429,15.346631,15.131259,15.121749,15.116200,14.476781
132	0	415	10.992704	198,271,220,58,279,16,40,512	19.331783,15.709569,15.497470,15.418147,14.867241,14.205952,14.055260,13.951091
133	0	551	8.692408	198,220,279,720,264,271,311,58	18.376467,16.671265,16.018936,15.202927,14.827252,14.706847,14.613349,14.191559
134	0	2539	10.154060	198,220,279,271,58,720,311,264	19.004238,16.177896,15.679013,14.896306,14.755180,14.692351,14.402270,14.394855
135	0	1296	13.258137	198,279,271,220,311,58,264,1148	19.089045,16.074806,15.596120,15.464429,14.960040,14.724225,14.570892,14.532455
136	0	6859	14.630049	198,279,271,220,58,311,40,264	18.890268,16.081131,15.963475,15.631389,15.279241,14.952426,14.651803,14.641823
137	0	320	7.951223	198,279,220,271,311,58,264,512	17.990738,15.649190,15.439807,14.773063,14.600258,14.521640,14.399013,13.620899
138	0	543	11.292818	198,220,279,271,40,58,791,16	18.687052,15.018703,15.001598,14.902011,14.514454,14.370594,14.088562,13.974396
139	0	220	3.753476	198,279,220,271,58,311,264,40	18.390032,15.338306,15.159894,14.869877,14.492311,14.130965,14.054847,13.930374
140	0	19305	12.861485	198,220,279,271,16,58,311,40	18.221169,15.309982,15.107257,14.585889,14.435740,14.196617,13.971619,13.960877
141	0	23	7.106714	198,220,271,279,58,720,311,264	18.637300,15.898491,15.243266,14.848767,14.440394,14.258502,14.092781,13.846996
142	0	7123	17.310165	198,271,220,279,58,311,264,720	18.932333,15.618518,15.455792,15.104539,14.582138,14.186378,13.916097,13.880622
143	0	98634	16.520841	198,220,279,271,58,311,264,720	19.050146,16.486214,16.021738,15.477765,15.247738,15.232140,14.871634,14.563736
144	0	340	8.255414	198,220,279,311,264,271,58,459	18.515417,16.753756,16.089718,15.007884,15.005875,14.886440,14.551987,14.114245
145	0	38	9.072154	198,220,271,58,279,40,16,720	19.747889,15.825456,15.776326,15.761077,15.338641,14.769586,14.767014,14.714084
146	0	2898	11.682464	198,220,271,279,58,720,311,334	18.551407,14.877457,14.870725,14.636299,14.344426,13.876290,13.668640,13.659869
147	0	12	6.198401	198,271,220,279,311,58,264,512	18.768503,15.689457,15.385509,15.192290,14.484263,14.335545,14.005619,13.604439
148	0	17	5.155706	198,220,279,16,264,58,271,720	18.073694,16.257448,15.833867,14.872197,14.690482,14.656283,14.644833,14.623016
149	0	426	10.728271	198,220,58,271,279,16,334,512	18.861025,15.291595,14.939097,14.932499,14.719493,14.438457,14.160705,13.973450
150	0	1777	11.643936	198,271,220,279,58,720,311,264	19.043486,15.667798,15.566864,15.232398,14.683642,14.370868,14.179661,14.148978
151	0	11460	16.776929	198,271,220,279,58,311,264,720	19.147005,15.752548,15.165497,15.034953,14.651100,14.193515,13.828456,13.629189
152	0	320	8.129744	198,220,279,271,58,311,264,720	18.787292,16.150492,15.497212,15.341393,15.025001,14.614441,14.352157,14.145248
153	0	83	7.967928	198,220,279,271,40,58,791,16	18.687052,15.018703,15.001598,14.902011,14.514454,14.370594,14.088562,13.974396
154	0	1609	12.622392	198,220,279,271,58,720,311,512	18.505997,15.025993,14.741208,14.729228,14.494850,13.874413,13.870395,13.703809
155	0	5963	13.989438	198,220,271,279,58,311,264,512	17.971102,14.932027,14.905414,14.537186,13.955315,13.901811,13.437073,13.262592
156	0	1680	12.632079	198,271,220,279,58,512,311,720	18.631556,15.710834,15.642852,15.011035,14.817291,14.414861,14.018392,13.944507
157	0	220	1.809237	198,220,279,720,264,311,58,334	17.533188,16.705725,15.684489,15.285473,14.897495,14.550427,14.349823,14.256809
158	0	16085	10.539386	198,220,279,271,16,58,311,40	18.221169,15.309982,15.107257,14.585889,14.435740,14.196617,13.971619,13.960877
159	0	17897	12.967974	198,220,271,279,58,720,311,264	18.495867,15.845563,14.850047,14.708919,14.365251,14.360332,13.893708,13.633961
160	0	198	0.382158	198,220,271,279,58,720,311,16	18.862015,15.940262,15.094796,14.852408,14.684720,14.511497,14.022186,13.907743
161	0	1688	8.636403	198,271,220,279,58,40,16,311	19.699041,15.762024,15.553855,15.394809,15.331176,14.897858,14.436223,14.413869
162	0	393	9.353422	198,220,279,271,264,58,720,40	17.948441,15.679950,15.561882,14.615947,14.440511,14.302457,14.035404,13.847961
163	0	2989	10.144808	198,271,220,279,58,720,311,264	18.482725,15.330991,14.970329,14.854795,14.358365,14.158240,13.759524,13.713260
164	0	71608	17.355981	198,271,279,220,58,311,264,998	18.674402,15.179351,14.885589,14.662464,14.282494,14.071220,13.661378,13.430509
165	0	15906	16.737118	198,220,271,58,279,720,311,16	18.651854,15.791890,15.219833,14.624702,14.302734,13.983394,13.642918,13.639740
166	0	28	7.895077	198,220,271,720,279,58,311,512	16.988972,15.598354,14.349464,14.100530,14.018617,13.937759,13.745041,13.456454
167	0	12378	11.820343	198,220,279,58,271,720,16,264	18.636431,15.764313,14.938165,14.690915,14.545558,14.423205,14.308639,13.803769
168	0	21	6.353036	198,220,271,58,279,334,720,16	19.001333,15.871133,15.362378,14.997420,14.661316,14.533009,14.512797,14.221097
169	0	420	8.775781	198,271,220,279,58,311,40,16	19.304602,15.570301,15.450904,15.040837,14.765737,14.099748,14.067409,13.991460
170	0	36508	14.406149	198,279,271,220,58,40,311,264	19.299063,15.536273,15.446216,15.145378,14.629598,14.539577,14.402308,14.303131
171	0	220	2.276224	198,220,279,264,311,271,58,459	17.916758,16.562849,16.334488,15.275592,15.149587,14.776538,14.370839,14.310550
172	0	3076	8.804192	198,220,279,271,16,58,311,40	18.221169,15.309982,15.107257,14.585889,14.435740,14.196617,13.971619,13.960877
173	0	2536	13.396836	198,220,271,58,279,720,311,16	19.181761,15.954431,15.496429,14.883395,14.791645,14.108635,14.001063,13.842538
174	0	29352	16.156204	198,279,271,220,58,720,311,40	18.785973,15.201710,15.090621,14.962453,14.481784,14.315722,14.148122,14.129199
175	0	91719	14.708819	198,279,220,271,58,311,264,720	19.550539,16.413027,16.112921,15.402069,15.300847,15.227649,15.022923,14.589050
176	0	27855	15.157424	198,220,279,271,58,264,311,720	18.772339,16.597446,16.515753,15.680831,15.379005,15.349668,14.819203,14.748876
177	0	345	7.778824	198,271,220,279,58,311,512,16	19.590445,16.404913,15.888715,15.520579,15.451210,14.832356,14.664574,14.489495
178	0	19975	15.790828	198,220,58,271,279,40,720,16	20.108620,16.014778,15.826874,15.795712,15.587447,14.952812,14.773433,14.517044
179	0	2915	13.429230	198,220,279,271,311,264,12,58	18.204561,15.790257,15.671659,15.605031,15.018680,14.659213,14.506058,14.484619
180	0	49005	15.521757	198,279,220,271,311,264,58,1148	19.073847,15.899998,15.798402,15.527402,14.952914,14.766099,14.614591,14.540368
181	0	279	2.741765	198,220,279,264,271,1148,311,720	18.957436,16.898552,16.827675,15.417202,15.384660,15.120938,15.092805,14.884575
182	0	220	3.130166	198,279,220,271,264,1148,311,58	18.361816,16.193758,15.944982,15.046643,14.920939,14.622807,14.607624,13.997478
183	0	508	5.296142	198,220,279,271,16,58,311,40	18.221169,15.309982,15.107257,14.585889,14.435740,14.196617,13.971619,13.960877
184	0	11843	15.521193	198,220,271,58,279,720,16,334	19.318266,16.215120,15.530948,15.324697,15.289371,14.635735,14.601230,14.466972
185	0	3200	13.234138	198,220,279,271,58,998,72,311	19.012527,15.454032,15.162189,15.158566,14.459930,14.265836,14.209202,14.072375
186	0	16686	16.252645	198,220,279,271,311,58,264,720	18.042440,15.300733,15.052518,14.747826,14.277669,14.119144,13.886188,13.381135
187	0	315	8.174027	198,220,271,279,58,311,720,264	19.378883,16.161339,16.096979,15.913503,15.226300,15.176686,14.866054,14.723727
188	0	279	2.996549	198,279,220,271,264,1148,311,58	18.674120,16.350031,15.934846,15.278911,15.043259,14.912906,14.571446,14.377827
189	0	426	9.542345	198,279,220,271,264,1148,311,58	18.361816,16.193758,15.944982,15.046643,14.920939,14.622807,14.607624,13.997478
190	0	18	6.885120	198,271,220,279,58,720,311,264	19.043486,15.667798,15.566864,15.232398,14.683642,14.370868,14.179661,14.148978
191	0	4367	12.893815	198,220,271,58,279,16,334,40	19.041040,15.428559,15.336925,14.940060,14.928784,14.389707,14.231300,14.128936
192	0	18618	15.204462	198,271,279,220,311,1148,58,264	19.462439,16.333303,16.215906,15.266646,15.258807,15.021309,14.907940,14.813331
193	0	382	8.260598	198,220,279,311,271,264,720,374	17.796867,16.442839,16.335495,15.526984,15.342275,15.025210,14.494821,14.297332
194	0	2028	7.359028	198,271,40,791,220,58,279,3923	20.052992,16.856344,16.048681,15.890830,15.807538,15.790089,15.318607,15.142892
195	0	1052	14.985395	198,220,271,279,58,40,791,264	19.393393,15.534978,15.474238,15.233688,14.736331,14.690639,14.418841,14.191597
196	0	374	5.229707	198,279,271,220,311,264,58,720	18.886538,16.600271,16.554094,16.142044,15.642056,15.195362,14.993953,14.517819
197	0	1511	11.030021	198,279,220,271,264,58,311,1148	18.948053,15.999203,15.889941,15.336678,14.819809,14.649318,14.637672,14.498464
198	0	439	8.343134	198,279,220,271,311,264,58,1148	18.644585,16.223434,15.948483,15.345489,15.174771,14.867317,14.715466,14.255101
199	0	264	4.289050	198,279,220,271,264,311,1148,58	18.832014,16.459801,15.978377,15.341606,15.130119,14.964607,14.958781,14.289585
200	0	12790	16.734191	198,279,220,271,264,311,58,1148	18.771025,15.815778,15.633690,15.243365,14.703473,14.439015,14.390847,14.378399
201	0	369	7.552952	198,279,220,271,311,264,459,58	17.491592,15.732123,15.504624,14.983525,14.836075,14.517738,13.691540,13.632922
202	0	279	2.819015	198,279,220,264,271,311,1148,58	18.610277,16.437963,15.948479,15.127538,15.106908,14.785759,14.736129,14.562732
203	0	48275	15.659168	198,279,220,271,264,1148,311,58	18.361816,16.193758,15.944982,15.046643,14.920939,14.622807,14.607624,13.997478
204	0	45320	9.569418	198,220,279,271,311,264,58,459	18.084249,16.507324,15.712321,15.548251,14.799203,14.595309,14.222806,13.716052
205	0	85748	16.848984	198,220,271,58,279,334,512,12	17.735813,15.059838,14.514446,14.239751,13.512378,13.389750,13.287549,13.251719
206	0	6636	14.158774	198,220,279,271,311,58,720,264	17.741762,15.126717,14.858078,14.604152,13.969121,13.758305,13.751267,13.717576
207	0	74252	14.094034	198,279,220,271,311,264,58,512	17.952492,15.759956,15.615166,15.311974,14.817410,14.555211,14.418694,13.713317
208	0	488	12.641832	198,220,271,279,58,12,311,512	17.786554,14.890442,14.641148,14.154504,13.705298,13.556308,13.490219,13.451077
209	0	18618	16.039079	198,271,220,279,58,40,311,791	18.792789,15.699010,15.257923,15.164661,14.685397,14.346143,14.275479,14.174771
210	0	198	1.016378	198,220,279,311,271,264,720,374	17.796867,16.442839,16.335495,15.526984,15.342275,15.025210,14.494821,14.297332
211	0	8793	19.391111	198,271,220,279,58,40,16,311	19.699041,15.762024,15.553855,15.394809,15.331176,14.897858,14.436223,14.413869
212	0	82	5.678025	198,58,220,271,720,279,16,334	19.206087,15.975408,15.961576,15.623524,15.039899,14.671157,14.606038,14.326467
213	0	5640	16.917136	198,271,279,220,58,311,512,264	19.058903,15.220264,15.100639,14.912107,14.771670,14.274009,14.117770,13.968434
214	0	324	11.688543	198,220,279,271,58,720,311,998	19.161665,15.715157,15.497810,15.483830,14.843712,14.472759,14.446809,14.108253
215	0	754	10.471843	198,271,220,279,311,58,264,40	18.185310,15.000564,14.983711,14.899796,14.038826,13.985141,13.768935,13.526878
216	0	98166	17.662141	198,220,271,279,58,720,16,311	18.851110,15.485450,14.998829,14.637181,14.379829,13.861755,13.759311,13.671382
217	0	2253	14.932572	198,220,271,512,58,16,279,720	16.510393,14.099872,13.932659,13.694758,13.214211,12.830441,12.818985,12.719092
218	0	17	5.923575	198,220,271,58,279,334,16,720	18.563137,15.161557,14.794014,14.672287,14.307255,14.185809,14.081454,14.079880
219	0	68	8.264076	198,220,58,271,279,16,334,512	18.861025,15.291595,14.939097,14.932499,14.719493,14.438457,14.160705,13.973450
220	0	26721	17.097913	198,220,271,279,58,720,334,16	18.995411,15.197583,14.942029,14.679947,14.608852,13.963756,13.859803,13.859082
221	0	4390	12.450001	198,271,220,279,720,311,58,264	18.930689,15.782743,15.680182,15.267236,14.723621,14.572770,13.932921,13.699670
222	0	8780	11.799898	198,271,58,220,334,40,720,16	20.350931,16.408463,16.264877,16.220621,15.723335,15.399570,15.390798,15.004117
223	0	32905	12.197370	198,220,279,271,58,40,311,264	18.757605,15.404704,15.351830,15.226291,15.015063,14.320591,14.137118,14.085312
224	0	1005	10.150536	198,220,271,279,58,311,720,334	19.170935,15.838973,15.572266,15.564342,15.054810,14.742192,14.528750,14.457990
225	0	2011	9.741621	198,279,271,220,311,264,58,1148	18.711794,16.368528,15.690608,15.676957,15.046857,14.971992,14.834664,14.593478
226	0	14389	14.671677	198,220,279,311,271,264,1148,58	18.421644,16.005274,15.979401,15.010155,14.921170,14.729511,14.202698,14.093101
227	0	420	7.211783	198,279,220,271,264,311,1148,459	18.156878,16.571035,15.837379,15.383107,15.270808,14.938161,14.683948,14.492826
228	0	13844	15.376156	198,279,271,220,58,40,311,264	19.299063,15.536273,15.446216,15.145378,14.629598,14.539577,14.402308,14.303131
229	0	7866	14.254458	198,279,220,271,311,264,720,58	18.515442,15.990593,15.742302,15.516393,14.883651,14.630371,14.473765,14.202457
230	0	93314	14.028601	198,220,279,264,271,311,459,720	18.111153,16.929213,16.518538,15.020493,14.860366,14.696232,14.337231,14.302879
231	0	220	3.840557	198,220,271,279,311,58,720,264	19.491266,15.946567,15.938972,15.603794,14.633336,14.479930,14.333421,14.333366
232	0	18	5.605143	198,220,279,271,16,58,311,40	18.221169,15.309982,15.107257,14.585889,14.435740,14.196617,13.971619,13.960877
233	0	13	8.940284	198,220,271,58,279,16,334,40	19.041040,15.428559,15.336925,14.940060,14.928784,14.389707,14.231300,14.128936
234	0	15	7.086481	198,220,279,271,40,791,58,264	18.982367,15.629872,15.514183,15.489575,14.648187,14.524849,14.463730,14.391232
235	0	63124	15.487085	198,220,271,279,58,311,720,16	19.230764,15.396316,15.219394,14.951401,14.764003,14.112716,14.052040,13.986745
236	0	382	8.998163	198,220,271,279,311,58,264,1148	19.200453,16.094843,16.024879,15.931198,15.390602,14.883846,14.646029,14.238469
237	0	284	12.087937	198,271,40,791,220,58,279,3923	20.052992,16.856344,16.048681,15.890830,15.807538,15.790089,15.318607,15.142892
238	0	8563	11.982219	198,220,279,720,264,271,311,58	18.261055,16.726366,15.816379,15.012748,14.730843,14.418949,14.329094,14.265396
239	0	426	9.540088	198,220,279,271,264,311,1148,791	18.095697,16.389820,15.910047,15.358096,14.780934,14.457484,14.314654,14.127358
240	0	11206	15.823893	198,271,220,279,58,720,311,264	19.043486,15.667798,15.566864,15.232398,14.683642,14.370868,14.179661,14.148978
241	0	466	8.759328	198,271,220,58,279,791,40,311	18.695387,15.229968,14.941958,14.626541,14.506645,14.123176,14.036363,13.547223
242	0	284	10.239970	198,279,220,271,311,264,58,720	18.082140,15.501664,15.341850,15.024243,14.464744,14.304858,14.159078,13.626289
243	0	720	3.917570	198,220,279,720,264,271,311,58	18.261055,16.726366,15.816379,15.012748,14.730843,14.418949,14.329094,14.265396
244	0	8563	13.267686	198,220,58,271,279,720,40,16	19.800655,16.381502,15.844853,15.693765,15.495246,15.016426,14.966194,14.699399
245	0	426	9.540088	198,220,279,271,264,311,1148,791	18.095697,16.389820,15.910047,15.358096,14.780934,14.457484,14.314654,14.127358
246	0	11206	15.823893	198,271,220,279,58,720,311,264	19.043486,15.667798,15.566864,15.232398,14.683642,14.370868,14.179661,14.148978
247	0	466	8.759328	198,271,220,58,279,791,40,311	18.695387,15.229968,14.941958,14.626541,14.506645,14.123176,14.036363,13.547223
248	0	374	5.647336	198,279,220,271,311,264,58,720	18.082140,15.501664,15.341850,15.024243,14.464744,14.304858,14.159078,13.626289
249	0	459	5.765636	198,279,220,271,264,58,311,1148	18.948053,15.999203,15.889941,15.336678,14.819809,14.649318,14.637672,14.498464
250	0	6498	9.731959	198,279,220,271,264,311,1148,58	18.561342,15.779041,15.574036,15.242229,14.619377,14.435819,14.356471,14.268532
251	0	4632	14.604122	198,220,279,271,311,264,720,58	18.671589,16.256491,16.188223,15.550935,15.103732,14.999546,14.728805,14.405753
252	0	1174	10.117491	198,279,220,271,311,264,1148,58	18.664892,16.343012,15.920231,15.625881,15.170148,14.889964,14.665298,14.595516
253	0	12707	14.864179	198,220,279,264,311,58,271,720	18.447102,16.481005,15.961926,14.677872,14.542712,14.522525,14.393612,14.279655
254	0	323	5.874832	198,279,271,220,311,1148,264,58	18.729271,16.037333,15.690392,15.418701,15.030463,14.831188,14.660392,14.398689
255	0	34596	13.427474	198,279,220,271,1148,264,311,358	18.843647,16.782909,16.103392,15.708226,15.490857,15.344063,15.196721,14.499804
256	0	12360	14.767652	198,279,271,220,311,264,1148,58	19.218107,16.269146,16.111605,15.961655,15.453176,14.974929,14.870399,14.829419
257	0	662	10.504941	198,279,220,271,311,58,264,512	18.309301,15.888451,15.778694,15.459900,15.115062,14.574039,14.539066,13.877431
258	0	1283	11.502167	198,220,279,271,58,311,264,720	19.246597,15.898785,15.547756,15.439121,14.837223,14.310319,14.232656,14.163739
259	0	1047	8.876135	198,220,279,271,264,311,58,720	18.414299,15.877514,15.690083,15.239693,14.519485,14.457170,14.191422,14.175675
260	0	264	4.478830	198,279,220,271,264,311,1148,58	19.206388,16.518425,16.035784,15.413877,15.225616,15.148488,15.114049,14.863132
261	0	8810	15.321435	198,279,220,271,264,311,58,1148	18.771025,15.815778,15.633690,15.243365,14.703473,14.439015,14.390847,14.378399
262	0	571	12.200587	198,279,220,311,271,264,1148,459	18.033714,16.177580,15.659172,15.282947,15.147635,14.881111,14.331042,14.144244
263	0	12	7.188071	198,271,220,279,720,58,311,998	18.817160,15.608792,15.487035,14.974223,14.207413,13.921630,13.879898,13.762584
264	0	31	10.835921	198,220,279,16,264,58,271,720	18.073694,16.257448,15.833867,14.872197,14.690482,14.656283,14.644833,14.623016
265	0	40500	14.948124	198,220,271,279,720,58,311,16	18.579775,15.346443,15.097161,14.823461,14.345059,14.006839,13.647369,13.588280
266	0	3560	12.089824	198,220,279,264,459,311,1148,271	16.874689,16.716778,16.540838,15.312488,14.948268,14.690979,14.607010,14.118178
267	0	389	10.074351	198,220,279,271,311,58,264,512	18.765188,15.687299,15.622650,15.374375,15.045433,14.540027,14.361699,14.071004
268	0	279	3.009138	198,279,220,271,264,1148,311,58	18.764853,16.388632,16.079660,15.288875,15.031349,14.769444,14.760852,14.461841
269	0	12707	13.797223	198,279,220,271,264,1148,311,58	18.361816,16.193758,15.944982,15.046643,14.920939,14.622807,14.607624,13.997478
270	0	4101	12.507820	198,279,271,220,311,1148,264,58	18.729271,16.037333,15.690392,15.418701,15.030463,14.831188,14.660392,14.398689
271	0	578	7.429864	198,271,220,58,279,40,311,512	19.506109,16.245037,16.089581,15.772003,15.532039,14.954922,14.802493,14.667038
272	0	8766	13.853106	198,220,279,271,264,720,311,1148	18.041788,16.117182,15.970233,15.068494,14.792516,14.653478,14.288719,14.178802
273	0	304	7.041493	198,220,279,271,264,311,1148,58	18.814619,16.544466,16.451149,15.928818,15.163409,15.104457,14.946530,14.832069
274	0	220	3.365826	198,279,220,271,264,311,1148,58	18.682783,16.602541,15.969663,15.208283,15.194903,15.069453,14.912587,14.091060
275	0	1049	6.798461	198,220,279,271,16,58,311,40	18.221169,15.309982,15.107257,14.585889,14.435740,14.196617,13.971619,13.960877
276	0	15	6.788297	198,220,271,279,58,720,311,264	18.992109,15.830688,15.402183,15.285357,14.717481,14.515924,14.300519,14.141166
277	0	662	10.347234	198,220,271,279,58,311,720,16	19.230764,15.396316,15.219394,14.951401,14.764003,14.112716,14.052040,13.986745
278	0	1115	9.024021	198,220,279,271,58,311,264,720	19.246597,15.898785,15.547756,15.439121,14.837223,14.310319,14.232656,14.163739
279	0	574	8.252532	198,279,220,271,40,264,58,791	19.396671,15.514058,15.467612,15.435116,14.451320,14.363473,14.360703,14.314320
280	0	8272	13.272680	198,279,220,271,1148,264,311,58	19.272552,16.561102,16.331045,15.446834,15.236901,15.232715,15.095681,14.670181
281	0	555	8.050312	198,279,220,271,311,1148,264,58	19.805521,16.547991,16.539480,15.792333,15.482253,15.196271,15.160602,15.139195
282	0	264	3.684186	198,220,279,264,271,311,1148,459	18.003164,16.750633,16.699560,15.365143,15.103559,14.925677,14.785312,14.420747
283	0	40500	14.235562	198,279,220,271,264,311,58,1148	18.771025,15.815778,15.633690,15.243365,14.703473,14.439015,14.390847,14.378399
284	0	3560	12.089824	198,220,279,264,459,311,1148,271	16.874689,16.716778,16.540838,15.312488,14.948268,14.690979,14.607010,14.118178
285	0	304	7.068063	198,220,279,271,311,58,264,512	18.765188,15.687299,15.622650,15.374375,15.045433,14.540027,14.361699,14.071004
286	0	279	2.732948	198,279,220,271,264,311,1148,58	18.682783,16.602541,15.969663,15.208283,15.194903,15.069453,14.912587,14.091060
287	0	1514	10.202132	198,279,220,271,264,1148,311,58	18.361816,16.193758,15.944982,15.046643,14.920939,14.622807,14.607624,13.997478
288	0	6385	12.581804	198,279,271,220,311,264,58,1148	18.934357,16.314627,15.577647,15.495229,15.212308,14.952606,14.698436,14.640660
289	0	2439	13.157515	198,220,279,271,264,311,720,12	17.457651,15.666328,15.575138,14.820610,14.381183,14.305722,14.161842,13.888255
290	0	5439	12.284452	198,220,271,279,311,58,264,40	18.776619,15.459609,15.419074,15.403316,14.597720,14.561282,14.209674,13.879018
291	0	555	7.381076	198,279,220,311,264,271,58,1148	18.916050,16.547331,16.333479,15.357209,15.226468,15.100967,14.780014,14.723583
292	0	22021	13.863005	198,220,279,264,271,311,1148,459	18.003164,16.750633,16.699560,15.365143,15.103559,14.925677,14.785312,14.420747
293	0	77023	15.454342	198,220,279,271,264,58,12,311	17.707130,15.511479,14.919559,14.855929,13.958607,13.872223,13.763293,13.758477
294	0	1174	9.154105	198,220,279,271,720,58,311,12	17.592682,15.767102,14.874469,14.594890,14.253807,14.187947,14.100018,14.058708
295	0	902	7.777757	198,220,279,264,311,58,271,720	18.447102,16.481005,15.961926,14.677872,14.542712,14.522525,14.393612,14.279655
296	0	574	7.985807	198,279,271,220,58,1148,40,311	19.618326,15.994832,15.726186,15.569820,14.949059,14.835681,14.822945,14.693839
297	0	10887	12.783578	198,279,220,271,1148,264,311,58	19.272552,16.561102,16.331045,15.446834,15.236901,15.232715,15.095681,14.670181
298	0	304	7.408092	198,220,279,271,311,58,264,1148	19.048105,16.086788,16.066294,15.148987,14.946751,14.932639,14.899968,14.276013
299	0	220	3.365826	198,279,220,271,264,311,1148,58	18.682783,16.602541,15.969663,15.208283,15.194903,15.069453,14.912587,14.091060
300	0	1049	6.798461	198,220,279,271,16,58,311,40	18.221169,15.309982,15.107257,14.585889,14.435740,14.196617,13.971619,13.960877
301	0	16	5.306574	198,220,271,279,58,720,311,264	18.992109,15.830688,15.402183,15.285357,14.717481,14.515924,14.300519,14.141166
302	0	520	6.987713	198,220,271,279,58,311,16,264	18.930895,15.455460,15.043973,14.966559,14.643280,14.091396,14.075794,13.918087
303	0	279	2.636001	198,279,220,264,271,311,1148,720	18.355528,16.453169,16.132494,15.076988,14.829124,14.735068,14.559804,14.242259
304	0	16591	13.797995	198,279,220,271,264,1148,311,58	18.361816,16.193758,15.944982,15.046643,14.920939,14.622807,14.607624,13.997478
305	0	7301	12.968258	198,220,279,271,264,311,1148,791	17.833729,15.706555,15.417293,15.338040,14.326993,14.142990,14.122922,14.057793
306	0	27315	16.610176	198,279,220,271,311,264,720,459	18.178957,16.697958,16.504568,15.743492,15.465103,15.298303,14.678243,14.597424
307	0	662	10.468806	198,220,279,271,311,264,58,1148	19.097746,16.567995,16.244097,16.207254,15.364453,15.036222,14.771022,14.689649
308	0	1283	11.502167	198,220,279,271,58,311,264,720	19.246597,15.898785,15.547756,15.439121,14.837223,14.310319,14.232656,14.163739
309	0	1047	8.876135	198,220,279,271,264,311,58,720	18.414299,15.877514,15.690083,15.239693,14.519485,14.457170,14.191422,14.175675
310	0	264	4.478830	198,279,220,271,264,311,1148,58	19.206388,16.518425,16.035784,15.413877,15.225616,15.148488,15.114049,14.863132
311	0	8810	15.321435	198,279,220,271,264,311,58,1148	18.771025,15.815778,15.633690,15.243365,14.703473,14.439015,14.390847,14.378399
312	0	3560	11.928407	198,279,220,311,271,264,1148,459	18.033714,16.177580,15.659172,15.282947,15.147635,14.881111,14.331042,14.144244
313	0	304	7.068063	198,220,279,271,311,58,264,512	18.765188,15.687299,15.622650,15.374375,15.045433,14.540027,14.361699,14.071004
314	0	279	2.732948	198,279,220,271,264,311,1148,58	18.682783,16.602541,15.969663,15.208283,15.194903,15.069453,14.912587,14.091060
315	0	12707	13.797223	198,279,220,271,264,1148,311,58	18.361816,16.193758,15.944982,15.046643,14.920939,14.622807,14.607624,13.997478
316	0	4101	12.507820	198,279,271,220,311,1148,264,58	18.729271,16.037333,15.690392,15.418701,15.030463,14.831188,14.660392,14.398689
317	0	20819	14.275805	198,271,220,58,279,40,311,512	19.506109,16.245037,16.089581,15.772003,15.532039,14.954922,14.802493,14.667038
318	0	3842	9.987855	198,220,279,271,264,311,459,1148	17.518808,16.555418,16.530199,15.273028,15.220454,15.150294,14.523503,14.431140
319	0	1611	9.326768	198,220,279,271,264,311,1148,459	18.362379,16.246967,16.122698,15.612409,14.830715,14.729482,14.654834,14.142849
320	0	291	10.040846	198,220,271,279,720,58,12,791	17.714479,15.368073,14.353982,14.318542,14.260503,13.540448,13.427712,13.303433
321	0	304	7.347342	198,279,220,271,58,311,264,40	18.621550,15.536636,15.505908,15.078384,14.647133,14.462323,14.402265,14.020912
322	0	220	3.365826	198,279,220,271,264,311,1148,58	18.682783,16.602541,15.969663,15.208283,15.194903,15.069453,14.912587,14.091060
323	0	1049	6.798461	198,220,279,271,16,58,311,40	18.221169,15.309982,15.107257,14.585889,14.435740,14.196617,13.971619,13.960877
324	0	17	6.337613	198,220,271,279,58,720,311,264	18.992109,15.830688,15.402183,15.285357,14.717481,14.515924,14.300519,14.141166
325	0	662	10.170763	198,220,58,271,279,16,334,512	18.861025,15.291595,14.939097,14.932499,14.719493,14.438457,14.160705,13.973450
326	0	763	8.487134	198,220,279,271,58,311,264,720	19.246597,15.898785,15.547756,15.439121,14.837223,14.310319,14.232656,14.163739
327	0	220	3.338495	198,279,220,271,264,311,1148,791	18.540131,16.143112,15.847526,15.250314,14.878425,14.404840,14.336174,14.193637
328	0	1049	6.798461	198,220,279,271,16,58,311,40	18.221169,15.309982,15.107257,14.585889,14.435740,14.196617,13.971619,13.960877
329	0	19	7.435010	198,220,271,279,58,720,311,264	18.992109,15.830688,15.402183,15.285357,14.717481,14.515924,14.300519,14.141166
330	0	426	10.778672	198,271,220,279,58,311,16,40	19.108015,15.361016,15.350403,15.000571,14.762012,14.108756,13.965192,13.947698
331	0	11206	15.823893	198,271,220,279,58,720,311,264	19.043486,15.667798,15.566864,15.232398,14.683642,14.370868,14.179661,14.148978
332	0	466	8.759328	198,271,220,58,279,791,40,311	18.695387,15.229968,14.941958,14.626541,14.506645,14.123176,14.036363,13.547223
333	0	27212	13.731672	198,279,220,271,311,264,58,720	18.082140,15.501664,15.341850,15.024243,14.464744,14.304858,14.159078,13.626289
334	0	264	3.071933	198,279,220,264,311,459,271,1148	16.426355,16.094360,15.483162,14.967702,14.813931,14.294597,14.080823,13.630505
335	0	3560	12.397325	198,279,220,271,264,311,58,1148	18.771025,15.815778,15.633690,15.243365,14.703473,14.439015,14.390847,14.378399
336	0	439	8.310564	198,220,279,271,311,58,264,512	18.765188,15.687299,15.622650,15.374375,15.045433,14.540027,14.361699,14.071004
337	0	330	5.951976	198,279,220,271,264,311,1148,58	18.832014,16.459801,15.978377,15.341606,15.130119,14.964607,14.958781,14.289585
338	0	29517	14.798105	198,279,271,220,40,791,58,311	19.097519,15.401639,15.265792,14.890717,14.883451,14.542148,14.368549,14.163028
339	0	330	5.944918	198,220,279,271,264,311,459,1148	17.509005,15.924985,15.830029,14.908467,14.740521,14.534596,14.024097,13.901505
340	0	304	8.039520	198,279,271,220,40,791,58,311	19.097519,15.401639,15.265792,14.890717,14.883451,14.542148,14.368549,14.163028
341	0	279	2.732948	198,279,220,271,264,311,1148,58	18.682783,16.602541,15.969663,15.208283,15.194903,15.069453,14.912587,14.091060
342	0	9417	14.376843	198,279,220,271,264,1148,311,58	18.361816,16.193758,15.944982,15.046643,14.920939,14.622807,14.607624,13.997478
343	0	330	6.872847	198,271,279,220,311,58,1148,264	19.477579,16.521534,16.144770,16.060303,15.201457,15.198169,15.008349,14.764386
344	0	71166	14.786608	198,279,271,220,40,791,58,311	19.097519,15.401639,15.265792,14.890717,14.883451,14.542148,14.368549,14.163028
345	0	364	8.998810	198,220,279,271,264,311,12,459	16.830433,15.630508,15.023732,14.396724,14.103747,14.038617,13.689763,13.521057
346	0	82	5.816547	198,279,271,220,40,791,58,311	18.694534,15.132895,14.898105,14.785576,14.439247,14.155311,13.962991,13.871665
347	0	15457	14.911005	198,271,279,220,58,311,512,264	19.058903,15.220264,15.100639,14.912107,14.771670,14.274009,14.117770,13.968434
348	0	330	6.459369	198,220,271,279,58,311,264,720	19.246170,16.595346,16.363779,15.815066,15.058571,14.904003,14.720019,14.485351
349	0	315	8.667728	198,279,271,220,40,791,58,311	19.097519,15.401639,15.265792,14.890717,14.883451,14.542148,14.368549,14.163028
350	0	279	2.996549	198,279,220,271,264,1148,311,58	18.674120,16.350031,15.934846,15.278911,15.043259,14.912906,14.571446,14.377827
351	0	12707	13.797223	198,279,220,271,264,1148,311,58	18.361816,16.193758,15.944982,15.046643,14.920939,14.622807,14.607624,13.997478
352	0	4101	12.507820	198,279,271,220,311,1148,264,58	18.729271,16.037333,15.690392,15.418701,15.030463,14.831188,14.660392,14.398689
353	0	578	7.429864	198,271,220,58,279,40,311,512	19.506109,16.245037,16.089581,15.772003,15.532039,14.954922,14.802493,14.667038
354	0	5843	13.817830	198,220,279,271,264,720,311,1148	18.041788,16.117182,15.970233,15.068494,14.792516,14.653478,14.288719,14.178802
355	0	38725	17.011935	198,220,279,271,720,311,264,58	17.877680,15.841054,15.489345,14.607323,14.496493,14.360606,14.248136,14.075950
356	0	2652	11.271993	198,271,220,279,791,311,264,58	17.799776,15.377389,15.278705,15.266398,14.377439,14.187388,14.160172,13.958298
357	0	568	7.267731	198,220,279,58,271,311,720,264	19.648363,16.692451,16.116364,15.012970,14.899091,14.850207,14.789357,14.758686
358	0	59335	16.637454	198,279,220,271,40,58,311,264	18.802053,15.701123,15.553821,15.372830,14.639435,14.536915,14.533092,14.435638
359	0	16662	14.020864	198,220,279,264,311,459,720,477	15.894745,15.850406,15.565533,14.679967,14.505746,14.098480,13.871231,13.545677
360	0	20142	15.664914	198,279,220,264,1148,271,311,459	18.449713,17.325943,16.482054,15.918653,15.575093,15.559300,15.513054,15.294572
361	0	4488	11.609174	198,279,220,271,311,58,264,1148	18.657562,15.908794,15.667409,15.598354,15.232600,14.724282,14.561497,14.039407
362	0	27191	15.330974	198,220,279,271,264,311,58,1148	18.196884,16.321913,15.957665,15.479320,14.718803,14.479270,14.330699,14.192588
363	0	323	6.042756	198,220,279,271,264,720,311,58	17.532967,15.484699,15.048549,14.324460,14.043143,13.991676,13.979274,13.831454
364	0	43423	12.920801	198,279,220,271,1148,264,311,358	18.843647,16.782909,16.103392,15.708226,15.490857,15.344063,15.196721,14.499804
365	0	15385	15.004392	198,220,271,279,58,311,264,791	18.365908,15.426209,15.139758,14.837836,14.215183,13.943741,13.780063,13.715668
366	0	18843	14.196962	198,220,271,279,58,720,311,998	17.530832,15.323570,14.595612,13.554944,13.178131,13.085673,13.000615,12.862439
367	0	662	10.578159	198,271,220,58,279,311,791,40	18.886217,16.019472,15.258418,14.867284,14.771052,13.994972,13.956417,13.940825
368	0	1283	11.502167	198,220,279,271,58,311,264,720	19.246597,15.898785,15.547756,15.439121,14.837223,14.310319,14.232656,14.163739
369	0	574	7.295466	198,220,279,271,264,311,58,720	18.414299,15.877514,15.690083,15.239693,14.519485,14.457170,14.191422,14.175675
370	0	6445	11.755233	198,279,220,271,1148,264,311,58	19.272552,16.561102,16.331045,15.446834,15.236901,15.232715,15.095681,14.670181
371	0	304	6.798595	198,279,220,311,271,264,58,459	18.151678,16.123672,15.612670,15.125072,14.803307,14.686413,14.307698,13.949712
372	0	279	2.732948	198,279,220,271,264,311,1148,58	18.682783,16.602541,15.969663,15.208283,15.194903,15.069453,14.912587,14.091060
373	0	220	3.130166	198,279,220,271,264,1148,311,58	18.361816,16.193758,15.944982,15.046643,14.920939,14.622807,14.607624,13.997478
374	0	1049	6.798461	198,220,279,271,16,58,311,40	18.221169,15.309982,15.107257,14.585889,14.435740,14.196617,13.971619,13.960877
375	0	20	6.018859	198,220,271,279,58,720,311,264	18.992109,15.830688,15.402183,15.285357,14.717481,14.515924,14.300519,14.141166
376	0	34596	15.539937	198,220,271,279,58,720,311,16	18.913836,15.277249,15.144147,14.784500,14.451570,13.963550,13.924846,13.884453
377	0	54248	16.231417	198,279,271,220,311,264,1148,58	19.218107,16.269146,16.111605,15.961655,15.453176,14.974929,14.870399,14.829419
378	0	315	7.518082	198,279,271,220,311,58,264,1148	19.067188,15.979687,15.801484,15.668159,15.271027,14.807328,14.768027,14.259740
379	0	279	2.996549	198,279,220,271,264,1148,311,58	18.674120,16.350031,15.934846,15.278911,15.043259,14.912906,14.571446,14.377827
380	0	26241	14.495550	198,279,220,271,264,1148,311,58	18.361816,16.193758,15.944982,15.046643,14.920939,14.622807,14.607624,13.997478
381	0	93401	14.920491	198,220,271,279,791,58,40,264	17.854677,15.413647,15.092532,14.913861,13.988426,13.885991,13.755216,13.737470
382	0	1514	10.598900	198,271,220,279,311,264,791,58	18.521919,15.603444,15.428723,15.380910,14.560380,14.189519,13.978622,13.946355
383	0	44662	14.258842	198,279,271,220,311,264,58,1148	18.934357,16.314627,15.577647,15.495229,15.212308,14.952606,14.698436,14.640660
384	0	50940	16.158590	198,220,279,271,311,264,459,720	17.355942,16.032343,15.457150,15.282814,14.400846,14.389499,13.593738,13.578331
385	0	1174	9.789563	198,220,279,271,12,58,720,264	17.298635,15.092082,13.994292,13.971637,13.495343,13.246615,13.028012,12.943188
386	0	902	7.777757	198,220,279,264,311,58,271,720	18.447102,16.481005,15.961926,14.677872,14.542712,14.522525,14.393612,14.279655
387	0	574	7.985807	198,279,271,220,58,1148,40,311	19.618326,15.994832,15.726186,15.569820,14.949059,14.835681,14.822945,14.693839
388	0	10887	12.783578	198,279,220,271,1148,264,311,58	19.272552,16.561102,16.331045,15.446834,15.236901,15.232715,15.095681,14.670181
389	0	520	6.105976	198,220,279,271,311,58,264,1148	19.048105,16.086788,16.066294,15.148987,14.946751,14.932639,14.899968,14.276013
390	0	279	2.636001	198,279,220,264,271,311,1148,720	18.355528,16.453169,16.132494,15.076988,14.829124,14.735068,14.559804,14.242259
391	0	46506	16.335639	198,279,220,271,264,1148,311,58	18.361816,16.193758,15.944982,15.046643,14.920939,14.622807,14.607624,13.997478
392	0	27315	17.314607	198,220,279,271,311,264,720,12	17.039251,15.958812,14.943835,14.629974,13.940590,13.936641,13.677822,13.667102
393	0	304	7.020059	198,220,279,271,311,264,58,1148	19.097746,16.567995,16.244097,16.207254,15.364453,15.036222,14.771022,14.689649
394	0	72098	17.358759	198,279,220,271,264,311,1148,58	18.682783,16.602541,15.969663,15.208283,15.194903,15.069453,14.912587,14.091060
395	0	323	5.560350	198,279,271,220,311,1148,264,459	18.679838,16.418098,16.035154,16.022535,15.379151,15.143907,15.051452,14.491051
396	0	279	2.779471	198,279,220,271,1148,264,311,358	18.843647,16.782909,16.103392,15.708226,15.490857,15.344063,15.196721,14.499804
397	0	11258	14.075526	198,279,220,271,264,1148,311,58	18.361816,16.193758,15.944982,15.046643,14.920939,14.622807,14.607624,13.997478
398	0	1291	11.304129	198,220,279,271,311,264,720,12	17.531013,15.789917,15.465435,14.800561,14.504940,14.431836,14.123795,14.105622
399	0	39520	16.996229	198,220,279,311,271,264,720,58	17.141989,15.675072,15.403091,14.506228,14.408275,14.238411,13.659251,13.505905
400	0	17367	14.761897	198,220,279,271,264,311,720,459	17.492943,16.350698,15.527219,15.445315,14.555001,14.529965,14.175305,13.832997
401	0	304	6.623012	198,220,279,271,311,264,720,58	17.850641,15.721829,15.587779,15.368855,14.750722,14.543400,13.997490,13.960174
402	0	7295	12.288939	198,279,220,271,264,311,1148,58	18.682783,16.602541,15.969663,15.208283,15.194903,15.069453,14.912587,14.091060
403	0	662	10.107384	198,279,220,271,311,264,1148,459	18.263292,16.444408,16.353868,15.586833,15.278249,15.215404,14.633972,14.549693
404	0	1283	11.502167	198,220,279,271,58,311,264,720	19.246597,15.898785,15.547756,15.439121,14.837223,14.310319,14.232656,14.163739
405	0	574	7.295466	198,220,279,271,264,311,58,720	18.414299,15.877514,15.690083,15.239693,14.519485,14.457170,14.191422,14.175675
406	0	15910	11.832533	198,279,220,271,1148,264,311,58	19.272552,16.561102,16.331045,15.446834,15.236901,15.232715,15.095681,14.670181
407	0	555	7.238598	198,279,220,311,264,271,58,512	17.961830,15.985793,15.694031,15.173843,14.741715,14.675998,14.262239,14.042863
408	0	3842	10.155309	198,220,279,264,271,311,1148,459	18.003164,16.750633,16.699560,15.365143,15.103559,14.925677,14.785312,14.420747
409	0	68573	14.931463	198,220,279,271,264,311,1148,459	18.362379,16.246967,16.122698,15.612409,14.830715,14.729482,14.654834,14.142849
410	0	323	5.071256	198,279,220,264,720,12,459,271	15.751613,15.030823,14.775487,14.100253,13.882870,13.838036,13.764565,13.752022
411	0	59335	15.940790	198,279,220,271,1148,264,311,358	18.843647,16.782909,16.103392,15.708226,15.490857,15.344063,15.196721,14.499804
412	0	16662	14.020864	198,220,279,264,311,459,720,477	15.894745,15.850406,15.565533,14.679967,14.505746,14.098480,13.871231,13.545677
413	0	7505	13.319590	198,279,220,264,1148,271,311,459	18.449713,17.325943,16.482054,15.918653,15.575093,15.559300,15.513054,15.294572
414	0	1254	12.061363	198,220,279,271,264,311,791,58	17.586672,15.608920,15.099071,14.640363,13.897695,13.840415,13.562915,13.550934
415	0	819	12.272583	198,271,220,279,720,998,72,66	17.685764,14.629094,14.306521,14.132695,14.082943,13.760078,13.543587,13.470631
416	0	675	13.329140	198,279,220,271,58,311,264,40	18.385521,15.209339,15.090966,14.890027,14.072108,14.061442,14.032661,13.746994
417	0	1174	10.110591	198,220,271,279,58,311,791,40	18.330660,14.937409,14.911697,14.794223,14.104530,13.809875,13.681651,13.677712
418	0	51075	16.367393	198,220,279,264,311,58,271,720	18.447102,16.481005,15.961926,14.677872,14.542712,14.522525,14.393612,14.279655
419	0	1901	10.802823	198,279,220,271,311,1148,791,264	18.375071,15.659107,15.603238,15.525949,14.441009,14.427960,14.415752,14.408446
420	0	12997	15.660940	198,220,271,279,720,311,58,264	18.010736,15.098720,14.687294,14.680104,14.167996,13.687027,13.682323,13.484174
421	0	1174	9.797155	198,220,279,271,58,311,264,791	18.311232,15.029930,14.913646,14.776019,14.023715,14.009906,13.810056,13.560363
422	0	14253	13.666746	198,220,279,264,311,58,271,720	18.447102,16.481005,15.961926,14.677872,14.542712,14.522525,14.393612,14.279655
423	0	18206	13.610823	198,220,279,271,311,264,1148,791	17.820997,15.602932,15.497009,15.412200,14.377610,14.351842,14.005338,13.905685
424	0	1174	9.115124	198,279,220,271,311,264,1148,459	17.618032,16.249163,15.903268,15.299798,15.144794,14.889815,14.477002,14.174100
425	0	56230	15.613195	198,220,279,264,311,58,271,720	18.447102,16.481005,15.961926,14.677872,14.542712,14.522525,14.393612,14.279655
426	0	24852	12.608382	198,279,220,311,271,264,459,720	17.137205,15.929975,15.610851,14.947335,14.809304,14.773471,14.132976,13.893615
427	0	417	9.916900	198,220,271,279,58,791,40,311	17.937706,15.318390,15.071111,14.468422,14.011540,13.734943,13.714778,13.508526
428	0	1174	9.982124	198,220,279,271,311,58,264,720	18.709778,15.403954,15.350064,15.032464,14.638247,14.609893,14.170588,14.165616
429	0	60410	15.046360	198,220,279,264,311,58,271,720	18.447102,16.481005,15.961926,14.677872,14.542712,14.522525,14.393612,14.279655
430	0	81764	16.223990	198,220,279,720,271,12,264,311	17.291870,15.818067,14.994957,14.394334,14.364955,14.106891,14.100745,14.006210
431	0	323	5.708176	198,220,279,271,720,264,311,12	17.247250,15.660609,14.840843,14.628333,14.058797,14.037488,13.880378,13.761014
432	0	68134	14.102046	198,279,220,271,1148,264,311,358	18.843647,16.782909,16.103392,15.708226,15.490857,15.344063,15.196721,14.499804
433	0	11166	13.107952	198,220,279,271,264,311,58,1148	18.153963,15.772998,15.301053,15.023557,14.196209,14.095464,13.867618,13.749227
434	0	662	10.212578	198,220,279,271,311,264,720,12	17.853409,15.954919,15.848943,15.310220,14.719388,14.632133,14.618774,14.075081
435	0	720	5.466243	198,220,279,271,58,311,264,720	19.246597,15.898785,15.547756,15.439121,14.837223,14.310319,14.232656,14.163739
436	0	763	8.828718	198,220,58,271,279,720,40,16	19.800655,16.381502,15.844853,15.693765,15.495246,15.016426,14.966194,14.699399
437	0	220	3.338495	198,279,220,271,264,311,1148,791	18.540131,16.143112,15.847526,15.250314,14.878425,14.404840,14.336174,14.193637
438	0	1049	6.798461	198,220,279,271,16,58,311,40	18.221169,15.309982,15.107257,14.585889,14.435740,14.196617,13.971619,13.960877
439	0	21	6.440241	198,220,271,279,58,720,311,264	18.992109,15.830688,15.402183,15.285357,14.717481,14.515924,14.300519,14.141166
440	0	1174	10.271034	198,271,220,279,58,311,40,16	19.304602,15.570301,15.450904,15.040837,14.765737,14.099748,14.067409,13.991460
441	0	426	9.449512	198,220,279,264,311,58,271,720	18.447102,16.481005,15.961926,14.677872,14.542712,14.522525,14.393612,14.279655
442	0	11206	15.823893	198,271,220,279,58,720,311,264	19.043486,15.667798,15.566864,15.232398,14.683642,14.370868,14.179661,14.148978
443	0	466	8.759328	198,271,220,58,279,791,40,311	18.695387,15.229968,14.941958,14.626541,14.506645,14.123176,14.036363,13.547223
444	0	59335	16.717081	198,279,220,271,311,264,58,720	18.082140,15.501664,15.341850,15.024243,14.464744,14.304858,14.159078,13.626289
445	0	16662	14.020864	198,220,279,264,311,459,720,477	15.894745,15.850406,15.565533,14.679967,14.505746,14.098480,13.871231,13.545677
446	0	1254	12.118704	198,279,220,264,1148,271,311,459	18.449713,17.325943,16.482054,15.918653,15.575093,15.559300,15.513054,15.294572
447	0	819	12.272583	198,271,220,279,720,998,72,66	17.685764,14.629094,14.306521,14.132695,14.082943,13.760078,13.543587,13.470631
448	0	675	13.329140	198,279,220,271,58,311,264,40	18.385521,15.209339,15.090966,14.890027,14.072108,14.061442,14.032661,13.746994
449	0	304	7.791276	198,220,271,279,58,311,791,40	18.330660,14.937409,14.911697,14.794223,14.104530,13.809875,13.681651,13.677712
450	0	279	2.732948	198,279,220,271,264,311,1148,58	18.682783,16.602541,15.969663,15.208283,15.194903,15.069453,14.912587,14.091060
451	0	1514	10.202132	198,279,220,271,264,1148,311,58	18.361816,16.193758,15.944982,15.046643,14.920939,14.622807,14.607624,13.997478
452	0	94836	19.193344	198,279,271,220,311,264,58,1148	18.934357,16.314627,15.577647,15.495229,15.212308,14.952606,14.698436,14.640660
453	0	5439	11.761488	198,220,279,271,311,264,720,459	17.784887,16.432154,15.704064,15.636151,14.974388,14.727043,14.274953,14.083066
454	0	555	7.381076	198,279,220,311,264,271,58,1148	18.916050,16.547331,16.333479,15.357209,15.226468,15.100967,14.780014,14.723583
455	0	4488	9.996753	198,220,279,264,271,311,1148,459	18.003164,16.750633,16.699560,15.365143,15.103559,14.925677,14.785312,14.420747
456	0	46207	17.430347	198,220,279,271,264,311,58,1148	18.196884,16.321913,15.957665,15.479320,14.718803,14.479270,14.330699,14.192588
457	0	28607	14.020224	198,220,279,271,264,311,12,459	17.485601,15.927513,15.464626,14.559910,14.350097,14.257595,13.797729,13.674726
458	0	662	9.560461	198,220,279,311,720,264,271,12	16.652473,15.675812,15.215102,14.579295,14.251292,14.181228,13.833018,13.429629
459	0	1283	11.502167	198,220,279,271,58,311,264,720	19.246597,15.898785,15.547756,15.439121,14.837223,14.310319,14.232656,14.163739
460	0	9922	13.754963	198,220,279,271,264,311,58,720	18.414299,15.877514,15.690083,15.239693,14.519485,14.457170,14.191422,14.175675
461	0	389	10.254348	198,220,279,271,311,264,58,1148	19.140141,16.322746,16.049854,15.023117,14.956416,14.815745,14.744414,14.242215
462	0	264	4.366420	198,279,220,271,264,1148,311,58	18.764853,16.388632,16.079660,15.288875,15.031349,14.769444,14.760852,14.461841
463	0	220	3.643603	198,279,220,271,264,311,58,1148	18.771025,15.815778,15.633690,15.243365,14.703473,14.439015,14.390847,14.378399
464	0	1049	6.798461	198,220,279,271,16,58,311,40	18.221169,15.309982,15.107257,14.585889,14.435740,14.196617,13.971619,13.960877
465	0	21	6.440241	198,220,271,279,58,720,311,264	18.992109,15.830688,15.402183,15.285357,14.717481,14.515924,14.300519,14.141166
466	0	9417	15.647545	198,271,220,279,58,311,40,16	19.304602,15.570301,15.450904,15.040837,14.765737,14.099748,14.067409,13.991460
467	0	315	6.885104	198,271,279,220,311,58,1148,264	19.477579,16.521534,16.144770,16.060303,15.201457,15.198169,15.008349,14.764386
468	0	279	2.996549	198,279,220,271,264,1148,311,58	18.674120,16.350031,15.934846,15.278911,15.043259,14.912906,14.571446,14.377827
469	0	12707	13.797223	198,279,220,271,264,1148,311,58	18.361816,16.193758,15.944982,15.046643,14.920939,14.622807,14.607624,13.997478
470	0	4101	12.507820	198,279,271,220,311,1148,264,58	18.729271,16.037333,15.690392,15.418701,15.030463,14.831188,14.660392,14.398689
471	0	1174	10.932821	198,271,220,58,279,40,311,512	19.506109,16.245037,16.089581,15.772003,15.532039,14.954922,14.802493,14.667038
472	0	54943	16.494857	198,220,279,264,311,58,271,720	18.447102,16.481005,15.961926,14.677872,14.542712,14.522525,14.393612,14.279655
473	0	1174	9.621178	198,220,279,311,271,264,459,1148	17.400114,16.632875,16.314962,15.453023,15.283095,15.206553,14.590304,14.110288
474	0	8272	13.388756	198,220,279,264,311,58,271,720	18.447102,16.481005,15.961926,14.677872,14.542712,14.522525,14.393612,14.279655
475	0	555	8.050312	198,279,220,271,311,1148,264,58	19.805521,16.547991,16.539480,15.792333,15.482253,15.196271,15.160602,15.139195
476	0	264	3.684186	198,220,279,264,271,311,1148,459	18.003164,16.750633,16.699560,15.365143,15.103559,14.925677,14.785312,14.420747
477	0	3560	12.397325	198,279,220,271,264,311,58,1148	18.771025,15.815778,15.633690,15.243365,14.703473,14.439015,14.390847,14.378399
478	0	304	7.068063	198,220,279,271,311,58,264,512	18.765188,15.687299,15.622650,15.374375,15.045433,14.540027,14.361699,14.071004
479	0	279	2.732948	198,279,220,271,264,311,1148,58	18.682783,16.602541,15.969663,15.208283,15.194903,15.069453,14.912587,14.091060
480	0	220	3.130166	198,279,220,271,264,1148,311,58	18.361816,16.193758,15.944982,15.046643,14.920939,14.622807,14.607624,13.997478
481	0	1049	6.798461	198,220,279,271,16,58,311,40	18.221169,15.309982,15.107257,14.585889,14.435740,14.196617,13.971619,13.960877
482	0	22	7.089892	198,220,271,279,58,720,311,264	18.992109,15.830688,15.402183,15.285357,14.717481,14.515924,14.300519,14.141166
483	0	34596	15.598255	198,271,220,279,58,311,40,264	19.294279,15.591353,15.475189,15.117543,14.778167,14.201015,14.134387,13.965164
484	0	5788	13.169874	198,279,271,220,311,264,1148,58	19.218107,16.269146,16.111605,15.961655,15.453176,14.974929,14.870399,14.829419
485	0	315	7.173090	198,279,271,220,311,264,58,1148	18.930727,16.165001,16.099485,15.707558,15.322045,14.917468,14.666881,14.506902
486	0	2650	7.766836	198,279,220,271,264,1148,311,58	18.674120,16.350031,15.934846,15.278911,15.043259,14.912906,14.571446,14.377827
487	0	311	4.736843	198,220,279,271,311,40,264,1148	18.930223,16.106974,15.881284,15.763519,14.733493,14.634418,14.610341,14.513316
488	0	71727	17.819852	198,279,220,271,264,311,1148,58	18.676952,16.564993,16.151995,15.379726,15.277688,15.063922,14.900205,14.340167
489	0	15910	13.181516	198,271,279,220,791,40,58,3923	19.574860,16.610712,15.490837,15.305982,15.206928,15.003196,14.824997,14.613408
490	0	555	7.238598	198,279,220,311,264,271,58,512	17.961830,15.985793,15.694031,15.173843,14.741715,14.675998,14.262239,14.042863
491	0	28978	12.148837	198,220,279,264,271,311,1148,459	18.003164,16.750633,16.699560,15.365143,15.103559,14.925677,14.785312,14.420747
492	0	648	11.576500	198,220,271,279,58,311,720,12	17.983912,15.149974,14.423310,14.025668,13.558037,13.248937,13.231576,13.087906
493	0	432	9.997270	198,271,220,279,58,40,311,791	18.842684,15.533069,15.405719,15.211540,14.421428,14.275149,14.184222,14.086266
494	0	85534	17.456708	198,220,279,271,720,58,311,264	18.351458,15.367406,15.140114,15.015435,14.446982,14.123729,14.091420,14.000186
495	0	662	10.222007	198,220,271,279,58,311,720,264	18.786440,16.037882,15.928205,15.162562,14.912807,14.367980,14.292309,14.165939
496	0	2650	8.829674	198,220,279,271,58,311,264,720	19.246597,15.898785,15.547756,15.439121,14.837223,14.310319,14.232656,14.163739
497	0	311	4.736843	198,220,279,271,311,40,264,1148	18.930223,16.106974,15.881284,15.763519,14.733493,14.634418,14.610341,14.513316
498	0	71727	17.819852	198,279,220,271,264,311,1148,58	18.676952,16.564993,16.151995,15.379726,15.277688,15.063922,14.900205,14.340167
499	0	574	8.214276	198,271,279,220,791,40,58,3923	19.574860,16.610712,15.490837,15.305982,15.206928,15.003196,14.824997,14.613408
500	0	10887	12.783578	198,279,220,271,1148,264,311,58	19.272552,16.561102,16.331045,15.446834,15.236901,15.232715,15.095681,14.670181
501	0	520	6.105976	198,220,279,271,311,58,264,1148	19.048105,16.086788,16.066294,15.148987,14.946751,14.932639,14.899968,14.276013
502	0	14409	13.532844	198,279,220,264,271,311,1148,720	18.355528,16.453169,16.132494,15.076988,14.829124,14.735068,14.559804,14.242259
503	0	27315	16.460270	198,279,220,271,311,264,459,374	17.152567,16.218351,15.967204,15.413318,15.072810,15.027436,14.487407,14.023521
504	0	304	7.020059	198,220,279,271,311,264,58,1148	19.097746,16.567995,16.244097,16.207254,15.364453,15.036222,14.771022,14.689649
505	0	279	2.732948	198,279,220,271,264,311,1148,58	18.682783,16.602541,15.969663,15.208283,15.194903,15.069453,14.912587,14.091060
506	0	7295	11.976730	198,279,220,271,264,1148,311,58	18.361816,16.193758,15.944982,15.046643,14.920939,14.622807,14.607624,13.997478
507	0	85303	16.665275	198,279,220,271,311,264,1148,459	18.263292,16.444408,16.353868,15.586833,15.278249,15.215404,14.633972,14.549693
508	0	315	7.549011	198,220,279,271,264,311,58,720	17.907362,16.400684,15.783562,15.234914,14.684512,14.399487,14.356923,14.255978
509	0	473	10.713728	198,279,220,271,264,1148,311,58	18.674120,16.350031,15.934846,15.278911,15.043259,14.912906,14.571446,14.377827
510	0	43157	18.811517	198,271,220,279,720,58,311,791	18.227987,15.071469,14.786998,14.710091,14.011174,13.903565,13.656995,13.559955
511	0	44774	18.628964	198,279,220,271,311,264,58,374	18.028280,16.129576,15.978592,15.684043,15.327521,14.786247,14.263556,13.985532
512	0	323	5.814330	198,271,220,279,311,58,264,1148	18.601231,15.412112,15.337018,15.288120,14.534963,14.404925,14.199612,13.748071
513	0	48550	12.872600	198,279,220,271,1148,264,311,358	18.843647,16.782909,16.103392,15.708226,15.490857,15.344063,15.196721,14.499804
514	0	5721	12.903623	198,220,271,279,791,311,44,998	16.568697,14.141700,13.908933,13.436768,13.052039,12.538386,12.536843,12.536541
515	0	662	9.909857	198,220,279,311,271,264,720,459	17.508345,16.073214,15.822101,14.836884,14.750323,14.688087,14.188920,13.790947
516	0	426	10.539350	198,220,279,271,58,311,264,720	19.246597,15.898785,15.547756,15.439121,14.837223,14.310319,14.232656,14.163739
517	0	11206	15.823893	198,271,220,279,58,720,311,264	19.043486,15.667798,15.566864,15.232398,14.683642,14.370868,14.179661,14.148978
518	0	466	8.759328	198,271,220,58,279,791,40,311	18.695387,15.229968,14.941958,14.626541,14.506645,14.123176,14.036363,13.547223
519	0	59335	16.717081	198,279,220,271,311,264,58,720	18.082140,15.501664,15.341850,15.024243,14.464744,14.304858,14.159078,13.626289
520	0	304	5.440509	198,220,279,264,311,459,720,477	15.894745,15.850406,15.565533,14.679967,14.505746,14.098480,13.871231,13.545677
521	0	1403	9.251633	198,279,220,271,264,311,1148,58	18.682783,16.602541,15.969663,15.208283,15.194903,15.069453,14.912587,14.091060
522	0	12631	16.226602	198,279,220,271,58,264,40,311	19.052416,15.823371,15.596772,15.335640,15.253957,14.687810,14.651252,14.376811
523	0	304	7.050841	198,279,220,271,311,58,264,1148	19.126713,16.240755,15.893125,15.873075,15.335594,15.001419,14.849640,14.597484
524	0	220	3.365826	198,279,220,271,264,311,1148,58	18.682783,16.602541,15.969663,15.208283,15.194903,15.069453,14.912587,14.091060
525	0	1049	6.798461	198,220,279,271,16,58,311,40	18.221169,15.309982,15.107257,14.585889,14.435740,14.196617,13.971619,13.960877
526	0	23	7.110820	198,220,271,279,58,720,311,264	18.992109,15.830688,15.402183,15.285357,14.717481,14.515924,14.300519,14.141166
527	0	1174	9.639776	198,271,220,279,58,311,264,720	18.932333,15.618518,15.455792,15.104539,14.582138,14.186378,13.916097,13.880622
528	0	6187	12.642257	198,220,279,264,311,58,271,720	18.447102,16.481005,15.961926,14.677872,14.542712,14.522525,14.393612,14.279655
529	0	4238	13.278102	198,220,279,271,58,264,311,1148	19.263601,16.761610,16.264748,16.238291,15.089856,15.088740,15.058171,14.631660
530	0	4997	13.539318	198,279,271,220,311,58,264,720	19.066666,15.633409,15.582909,15.486972,14.799461,14.764301,14.368587,14.222392
531	0	31304	13.673879	198,220,279,271,311,264,12,720	17.455881,15.469258,15.212861,14.741101,14.102581,13.954891,13.792000,13.686229
532	0	555	7.181830	198,220,279,271,311,264,12,720	17.716276,16.492773,15.797994,15.335002,15.138377,14.895123,14.222638,14.158246
533	0	57337	17.992087	198,220,279,264,271,311,1148,459	18.003164,16.750633,16.699560,15.365143,15.103559,14.925677,14.785312,14.420747
534	0	12366	13.645296	198,279,220,271,311,264,1148,459	18.088140,16.269659,15.819878,15.684853,15.322303,14.921882,14.640533,14.413894
535	0	2009	12.666812	198,220,279,311,264,271,720,12	16.713524,15.857938,15.507371,14.582603,14.421960,14.162766,13.995738,13.905006
536	0	546	12.696011	198,220,271,279,720,791,264,58	17.615244,15.213178,14.577080,14.553126,13.717834,13.554610,13.349056,13.259411
537	0	72	5.276620	198,279,220,271,311,58,720,264	18.107250,14.971410,14.958163,14.622329,14.097661,14.093556,13.730998,13.705968
538	0	1174	9.991873	198,220,271,279,58,311,720,512	18.811182,15.015334,14.942112,14.690593,14.528583,13.827853,13.706978,13.688991
539	0	323	5.877300	198,220,279,264,311,58,271,720	18.447102,16.481005,15.961926,14.677872,14.542712,14.522525,14.393612,14.279655
540	0	4418	10.161087	198,279,220,271,1148,264,311,358	18.843647,16.782909,16.103392,15.708226,15.490857,15.344063,15.196721,14.499804
541	0	798	10.331361	198,220,271,279,40,791,720,58	18.621496,15.445577,15.284650,15.154067,14.319885,14.203999,14.139508,13.960803
542	0	54275	17.161987	198,220,279,271,311,58,264,720	17.612890,15.435893,15.049861,14.936780,14.493011,14.169765,13.993258,13.904305
543	0	15910	12.351393	198,220,279,271,264,311,720,459	17.531404,16.316549,15.509303,14.861518,14.659883,14.426818,14.174134,14.013855
544	0	555	7.238598	198,279,220,311,264,271,58,512	17.961830,15.985793,15.694031,15.173843,14.741715,14.675998,14.262239,14.042863
545	0	12225	12.148846	198,220,279,264,271,311,1148,459	18.003164,16.750633,16.699560,15.365143,15.103559,14.925677,14.785312,14.420747
546	0	398	9.184922	198,220,271,720,58,279,791,998	17.648594,14.735710,14.198449,13.515241,13.478938,13.473624,12.936776,12.830513
547	0	89453	17.917416	198,279,220,271,311,264,58,1148	18.679029,15.748695,15.645822,15.384650,14.804993,14.613711,14.412869,14.259044
548	0	662	10.013999	220,198,279,311,264,459,477,720	15.138977,14.830265,14.657557,13.866069,13.656480,13.293682,13.100390,12.993451
549	0	763	8.487134	198,220,279,271,58,311,264,720	19.246597,15.898785,15.547756,15.439121,14.837223,14.310319,14.232656,14.163739
550	0	3297	10.895834	198,279,220,271,264,311,1148,791	18.540131,16.143112,15.847526,15.250314,14.878425,14.404840,14.336174,14.193637
551	0	220	1.708037	198,220,279,271,311,264,720,1148	18.665909,17.697165,16.444719,15.351146,15.247314,15.195218,14.641921,14.635772
552	0	1049	6.798461	198,220,279,271,16,58,311,40	18.221169,15.309982,15.107257,14.585889,14.435740,14.196617,13.971619,13.960877
553	0	23	7.110820	198,220,271,279,58,720,311,264	18.992109,15.830688,15.402183,15.285357,14.717481,14.515924,14.300519,14.141166
554	0	1174	9.639776	198,271,220,279,58,311,264,720	18.932333,15.618518,15.455792,15.104539,14.582138,14.186378,13.916097,13.880622
555	0	426	9.449512	198,220,279,264,311,58,271,720	18.447102,16.481005,15.961926,14.677872,14.542712,14.522525,14.393612,14.279655
556	0	11206	15.823893	198,271,220,279,58,720,311,264	19.043486,15.667798,15.566864,15.232398,14.683642,14.370868,14.179661,14.148978
557	0	466	8.759328	198,271,220,58,279,791,40,311	18.695387,15.229968,14.941958,14.626541,14.506645,14.123176,14.036363,13.547223
558	0	1903	9.590036	198,279,220,271,311,264,58,720	18.082140,15.501664,15.341850,15.024243,14.464744,14.304858,14.159078,13.626289
559	0	264	4.663906	198,279,220,271,311,264,58,40	19.092131,16.245329,15.704574,15.477977,14.980526,14.901363,14.718738,14.536275
560	0	8810	15.321435	198,279,220,271,264,311,58,1148	18.771025,15.815778,15.633690,15.243365,14.703473,14.439015,14.390847,14.378399
561	0	11341	14.529367	198,279,220,311,271,264,1148,459	18.033714,16.177580,15.659172,15.282947,15.147635,14.881111,14.331042,14.144244
562	0	389	10.732653	198,271,279,220,58,311,40,512	19.530001,15.850281,15.560355,15.537968,15.206329,14.783866,14.527466,14.461479
563	0	264	4.366420	198,279,220,271,264,1148,311,58	18.764853,16.388632,16.079660,15.288875,15.031349,14.769444,14.760852,14.461841
564	0	1403	9.583333	198,279,220,271,264,311,58,1148	18.771025,15.815778,15.633690,15.243365,14.703473,14.439015,14.390847,14.378399
565	0	571	13.172676	198,279,220,271,58,264,40,311	19.052416,15.823371,15.596772,15.335640,15.253957,14.687810,14.651252,14.376811
566	0	12	7.188071	198,271,220,279,720,58,311,998	18.817160,15.608792,15.487035,14.974223,14.207413,13.921630,13.879898,13.762584
567	0	31	10.835921	198,220,279,16,264,58,271,720	18.073694,16.257448,15.833867,14.872197,14.690482,14.656283,14.644833,14.623016
568	0	961	9.286689	198,220,271,279,720,58,311,16	18.579775,15.346443,15.097161,14.823461,14.345059,14.006839,13.647369,13.588280
569	0	9417	15.294892	198,279,220,271,311,264,58,1148	18.860273,16.126675,16.065140,15.493592,15.213988,14.835933,14.830379,14.375979
570	0	15952	14.374877	198,271,279,220,311,58,1148,264	19.477579,16.521534,16.144770,16.060303,15.201457,15.198169,15.008349,14.764386
571	0	315	8.202713	198,220,271,279,58,12,311,720	18.116455,15.662211,15.151212,14.807372,14.653569,14.262794,14.046273,13.905566
572	0	279	2.996549	198,279,220,271,264,1148,311,58	18.674120,16.350031,15.934846,15.278911,15.043259,14.912906,14.571446,14.377827
573	0	12707	13.797223	198,279,220,271,264,1148,311,58	18.361816,16.193758,15.944982,15.046643,14.920939,14.622807,14.607624,13.997478
574	0	4101	12.507820	198,279,271,220,311,1148,264,58	18.729271,16.037333,15.690392,15.418701,15.030463,14.831188,14.660392,14.398689
575	0	468	14.057614	198,271,220,58,279,40,311,512	19.506109,16.245037,16.089581,15.772003,15.532039,14.954922,14.802493,14.667038
576	0	1802	14.775402	198,220,271,279,720,58,311,264	18.506510,15.264125,15.253903,15.125415,14.442123,14.110909,14.020541,13.897996
577	0	279	3.162446	198,220,279,271,264,311,58,1148	18.615486,16.036125,16.021952,15.472196,14.848167,14.772209,14.561431,14.131412
578	0	15371	16.611047	198,279,220,271,264,1148,311,58	18.361816,16.193758,15.944982,15.046643,14.920939,14.622807,14.607624,13.997478
579	0	1174	9.905643	198,220,271,279,58,311,264,791	18.347715,15.728848,15.277275,14.905187,14.419187,14.009953,13.784535,13.751172
580	0	8272	13.388756	198,220,279,264,311,58,271,720	18.447102,16.481005,15.961926,14.677872,14.542712,14.522525,14.393612,14.279655
581	0	555	8.050312	198,279,220,271,311,1148,264,58	19.805521,16.547991,16.539480,15.792333,15.482253,15.196271,15.160602,15.139195
582	0	459	4.628582	198,220,279,264,271,311,1148,459	18.003164,16.750633,16.699560,15.365143,15.103559,14.925677,14.785312,14.420747
583	0	11341	14.735607	198,279,220,271,264,311,1148,58	18.561342,15.779041,15.574036,15.242229,14.619377,14.435819,14.356471,14.268532
584	0	389	10.732653	198,271,279,220,58,311,40,512	19.530001,15.850281,15.560355,15.537968,15.206329,14.783866,14.527466,14.461479
585	0	279	3.009138	198,279,220,271,264,1148,311,58	18.764853,16.388632,16.079660,15.288875,15.031349,14.769444,14.760852,14.461841
586	0	12707	13.797223	198,279,220,271,264,1148,311,58	18.361816,16.193758,15.944982,15.046643,14.920939,14.622807,14.607624,13.997478
587	0	4101	12.507820	198,279,271,220,311,1148,264,58	18.729271,16.037333,15.690392,15.418701,15.030463,14.831188,14.660392,14.398689
588	0	29878	20.007584	198,271,220,58,279,40,311,512	19.506109,16.245037,16.089581,15.772003,15.532039,14.954922,14.802493,14.667038
589	0	86493	17.064794	198,220,271,279,720,58,311,12	17.590881,15.141136,14.423474,14.068222,13.933291,13.811597,13.534024,13.332146
590	0	304	6.648202	198,271,220,279,311,58,264,720	18.362953,16.156797,15.917499,15.891324,15.210345,14.910115,14.752889,14.080770
591	0	6841	13.480049	198,279,220,271,264,311,1148,58	18.682783,16.602541,15.969663,15.208283,15.194903,15.069453,14.912587,14.091060
592	0	220	2.055247	198,220,279,271,311,264,1148,58	19.358149,17.821550,16.529753,15.994199,15.334523,15.257876,14.951138,14.776405
593	0	1049	6.798461	198,220,279,271,16,58,311,40	18.221169,15.309982,15.107257,14.585889,14.435740,14.196617,13.971619,13.960877
594	0	23	7.110820	198,220,271,279,58,720,311,264	18.992109,15.830688,15.402183,15.285357,14.717481,14.515924,14.300519,14.141166
595	0	662	10.012940	198,271,220,279,58,311,264,720	18.932333,15.618518,15.455792,15.104539,14.582138,14.186378,13.916097,13.880622
596	0	1283	11.502167	198,220,279,271,58,311,264,720	19.246597,15.898785,15.547756,15.439121,14.837223,14.310319,14.232656,14.163739
597	0	1047	8.876135	198,220,279,271,264,311,58,720	18.414299,15.877514,15.690083,15.239693,14.519485,14.457170,14.191422,14.175675
598	0	264	4.478830	198,279,220,271,264,311,1148,58	19.206388,16.518425,16.035784,15.413877,15.225616,15.148488,15.114049,14.863132
599	0	46350	15.235597	198,279,220,271,264,311,58,1148	18.771025,15.815778,15.633690,15.243365,14.703473,14.439015,14.390847,14.378399
600	0	3560	12.473886	198,220,279,271,311,264,1148,459	18.673399,16.745852,16.508783,15.559037,15.469495,15.238751,14.690154,14.662557
601	0	304	7.068063	198,220,279,271,311,58,264,512	18.765188,15.687299,15.622650,15.374375,15.045433,14.540027,14.361699,14.071004
602	0	5899	9.489898	198,279,220,271,264,311,1148,58	18.682783,16.602541,15.969663,15.208283,15.194903,15.069453,14.912587,14.091060
603	0	18243	16.333807	198,279,220,271,58,264,311,12	18.615549,15.957542,15.658643,15.152820,15.052548,14.821182,14.723724,14.451245
604	0	315	7.018440	198,271,279,220,311,58,1148,264	19.773502,16.487288,16.160433,16.102859,15.375999,15.346504,14.821187,14.772358
605	0	279	2.996549	198,279,220,271,264,1148,311,58	18.674120,16.350031,15.934846,15.278911,15.043259,14.912906,14.571446,14.377827
606	0	12707	13.797223	198,279,220,271,264,1148,311,58	18.361816,16.193758,15.944982,15.046643,14.920939,14.622807,14.607624,13.997478
607	0	4101	12.507820	198,279,271,220,311,1148,264,58	18.729271,16.037333,15.690392,15.418701,15.030463,14.831188,14.660392,14.398689
608	0	49922	17.856666	198,271,220,58,279,40,311,512	19.506109,16.245037,16.089581,15.772003,15.532039,14.954922,14.802493,14.667038
609	0	1919	11.334311	198,220,279,271,264,311,58,1148	18.977966,15.996089,15.757037,15.638206,14.561539,14.505145,14.354426,14.227890
610	0	304	7.581386	198,271,220,279,58,311,40,264	18.913202,15.517358,15.416176,15.127519,14.746398,14.327441,14.283290,14.073155
611	0	220	3.365826	198,279,220,271,264,311,1148,58	18.682783,16.602541,15.969663,15.208283,15.194903,15.069453,14.912587,14.091060
612	0	679	8.398185	198,220,279,271,16,58,311,40	18.221169,15.309982,15.107257,14.585889,14.435740,14.196617,13.971619,13.960877
613	0	15	6.742407	198,220,271,279,720,58,311,334	18.605793,15.855621,14.991414,14.868352,14.534970,14.307117,14.022270,13.972035
614	0	1174	10.006204	198,220,271,279,58,311,720,16	19.230764,15.396316,15.219394,14.951401,14.764003,14.112716,14.052040,13.986745
615	0	439	8.281391	198,220,279,264,311,58,271,720	18.447102,16.481005,15.961926,14.677872,14.542712,14.522525,14.393612,14.279655
616	0	330	5.951976	198,279,220,271,264,311,1148,58	18.832014,16.459801,15.978377,15.341606,15.130119,14.964607,14.958781,14.289585
617	0	735	11.370067	198,279,271,220,40,791,58,311	19.097519,15.401639,15.265792,14.890717,14.883451,14.542148,14.368549,14.163028
618	0	40608	15.097837	198,220,271,279,720,311,58,264	18.013786,15.199756,15.155864,15.029869,14.212071,13.949979,13.945607,13.922803
619	0	69168	17.774091	198,220,279,271,311,264,1148,58	18.381857,15.337868,15.269943,14.535443,14.121811,13.986705,13.774920,13.747231
620	0	330	6.478920	198,220,271,279,311,264,58,791	18.517822,15.726867,15.529800,15.349933,14.518453,14.227958,14.224221,13.912022
621	0	662	10.656729	198,279,271,220,40,791,58,311	19.097519,15.401639,15.265792,14.890717,14.883451,14.542148,14.368549,14.163028
622	0	426	10.539350	198,220,279,271,58,311,264,720	19.246597,15.898785,15.547756,15.439121,14.837223,14.310319,14.232656,14.163739
623	0	11206	15.823893	198,271,220,279,58,720,311,264	19.043486,15.667798,15.566864,15.232398,14.683642,14.370868,14.179661,14.148978
624	0	466	8.759328	198,271,220,58,279,791,40,311	18.695387,15.229968,14.941958,14.626541,14.506645,14.123176,14.036363,13.547223
625	0	59335	16.717081	198,279,220,271,311,264,58,720	18.082140,15.501664,15.341850,15.024243,14.464744,14.304858,14.159078,13.626289
626	0	304	5.440509	198,220,279,264,311,459,720,477	15.894745,15.850406,15.565533,14.679967,14.505746,14.098480,13.871231,13.545677
627	0	279	2.732948	198,279,220,271,264,311,1148,58	18.682783,16.602541,15.969663,15.208283,15.194903,15.069453,14.912587,14.091060
628	0	220	3.130166	198,279,220,271,264,1148,311,58	18.361816,16.193758,15.944982,15.046643,14.920939,14.622807,14.607624,13.997478
629	0	679	8.398185	198,220,279,271,16,58,311,40	18.221169,15.309982,15.107257,14.585889,14.435740,14.196617,13.971619,13.960877
630	0	16	5.167479	198,220,271,279,720,58,311,334	18.605793,15.855621,14.991414,14.868352,14.534970,14.307117,14.022270,13.972035
631	0	4632	14.879556	198,220,271,279,58,311,16,264	18.930895,15.455460,15.043973,14.966559,14.643280,14.091396,14.075794,13.918087
632	0	25145	15.248288	198,279,220,271,311,264,1148,58	18.664892,16.343012,15.920231,15.625881,15.170148,14.889964,14.665298,14.595516
633	0	85375	18.465322	198,220,271,279,311,720,264,58	16.935083,14.945079,13.982498,13.924576,13.338414,13.127034,12.803182,12.630478
634	0	15910	12.899308	198,220,271,279,58,311,264,720	19.004204,16.141945,15.559520,15.511589,14.944674,14.901961,14.517688,14.116155
635	0	555	7.238598	198,279,220,311,264,271,58,512	17.961830,15.985793,15.694031,15.173843,14.741715,14.675998,14.262239,14.042863
636	0	12366	13.395263	198,220,279,264,271,311,1148,459	18.003164,16.750633,16.699560,15.365143,15.103559,14.925677,14.785312,14.420747
637	0	2009	12.666812	198,220,279,311,264,271,720,12	16.713524,15.857938,15.507371,14.582603,14.421960,14.162766,13.995738,13.905006
638	0	546	12.696011	198,220,271,279,720,791,264,58	17.615244,15.213178,14.577080,14.553126,13.717834,13.554610,13.349056,13.259411
639	0	72	5.276620	198,279,220,271,311,58,720,264	18.107250,14.971410,14.958163,14.622329,14.097661,14.093556,13.730998,13.705968
640	0	662	10.289235	198,220,271,279,58,311,720,512	18.811182,15.015334,14.942112,14.690593,14.528583,13.827853,13.706978,13.688991
641	0	720	5.466243	198,220,279,271,58,311,264,720	19.246597,15.898785,15.547756,15.439121,14.837223,14.310319,14.232656,14.163739
642	0	284	10.734110	198,220,58,271,279,720,40,16	19.800655,16.381502,15.844853,15.693765,15.495246,15.016426,14.966194,14.699399
643	0	284	9.237504	198,220,279,720,264,271,311,58	18.261055,16.726366,15.816379,15.012748,14.730843,14.418949,14.329094,14.265396
644	0	41576	15.310836	198,220,279,720,264,271,311,58	18.261055,16.726366,15.816379,15.012748,14.730843,14.418949,14.329094,14.265396
645	0	284	11.017170	198,220,271,279,311,264,58,1148	18.998175,16.437954,16.305483,16.033796,15.153840,14.968764,14.729934,14.445132
646	0	284	9.237504	198,220,279,720,264,271,311,58	18.261055,16.726366,15.816379,15.012748,14.730843,14.418949,14.329094,14.265396
647	0	720	3.917570	198,220,279,720,264,271,311,58	18.261055,16.726366,15.816379,15.012748,14.730843,14.418949,14.329094,14.265396
648	0	284	10.734110	198,220,58,271,279,720,40,16	19.800655,16.381502,15.844853,15.693765,15.495246,15.016426,14.966194,14.699399
649	0	284	9.237504	198,220,279,720,264,271,311,58	18.261055,16.726366,15.816379,15.012748,14.730843,14.418949,14.329094,14.265396
650	0	284	9.237504	198,220,279,720,264,271,311,58	18.261055,16.726366,15.816379,15.012748,14.730843,14.418949,14.329094,14.265396
651	0	220	2.203952	198,220,279,720,264,271,311,58	18.261055,16.726366,15.816379,15.012748,14.730843,14.418949,14.329094,14.265396
652	0	1049	6.798461	198,220,279,271,16,58,311,40	18.221169,15.309982,15.107257,14.585889,14.435740,14.196617,13.971619,13.960877
653	0	15	6.788297	198,220,271,279,58,720,311,264	18.992109,15.830688,15.402183,15.285357,14.717481,14.515924,14.300519,14.141166
654	0	1389	11.064538	198,220,271,279,58,311,720,16	19.230764,15.396316,15.219394,14.951401,14.764003,14.112716,14.052040,13.986745
655	0	220	3.066729	198,220,279,264,271,720,311,1148	19.223948,16.549919,16.109283,14.961964,14.808968,14.753709,14.721713,14.505040
656	0	1049	6.798461	198,220,279,271,16,58,311,40	18.221169,15.309982,15.107257,14.585889,14.435740,14.196617,13.971619,13.960877
657	0	20	6.018859	198,220,271,279,58,720,311,264	18.992109,15.830688,15.402183,15.285357,14.717481,14.515924,14.300519,14.141166
658	0	284	10.071482	198,220,271,279,58,720,311,16	18.913836,15.277249,15.144147,14.784500,14.451570,13.963550,13.924846,13.884453
659	0	284	9.237504	198,220,279,720,264,271,311,58	18.261055,16.726366,15.816379,15.012748,14.730843,14.418949,14.329094,14.265396
660	0	284	9.237504	198,220,279,720,264,271,311,58	18.261055,16.726366,15.816379,15.012748,14.730843,14.418949,14.329094,14.265396
661	0	720	3.917570	198,220,279,720,264,271,311,58	18.261055,16.726366,15.816379,15.012748,14.730843,14.418949,14.329094,14.265396
662	0	763	8.828718	198,220,58,271,279,720,40,16	19.800655,16.381502,15.844853,15.693765,15.495246,15.016426,14.966194,14.699399
663	0	220	3.338495	198,279,220,271,264,311,1148,791	18.540131,16.143112,15.847526,15.250314,14.878425,14.404840,14.336174,14.193637
664	0	1049	6.798461	198,220,279,271,16,58,311,40	18.221169,15.309982,15.107257,14.585889,14.435740,14.196617,13.971619,13.960877
665	0	15	6.788297	198,220,271,279,58,720,311,264	18.992109,15.830688,15.402183,15.285357,14.717481,14.515924,14.300519,14.141166
666	0	426	10.966691	198,220,271,279,58,311,720,16	19.230764,15.396316,15.219394,14.951401,14.764003,14.112716,14.052040,13.986745
667	0	11206	15.823893	198,271,220,279,58,720,311,264	19.043486,15.667798,15.566864,15.232398,14.683642,14.370868,14.179661,14.148978
668	0	466	8.759328	198,271,220,58,279,791,40,311	18.695387,15.229968,14.941958,14.626541,14.506645,14.123176,14.036363,13.547223
669	0	1047	8.816405	198,279,220,271,311,264,58,720	18.082140,15.501664,15.341850,15.024243,14.464744,14.304858,14.159078,13.626289
670	0	264	4.478830	198,279,220,271,264,311,1148,58	19.206388,16.518425,16.035784,15.413877,15.225616,15.148488,15.114049,14.863132
671	0	8810	15.321435	198,279,220,271,264,311,58,1148	18.771025,15.815778,15.633690,15.243365,14.703473,14.439015,14.390847,14.378399
672	0	571	12.200587	198,279,220,311,271,264,1148,459	18.033714,16.177580,15.659172,15.282947,15.147635,14.881111,14.331042,14.144244
673	0	12	7.188071	198,271,220,279,720,58,311,998	18.817160,15.608792,15.487035,14.974223,14.207413,13.921630,13.879898,13.762584
674	0	31	10.835921	198,220,279,16,264,58,271,720	18.073694,16.257448,15.833867,14.872197,14.690482,14.656283,14.644833,14.623016
675	0	40500	14.948124	198,220,271,279,720,58,311,16	18.579775,15.346443,15.097161,14.823461,14.345059,14.006839,13.647369,13.588280
676	0	3560	12.089824	198,220,279,264,459,311,1148,271	16.874689,16.716778,16.540838,15.312488,14.948268,14.690979,14.607010,14.118178
677	0	389	10.074351	198,220,279,271,311,58,264,512	18.765188,15.687299,15.622650,15.374375,15.045433,14.540027,14.361699,14.071004
678	0	279	3.009138	198,279,220,271,264,1148,311,58	18.764853,16.388632,16.079660,15.288875,15.031349,14.769444,14.760852,14.461841
679	0	12707	13.797223	198,279,220,271,264,1148,311,58	18.361816,16.193758,15.944982,15.046643,14.920939,14.622807,14.607624,13.997478
680	0	4101	12.507820	198,279,271,220,311,1148,264,58	18.729271,16.037333,15.690392,15.418701,15.030463,14.831188,14.660392,14.398689
681	0	578	7.429864	198,271,220,58,279,40,311,512	19.506109,16.245037,16.089581,15.772003,15.532039,14.954922,14.802493,14.667038
682	0	8766	13.853106	198,220,279,271,264,720,311,1148	18.041788,16.117182,15.970233,15.068494,14.792516,14.653478,14.288719,14.178802
683	0	2652	11.421021	198,220,279,271,264,311,1148,58	18.814619,16.544466,16.451149,15.928818,15.163409,15.104457,14.946530,14.832069
684	0	568	7.267731	198,220,279,58,271,311,720,264	19.648363,16.692451,16.116364,15.012970,14.899091,14.850207,14.789357,14.758686
685	0	45877	13.608871	198,279,220,271,40,58,311,264	18.802053,15.701123,15.553821,15.372830,14.639435,14.536915,14.533092,14.435638
686	0	330	6.698754	198,279,220,271,1148,311,264,40	18.899843,15.975398,15.647823,15.314529,14.683583,14.632281,14.607819,14.215385
687	0	10016	12.905625	198,279,271,220,40,791,58,311	19.097519,15.401639,15.265792,14.890717,14.883451,14.542148,14.368549,14.163028
688	0	4366	10.732272	198,279,271,220,264,1148,311,791	18.281311,16.105911,16.097792,16.011408,14.805958,14.685023,14.684196,14.520584
689	0	894	11.069290	198,220,271,279,720,58,264,311	17.745579,15.280300,14.659490,14.476819,13.899993,13.560348,13.445675,13.343102
690	0	330	6.508957	198,271,279,220,311,58,264,40	18.628189,15.701462,15.515267,15.449016,14.595702,14.434133,14.359413,14.349060
691	0	304	8.039520	198,279,271,220,40,791,58,311	19.097519,15.401639,15.265792,14.890717,14.883451,14.542148,14.368549,14.163028
692	0	279	2.732948	198,279,220,271,264,311,1148,58	18.682783,16.602541,15.969663,15.208283,15.194903,15.069453,14.912587,14.091060
693	0	9417	14.376843	198,279,220,271,264,1148,311,58	18.361816,16.193758,15.944982,15.046643,14.920939,14.622807,14.607624,13.997478
694	0	1174	10.812832	198,271,279,220,311,58,1148,264	19.477579,16.521534,16.144770,16.060303,15.201457,15.198169,15.008349,14.764386
695	0	330	5.597896	198,220,279,264,311,58,271,720	18.447102,16.481005,15.961926,14.677872,14.542712,14.522525,14.393612,14.279655
696	0	763	8.819521	198,279,271,220,40,791,58,311	19.097519,15.401639,15.265792,14.890717,14.883451,14.542148,14.368549,14.163028
697	0	23088	16.658758	198,279,220,271,264,311,1148,791	18.540131,16.143112,15.847526,15.250314,14.878425,14.404840,14.336174,14.193637
698	0	43396	14.857343	198,220,279,271,311,264,720,58	17.268013,15.741961,15.569373,15.347751,14.837785,14.591145,13.846397,13.801717
699	0	330	6.988107	198,220,271,279,311,58,264,791	18.388781,15.825058,15.538114,15.376470,14.619258,14.397133,14.308936,14.172751
700	0	662	10.656729	198,279,271,220,40,791,58,311	19.097519,15.401639,15.265792,14.890717,14.883451,14.542148,14.368549,14.163028
701	0	426	10.539350	198,220,279,271,58,311,264,720	19.246597,15.898785,15.547756,15.439121,14.837223,14.310319,14.232656,14.163739
702	0	11206	15.823893	198,271,220,279,58,720,311,264	19.043486,15.667798,15.566864,15.232398,14.683642,14.370868,14.179661,14.148978
703	0	466	8.759328	198,271,220,58,279,791,40,311	18.695387,15.229968,14.941958,14.626541,14.506645,14.123176,14.036363,13.547223
704	0	59335	16.717081	198,279,220,271,311,264,58,720	18.082140,15.501664,15.341850,15.024243,14.464744,14.304858,14.159078,13.626289
705	0	439	7.699710	198,220,279,264,311,459,720,477	15.894745,15.850406,15.565533,14.679967,14.505746,14.098480,13.871231,13.545677
706	0	330	5.951976	198,279,220,271,264,311,1148,58	18.832014,16.459801,15.978377,15.341606,15.130119,14.964607,14.958781,14.289585
707	0	10016	12.905625	198,279,271,220,40,791,58,311	19.097519,15.401639,15.265792,14.890717,14.883451,14.542148,14.368549,14.163028
708	0	330	6.091565	198,279,271,220,264,1148,311,791	18.281311,16.105911,16.097792,16.011408,14.805958,14.685023,14.684196,14.520584
709	0	304	8.039520	198,279,271,220,40,791,58,311	19.097519,15.401639,15.265792,14.890717,14.883451,14.542148,14.368549,14.163028
710	0	279	2.732948	198,279,220,271,264,311,1148,58	18.682783,16.602541,15.969663,15.208283,15.194903,15.069453,14.912587,14.091060
711	0	1514	10.202132	198,279,220,271,264,1148,311,58	18.361816,16.193758,15.944982,15.046643,14.920939,14.622807,14.607624,13.997478
712	0	6385	12.581804	198,279,271,220,311,264,58,1148	18.934357,16.314627,15.577647,15.495229,15.212308,14.952606,14.698436,14.640660
713	0	2439	13.157515	198,220,279,271,264,311,720,12	17.457651,15.666328,15.575138,14.820610,14.381183,14.305722,14.161842,13.888255
714	0	5439	12.284452	198,220,271,279,311,58,264,40	18.776619,15.459609,15.419074,15.403316,14.597720,14.561282,14.209674,13.879018
715	0	555	7.381076	198,279,220,311,264,271,58,1148	18.916050,16.547331,16.333479,15.357209,15.226468,15.100967,14.780014,14.723583
716	0	22021	13.863005	198,220,279,264,271,311,1148,459	18.003164,16.750633,16.699560,15.365143,15.103559,14.925677,14.785312,14.420747
717	0	77023	15.454342	198,220,279,271,264,58,12,311	17.707130,15.511479,14.919559,14.855929,13.958607,13.872223,13.763293,13.758477
718	0	1174	9.154105	198,220,279,271,720,58,311,12	17.592682,15.767102,14.874469,14.594890,14.253807,14.187947,14.100018,14.058708
719	0	902	7.777757	198,220,279,264,311,58,271,720	18.447102,16.481005,15.961926,14.677872,14.542712,14.522525,14.393612,14.279655
720	0	574	7.985807	198,279,271,220,58,1148,40,311	19.618326,15.994832,15.726186,15.569820,14.949059,14.835681,14.822945,14.693839
721	0	10887	12.783578	198,279,220,271,1148,264,311,58	19.272552,16.561102,16.331045,15.446834,15.236901,15.232715,15.095681,14.670181
722	0	304	7.408092	198,220,279,271,311,58,264,1148	19.048105,16.086788,16.066294,15.148987,14.946751,14.932639,14.899968,14.276013
723	0	220	3.365826	198,279,220,271,264,311,1148,58	18.682783,16.602541,15.969663,15.208283,15.194903,15.069453,14.912587,14.091060
724	0	1049	6.798461	198,220,279,271,16,58,311,40	18.221169,15.309982,15.107257,14.585889,14.435740,14.196617,13.971619,13.960877
725	0	16	5.306574	198,220,271,279,58,720,311,264	18.992109,15.830688,15.402183,15.285357,14.717481,14.515924,14.300519,14.141166
726	0	520	6.987713	198,220,271,279,58,311,16,264	18.930895,15.455460,15.043973,14.966559,14.643280,14.091396,14.075794,13.918087
727	0	279	2.636001	198,279,220,264,271,311,1148,720	18.355528,16.453169,16.132494,15.076988,14.829124,14.735068,14.559804,14.242259
728	0	16591	13.797995	198,279,220,271,264,1148,311,58	18.361816,16.193758,15.944982,15.046643,14.920939,14.622807,14.607624,13.997478
729	0	7301	12.968258	198,220,279,271,264,311,1148,791	17.833729,15.706555,15.417293,15.338040,14.326993,14.142990,14.122922,14.057793
730	0	27315	16.610176	198,279,220,271,311,264,720,459	18.178957,16.697958,16.504568,15.743492,15.465103,15.298303,14.678243,14.597424
731	0	662	10.468806	198,220,279,271,311,264,58,1148	19.097746,16.567995,16.244097,16.207254,15.364453,15.036222,14.771022,14.689649
732	0	362	9.271083	198,220,279,271,58,311,264,720	19.246597,15.898785,15.547756,15.439121,14.837223,14.310319,14.232656,14.163739
733	0	3477	10.288747	198,220,271,279,58,264,311,720	18.762453,15.588829,15.408173,15.368146,14.480545,14.321500,14.228638,14.178474
734	0	315	7.340274	198,279,220,271,311,264,58,1148	19.445332,16.780165,16.549477,16.420660,15.673242,15.446912,15.401738,15.285071
735	0	426	9.599243	198,279,220,271,264,1148,311,58	18.674120,16.350031,15.934846,15.278911,15.043259,14.912906,14.571446,14.377827
736	0	11206	15.823893	198,271,220,279,58,720,311,264	19.043486,15.667798,15.566864,15.232398,14.683642,14.370868,14.179661,14.148978
737	0	466	8.759328	198,271,220,58,279,791,40,311	18.695387,15.229968,14.941958,14.626541,14.506645,14.123176,14.036363,13.547223
738	0	364	9.408829	198,279,220,271,311,264,58,720	18.082140,15.501664,15.341850,15.024243,14.464744,14.304858,14.159078,13.626289
739	0	82	5.816547	198,279,271,220,40,791,58,311	18.694534,15.132895,14.898105,14.785576,14.439247,14.155311,13.962991,13.871665
740	0	5178	13.835093	198,271,279,220,58,311,512,264	19.058903,15.220264,15.100639,14.912107,14.771670,14.274009,14.117770,13.968434
741	0	304	7.710610	198,271,279,58,220,40,311,791	20.027817,16.715944,16.025902,15.973727,15.685952,15.405524,15.194074,15.167727
742	0	578	6.566988	198,279,220,271,264,311,1148,58	18.682783,16.602541,15.969663,15.208283,15.194903,15.069453,14.912587,14.091060
743	0	22765	13.617348	198,220,279,271,264,720,311,1148	18.041788,16.117182,15.970233,15.068494,14.792516,14.653478,14.288719,14.178802
744	0	389	10.228872	198,220,279,271,264,311,58,720	18.414429,16.247168,15.515933,15.442227,14.360473,14.298902,14.143283,14.063049
745	0	7418	14.460810	198,279,220,271,264,1148,311,58	18.764853,16.388632,16.079660,15.288875,15.031349,14.769444,14.760852,14.461841
746	0	7633	10.629890	198,220,279,271,264,311,720,459	18.190422,17.134399,16.538681,15.619636,15.417152,15.340351,14.699672,14.671536
747	0	1461	9.399719	198,220,279,271,311,264,58,1148	18.983038,16.629610,16.513285,15.497795,15.468285,15.240989,14.827682,14.777478
748	0	439	7.903546	198,279,220,271,311,264,1148,58	18.957548,16.450499,16.141861,15.676975,15.572015,15.163971,14.913522,14.763316
749	0	330	5.951976	198,279,220,271,264,311,1148,58	18.832014,16.459801,15.978377,15.341606,15.130119,14.964607,14.958781,14.289585
750	0	77104	16.577515	198,279,271,220,40,791,58,311	19.097519,15.401639,15.265792,14.890717,14.883451,14.542148,14.368549,14.163028
751	0	95072	16.883662	198,279,220,271,311,264,1148,58	19.206430,16.041269,15.994527,15.610034,14.991249,14.788628,14.749320,14.429620
752	0	330	5.726387	198,279,220,264,311,459,271,1148	16.508848,15.621058,15.487526,14.491300,14.448323,14.004649,13.841794,13.430778
753	0	304	8.039520	198,279,271,220,40,791,58,311	19.097519,15.401639,15.265792,14.890717,14.883451,14.542148,14.368549,14.163028
754	0	279	2.732948	198,279,220,271,264,311,1148,58	18.682783,16.602541,15.969663,15.208283,15.194903,15.069453,14.912587,14.091060
755	0	3560	12.108650	198,279,220,271,264,1148,311,58	18.361816,16.193758,15.944982,15.046643,14.920939,14.622807,14.607624,13.997478
756	0	1174	10.572657	198,220,279,271,311,58,264,512	18.765188,15.687299,15.622650,15.374375,15.045433,14.540027,14.361699,14.071004
757	0	323	5.877300	198,220,279,264,311,58,271,720	18.447102,16.481005,15.961926,14.677872,14.542712,14.522525,14.393612,14.279655
758	0	568	6.065379	198,279,220,271,1148,264,311,358	18.843647,16.782909,16.103392,15.708226,15.490857,15.344063,15.196721,14.499804
759	0	4036	12.374817	198,279,220,271,40,58,311,264	18.802053,15.701123,15.553821,15.372830,14.639435,14.536915,14.533092,14.435638
760	0	9200	13.539514	198,279,220,271,264,311,58,1148	19.163828,16.635574,16.504189,15.737953,15.468175,15.313113,15.081749,14.865058
761	0	8544	11.947830	198,220,279,271,311,264,1148,58	17.959909,15.839661,15.800403,15.427981,15.049984,14.532125,14.215426,14.148875
762	0	304	7.001960	198,279,271,220,311,264,58,1148	19.512568,16.669590,16.417747,16.399733,15.718678,15.343956,15.333978,15.081258
763	0	578	6.566988	198,279,220,271,264,311,1148,58	18.682783,16.602541,15.969663,15.208283,15.194903,15.069453,14.912587,14.091060
764	0	42769	18.078113	198,220,279,271,264,720,311,1148	18.041788,16.117182,15.970233,15.068494,14.792516,14.653478,14.288719,14.178802
765	0	1174	9.197221	198,279,220,271,311,264,459,1148	17.815445,15.917865,15.832522,15.494682,14.715374,14.709897,13.984834,13.935615
766	0	323	5.877300	198,220,279,264,311,58,271,720	18.447102,16.481005,15.961926,14.677872,14.542712,14.522525,14.393612,14.279655
767	0	57202	16.179895	198,279,220,271,1148,264,311,358	18.843647,16.782909,16.103392,15.708226,15.490857,15.344063,15.196721,14.499804
768	0	12028	14.055844	198,220,279,271,264,311,58,1148	18.846489,16.618498,16.202406,15.714043,15.091723,15.017990,14.589131,14.374625
769	0	662	10.792886	198,271,220,58,279,40,791,334	19.563869,16.303850,16.117336,15.683255,15.407537,14.927097,14.821116,14.275620
770	0	1283	11.502167	198,220,279,271,58,311,264,720	19.246597,15.898785,15.547756,15.439121,14.837223,14.310319,14.232656,14.163739
771	0	9922	13.754963	198,220,279,271,264,311,58,720	18.414299,15.877514,15.690083,15.239693,14.519485,14.457170,14.191422,14.175675
772	0	304	7.225163	198,220,279,271,311,264,58,1148	19.140141,16.322746,16.049854,15.023117,14.956416,14.815745,14.744414,14.242215
773	0	279	2.732948	198,279,220,271,264,311,1148,58	18.682783,16.602541,15.969663,15.208283,15.194903,15.069453,14.912587,14.091060
774	0	12707	13.797223	198,279,220,271,264,1148,311,58	18.361816,16.193758,15.944982,15.046643,14.920939,14.622807,14.607624,13.997478
775	0	4101	12.507820	198,279,271,220,311,1148,264,58	18.729271,16.037333,15.690392,15.418701,15.030463,14.831188,14.660392,14.398689
776	0	20819	14.275805	198,271,220,58,279,40,311,512	19.506109,16.245037,16.089581,15.772003,15.532039,14.954922,14.802493,14.667038
777	0	3842	9.987855	198,220,279,271,264,311,459,1148	17.518808,16.555418,16.530199,15.273028,15.220454,15.150294,14.523503,14.431140
778	0	1611	9.326768	198,220,279,271,264,311,1148,459	18.362379,16.246967,16.122698,15.612409,14.830715,14.729482,14.654834,14.142849
779	0	291	10.040846	198,220,271,279,720,58,12,791	17.714479,15.368073,14.353982,14.318542,14.260503,13.540448,13.427712,13.303433
780	0	304	7.347342	198,279,220,271,58,311,264,40	18.621550,15.536636,15.505908,15.078384,14.647133,14.462323,14.402265,14.020912
781	0	220	3.365826	198,279,220,271,264,311,1148,58	18.682783,16.602541,15.969663,15.208283,15.194903,15.069453,14.912587,14.091060
782	0	1049	6.798461	198,220,279,271,16,58,311,40	18.221169,15.309982,15.107257,14.585889,14.435740,14.196617,13.971619,13.960877
783	0	17	6.337613	198,220,271,279,58,720,311,264	18.992109,15.830688,15.402183,15.285357,14.717481,14.515924,14.300519,14.141166
784	0	439	9.103249	198,220,58,271,279,16,334,512	18.861025,15.291595,14.939097,14.932499,14.719493,14.438457,14.160705,13.973450
785	0	330	5.951976	198,279,220,271,264,311,1148,58	18.832014,16.459801,15.978377,15.341606,15.130119,14.964607,14.958781,14.289585
786	0	2758	13.001626	198,279,271,220,40,791,58,311	19.097519,15.401639,15.265792,14.890717,14.883451,14.542148,14.368549,14.163028
787	0	336	9.542577	198,220,279,264,311,271,720,459	17.486437,16.160845,16.157082,15.002204,14.910304,14.542518,13.986000,13.954806
788	0	1676	14.463999	198,220,279,271,311,264,58,720	17.933821,15.460896,14.972226,14.530136,14.259472,13.806401,13.713870,13.628167
789	0	1800	12.246488	198,220,271,279,791,40,58,720	18.054016,15.072499,14.685832,14.302569,13.988411,13.763836,13.750312,13.569374
790	0	425	14.110512	198,220,279,271,311,264,58,12	17.131683,15.563663,14.998860,14.373729,14.258636,13.904607,13.457089,13.128909
791	0	330	6.276038	198,220,279,271,311,58,720,264	18.971418,15.965583,15.601532,15.546204,14.849988,14.825207,14.653918,14.452030
792	0	304	8.039520	198,279,271,220,40,791,58,311	19.097519,15.401639,15.265792,14.890717,14.883451,14.542148,14.368549,14.163028
793	0	279	2.732948	198,279,220,271,264,311,1148,58	18.682783,16.602541,15.969663,15.208283,15.194903,15.069453,14.912587,14.091060
794	0	9417	14.376843	198,279,220,271,264,1148,311,58	18.361816,16.193758,15.944982,15.046643,14.920939,14.622807,14.607624,13.997478
795	0	330	6.872847	198,271,279,220,311,58,1148,264	19.477579,16.521534,16.144770,16.060303,15.201457,15.198169,15.008349,14.764386
796	0	31597	14.210664	198,279,271,220,40,791,58,311	19.097519,15.401639,15.265792,14.890717,14.883451,14.542148,14.368549,14.163028
797	0	64412	18.738918	198,220,279,271,264,311,459,720	17.621538,16.088312,15.847650,15.441031,14.765861,14.498055,14.287984,14.180633
798	0	72	5.735844	198,220,271,279,58,791,40,311	17.990458,15.524071,14.916043,14.029119,13.994213,13.586265,13.479276,13.414672
799	0	2301	12.936495	198,220,271,279,58,311,720,512	18.811182,15.015334,14.942112,14.690593,14.528583,13.827853,13.706978,13.688991
800	0	330	6.068245	198,220,279,271,311,264,58,720	17.750900,15.490994,15.295394,14.895802,14.804935,14.191781,13.866840,13.496894
801	0	1174	10.718292	198,279,271,220,40,791,58,311	19.097519,15.401639,15.265792,14.890717,14.883451,14.542148,14.368549,14.163028
802	0	323	5.877300	198,220,279,264,311,58,271,720	18.447102,16.481005,15.961926,14.677872,14.542712,14.522525,14.393612,14.279655
803	0	1047	8.417450	198,279,220,271,1148,264,311,358	18.843647,16.782909,16.103392,15.708226,15.490857,15.344063,15.196721,14.499804
804	0	264	4.478830	198,279,220,271,264,311,1148,58	19.206388,16.518425,16.035784,15.413877,15.225616,15.148488,15.114049,14.863132
805	0	3560	12.397325	198,279,220,271,264,311,58,1148	18.771025,15.815778,15.633690,15.243365,14.703473,14.439015,14.390847,14.378399
806	0	439	8.310564	198,220,279,271,311,58,264,512	18.765188,15.687299,15.622650,15.374375,15.045433,14.540027,14.361699,14.071004
807	0	264	4.289050	198,279,220,271,264,311,1148,58	18.832014,16.459801,15.978377,15.341606,15.130119,14.964607,14.958781,14.289585
808	0	2204	11.278032	198,279,220,271,264,311,58,1148	18.771025,15.815778,15.633690,15.243365,14.703473,14.439015,14.390847,14.378399
809	0	3752	13.204882	198,279,220,271,311,264,720,1148	18.696074,16.440126,15.856388,15.159160,15.132009,15.012059,14.801830,14.685288
810	0	330	6.686154	198,271,220,279,311,58,264,40	19.276308,15.875093,15.719502,15.634357,14.926152,14.905827,14.444309,14.199974
811	0	79479	15.118126	198,279,271,220,40,791,58,311	19.097519,15.401639,15.265792,14.890717,14.883451,14.542148,14.368549,14.163028
812	0	57493	14.606738	198,271,220,279,58,791,40,264	18.410448,15.457982,15.301324,14.979190,14.274730,14.134414,14.046243,13.856290
813	0	330	6.589050	198,271,220,279,58,311,264,791	18.778574,15.850738,15.674602,15.497792,14.633830,14.486218,14.395617,14.354657
814	0	389	10.615518	198,279,271,220,40,791,58,311	19.097519,15.401639,15.265792,14.890717,14.883451,14.542148,14.368549,14.163028
815	0	578	6.686047	198,279,220,271,264,1148,311,58	18.764853,16.388632,16.079660,15.288875,15.031349,14.769444,14.760852,14.461841
816	0	8766	13.853106	198,220,279,271,264,720,311,1148	18.041788,16.117182,15.970233,15.068494,14.792516,14.653478,14.288719,14.178802
817	0	662	10.403283	198,220,279,271,264,311,1148,58	18.814619,16.544466,16.451149,15.928818,15.163409,15.104457,14.946530,14.832069
818	0	720	5.466243	198,220,279,271,58,311,264,720	19.246597,15.898785,15.547756,15.439121,14.837223,14.310319,14.232656,14.163739
819	0	1283	12.162110	198,220,58,271,279,720,40,16	19.800655,16.381502,15.844853,15.693765,15.495246,15.016426,14.966194,14.699399
820	0	1047	8.876135	198,220,279,271,264,311,58,720	18.414299,15.877514,15.690083,15.239693,14.519485,14.457170,14.191422,14.175675
821	0	264	4.478830	198,279,220,271,264,311,1148,58	19.206388,16.518425,16.035784,15.413877,15.225616,15.148488,15.114049,14.863132
822	0	46350	15.235597	198,279,220,271,264,311,58,1148	18.771025,15.815778,15.633690,15.243365,14.703473,14.439015,14.390847,14.378399
823	0	3560	12.473886	198,220,279,271,311,264,1148,459	18.673399,16.745852,16.508783,15.559037,15.469495,15.238751,14.690154,14.662557
824	0	304	7.068063	198,220,279,271,311,58,264,512	18.765188,15.687299,15.622650,15.374375,15.045433,14.540027,14.361699,14.071004
825	0	220	3.365826	198,279,220,271,264,311,1148,58	18.682783,16.602541,15.969663,15.208283,15.194903,15.069453,14.912587,14.091060
826	0	1049	6.798461	198,220,279,271,16,58,311,40	18.221169,15.309982,15.107257,14.585889,14.435740,14.196617,13.971619,13.960877
827	0	18	6.605136	198,220,271,279,58,720,311,264	18.992109,15.830688,15.402183,15.285357,14.717481,14.515924,14.300519,14.141166
828	0	389	10.856390	198,220,271,58,279,16,334,40	19.041040,15.428559,15.336925,14.940060,14.928784,14.389707,14.231300,14.128936
829	0	1403	9.527713	198,279,220,271,264,1148,311,58	18.764853,16.388632,16.079660,15.288875,15.031349,14.769444,14.760852,14.461841
830	0	18243	16.033562	198,279,220,271,58,264,40,311	19.052416,15.823371,15.596772,15.335640,15.253957,14.687810,14.651252,14.376811
831	0	315	7.018440	198,271,279,220,311,58,1148,264	19.773502,16.487288,16.160433,16.102859,15.375999,15.346504,14.821187,14.772358
832	0	578	6.342754	198,279,220,271,264,1148,311,58	18.674120,16.350031,15.934846,15.278911,15.043259,14.912906,14.571446,14.377827
833	0	8766	13.853106	198,220,279,271,264,720,311,1148	18.041788,16.117182,15.970233,15.068494,14.792516,14.653478,14.288719,14.178802
834	0	1174	10.037579	198,220,279,271,264,311,1148,58	18.814619,16.544466,16.451149,15.928818,15.163409,15.104457,14.946530,14.832069
835	0	439	8.281391	198,220,279,264,311,58,271,720	18.447102,16.481005,15.961926,14.677872,14.542712,14.522525,14.393612,14.279655
836	0	3752	12.876165	198,279,220,271,264,311,1148,58	18.832014,16.459801,15.978377,15.341606,15.130119,14.964607,14.958781,14.289585
837	0	330	6.686154	198,271,220,279,311,58,264,40	19.276308,15.875093,15.719502,15.634357,14.926152,14.905827,14.444309,14.199974
838	0	58280	17.487875	198,279,271,220,40,791,58,311	19.097519,15.401639,15.265792,14.890717,14.883451,14.542148,14.368549,14.163028
839	0	8650	10.081044	198,220,279,264,311,720,12,271	16.839886,15.804474,15.563046,14.629598,14.564926,14.294093,14.235905,14.027717
840	0	330	5.837885	198,220,279,271,720,58,264,334	18.058203,16.299049,15.511594,15.400764,14.958176,14.665756,14.641351,14.441391
841	0	662	10.656729	198,279,271,220,40,791,58,311	19.097519,15.401639,15.265792,14.890717,14.883451,14.542148,14.368549,14.163028
842	0	763	8.487134	198,220,279,271,58,311,264,720	19.246597,15.898785,15.547756,15.439121,14.837223,14.310319,14.232656,14.163739
843	0	220	3.338495	198,279,220,271,264,311,1148,791	18.540131,16.143112,15.847526,15.250314,14.878425,14.404840,14.336174,14.193637
844	0	1049	6.798461	198,220,279,271,16,58,311,40	18.221169,15.309982,15.107257,14.585889,14.435740,14.196617,13.971619,13.960877
845	0	19	7.435010	198,220,271,279,58,720,311,264	18.992109,15.830688,15.402183,15.285357,14.717481,14.515924,14.300519,14.141166
846	0	426	10.778672	198,271,220,279,58,311,16,40	19.108015,15.361016,15.350403,15.000571,14.762012,14.108756,13.965192,13.947698
847	0	11206	15.823893	198,271,220,279,58,720,311,264	19.043486,15.667798,15.566864,15.232398,14.683642,14.370868,14.179661,14.148978
848	0	466	8.759328	198,271,220,58,279,791,40,311	18.695387,15.229968,14.941958,14.626541,14.506645,14.123176,14.036363,13.547223
849	0	27212	13.731672	198,279,220,271,311,264,58,720	18.082140,15.501664,15.341850,15.024243,14.464744,14.304858,14.159078,13.626289
850	0	264	3.071933	198,279,220,264,311,459,271,1148	16.426355,16.094360,15.483162,14.967702,14.813931,14.294597,14.080823,13.630505
851	0	3560	12.397325	198,279,220,271,264,311,58,1148	18.771025,15.815778,15.633690,15.243365,14.703473,14.439015,14.390847,14.378399
852	0	439	8.310564	198,220,279,271,311,58,264,512	18.765188,15.687299,15.622650,15.374375,15.045433,14.540027,14.361699,14.071004
853	0	330	5.951976	198,279,220,271,264,311,1148,58	18.832014,16.459801,15.978377,15.341606,15.130119,14.964607,14.958781,14.289585
854	0	29517	14.798105	198,279,271,220,40,791,58,311	19.097519,15.401639,15.265792,14.890717,14.883451,14.542148,14.368549,14.163028
855	0	330	5.944918	198,220,279,271,264,311,459,1148	17.509005,15.924985,15.830029,14.908467,14.740521,14.534596,14.024097,13.901505
856	0	304	8.039520	198,279,271,220,40,791,58,311	19.097519,15.401639,15.265792,14.890717,14.883451,14.542148,14.368549,14.163028
857	0	279	2.732948	198,279,220,271,264,311,1148,58	18.682783,16.602541,15.969663,15.208283,15.194903,15.069453,14.912587,14.091060
858	0	9417	14.376843	198,279,220,271,264,1148,311,58	18.361816,16.193758,15.944982,15.046643,14.920939,14.622807,14.607624,13.997478
859	0	330	6.872847	198,271,279,220,311,58,1148,264	19.477579,16.521534,16.144770,16.060303,15.201457,15.198169,15.008349,14.764386
860	0	71166	14.786608	198,279,271,220,40,791,58,311	19.097519,15.401639,15.265792,14.890717,14.883451,14.542148,14.368549,14.163028
861	0	364	8.998810	198,220,279,271,264,311,12,459	16.830433,15.630508,15.023732,14.396724,14.103747,14.038617,13.689763,13.521057
862	0	82	5.816547	198,279,271,220,40,791,58,311	18.694534,15.132895,14.898105,14.785576,14.439247,14.155311,13.962991,13.871665
863	0	15457	14.911005	198,271,279,220,58,311,512,264	19.058903,15.220264,15.100639,14.912107,14.771670,14.274009,14.117770,13.968434
864	0	330	6.459369	198,220,271,279,58,311,264,720	19.246170,16.595346,16.363779,15.815066,15.058571,14.904003,14.720019,14.485351
865	0	315	8.667728	198,279,271,220,40,791,58,311	19.097519,15.401639,15.265792,14.890717,14.883451,14.542148,14.368549,14.163028
866	0	279	2.996549	198,279,220,271,264,1148,311,58	18.674120,16.350031,15.934846,15.278911,15.043259,14.912906,14.571446,14.377827
867	0	12707	13.797223	198,279,220,271,264,1148,311,58	18.361816,16.193758,15.944982,15.046643,14.920939,14.622807,14.607624,13.997478
868	0	4101	12.507820	198,279,271,220,311,1148,264,58	18.729271,16.037333,15.690392,15.418701,15.030463,14.831188,14.660392,14.398689
869	0	578	7.429864	198,271,220,58,279,40,311,512	19.506109,16.245037,16.089581,15.772003,15.532039,14.954922,14.802493,14.667038
870	0	5843	13.817830	198,220,279,271,264,720,311,1148	18.041788,16.117182,15.970233,15.068494,14.792516,14.653478,14.288719,14.178802
871	0	38725	17.011935	198,220,279,271,720,311,264,58	17.877680,15.841054,15.489345,14.607323,14.496493,14.360606,14.248136,14.075950
872	0	2652	11.271993	198,271,220,279,791,311,264,58	17.799776,15.377389,15.278705,15.266398,14.377439,14.187388,14.160172,13.958298
873	0	568	7.267731	198,220,279,58,271,311,720,264	19.648363,16.692451,16.116364,15.012970,14.899091,14.850207,14.789357,14.758686
874	0	59335	16.637454	198,279,220,271,40,58,311,264	18.802053,15.701123,15.553821,15.372830,14.639435,14.536915,14.533092,14.435638
875	0	16662	14.020864	198,220,279,264,311,459,720,477	15.894745,15.850406,15.565533,14.679967,14.505746,14.098480,13.871231,13.545677
876	0	20142	15.664914	198,279,220,264,1148,271,311,459	18.449713,17.325943,16.482054,15.918653,15.575093,15.559300,15.513054,15.294572
877	0	4488	11.609174	198,279,220,271,311,58,264,1148	18.657562,15.908794,15.667409,15.598354,15.232600,14.724282,14.561497,14.039407
878	0	27191	15.330974	198,220,279,271,264,311,58,1148	18.196884,16.321913,15.957665,15.479320,14.718803,14.479270,14.330699,14.192588
879	0	323	6.042756	198,220,279,271,264,720,311,58	17.532967,15.484699,15.048549,14.324460,14.043143,13.991676,13.979274,13.831454
880	0	43423	12.920801	198,279,220,271,1148,264,311,358	18.843647,16.782909,16.103392,15.708226,15.490857,15.344063,15.196721,14.499804
881	0	15385	15.004392	198,220,271,279,58,311,264,791	18.365908,15.426209,15.139758,14.837836,14.215183,13.943741,13.780063,13.715668
882	0	18843	14.196962	198,220,271,279,58,720,311,998	17.530832,15.323570,14.595612,13.554944,13.178131,13.085673,13.000615,12.862439
883	0	662	10.578159	198,271,220,58,279,311,791,40	18.886217,16.019472,15.258418,14.867284,14.771052,13.994972,13.956417,13.940825
884	0	426	10.539350	198,220,279,271,58,311,264,720	19.246597,15.898785,15.547756,15.439121,14.837223,14.310319,14.232656,14.163739
885	0	11206	15.823893	198,271,220,279,58,720,311,264	19.043486,15.667798,15.566864,15.232398,14.683642,14.370868,14.179661,14.148978
886	0	466	8.759328	198,271,220,58,279,791,40,311	18.695387,15.229968,14.941958,14.626541,14.506645,14.123176,14.036363,13.547223
887	0	59335	16.717081	198,279,220,271,311,264,58,720	18.082140,15.501664,15.341850,15.024243,14.464744,14.304858,14.159078,13.626289
888	0	439	7.699710	198,220,279,264,311,459,720,477	15.894745,15.850406,15.565533,14.679967,14.505746,14.098480,13.871231,13.545677
889	0	330	5.951976	198,279,220,271,264,311,1148,58	18.832014,16.459801,15.978377,15.341606,15.130119,14.964607,14.958781,14.289585
890	0	58090	14.433368	198,279,271,220,40,791,58,311	19.097519,15.401639,15.265792,14.890717,14.883451,14.542148,14.368549,14.163028
891	0	330	6.913137	198,220,279,271,58,264,311,791	18.910761,15.669151,15.327255,15.047817,14.511742,14.291743,14.213840,14.027631
892	0	1174	10.718292	198,279,271,220,40,791,58,311	19.097519,15.401639,15.265792,14.890717,14.883451,14.542148,14.368549,14.163028
893	0	304	7.152553	198,220,279,264,311,58,271,720	18.447102,16.481005,15.961926,14.677872,14.542712,14.522525,14.393612,14.279655
894	0	279	2.732948	198,279,220,271,264,311,1148,58	18.682783,16.602541,15.969663,15.208283,15.194903,15.069453,14.912587,14.091060
895	0	220	3.130166	198,279,220,271,264,1148,311,58	18.361816,16.193758,15.944982,15.046643,14.920939,14.622807,14.607624,13.997478
896	0	1049	6.798461	198,220,279,271,16,58,311,40	18.221169,15.309982,15.107257,14.585889,14.435740,14.196617,13.971619,13.960877
897	0	20	6.018859	198,220,271,279,58,720,311,264	18.992109,15.830688,15.402183,15.285357,14.717481,14.515924,14.300519,14.141166
898	0	34596	15.539937	198,220,271,279,58,720,311,16	18.913836,15.277249,15.144147,14.784500,14.451570,13.963550,13.924846,13.884453
899	0	54248	16.231417	198,279,271,220,311,264,1148,58	19.218107,16.269146,16.111605,15.961655,15.453176,14.974929,14.870399,14.829419
900	0	315	7.518082	198,279,271,220,311,58,264,1148	19.067188,15.979687,15.801484,15.668159,15.271027,14.807328,14.768027,14.259740
901	0	279	2.996549	198,279,220,271,264,1148,311,58	18.674120,16.350031,15.934846,15.278911,15.043259,14.912906,14.571446,14.377827
902	0	26241	14.495550	198,279,220,271,264,1148,311,58	18.361816,16.193758,15.944982,15.046643,14.920939,14.622807,14.607624,13.997478
903	0	93401	14.920491	198,220,271,279,791,58,40,264	17.854677,15.413647,15.092532,14.913861,13.988426,13.885991,13.755216,13.737470
904	0	1514	10.598900	198,271,220,279,311,264,791,58	18.521919,15.603444,15.428723,15.380910,14.560380,14.189519,13.978622,13.946355
905	0	44662	14.258842	198,279,271,220,311,264,58,1148	18.934357,16.314627,15.577647,15.495229,15.212308,14.952606,14.698436,14.640660
906	0	50940	16.158590	198,220,279,271,311,264,459,720	17.355942,16.032343,15.457150,15.282814,14.400846,14.389499,13.593738,13.578331
907	0	662	10.534297	198,220,279,271,12,58,720,264	17.298635,15.092082,13.994292,13.971637,13.495343,13.246615,13.028012,12.943188
908	0	1102	9.983966	198,220,279,271,58,311,264,720	19.246597,15.898785,15.547756,15.439121,14.837223,14.310319,14.232656,14.163739
909	0	574	7.995238	198,220,271,279,40,58,311,264	19.278727,15.683411,15.614410,15.598968,14.565978,14.516444,14.478031,14.425957
910	0	10887	12.783578	198,279,220,271,1148,264,311,58	19.272552,16.561102,16.331045,15.446834,15.236901,15.232715,15.095681,14.670181
911	0	520	6.105976	198,220,279,271,311,58,264,1148	19.048105,16.086788,16.066294,15.148987,14.946751,14.932639,14.899968,14.276013
912	0	279	2.636001	198,279,220,264,271,311,1148,720	18.355528,16.453169,16.132494,15.076988,14.829124,14.735068,14.559804,14.242259
913	0	46506	16.335639	198,279,220,271,264,1148,311,58	18.361816,16.193758,15.944982,15.046643,14.920939,14.622807,14.607624,13.997478
914	0	27315	17.314607	198,220,279,271,311,264,720,12	17.039251,15.958812,14.943835,14.629974,13.940590,13.936641,13.677822,13.667102
915	0	304	7.020059	198,220,279,271,311,264,58,1148	19.097746,16.567995,16.244097,16.207254,15.364453,15.036222,14.771022,14.689649
916	0	72098	17.358759	198,279,220,271,264,311,1148,58	18.682783,16.602541,15.969663,15.208283,15.194903,15.069453,14.912587,14.091060
917	0	1174	9.884554	198,279,271,220,311,1148,264,459	18.679838,16.418098,16.035154,16.022535,15.379151,15.143907,15.051452,14.491051
918	0	323	5.877300	198,220,279,264,311,58,271,720	18.447102,16.481005,15.961926,14.677872,14.542712,14.522525,14.393612,14.279655
919	0	279	2.779471	198,279,220,271,1148,264,311,358	18.843647,16.782909,16.103392,15.708226,15.490857,15.344063,15.196721,14.499804
920	0	11258	14.075526	198,279,220,271,264,1148,311,58	18.361816,16.193758,15.944982,15.046643,14.920939,14.622807,14.607624,13.997478
921	0	1291	11.304129	198,220,279,271,311,264,720,12	17.531013,15.789917,15.465435,14.800561,14.504940,14.431836,14.123795,14.105622
922	0	39520	16.996229	198,220,279,311,271,264,720,58	17.141989,15.675072,15.403091,14.506228,14.408275,14.238411,13.659251,13.505905
923	0	17367	14.761897	198,220,279,271,264,311,720,459	17.492943,16.350698,15.527219,15.445315,14.555001,14.529965,14.175305,13.832997
924	0	304	6.623012	198,220,279,271,311,264,720,58	17.850641,15.721829,15.587779,15.368855,14.750722,14.543400,13.997490,13.960174
925	0	7295	12.288939	198,279,220,271,264,311,1148,58	18.682783,16.602541,15.969663,15.208283,15.194903,15.069453,14.912587,14.091060
926	0	662	10.107384	198,279,220,271,311,264,1148,459	18.263292,16.444408,16.353868,15.586833,15.278249,15.215404,14.633972,14.549693
927	0	1283	11.502167	198,220,279,271,58,311,264,720	19.246597,15.898785,15.547756,15.439121,14.837223,14.310319,14.232656,14.163739
928	0	574	7.295466	198,220,279,271,264,311,58,720	18.414299,15.877514,15.690083,15.239693,14.519485,14.457170,14.191422,14.175675
929	0	15910	11.832533	198,279,220,271,1148,264,311,58	19.272552,16.561102,16.331045,15.446834,15.236901,15.232715,15.095681,14.670181
930	0	555	7.238598	198,279,220,311,264,271,58,512	17.961830,15.985793,15.694031,15.173843,14.741715,14.675998,14.262239,14.042863
931	0	3842	10.155309	198,220,279,264,271,311,1148,459	18.003164,16.750633,16.699560,15.365143,15.103559,14.925677,14.785312,14.420747
932	0	68573	14.931463	198,220,279,271,264,311,1148,459	18.362379,16.246967,16.122698,15.612409,14.830715,14.729482,14.654834,14.142849
933	0	323	5.071256	198,279,220,264,720,12,459,271	15.751613,15.030823,14.775487,14.100253,13.882870,13.838036,13.764565,13.752022
934	0	59335	15.940790	198,279,220,271,1148,264,311,358	18.843647,16.782909,16.103392,15.708226,15.490857,15.344063,15.196721,14.499804
935	0	16662	14.020864	198,220,279,264,311,459,720,477	15.894745,15.850406,15.565533,14.679967,14.505746,14.098480,13.871231,13.545677
936	0	7505	13.319590	198,279,220,264,1148,271,311,459	18.449713,17.325943,16.482054,15.918653,15.575093,15.559300,15.513054,15.294572
937	0	1254	12.061363	198,220,279,271,264,311,791,58	17.586672,15.608920,15.099071,14.640363,13.897695,13.840415,13.562915,13.550934
938	0	819	12.272583	198,271,220,279,720,998,72,66	17.685764,14.629094,14.306521,14.132695,14.082943,13.760078,13.543587,13.470631
939	0	675	13.329140	198,279,220,271,58,311,264,40	18.385521,15.209339,15.090966,14.890027,14.072108,14.061442,14.032661,13.746994
940	0	1174	10.110591	198,220,271,279,58,311,791,40	18.330660,14.937409,14.911697,14.794223,14.104530,13.809875,13.681651,13.677712
941	0	51075	16.367393	198,220,279,264,311,58,271,720	18.447102,16.481005,15.961926,14.677872,14.542712,14.522525,14.393612,14.279655
942	0	1901	10.802823	198,279,220,271,311,1148,791,264	18.375071,15.659107,15.603238,15.525949,14.441009,14.427960,14.415752,14.408446
943	0	12997	15.660940	198,220,271,279,720,311,58,264	18.010736,15.098720,14.687294,14.680104,14.167996,13.687027,13.682323,13.484174
944	0	1174	9.797155	198,220,279,271,58,311,264,791	18.311232,15.029930,14.913646,14.776019,14.023715,14.009906,13.810056,13.560363
945	0	14253	13.666746	198,220,279,264,311,58,271,720	18.447102,16.481005,15.961926,14.677872,14.542712,14.522525,14.393612,14.279655
946	0	18206	13.610823	198,220,279,271,311,264,1148,791	17.820997,15.602932,15.497009,15.412200,14.377610,14.351842,14.005338,13.905685
947	0	1174	9.115124	198,279,220,271,311,264,1148,459	17.618032,16.249163,15.903268,15.299798,15.144794,14.889815,14.477002,14.174100
948	0	56230	15.613195	198,220,279,264,311,58,271,720	18.447102,16.481005,15.961926,14.677872,14.542712,14.522525,14.393612,14.279655
949	0	24852	12.608382	198,279,220,311,271,264,459,720	17.137205,15.929975,15.610851,14.947335,14.809304,14.773471,14.132976,13.893615
950	0	417	9.916900	198,220,271,279,58,791,40,311	17.937706,15.318390,15.071111,14.468422,14.011540,13.734943,13.714778,13.508526
951	0	1174	9.982124	198,220,279,271,311,58,264,720	18.709778,15.403954,15.350064,15.032464,14.638247,14.609893,14.170588,14.165616
952	0	60410	15.046360	198,220,279,264,311,58,271,720	18.447102,16.481005,15.961926,14.677872,14.542712,14.522525,14.393612,14.279655
953	0	81764	16.223990	198,220,279,720,271,12,264,311	17.291870,15.818067,14.994957,14.394334,14.364955,14.106891,14.100745,14.006210
954	0	323	5.708176	198,220,279,271,720,264,311,12	17.247250,15.660609,14.840843,14.628333,14.058797,14.037488,13.880378,13.761014
955	0	68134	14.102046	198,279,220,271,1148,264,311,358	18.843647,16.782909,16.103392,15.708226,15.490857,15.344063,15.196721,14.499804
956	0	11166	13.107952	198,220,279,271,264,311,58,1148	18.153963,15.772998,15.301053,15.023557,14.196209,14.095464,13.867618,13.749227
957	0	662	10.212578	198,220,279,271,311,264,720,12	17.853409,15.954919,15.848943,15.310220,14.719388,14.632133,14.618774,14.075081
958	0	426	10.539350	198,220,279,271,58,311,264,720	19.246597,15.898785,15.547756,15.439121,14.837223,14.310319,14.232656,14.163739
959	0	11206	15.823893	198,271,220,279,58,720,311,264	19.043486,15.667798,15.566864,15.232398,14.683642,14.370868,14.179661,14.148978
960	0	466	8.759328	198,271,220,58,279,791,40,311	18.695387,15.229968,14.941958,14.626541,14.506645,14.123176,14.036363,13.547223
961	0	4036	12.454649	198,279,220,271,311,264,58,720	18.082140,15.501664,15.341850,15.024243,14.464744,14.304858,14.159078,13.626289
962	0	264	4.191686	198,279,220,271,264,311,58,1148	19.163828,16.635574,16.504189,15.737953,15.468175,15.313113,15.081749,14.865058
963	0	37849	13.750295	198,279,220,271,264,311,58,1148	18.771025,15.815778,15.633690,15.243365,14.703473,14.439015,14.390847,14.378399
964	0	3477	9.441170	198,220,279,311,264,271,459,720	18.182808,16.050091,15.942286,15.022460,14.736615,14.566422,14.096568,14.073926
965	0	304	6.952561	198,279,220,271,311,264,58,1148	19.445332,16.780165,16.549477,16.420660,15.673242,15.446912,15.401738,15.285071
966	0	578	6.566988	198,279,220,271,264,311,1148,58	18.682783,16.602541,15.969663,15.208283,15.194903,15.069453,14.912587,14.091060
967	0	13690	12.357533	198,220,279,271,264,720,311,1148	18.041788,16.117182,15.970233,15.068494,14.792516,14.653478,14.288719,14.178802
968	0	49906	19.268222	198,220,279,271,264,311,720,459	18.030209,16.698736,16.232487,15.595299,15.114067,15.006706,14.464862,14.421472
969	0	551	9.892698	198,220,279,271,12,720,311,264	18.272758,15.566708,15.558637,15.472808,15.109897,14.662778,14.660756,14.453090
970	0	330	6.061012	198,220,279,271,58,720,311,264	19.004238,16.177896,15.679013,14.896306,14.755180,14.692351,14.402270,14.394855
971	0	578	7.152443	198,279,271,220,40,791,58,311	19.097519,15.401639,15.265792,14.890717,14.883451,14.542148,14.368549,14.163028
972	0	15718	10.810011	198,220,279,271,264,720,311,1148	18.041788,16.117182,15.970233,15.068494,14.792516,14.653478,14.288719,14.178802
973	0	374	5.254187	198,220,279,311,264,271,1148,720	18.014902,16.127096,15.943189,15.196652,14.649552,14.589421,13.972221,13.907069
974	0	559	12.500025	198,279,220,271,264,58,311,1148	18.948053,15.999203,15.889941,15.336678,14.819809,14.649318,14.637672,14.498464
975	0	1683	10.939143	198,279,271,220,58,998,311,40	17.982870,14.653506,14.523949,14.459399,13.633878,13.561566,13.546715,13.416810
976	0	11559	14.386057	198,220,279,271,311,264,58,720	17.380344,15.243852,14.852670,14.490605,14.002131,13.841607,13.643794,13.440814
977	0	19428	12.870444	198,279,271,220,311,264,1148,40	18.724360,16.129845,15.677636,15.522865,14.959595,14.842204,14.745370,14.370839
978	0	1174	9.742767	198,279,220,311,271,264,1148,459	17.617702,15.921973,15.402148,14.770447,14.743061,14.658145,14.106868,13.976752
979	0	449	8.489742	198,220,279,264,311,58,271,720	18.447102,16.481005,15.961926,14.677872,14.542712,14.522525,14.393612,14.279655
980	0	53221	15.573338	198,279,220,264,271,311,1148,459	18.436167,16.794296,16.308605,15.518037,15.239975,15.024139,15.004577,14.506122
981	0	24601	15.782029	198,279,220,311,264,271,459,1148	17.420710,15.988396,15.655421,15.202759,14.613900,14.468940,14.095586,14.007329
982	0	505	10.098092	198,271,279,220,58,311,40,512	19.911306,16.153252,15.570435,15.530822,15.389508,14.987518,14.613605,14.590327
983	0	7505	13.711413	198,279,220,264,271,311,1148,58	18.663166,16.500381,16.449533,15.162804,15.103924,14.871732,14.677180,14.478496
984	0	1254	12.061363	198,220,279,271,264,311,791,58	17.586672,15.608920,15.099071,14.640363,13.897695,13.840415,13.562915,13.550934
985	0	819	12.272583	198,271,220,279,720,998,72,66	17.685764,14.629094,14.306521,14.132695,14.082943,13.760078,13.543587,13.470631
986	0	675	13.329140	198,279,220,271,58,311,264,40	18.385521,15.209339,15.090966,14.890027,14.072108,14.061442,14.032661,13.746994
987	0	320	8.198781	198,220,271,279,58,311,791,40	18.330660,14.937409,14.911697,14.794223,14.104530,13.809875,13.681651,13.677712
988	0	1457	11.543776	198,220,279,271,40,58,791,16	18.687052,15.018703,15.001598,14.902011,14.514454,14.370594,14.088562,13.974396
989	0	653	11.229955	198,279,220,271,311,264,1148,58	19.033110,16.359465,16.176262,15.478264,15.245685,15.000979,14.764064,14.709236
990	0	34551	13.095755	198,279,220,271,311,264,720,58	17.930874,15.180415,14.857738,14.542367,14.088863,13.828832,13.768830,13.723336
991	0	82585	17.969691	198,271,58,220,998,334,40,279	18.687147,14.748626,14.505707,14.503140,13.929600,13.800336,13.680604,13.550450
992	0	505	10.414823	198,271,220,279,58,311,264,40	19.127401,15.471992,15.416080,15.242889,14.866753,14.307263,14.061633,14.057187
993	0	813	7.065761	198,279,220,264,271,311,1148,58	18.663166,16.500381,16.449533,15.162804,15.103924,14.871732,14.677180,14.478496
994	0	5178	12.778581	198,279,220,271,264,1148,311,40	18.480495,15.962861,15.592903,15.123263,14.615044,14.579366,14.567754,14.300294
995	0	439	8.811000	198,271,279,58,220,40,311,791	20.027817,16.715944,16.025902,15.973727,15.685952,15.405524,15.194074,15.167727
996	0	54651	13.618076	198,279,220,271,264,311,1148,58	18.832014,16.459801,15.978377,15.341606,15.130119,14.964607,14.958781,14.289585
997	0	452	10.610150	198,220,279,271,311,58,264,791	18.695679,15.718063,15.357417,15.296933,14.391398,14.237663,14.178594,14.025336
998	0	15278	15.135936	198,220,271,279,720,58,311,264	18.226870,15.219048,15.091052,15.018631,14.247996,14.142268,13.998088,13.869851
999	0	364	10.223964	198,220,279,271,58,311,998,720	18.283369,14.704891,14.511116,14.357350,14.176209,13.824828,13.666843,13.506900
1000	0	82	5.816547	198,279,271,220,40,791,58,311	18.694534,15.132895,14.898105,14.785576,14.439247,14.155311,13.962991,13.871665
1001	0	9777	15.833199	198,271,279,220,58,311,512,264	19.058903,15.220264,15.100639,14.912107,14.771670,14.274009,14.117770,13.968434
1002	0	1169	9.926427	198,220,271,279,58,311,720,12	18.077551,15.707031,14.802940,14.685216,14.133557,13.853035,13.709971,13.628293
1003	0	883	10.379585	198,279,220,311,271,264,58,1148	17.904440,15.928027,15.645104,14.804845,14.671260,14.660385,13.965261,13.941010
1004	0	1174	9.232572	198,220,279,720,58,271,311,264	18.759056,15.754491,15.276690,14.765151,14.700002,14.469748,14.447389,14.104783
1005	0	8563	11.693684	198,220,279,264,311,58,271,720	18.447102,16.481005,15.961926,14.677872,14.542712,14.522525,14.393612,14.279655
1006	0	426	9.540088	198,220,279,271,264,311,1148,791	18.095697,16.389820,15.910047,15.358096,14.780934,14.457484,14.314654,14.127358
1007	0	11206	15.823893	198,271,220,279,58,720,311,264	19.043486,15.667798,15.566864,15.232398,14.683642,14.370868,14.179661,14.148978
1008	0	466	8.759328	198,271,220,58,279,791,40,311	18.695387,15.229968,14.941958,14.626541,14.506645,14.123176,14.036363,13.547223
1009	0	1174	9.856709	198,279,220,271,311,264,58,720	18.082140,15.501664,15.341850,15.024243,14.464744,14.304858,14.159078,13.626289
1010	0	51075	16.367393	198,220,279,264,311,58,271,720	18.447102,16.481005,15.961926,14.677872,14.542712,14.522525,14.393612,14.279655
1011	0	1901	10.802823	198,279,220,271,311,1148,791,264	18.375071,15.659107,15.603238,15.525949,14.441009,14.427960,14.415752,14.408446
1012	0	12997	15.660940	198,220,271,279,720,311,58,264	18.010736,15.098720,14.687294,14.680104,14.167996,13.687027,13.682323,13.484174
1013	0	323	6.235414	198,220,279,271,58,311,264,791	18.311232,15.029930,14.913646,14.776019,14.023715,14.009906,13.810056,13.560363
1014	0	56230	15.194058	198,279,220,271,1148,264,311,358	18.843647,16.782909,16.103392,15.708226,15.490857,15.344063,15.196721,14.499804
1015	0	24852	12.608382	198,279,220,311,271,264,459,720	17.137205,15.929975,15.610851,14.947335,14.809304,14.773471,14.132976,13.893615
1016	0	417	9.916900	198,220,271,279,58,791,40,311	17.937706,15.318390,15.071111,14.468422,14.011540,13.734943,13.714778,13.508526
1017	0	662	10.361718	198,220,279,271,311,58,264,720	18.709778,15.403954,15.350064,15.032464,14.638247,14.609893,14.170588,14.165616
1018	0	330	6.293472	198,220,279,271,58,311,264,720	19.246597,15.898785,15.547756,15.439121,14.837223,14.310319,14.232656,14.163739
1019	0	578	7.152443	198,279,271,220,40,791,58,311	19.097519,15.401639,15.265792,14.890717,14.883451,14.542148,14.368549,14.163028
1020	0	25460	16.670667	198,220,279,271,264,720,311,1148	18.041788,16.117182,15.970233,15.068494,14.792516,14.653478,14.288719,14.178802
1021	0	10555	11.096996	198,279,220,271,311,264,459,720	17.174078,15.893609,15.806651,15.073051,14.916223,14.878877,14.209892,13.985664
1022	0	1174	9.815587	198,279,220,271,311,264,1148,58	18.431051,16.244944,16.034393,15.238770,15.172872,14.898098,14.538753,14.290761
1023	0	330	5.597896	198,220,279,264,311,58,271,720	18.447102,16.481005,15.961926,14.677872,14.542712,14.522525,14.393612,14.279655
