# model	models/mlx/granite-4.0-h-tiny-4bit
# device	GPU
# corpus	tests/fixtures/wikitext2_excerpt.txt	tokens	289403
# chunks	1024	chunk_tokens	1	topk	8	prefill	0
# columns	chunk	pos	target	nll	top_ids	top_logits
# start_token	0
# contiguous	false
0	0	43205	18.296762	198,220,279,271,720,58,16,311	18.875000,15.500000,15.000000,14.437500,14.062500,14.000000,13.750000,13.687500
1	0	275	9.115309	198,271,279,220,311,791,40,264	17.375000,14.750000,14.562500,14.312500,13.750000,13.562500,13.312500,13.250000
2	0	428	13.753754	198,279,220,271,311,264,58,720	18.125000,15.062500,15.000000,14.500000,14.250000,13.750000,13.437500,13.312500
3	0	12	6.231743	198,220,279,271,58,311,720,264	18.500000,15.250000,15.000000,14.812500,14.562500,14.250000,14.000000,13.687500
4	0	17	5.710806	198,220,279,271,720,16,264,311	18.375000,15.750000,15.500000,14.437500,14.312500,14.187500,14.187500,14.062500
5	0	3475	14.424252	198,220,279,271,58,311,264,720	18.500000,15.187500,14.937500,14.750000,14.000000,13.937500,13.750000,13.687500
6	0	76834	14.907146	198,279,220,271,311,264,720,58	18.000000,16.125000,16.000000,15.187500,14.750000,14.687500,14.187500,14.000000
7	0	80583	14.663322	198,220,271,279,311,264,58,459	18.250000,15.750000,15.750000,15.562500,14.812500,14.250000,13.562500,13.562500
8	0	3692	12.923090	198,220,720,271,58,279,311,334	19.375000,16.125000,14.937500,14.750000,14.562500,14.437500,13.500000,13.437500
9	0	257	9.496799	198,271,220,279,58,311,264,512	18.875000,15.937500,15.562500,15.437500,14.812500,14.437500,14.187500,14.187500
10	0	551	9.481077	198,220,279,720,271,311,264,58	18.625000,16.625000,15.562500,15.187500,14.750000,14.562500,14.500000,14.312500
11	0	3788	12.794767	198,220,279,271,311,264,58,720	18.750000,15.812500,15.687500,14.562500,14.312500,14.250000,13.750000,13.750000
12	0	1129	14.763803	198,220,271,279,311,58,720,264	19.750000,15.937500,15.687500,15.437500,14.687500,14.562500,14.437500,13.812500
13	0	71	7.514406	198,279,220,271,311,264,1148,720	18.250000,15.250000,15.062500,14.750000,14.000000,13.500000,13.437500,13.062500
14	0	36368	16.065123	198,220,279,271,311,58,264,720	18.500000,15.000000,14.937500,14.687500,14.000000,13.937500,13.750000,13.750000
15	0	1594	12.394127	198,220,279,264,271,311,459,720	17.625000,16.000000,16.000000,14.750000,14.750000,14.687500,13.937500,13.812500
16	0	6973	18.462471	198,279,220,271,311,58,264,720	19.000000,15.500000,15.312500,15.312500,14.562500,14.312500,14.062500,13.812500
17	0	3529	15.583487	198,220,271,279,720,58,311,264	18.750000,15.250000,15.187500,14.750000,14.312500,13.812500,13.812500,13.250000
18	0	77749	17.923609	198,220,279,271,58,311,264,720	19.500000,15.750000,15.750000,15.562500,14.562500,14.562500,14.187500,14.187500
19	0	11628	17.739681	198,271,220,279,58,311,264,11	19.500000,16.500000,15.687500,15.500000,15.312500,14.812500,14.187500,13.937500
20	0	3916	16.248640	198,220,271,279,311,58,264,720	19.125000,15.750000,15.437500,15.437500,14.250000,13.937500,13.937500,13.937500
21	0	9009	12.491665	198,279,220,271,311,264,58,1148	18.875000,15.562500,15.500000,15.187500,14.750000,14.250000,14.062500,13.750000
22	0	6458	15.024443	198,279,220,311,264,271,720,459	17.875000,16.000000,15.312500,14.937500,14.750000,14.750000,14.062500,13.562500
23	0	61503	17.485357	198,220,279,271,311,264,720,1148	18.500000,15.687500,15.500000,14.750000,14.500000,14.000000,13.562500,13.500000
24	0	428	14.177526	198,220,279,311,271,264,720,459	16.750000,15.187500,14.312500,14.000000,13.937500,13.187500,13.062500,12.500000
25	0	198	0.419243	198,220,279,271,58,311,720,264	18.500000,15.250000,15.000000,14.812500,14.562500,14.250000,14.000000,13.687500
26	0	71684	16.023062	198,271,279,220,58,311,40,264	19.875000,15.687500,15.500000,15.312500,14.562500,14.437500,14.250000,14.187500
27	0	257	8.707249	198,220,271,279,58,264,311,720	17.375000,14.937500,14.562500,14.562500,13.687500,13.562500,13.562500,13.500000
28	0	551	9.481077	198,220,279,720,271,311,264,58	18.625000,16.625000,15.562500,15.187500,14.750000,14.562500,14.500000,14.312500
29	0	289	9.763517	198,220,279,271,311,264,58,720	18.750000,15.812500,15.687500,14.562500,14.312500,14.250000,13.750000,13.750000
30	0	61503	17.130968	198,279,220,271,311,264,58,1148	18.375000,15.187500,14.937500,14.812500,14.187500,13.812500,13.687500,13.250000
31	0	428	14.177526	198,220,279,311,271,264,720,459	16.750000,15.187500,14.312500,14.000000,13.937500,13.187500,13.062500,12.500000
32	0	12	6.231743	198,220,279,271,58,311,720,264	18.500000,15.250000,15.000000,14.812500,14.562500,14.250000,14.000000,13.687500
33	0	17	5.710806	198,220,279,271,720,16,264,311	18.375000,15.750000,15.500000,14.437500,14.312500,14.187500,14.187500,14.062500
34	0	12	6.799252	198,220,279,271,58,311,264,720	18.500000,15.187500,14.937500,14.750000,14.000000,13.937500,13.750000,13.687500
35	0	1059	15.882681	198,220,279,271,720,16,264,311	18.375000,15.750000,15.500000,14.437500,14.312500,14.187500,14.187500,14.062500
36	0	8437	15.759243	198,220,279,271,58,311,720,998	18.125000,15.000000,14.437500,14.312500,13.937500,13.687500,13.500000,13.062500
37	0	16	5.860119	198,220,279,271,311,720,58,264	18.750000,15.687500,15.187500,14.500000,14.250000,14.250000,14.000000,13.937500
38	0	198	0.264400	198,220,279,271,58,311,264,16	19.000000,15.250000,15.062500,14.937500,14.250000,14.187500,13.937500,13.750000
39	0	20805	15.241812	198,271,279,220,58,311,40,264	19.875000,15.687500,15.500000,15.312500,14.562500,14.437500,14.250000,14.187500
40	0	415	10.797653	198,220,279,271,58,311,264,16	18.750000,15.437500,15.437500,15.000000,14.687500,14.187500,14.062500,13.437500
41	0	551	9.485817	198,220,279,720,271,264,311,58	19.000000,16.375000,15.812500,15.000000,14.750000,14.562500,14.500000,13.937500
42	0	1296	13.107267	198,220,279,271,311,264,58,720	18.750000,15.812500,15.687500,14.562500,14.312500,14.250000,13.750000,13.750000
43	0	320	7.715372	198,271,279,220,311,58,264,40	19.125000,16.125000,16.125000,15.437500,15.062500,15.000000,14.687500,14.562500
44	0	19305	13.075552	198,279,220,271,40,311,264,1148	18.750000,15.312500,15.000000,14.750000,14.062500,14.062500,13.937500,13.812500
45	0	23	7.261166	198,220,279,271,311,720,58,264	18.375000,15.562500,14.937500,14.687500,14.062500,13.750000,13.687500,13.687500
46	0	7123	16.862946	198,271,220,279,311,58,264,1148	18.625000,15.437500,15.312500,15.250000,14.312500,14.187500,13.937500,13.437500
47	0	340	9.029768	198,220,279,271,311,58,264,720	19.375000,16.125000,16.125000,15.250000,15.062500,14.687500,14.687500,14.250000
48	0	10028	13.109947	198,271,220,279,58,720,311,264	19.625000,15.687500,15.562500,15.312500,14.937500,14.500000,14.312500,14.000000
49	0	262	7.594938	198,220,271,279,311,720,264,512	18.625000,16.625000,15.562500,15.562500,15.000000,14.562500,14.312500,13.812500
50	0	551	9.784988	198,220,279,271,720,264,311,58	18.750000,16.125000,15.812500,15.562500,14.750000,14.562500,14.562500,13.687500
51	0	13844	13.732267	198,220,279,271,311,264,58,720	18.750000,15.812500,15.687500,14.562500,14.312500,14.250000,13.750000,13.750000
52	0	7866	14.005470	198,279,220,271,311,264,720,459	18.250000,16.000000,15.562500,15.062500,14.937500,14.500000,13.750000,13.687500
53	0	93314	14.376535	198,220,279,271,264,311,720,1148	18.375000,16.625000,16.500000,14.937500,14.812500,14.562500,14.250000,14.187500
54	0	220	4.056431	198,220,271,279,311,264,720,58	19.500000,15.687500,15.687500,15.562500,14.562500,14.187500,14.187500,14.000000
55	0	18	6.230272	198,279,220,271,311,16,264,58	18.625000,15.250000,15.187500,14.562500,14.062500,13.937500,13.937500,13.687500
56	0	13	8.507011	198,220,271,279,58,311,264,720	18.875000,15.250000,15.187500,15.062500,14.250000,14.250000,13.937500,13.500000
57	0	15	7.375696	198,279,220,271,40,791,264,58	19.250000,15.687500,15.562500,15.562500,14.562500,14.562500,14.437500,14.312500
58	0	320	8.259653	198,220,271,279,58,311,264,720	19.375000,15.250000,15.187500,15.187500,14.250000,14.250000,13.812500,13.687500
59	0	2485	13.294302	198,279,220,271,40,311,264,1148	18.750000,15.312500,15.000000,14.750000,14.062500,14.062500,13.937500,13.812500
60	0	1129	13.280151	198,220,279,720,271,311,58,998	18.125000,15.312500,14.187500,14.187500,14.000000,13.750000,13.062500,12.687500
61	0	86331	16.155031	198,279,220,271,311,264,1148,720	18.250000,15.250000,15.062500,14.750000,14.000000,13.500000,13.437500,13.062500
62	0	2726	12.325586	198,220,279,271,311,720,264,459	18.625000,15.687500,15.000000,14.812500,14.250000,13.812500,13.437500,13.250000
63	0	7116	15.607037	198,220,279,271,311,720,264,58	18.875000,16.000000,15.562500,15.437500,14.687500,14.437500,14.000000,13.750000
64	0	68833	17.580374	198,220,279,271,720,311,264,459	19.375000,16.375000,16.000000,15.687500,15.062500,14.812500,14.062500,13.562500
65	0	1355	13.232002	198,220,279,271,311,264,720,1148	18.750000,16.125000,16.125000,14.750000,14.562500,14.312500,14.000000,13.812500
66	0	64	5.806099	198,279,220,271,311,264,58,998	18.875000,15.500000,15.000000,14.812500,14.437500,14.000000,13.812500,13.687500
67	0	14	10.409391	198,220,279,271,58,311,264,720	18.500000,15.187500,14.937500,14.500000,14.000000,13.937500,13.812500,13.750000
68	0	18	6.453409	198,279,220,271,311,264,1148,791	18.875000,15.750000,15.062500,15.000000,14.500000,14.250000,14.187500,14.062500
69	0	13	8.507011	198,220,271,279,58,311,264,720	18.875000,15.250000,15.187500,15.062500,14.250000,14.250000,13.937500,13.500000
70	0	15	7.375696	198,279,220,271,40,791,264,58	19.250000,15.687500,15.562500,15.562500,14.562500,14.562500,14.437500,14.312500
71	0	54660	16.931528	198,220,271,279,58,311,264,720	19.375000,15.250000,15.187500,15.187500,14.250000,14.250000,13.812500,13.687500
72	0	20241	13.700876	198,271,279,220,311,58,264,720	20.500000,16.750000,16.375000,16.250000,15.312500,14.750000,14.750000,14.687500
73	0	1516	15.071934	198,220,279,271,311,58,264,998	17.250000,14.812500,14.062500,13.812500,13.687500,13.250000,12.937500,12.937500
74	0	25	8.579760	198,220,279,271,311,264,58,720	18.750000,15.812500,15.562500,15.312500,14.812500,14.437500,14.312500,14.062500
75	0	27685	13.977633	198,220,279,264,271,311,720,1148	18.250000,16.250000,15.937500,14.750000,14.562500,14.500000,14.312500,14.062500
76	0	20965	15.450951	198,279,220,271,311,264,459,1148	18.125000,16.875000,16.375000,16.000000,15.437500,15.312500,14.750000,14.562500
77	0	11	6.225031	198,279,220,271,311,264,1148,459	19.375000,16.250000,15.937500,15.812500,15.562500,14.812500,14.437500,14.000000
78	0	82035	17.809288	198,279,220,271,311,264,1148,40	19.125000,16.000000,15.500000,15.062500,14.687500,14.562500,14.437500,14.062500
79	0	15592	11.026390	198,279,271,220,311,264,459,1148	17.625000,16.000000,15.562500,15.312500,15.000000,14.687500,14.187500,13.937500
80	0	8483	13.499424	198,279,311,220,271,264,459,720	16.750000,15.437500,14.750000,14.687500,14.500000,14.000000,13.437500,13.062500
81	0	198	0.537973	198,271,279,220,311,264,1148,791	19.000000,16.375000,16.125000,15.812500,15.062500,14.750000,14.562500,14.312500
82	0	1835	13.210562	198,271,279,220,58,311,40,264	19.875000,15.687500,15.500000,15.312500,14.562500,14.437500,14.250000,14.187500
83	0	320	8.260883	198,220,279,271,720,58,311,264	19.375000,16.000000,15.437500,14.812500,14.687500,14.250000,14.250000,14.187500
84	0	50	7.763052	198,279,220,271,40,311,264,1148	18.750000,15.312500,15.000000,14.750000,14.062500,14.062500,13.937500,13.812500
85	0	13	8.431351	198,271,220,279,58,720,311,512	19.125000,15.250000,15.000000,14.812500,14.437500,13.937500,13.812500,13.750000
86	0	8930	15.344446	198,279,220,271,40,791,264,58	19.250000,15.687500,15.562500,15.562500,14.562500,14.562500,14.437500,14.312500
87	0	488	13.400963	198,279,220,271,311,264,791,720	18.000000,14.750000,14.687500,14.562500,13.687500,13.312500,13.187500,12.937500
88	0	11	6.137121	198,271,279,220,311,58,264,791	18.625000,15.500000,15.437500,15.250000,14.500000,14.187500,14.187500,13.750000
89	0	452	9.817101	198,279,220,271,311,264,1148,40	19.125000,16.000000,15.500000,15.062500,14.687500,14.562500,14.437500,14.062500
90	0	13	7.948751	198,279,220,271,311,720,264,58	18.250000,15.250000,15.187500,15.000000,14.062500,14.000000,13.937500,13.500000
91	0	50356	17.883509	198,279,220,271,40,791,264,58	19.250000,15.687500,15.562500,15.562500,14.562500,14.562500,14.437500,14.312500
92	0	819	13.374430	198,271,279,220,791,40,311,3923	17.875000,14.437500,14.187500,13.812500,13.812500,13.562500,13.062500,13.062500
93	0	84077	17.042751	198,279,220,271,311,264,1148,58	18.000000,15.312500,15.062500,14.687500,14.187500,14.062500,13.437500,13.250000
94	0	29234	12.184427	198,220,279,271,311,264,1148,791	17.375000,14.812500,14.500000,14.187500,13.687500,13.250000,12.812500,12.750000
95	0	11	5.538054	198,220,279,271,311,264,58,720	18.125000,15.437500,15.062500,14.750000,14.312500,13.937500,13.812500,13.437500
96	0	432	9.567101	198,279,220,271,311,264,1148,40	19.125000,16.000000,15.500000,15.062500,14.687500,14.562500,14.437500,14.062500
97	0	13	8.027153	198,220,279,271,720,311,264,58	18.375000,15.312500,15.312500,15.062500,14.437500,14.250000,14.062500,13.750000
98	0	2100	9.875696	198,279,220,271,40,791,264,58	19.250000,15.687500,15.562500,15.562500,14.562500,14.562500,14.437500,14.312500
99	0	9211	14.479223	198,279,220,271,264,311,1148,720	18.875000,16.250000,15.937500,15.187500,14.750000,14.750000,14.562500,14.437500
100	0	2001	10.646482	198,220,279,311,271,264,720,459	17.000000,15.312500,15.187500,14.437500,13.937500,13.812500,13.312500,13.000000
101	0	330	6.227028	198,220,279,311,264,271,720,1148	18.875000,16.375000,16.125000,14.750000,14.562500,14.562500,14.562500,14.312500
102	0	9261	11.700617	198,279,271,220,40,791,1148,311	19.125000,15.500000,15.250000,14.750000,14.687500,14.437500,14.312500,14.250000
103	0	57893	17.266718	198,271,220,279,58,311,512,720	18.875000,15.437500,15.250000,14.750000,14.687500,14.000000,13.937500,13.750000
104	0	386	10.106499	198,271,279,220,58,311,264,40	18.750000,15.812500,15.312500,15.250000,14.500000,14.437500,14.062500,13.812500
105	0	13025	17.719200	198,279,220,271,311,720,264,58	18.625000,15.437500,15.250000,15.250000,14.250000,14.187500,14.062500,13.812500
106	0	27972	15.818333	198,220,271,279,58,311,264,720	18.125000,15.437500,15.000000,15.000000,14.000000,14.000000,13.937500,13.812500
107	0	498	12.901283	198,220,279,271,311,264,720,58	18.875000,16.375000,15.750000,15.562500,15.187500,14.562500,14.562500,14.437500
108	0	220	3.528170	198,220,279,271,264,720,311,1148	19.625000,16.375000,16.375000,15.000000,14.937500,14.937500,14.812500,14.562500
109	0	679	8.605272	198,279,220,271,311,16,264,58	18.625000,15.250000,15.187500,14.562500,14.062500,13.937500,13.937500,13.687500
110	0	21	6.675917	198,220,279,271,311,720,264,58	18.625000,15.812500,15.062500,14.687500,14.187500,13.937500,13.750000,13.562500
111	0	340	9.080715	198,220,271,279,311,58,264,1148	18.875000,15.312500,15.250000,15.187500,14.187500,14.062500,13.937500,13.500000
112	0	1835	12.109947	198,271,220,279,58,720,311,264	19.625000,15.687500,15.562500,15.312500,14.937500,14.500000,14.312500,14.000000
113	0	40283	15.870258	198,220,279,271,720,58,311,264	19.375000,16.000000,15.437500,14.812500,14.687500,14.250000,14.250000,14.187500
114	0	3786	15.619562	198,271,220,279,311,58,264,1148	19.125000,16.375000,15.812500,15.750000,14.812500,14.750000,14.500000,13.687500
115	0	25	9.455753	198,279,220,271,311,264,58,1148	19.125000,15.812500,15.687500,15.687500,15.000000,14.437500,14.250000,14.187500
116	0	3788	12.102633	198,220,279,264,271,311,720,1148	18.250000,16.250000,15.937500,14.750000,14.562500,14.500000,14.312500,14.062500
117	0	1129	14.763803	198,220,271,279,311,58,720,264	19.750000,15.937500,15.687500,15.437500,14.687500,14.562500,14.437500,13.812500
118	0	71	7.514406	198,279,220,271,311,264,1148,720	18.250000,15.250000,15.062500,14.750000,14.000000,13.500000,13.437500,13.062500
119	0	36368	16.065123	198,220,279,271,311,58,264,720	18.500000,15.000000,14.937500,14.687500,14.000000,13.937500,13.750000,13.750000
120	0	1594	12.394127	198,220,279,264,271,311,459,720	17.625000,16.000000,16.000000,14.750000,14.750000,14.687500,13.937500,13.812500
121	0	6973	18.462471	198,279,220,271,311,58,264,720	19.000000,15.500000,15.312500,15.312500,14.562500,14.312500,14.062500,13.812500
122	0	3529	15.583487	198,220,271,279,720,58,311,264	18.750000,15.250000,15.187500,14.750000,14.312500,13.812500,13.812500,13.250000
123	0	77749	17.923609	198,220,279,271,58,311,264,720	19.500000,15.750000,15.750000,15.562500,14.562500,14.562500,14.187500,14.187500
124	0	11628	17.739681	198,271,220,279,58,311,264,11	19.500000,16.500000,15.687500,15.500000,15.312500,14.812500,14.187500,13.937500
125	0	3916	16.248640	198,220,271,279,311,58,264,720	19.125000,15.750000,15.437500,15.437500,14.250000,13.937500,13.937500,13.937500
126	0	9009	12.491665	198,279,220,271,311,264,58,1148	18.875000,15.562500,15.500000,15.187500,14.750000,14.250000,14.062500,13.750000
127	0	6458	15.024443	198,279,220,311,264,271,720,459	17.875000,16.000000,15.312500,14.937500,14.750000,14.750000,14.062500,13.562500
128	0	61503	17.485357	198,220,279,271,311,264,720,1148	18.500000,15.687500,15.500000,14.750000,14.500000,14.000000,13.562500,13.500000
129	0	428	14.177526	198,220,279,311,271,264,720,459	16.750000,15.187500,14.312500,14.000000,13.937500,13.187500,13.062500,12.500000
130	0	271	4.106743	198,220,279,271,58,311,720,264	18.500000,15.250000,15.000000,14.812500,14.562500,14.250000,14.000000,13.687500
131	0	34336	12.421467	198,271,220,279,791,40,58,311	19.375000,16.250000,15.562500,15.500000,15.062500,15.000000,14.437500,14.437500
132	0	415	11.070240	198,220,271,279,58,311,264,16	19.375000,15.562500,15.562500,15.250000,15.000000,14.187500,14.000000,13.937500
133	0	551	9.485817	198,220,279,720,271,264,311,58	19.000000,16.375000,15.812500,15.000000,14.750000,14.562500,14.500000,13.937500
134	0	2539	9.701017	198,220,279,271,311,264,58,720	18.750000,15.812500,15.687500,14.562500,14.312500,14.250000,13.750000,13.750000
135	0	1296	13.022402	198,279,271,220,311,264,1148,58	19.375000,16.250000,15.500000,15.312500,15.062500,14.562500,14.562500,14.437500
136	0	6859	14.371622	198,271,279,220,311,58,264,40	19.125000,16.125000,16.125000,15.437500,15.062500,15.000000,14.687500,14.562500
137	0	320	7.952105	198,279,220,271,311,58,264,1148	18.375000,15.687500,15.250000,14.812500,14.562500,14.437500,14.312500,13.500000
138	0	543	11.575552	198,279,220,271,40,311,264,1148	18.750000,15.312500,15.000000,14.750000,14.062500,14.062500,13.937500,13.812500
139	0	220	3.832830	198,279,220,271,311,264,58,720	18.625000,15.500000,15.187500,14.750000,14.437500,14.062500,14.000000,13.562500
140	0	19305	13.136522	198,279,220,271,311,16,264,58	18.625000,15.250000,15.187500,14.562500,14.062500,13.937500,13.937500,13.687500
141	0	23	7.261166	198,220,279,271,311,720,58,264	18.375000,15.562500,14.937500,14.687500,14.062500,13.750000,13.687500,13.687500
142	0	7123	16.862946	198,271,220,279,311,58,264,1148	18.625000,15.437500,15.312500,15.250000,14.312500,14.187500,13.937500,13.437500
143	0	98634	16.607893	198,220,279,271,311,58,264,720	19.375000,16.125000,16.125000,15.250000,15.062500,14.687500,14.687500,14.250000
144	0	340	8.831957	198,220,279,271,311,264,58,720	19.125000,16.500000,16.125000,15.062500,15.000000,14.812500,14.437500,14.250000
145	0	38	9.391197	198,271,220,279,58,720,311,264	19.625000,15.687500,15.562500,15.312500,14.937500,14.500000,14.312500,14.000000
146	0	2898	11.670710	198,271,279,220,58,311,264,720	18.500000,14.937500,14.937500,14.812500,13.812500,13.812500,13.687500,13.562500
147	0	12	6.964073	198,271,279,220,311,58,264,1148	19.125000,15.562500,15.500000,15.250000,14.687500,14.187500,14.187500,13.750000
148	0	17	5.710806	198,220,279,271,720,16,264,311	18.375000,15.750000,15.500000,14.437500,14.312500,14.187500,14.187500,14.062500
149	0	426	10.549252	198,220,279,271,58,311,264,720	18.500000,15.187500,14.937500,14.750000,14.000000,13.937500,13.750000,13.687500
150	0	1777	11.866331	198,220,271,279,311,58,720,264	19.000000,15.437500,15.437500,15.312500,14.250000,14.187500,14.187500,14.062500
151	0	11460	16.721844	198,271,220,279,311,58,264,720	19.000000,15.437500,15.062500,15.062500,14.250000,14.062500,13.750000,13.562500
152	0	320	8.141178	198,220,279,271,58,311,720,264	19.125000,15.812500,15.437500,15.312500,14.687500,14.500000,14.250000,14.062500
153	0	83	8.138052	198,279,220,271,40,311,264,1148	18.750000,15.312500,15.000000,14.750000,14.062500,14.062500,13.937500,13.812500
154	0	1609	12.968672	198,220,279,271,58,311,264,720	18.625000,15.000000,15.000000,14.562500,14.062500,14.000000,13.750000,13.750000
155	0	5963	14.102102	198,220,279,271,311,264,58,720	17.625000,14.812500,14.562500,14.500000,13.812500,13.437500,13.250000,13.250000
156	0	1680	13.231575	198,220,271,279,58,311,720,512	18.625000,15.687500,15.312500,15.187500,14.250000,14.187500,14.000000,13.812500
157	0	220	2.469467	198,220,279,720,264,311,271,58	18.625000,16.625000,15.937500,15.312500,14.937500,14.687500,14.312500,14.187500
158	0	16085	10.855272	198,279,220,271,311,16,264,58	18.625000,15.250000,15.187500,14.562500,14.062500,13.937500,13.937500,13.687500
159	0	17897	12.836519	198,220,271,279,720,58,311,264	18.625000,15.750000,15.000000,14.812500,14.250000,14.062500,14.000000,13.687500
160	0	198	0.317175	198,220,279,271,311,720,58,264	18.625000,15.687500,14.812500,14.687500,13.937500,13.937500,13.750000,13.562500
161	0	1688	9.554312	198,271,279,220,58,311,40,264	19.875000,15.687500,15.500000,15.312500,14.562500,14.437500,14.250000,14.187500
162	0	393	9.491777	198,279,220,271,264,720,58,311	18.375000,15.687500,15.562500,14.687500,14.437500,14.000000,13.937500,13.812500
163	0	2989	10.377516	198,279,271,220,311,264,58,1148	18.625000,15.437500,15.250000,15.062500,14.187500,14.000000,13.812500,13.687500
164	0	71608	17.351183	198,279,271,220,311,264,58,1148	18.750000,15.187500,14.937500,14.750000,14.312500,13.750000,13.687500,13.187500
165	0	15906	17.040155	198,220,271,279,58,720,311,16	19.125000,15.687500,15.187500,14.750000,14.312500,13.937500,13.812500,13.437500
166	0	28	8.601109	198,220,279,720,311,271,58,264	17.875000,15.562500,14.437500,14.250000,14.062500,14.000000,13.812500,13.187500
167	0	12378	11.745981	198,220,279,271,720,58,16,311	18.875000,15.500000,15.000000,14.437500,14.062500,14.000000,13.750000,13.687500
168	0	21	6.648890	198,220,271,279,58,720,311,16	19.125000,15.812500,15.250000,14.750000,14.562500,14.500000,14.062500,13.937500
169	0	420	8.268215	198,220,271,279,311,58,264,1148	18.875000,15.312500,15.250000,15.187500,14.187500,14.062500,13.937500,13.500000
170	0	36508	13.850414	198,279,271,220,311,264,1148,58	19.125000,15.687500,15.250000,15.000000,14.562500,14.250000,14.062500,14.000000
171	0	220	2.842886	198,279,220,264,311,271,1148,58	18.500000,16.375000,16.250000,15.062500,15.062500,14.937500,14.312500,14.250000
172	0	3076	9.230272	198,279,220,271,311,16,264,58	18.625000,15.250000,15.187500,14.562500,14.062500,13.937500,13.937500,13.687500
173	0	2536	12.926418	198,220,271,279,58,311,720,264	19.125000,15.687500,15.312500,15.062500,14.437500,14.187500,14.000000,13.750000
174	0	29352	16.101845	198,279,271,220,311,58,264,1148	18.875000,15.500000,15.187500,15.000000,14.437500,14.000000,13.937500,13.750000
175	0	91719	14.841980	198,279,220,271,311,58,264,720	19.500000,16.250000,15.812500,15.187500,15.062500,14.750000,14.750000,14.500000
176	0	27855	15.019064	198,279,220,271,264,311,58,1148	18.875000,16.500000,16.125000,15.437500,15.062500,14.812500,14.500000,14.437500
177	0	345	7.813585	198,271,279,220,58,311,264,512	19.750000,16.375000,16.000000,15.812500,15.062500,15.062500,14.500000,14.250000
178	0	19975	15.817865	198,220,279,271,58,311,720,264	20.125000,15.812500,15.750000,15.687500,15.062500,14.687500,14.562500,14.312500
179	0	2915	13.705154	198,279,220,271,311,264,58,512	18.375000,15.750000,15.562500,15.312500,15.187500,14.500000,13.937500,13.812500
180	0	49005	14.964981	198,279,220,271,311,264,1148,58	18.875000,15.937500,15.437500,15.250000,15.000000,14.562500,14.312500,13.812500
181	0	279	3.135248	198,279,220,271,264,1148,311,720	19.500000,16.750000,16.625000,15.437500,15.312500,15.187500,15.062500,14.562500
182	0	220	3.468035	198,279,220,271,264,311,1148,358	18.625000,16.250000,15.750000,15.062500,14.812500,14.687500,14.687500,13.937500
183	0	508	5.980272	198,279,220,271,311,16,264,58	18.625000,15.250000,15.187500,14.562500,14.062500,13.937500,13.937500,13.687500
184	0	11843	15.779665	198,220,271,279,58,311,720,264	19.375000,15.937500,15.500000,15.312500,14.687500,14.437500,14.437500,14.187500
185	0	3200	13.408972	198,220,279,271,311,72,264,1148	18.875000,15.437500,15.312500,14.812500,14.187500,13.812500,13.812500,13.750000
186	0	16686	16.033875	198,220,279,271,311,264,58,720	17.875000,15.062500,14.937500,14.312500,14.250000,13.687500,13.312500,13.187500
187	0	315	7.873817	198,279,220,271,311,264,720,58	19.375000,16.125000,16.000000,15.750000,15.437500,14.750000,14.562500,14.500000
188	0	279	2.828091	198,279,220,271,264,1148,311,459	18.500000,16.375000,15.750000,15.062500,15.000000,14.937500,14.687500,14.000000
189	0	426	9.593035	198,279,220,271,264,311,1148,358	18.625000,16.250000,15.750000,15.062500,14.812500,14.687500,14.687500,13.937500
190	0	18	7.022581	198,220,271,279,311,58,720,264	19.000000,15.437500,15.437500,15.312500,14.250000,14.187500,14.187500,14.062500
191	0	4367	12.569511	198,220,271,279,58,311,264,720	18.875000,15.250000,15.187500,15.062500,14.250000,14.250000,13.937500,13.500000
192	0	18618	14.743441	198,279,271,311,220,1148,264,791	19.375000,16.125000,16.000000,15.187500,15.062500,14.750000,14.562500,14.250000
193	0	382	8.483313	198,279,220,311,271,264,374,459	18.375000,16.375000,16.250000,15.500000,15.437500,14.937500,14.062500,14.062500
194	0	2028	7.535469	198,271,279,220,791,40,58,3923	19.750000,16.625000,15.687500,15.500000,15.437500,15.312500,14.562500,14.562500
195	0	1052	14.408495	198,279,271,220,40,311,264,58	19.500000,15.500000,15.437500,15.312500,14.312500,14.312500,14.250000,14.187500
196	0	374	5.202477	198,279,271,220,311,264,58,720	18.875000,16.500000,16.125000,15.937500,15.562500,15.000000,14.437500,14.187500
197	0	1511	10.651058	198,279,220,271,264,311,1148,720	18.625000,16.125000,15.937500,15.000000,14.812500,14.812500,14.312500,13.937500
198	0	439	8.004217	198,279,220,311,271,264,58,1148	18.500000,16.250000,15.687500,15.312500,15.062500,14.750000,14.187500,14.187500
199	0	264	4.432354	198,279,220,271,264,311,1148,459	19.125000,16.625000,15.812500,15.500000,15.187500,15.187500,15.187500,14.062500
200	0	12790	16.208881	198,279,220,271,264,311,1148,58	18.375000,15.750000,15.312500,14.750000,14.500000,14.437500,14.000000,13.687500
201	0	369	7.188778	198,279,220,311,271,264,459,374	17.250000,15.687500,15.250000,14.750000,14.687500,14.250000,13.500000,13.437500
202	0	279	3.008539	198,279,220,271,264,311,1148,58	18.875000,16.375000,15.562500,15.062500,14.937500,14.812500,14.687500,14.250000
203	0	48275	15.608660	198,279,220,271,264,311,1148,358	18.625000,16.250000,15.750000,15.062500,14.812500,14.687500,14.687500,13.937500
204	0	45320	9.753820	198,220,279,271,311,264,1148,459	18.375000,15.937500,15.937500,15.500000,14.812500,14.500000,13.812500,13.687500
205	0	85748	16.846601	198,220,271,279,58,311,720,512	17.875000,15.062500,14.437500,13.937500,13.687500,13.312500,13.000000,12.812500
206	0	6636	14.239841	198,220,279,271,311,264,720,58	17.750000,15.000000,14.812500,14.312500,13.937500,13.562500,13.562500,13.250000
207	0	74252	13.704512	198,279,220,271,311,264,58,374	18.375000,15.750000,15.437500,15.187500,14.750000,14.312500,14.062500,13.437500
208	0	488	12.766277	198,220,271,279,311,58,12,512	18.125000,14.937500,14.687500,14.500000,13.812500,13.687500,13.437500,13.437500
209	0	18618	15.621496	198,271,279,220,311,58,264,791	18.625000,15.500000,15.437500,15.250000,14.500000,14.187500,14.187500,13.750000
210	0	198	0.670813	198,279,220,311,271,264,374,459	18.375000,16.375000,16.250000,15.500000,15.437500,14.937500,14.062500,14.062500
211	0	8793	19.304312	198,271,279,220,58,311,40,264	19.875000,15.687500,15.500000,15.312500,14.562500,14.437500,14.250000,14.187500
212	0	82	5.639681	198,220,58,271,720,279,16,72	19.375000,15.750000,15.500000,15.437500,15.000000,14.750000,14.250000,14.187500
213	0	5640	16.784073	198,279,271,220,311,58,264,512	19.125000,15.312500,15.250000,14.937500,14.500000,14.437500,14.062500,13.750000
214	0	324	11.924229	198,279,220,271,311,264,58,1148	18.875000,15.687500,15.437500,15.250000,14.500000,14.062500,13.812500,13.687500
215	0	754	10.507359	198,279,220,271,311,264,58,1148	17.750000,15.062500,15.000000,14.500000,14.250000,13.750000,13.000000,12.937500
216	0	98166	17.447630	198,220,271,279,58,311,720,264	18.750000,15.312500,14.937500,14.750000,13.812500,13.750000,13.687500,13.500000
217	0	2253	15.360779	198,220,271,279,512,58,311,720	17.000000,14.062500,13.937500,13.437500,13.187500,13.000000,13.000000,13.000000
218	0	17	6.240549	198,220,271,279,58,720,16,334	18.875000,15.187500,14.812500,14.687500,14.437500,14.250000,13.937500,13.562500
219	0	68	8.111752	198,220,279,271,58,311,264,720	18.500000,15.187500,14.937500,14.750000,14.000000,13.937500,13.750000,13.687500
220	0	26721	16.789438	198,220,279,271,311,58,264,720	18.625000,15.187500,14.937500,14.750000,14.000000,13.750000,13.562500,13.562500
221	0	4390	12.784639	198,271,220,279,311,720,264,58	19.000000,15.562500,15.437500,15.437500,14.500000,14.187500,13.750000,13.437500
222	0	8780	12.294075	198,220,271,58,279,720,40,334	20.125000,16.000000,15.937500,15.312500,15.187500,15.000000,14.562500,14.312500
223	0	32905	11.796967	198,279,220,271,58,311,264,40	18.625000,15.500000,15.437500,14.812500,14.312500,14.187500,14.062500,13.750000
224	0	1005	9.894863	198,279,220,271,311,720,264,58	19.125000,15.687500,15.500000,15.062500,14.687500,14.437500,14.312500,14.250000
225	0	2011	9.440790	198,279,271,220,311,264,1148,58	18.625000,16.375000,15.562500,15.500000,15.187500,14.812500,14.500000,14.437500
226	0	14389	14.362879	198,279,220,311,271,264,1148,720	18.375000,15.750000,15.562500,14.750000,14.562500,14.312500,13.937500,13.562500
227	0	420	6.948858	198,279,220,264,271,311,1148,459	18.250000,16.500000,15.500000,15.062500,15.062500,15.000000,14.562500,14.312500
228	0	13844	14.850414	198,279,271,220,311,264,1148,58	19.125000,15.687500,15.250000,15.000000,14.562500,14.250000,14.062500,14.000000
229	0	7866	14.005470	198,279,220,271,311,264,720,459	18.250000,16.000000,15.562500,15.062500,14.937500,14.500000,13.750000,13.687500
230	0	93314	14.376535	198,220,279,271,264,311,720,1148	18.375000,16.625000,16.500000,14.937500,14.812500,14.562500,14.250000,14.187500
231	0	220	4.056431	198,220,271,279,311,264,720,58	19.500000,15.687500,15.687500,15.562500,14.562500,14.187500,14.187500,14.000000
232	0	18	6.230272	198,279,220,271,311,16,264,58	18.625000,15.250000,15.187500,14.562500,14.062500,13.937500,13.937500,13.687500
233	0	13	8.507011	198,220,271,279,58,311,264,720	18.875000,15.250000,15.187500,15.062500,14.250000,14.250000,13.937500,13.500000
234	0	15	7.375696	198,279,220,271,40,791,264,58	19.250000,15.687500,15.562500,15.562500,14.562500,14.562500,14.437500,14.312500
235	0	63124	15.353403	198,220,271,279,58,311,264,720	19.375000,15.250000,15.187500,15.187500,14.250000,14.250000,13.812500,13.687500
236	0	382	9.036837	198,271,279,220,311,58,264,1148	19.375000,16.000000,16.000000,15.812500,15.437500,14.562500,14.562500,14.312500
237	0	284	12.129219	198,271,279,220,791,40,58,3923	19.750000,16.625000,15.687500,15.500000,15.437500,15.312500,14.562500,14.562500
238	0	8563	11.988644	198,220,279,720,264,271,311,1148	18.625000,16.375000,15.812500,14.812500,14.562500,14.437500,14.250000,13.812500
239	0	426	9.566671	198,220,279,271,264,311,1148,791	18.375000,16.000000,15.812500,15.250000,14.500000,14.437500,14.312500,14.062500
240	0	11206	15.835081	198,220,271,279,311,58,720,264	19.000000,15.437500,15.437500,15.312500,14.250000,14.187500,14.187500,14.062500
241	0	466	8.922197	198,271,279,220,311,58,264,791	18.250000,14.812500,14.812500,14.750000,13.750000,13.562500,13.500000,13.500000
242	0	284	10.365967	198,279,220,271,311,264,58,1148	18.375000,15.562500,15.187500,15.062500,14.687500,14.250000,13.812500,13.750000
243	0	720	4.269894	198,220,279,720,264,271,311,1148	18.625000,16.375000,15.812500,14.812500,14.562500,14.437500,14.250000,13.812500
244	0	8563	13.384418	198,220,271,279,58,720,264,311	20.125000,16.000000,15.562500,15.562500,15.000000,14.437500,14.312500,14.312500
245	0	426	9.566671	198,220,279,271,264,311,1148,791	18.375000,16.000000,15.812500,15.250000,14.500000,14.437500,14.312500,14.062500
246	0	11206	15.835081	198,220,271,279,311,58,720,264	19.000000,15.437500,15.437500,15.312500,14.250000,14.187500,14.187500,14.062500
247	0	466	8.922197	198,271,279,220,311,58,264,791	18.250000,14.812500,14.812500,14.750000,13.750000,13.562500,13.500000,13.500000
248	0	374	5.678467	198,279,220,271,311,264,58,1148	18.375000,15.562500,15.187500,15.062500,14.687500,14.250000,13.812500,13.750000
249	0	459	5.463558	198,279,220,271,264,311,1148,720	18.625000,16.125000,15.937500,15.000000,14.812500,14.812500,14.312500,13.937500
250	0	6498	9.633858	198,279,220,271,264,311,1148,40	18.750000,15.812500,15.437500,15.187500,14.500000,14.500000,14.437500,14.062500
251	0	4632	14.254303	198,279,220,271,311,264,720,459	18.375000,16.125000,15.937500,15.062500,14.937500,14.687500,14.187500,14.000000
252	0	1174	10.401432	198,279,220,271,311,264,1148,459	18.625000,16.125000,15.437500,15.250000,15.000000,14.500000,14.312500,13.812500
253	0	12707	14.421423	198,220,279,271,264,311,1148,58	19.000000,16.250000,16.125000,14.687500,14.562500,14.562500,14.437500,14.250000
254	0	323	5.788202	198,279,271,311,220,1148,264,459	18.750000,16.000000,15.437500,15.000000,14.937500,14.562500,14.437500,13.812500
255	0	34596	13.346094	198,279,220,271,264,1148,311,358	18.875000,16.625000,15.750000,15.500000,15.187500,15.187500,15.062500,14.250000
256	0	12360	14.360636	198,279,271,220,311,264,1148,58	19.125000,16.375000,16.000000,15.750000,15.437500,14.937500,14.812500,14.437500
257	0	662	10.564461	198,279,220,271,311,264,58,1148	18.250000,15.750000,15.562500,15.250000,15.000000,14.312500,14.062500,13.812500
258	0	1283	11.303888	198,220,279,271,311,58,264,1148	19.000000,15.687500,15.437500,15.250000,14.250000,14.000000,14.000000,13.812500
259	0	1047	8.911682	198,279,220,271,264,311,1148,40	18.875000,15.812500,15.562500,15.437500,14.500000,14.500000,14.437500,14.250000
260	0	264	4.532230	198,279,220,271,264,311,1148,40	19.250000,16.625000,15.937500,15.312500,15.187500,15.187500,15.187500,14.562500
261	0	8810	14.755756	198,279,220,271,264,311,1148,58	18.375000,15.750000,15.312500,14.750000,14.500000,14.437500,14.000000,13.687500
262	0	571	12.026640	198,279,220,311,271,264,459,1148	17.875000,16.125000,15.437500,15.062500,14.812500,14.687500,14.000000,14.000000
263	0	12	7.382999	198,220,271,279,311,720,264,998	18.500000,15.250000,15.250000,15.062500,13.937500,13.750000,13.562500,13.187500
264	0	31	11.242056	198,220,279,271,720,16,264,311	18.375000,15.750000,15.500000,14.437500,14.312500,14.187500,14.187500,14.062500
265	0	40500	14.952101	198,220,279,271,720,311,58,264	18.625000,15.312500,15.000000,14.812500,13.812500,13.750000,13.437500,13.437500
266	0	3560	11.726091	198,279,220,264,311,1148,271,459	17.750000,16.375000,16.250000,15.000000,14.687500,14.562500,14.500000,14.500000
267	0	389	9.865835	198,279,271,220,311,58,264,512	19.250000,15.750000,15.500000,15.250000,15.000000,14.187500,14.187500,14.000000
268	0	279	2.937040	198,279,220,271,264,311,1148,58	18.750000,16.375000,15.812500,15.062500,15.000000,14.812500,14.562500,14.000000
269	0	12707	13.624285	198,279,220,271,264,311,1148,358	18.625000,16.250000,15.750000,15.062500,14.812500,14.687500,14.687500,13.937500
270	0	4101	12.319452	198,279,271,311,220,1148,264,459	18.750000,16.000000,15.437500,15.000000,14.937500,14.562500,14.437500,13.812500
271	0	578	7.524963	198,271,220,279,58,311,264,512	19.500000,16.000000,15.687500,15.500000,15.062500,14.812500,14.312500,14.250000
272	0	8766	14.075621	198,279,220,271,264,311,720,1148	18.625000,16.000000,15.937500,15.187500,14.687500,14.312500,14.250000,14.187500
273	0	304	6.868582	198,279,220,271,264,311,1148,791	18.625000,16.375000,16.125000,15.812500,15.000000,15.000000,14.812500,14.312500
274	0	220	3.664141	198,279,220,271,311,264,1148,459	18.875000,16.625000,15.750000,15.187500,15.062500,15.000000,14.812500,13.937500
275	0	1049	7.230272	198,279,220,271,311,16,264,58	18.625000,15.250000,15.187500,14.562500,14.062500,13.937500,13.937500,13.687500
276	0	15	6.885117	198,220,271,279,58,720,311,264	19.250000,15.812500,15.437500,15.437500,14.562500,14.437500,14.312500,14.187500
277	0	662	10.509653	198,220,271,279,58,311,264,720	19.375000,15.250000,15.187500,15.187500,14.250000,14.250000,13.812500,13.687500
278	0	1115	8.928888	198,220,279,271,311,58,264,1148	19.000000,15.687500,15.437500,15.250000,14.250000,14.000000,14.000000,13.812500
279	0	574	7.810717	198,279,271,220,311,264,1148,791	19.250000,15.750000,15.437500,15.250000,14.500000,14.437500,14.250000,14.000000
280	0	8272	12.961567	198,279,220,311,264,271,1148,459	19.000000,16.500000,16.125000,15.187500,15.062500,15.062500,14.937500,14.187500
281	0	555	7.806204	198,279,220,271,311,264,1148,58	19.500000,16.375000,16.125000,15.312500,15.312500,14.937500,14.812500,14.187500
282	0	264	4.059040	198,279,220,264,271,311,1148,459	18.250000,16.500000,16.375000,15.000000,15.000000,14.937500,14.687500,14.062500
283	0	40500	13.849506	198,279,220,271,264,311,1148,58	18.375000,15.750000,15.312500,14.750000,14.500000,14.437500,14.000000,13.687500
284	0	3560	11.726091	198,279,220,264,311,1148,271,459	17.750000,16.375000,16.250000,15.000000,14.687500,14.562500,14.500000,14.500000
285	0	304	7.303335	198,279,271,220,311,58,264,512	19.250000,15.750000,15.500000,15.250000,15.000000,14.187500,14.187500,14.000000
286	0	279	2.789141	198,279,220,271,311,264,1148,459	18.875000,16.625000,15.750000,15.187500,15.062500,15.000000,14.812500,13.937500
287	0	1514	10.218035	198,279,220,271,264,311,1148,358	18.625000,16.250000,15.750000,15.062500,14.812500,14.687500,14.687500,13.937500
288	0	6385	12.892193	198,279,271,220,311,264,1148,58	19.125000,16.250000,15.437500,15.250000,15.250000,14.750000,14.500000,14.187500
289	0	2439	13.346907	198,279,220,271,264,311,720,1148	18.000000,15.812500,15.687500,15.062500,14.500000,14.500000,14.062500,14.000000
290	0	5439	12.285086	198,279,220,271,311,264,58,1148	18.750000,15.437500,15.250000,15.187500,14.750000,14.062500,14.000000,13.562500
291	0	555	7.186361	198,279,220,311,264,271,1148,459	18.625000,16.375000,16.125000,15.437500,15.000000,14.687500,14.500000,14.187500
292	0	22021	13.934040	198,279,220,264,271,311,1148,459	18.250000,16.500000,16.375000,15.000000,15.000000,14.937500,14.687500,14.062500
293	0	77023	15.280523	198,220,279,271,264,311,58,791	17.875000,15.312500,15.062500,14.687500,13.937500,13.937500,13.500000,13.250000
294	0	1174	9.195532	198,220,279,271,311,264,720,58	17.875000,15.562500,15.250000,14.750000,14.437500,14.000000,13.937500,13.687500
295	0	902	7.983923	198,220,279,271,264,311,1148,58	19.000000,16.250000,16.125000,14.687500,14.562500,14.562500,14.437500,14.250000
296	0	574	7.679529	198,279,271,220,311,1148,264,58	19.625000,16.125000,15.687500,15.312500,14.937500,14.812500,14.562500,14.500000
297	0	10887	12.524067	198,279,220,311,264,271,1148,459	19.000000,16.500000,16.125000,15.187500,15.062500,15.062500,14.937500,14.187500
298	0	304	7.399914	198,279,220,271,311,264,58,1148	19.125000,16.000000,15.750000,15.062500,14.937500,14.750000,14.562500,14.187500
299	0	220	3.664141	198,279,220,271,311,264,1148,459	18.875000,16.625000,15.750000,15.187500,15.062500,15.000000,14.812500,13.937500
300	0	1049	7.230272	198,279,220,271,311,16,264,58	18.625000,15.250000,15.187500,14.562500,14.062500,13.937500,13.937500,13.687500
301	0	16	5.510117	198,220,271,279,58,720,311,264	19.250000,15.812500,15.437500,15.437500,14.562500,14.437500,14.312500,14.187500
302	0	520	7.201900	198,220,279,271,58,311,264,16	19.000000,15.250000,15.062500,14.937500,14.250000,14.187500,13.937500,13.750000
303	0	279	2.614124	198,279,220,264,271,311,1148,720	18.500000,16.500000,16.000000,15.000000,14.937500,14.937500,14.500000,14.062500
304	0	16591	13.936785	198,279,220,271,264,311,1148,358	18.625000,16.250000,15.750000,15.062500,14.812500,14.687500,14.687500,13.937500
305	0	7301	12.560478	198,279,220,271,311,264,1148,791	18.000000,15.687500,15.312500,15.187500,14.437500,14.250000,14.250000,13.750000
306	0	27315	16.004766	198,279,220,271,311,264,1148,459	18.125000,16.375000,15.937500,15.437500,15.062500,14.812500,14.250000,14.187500
307	0	662	10.502966	198,279,220,271,311,264,1148,791	19.125000,16.125000,16.000000,16.000000,15.250000,14.750000,14.500000,14.250000
308	0	1283	11.303888	198,220,279,271,311,58,264,1148	19.000000,15.687500,15.437500,15.250000,14.250000,14.000000,14.000000,13.812500
309	0	1047	8.911682	198,279,220,271,264,311,1148,40	18.875000,15.812500,15.562500,15.437500,14.500000,14.500000,14.437500,14.250000
310	0	264	4.532230	198,279,220,271,264,311,1148,40	19.250000,16.625000,15.937500,15.312500,15.187500,15.187500,15.187500,14.562500
311	0	8810	14.755756	198,279,220,271,264,311,1148,58	18.375000,15.750000,15.312500,14.750000,14.500000,14.437500,14.000000,13.687500
312	0	3560	11.651640	198,279,220,311,271,264,459,1148	17.875000,16.125000,15.437500,15.062500,14.812500,14.687500,14.000000,14.000000
313	0	304	7.303335	198,279,271,220,311,58,264,512	19.250000,15.750000,15.500000,15.250000,15.000000,14.187500,14.187500,14.000000
314	0	279	2.789141	198,279,220,271,311,264,1148,459	18.875000,16.625000,15.750000,15.187500,15.062500,15.000000,14.812500,13.937500
315	0	12707	13.624285	198,279,220,271,264,311,1148,358	18.625000,16.250000,15.750000,15.062500,14.812500,14.687500,14.687500,13.937500
316	0	4101	12.319452	198,279,271,311,220,1148,264,459	18.750000,16.000000,15.437500,15.000000,14.937500,14.562500,14.437500,13.812500
317	0	20819	14.024963	198,271,220,279,58,311,264,512	19.500000,16.000000,15.687500,15.500000,15.062500,14.812500,14.312500,14.250000
318	0	3842	9.985239	198,279,220,271,311,264,1148,459	18.125000,16.375000,16.250000,15.312500,15.062500,15.000000,14.312500,14.250000
319	0	1611	9.420271	198,279,220,271,264,311,1148,459	18.375000,16.125000,15.937500,15.312500,14.562500,14.562500,14.437500,13.937500
320	0	291	10.389826	198,220,279,271,720,311,264,791	17.750000,15.062500,14.562500,14.250000,13.500000,13.437500,13.250000,12.750000
321	0	304	6.877993	198,279,220,271,311,264,58,1148	18.125000,15.562500,15.312500,14.562500,14.562500,14.250000,13.687500,13.500000
322	0	220	3.664141	198,279,220,271,311,264,1148,459	18.875000,16.625000,15.750000,15.187500,15.062500,15.000000,14.812500,13.937500
323	0	1049	7.230272	198,279,220,271,311,16,264,58	18.625000,15.250000,15.187500,14.562500,14.062500,13.937500,13.937500,13.687500
324	0	17	6.385117	198,220,271,279,58,720,311,264	19.250000,15.812500,15.437500,15.437500,14.562500,14.437500,14.312500,14.187500
325	0	662	9.986752	198,220,279,271,58,311,264,720	18.500000,15.187500,14.937500,14.750000,14.000000,13.937500,13.750000,13.687500
326	0	763	8.553888	198,220,279,271,311,58,264,1148	19.000000,15.687500,15.437500,15.250000,14.250000,14.000000,14.000000,13.812500
327	0	220	3.914457	198,279,220,271,264,311,1148,791	18.875000,16.125000,15.437500,15.187500,14.687500,14.312500,14.312500,14.250000
328	0	1049	7.230272	198,279,220,271,311,16,264,58	18.625000,15.250000,15.187500,14.562500,14.062500,13.937500,13.937500,13.687500
329	0	19	7.510117	198,220,271,279,58,720,311,264	19.250000,15.812500,15.437500,15.437500,14.562500,14.437500,14.312500,14.187500
330	0	426	10.500141	198,220,271,279,58,311,264,40	18.875000,15.062500,15.062500,15.062500,14.187500,14.062500,13.812500,13.500000
331	0	11206	15.835081	198,220,271,279,311,58,720,264	19.000000,15.437500,15.437500,15.312500,14.250000,14.187500,14.187500,14.062500
332	0	466	8.922197	198,271,279,220,311,58,264,791	18.250000,14.812500,14.812500,14.750000,13.750000,13.562500,13.500000,13.500000
333	0	27212	13.615967	198,279,220,271,311,264,58,1148	18.375000,15.562500,15.187500,15.062500,14.687500,14.250000,13.812500,13.750000
334	0	264	3.433708	198,279,220,264,311,271,459,1148	17.625000,16.500000,15.687500,15.187500,15.187500,14.687500,14.500000,14.250000
335	0	3560	12.068256	198,279,220,271,264,311,1148,58	18.375000,15.750000,15.312500,14.750000,14.500000,14.437500,14.000000,13.687500
336	0	439	8.365835	198,279,271,220,311,58,264,512	19.250000,15.750000,15.500000,15.250000,15.000000,14.187500,14.187500,14.000000
337	0	330	6.307354	198,279,220,271,264,311,1148,459	19.125000,16.625000,15.812500,15.500000,15.187500,15.187500,15.187500,14.062500
338	0	29517	14.606867	198,279,271,220,40,791,1148,311	19.125000,15.500000,15.250000,14.750000,14.687500,14.437500,14.312500,14.250000
339	0	330	6.283577	198,279,220,271,264,311,459,1148	17.750000,15.750000,15.562500,14.937500,14.500000,14.437500,13.812500,13.812500
340	0	304	7.825617	198,279,271,220,40,791,1148,311	19.125000,15.500000,15.250000,14.750000,14.687500,14.437500,14.312500,14.250000
341	0	279	2.789141	198,279,220,271,311,264,1148,459	18.875000,16.625000,15.750000,15.187500,15.062500,15.000000,14.812500,13.937500
342	0	9417	14.249285	198,279,220,271,264,311,1148,358	18.625000,16.250000,15.750000,15.062500,14.812500,14.687500,14.687500,13.937500
343	0	330	6.921402	198,271,279,220,311,1148,264,58	19.250000,16.250000,16.250000,15.687500,15.187500,14.937500,14.750000,14.437500
344	0	71166	14.294367	198,279,271,220,40,791,1148,311	19.125000,15.500000,15.250000,14.750000,14.687500,14.437500,14.312500,14.250000
345	0	364	9.173044	198,220,279,271,311,264,459,1148	17.375000,15.437500,15.250000,14.500000,14.187500,14.000000,13.437500,13.187500
346	0	82	5.903181	198,279,220,271,311,40,264,1148	18.625000,15.437500,14.750000,14.750000,14.062500,14.000000,13.937500,13.937500
347	0	15457	14.862198	198,279,271,220,311,58,264,512	19.125000,15.312500,15.250000,14.937500,14.500000,14.437500,14.062500,13.750000
348	0	330	6.448683	198,220,271,279,311,58,264,720	19.250000,16.375000,16.250000,15.750000,14.812500,14.687500,14.562500,14.312500
349	0	315	8.138117	198,279,271,220,40,791,1148,311	19.125000,15.500000,15.250000,14.750000,14.687500,14.437500,14.312500,14.250000
350	0	279	2.828091	198,279,220,271,264,1148,311,459	18.500000,16.375000,15.750000,15.062500,15.000000,14.937500,14.687500,14.000000
351	0	12707	13.624285	198,279,220,271,264,311,1148,358	18.625000,16.250000,15.750000,15.062500,14.812500,14.687500,14.687500,13.937500
352	0	4101	12.319452	198,279,271,311,220,1148,264,459	18.750000,16.000000,15.437500,15.000000,14.937500,14.562500,14.437500,13.812500
353	0	578	7.524963	198,271,220,279,58,311,264,512	19.500000,16.000000,15.687500,15.500000,15.062500,14.812500,14.312500,14.250000
354	0	5843	13.950621	198,279,220,271,264,311,720,1148	18.625000,16.000000,15.937500,15.187500,14.687500,14.312500,14.250000,14.187500
355	0	38725	16.739733	198,279,220,271,311,264,58,1148	18.250000,15.812500,15.687500,14.750000,14.687500,14.312500,13.687500,13.562500
356	0	2652	11.428364	198,271,279,220,791,311,264,40	17.875000,15.312500,15.250000,14.937500,14.250000,14.062500,14.000000,13.750000
357	0	568	7.081341	198,220,279,311,271,264,1148,720	19.500000,16.375000,16.125000,14.812500,14.750000,14.562500,14.437500,14.062500
358	0	59335	16.070852	198,279,220,271,311,264,1148,40	18.500000,15.812500,15.312500,15.000000,14.687500,14.437500,14.312500,14.000000
359	0	16662	14.029840	198,220,279,264,311,459,720,1148	16.500000,15.812500,15.750000,14.687500,14.500000,14.187500,14.000000,13.250000
360	0	20142	15.392771	198,279,220,271,264,311,1148,459	18.875000,17.125000,16.125000,15.687500,15.562500,15.562500,15.437500,14.937500
361	0	4488	11.608301	198,279,271,311,220,264,58,1148	18.875000,15.937500,15.312500,15.312500,15.250000,14.437500,14.000000,14.000000
362	0	27191	15.196409	198,220,279,271,264,311,1148,459	18.375000,16.125000,16.000000,15.437500,14.562500,14.562500,14.062500,13.812500
363	0	323	5.836590	198,279,220,271,311,264,459,720	17.875000,15.250000,15.187500,14.250000,14.187500,14.000000,13.250000,13.250000
364	0	43423	12.908594	198,279,220,271,264,1148,311,358	18.875000,16.625000,15.750000,15.500000,15.187500,15.187500,15.062500,14.250000
365	0	15385	14.682571	198,220,271,279,311,264,58,1148	18.250000,15.062500,15.000000,14.812500,13.812500,13.687500,13.562500,13.437500
366	0	18843	14.123186	198,220,271,279,311,264,58,791	17.625000,15.000000,14.437500,14.000000,13.312500,12.687500,12.500000,12.500000
367	0	662	10.357086	198,271,220,279,311,58,264,1148	18.500000,15.500000,15.062500,15.062500,14.187500,14.000000,13.562500,13.437500
368	0	1283	11.303888	198,220,279,271,311,58,264,1148	19.000000,15.687500,15.437500,15.250000,14.250000,14.000000,14.000000,13.812500
369	0	574	7.411682	198,279,220,271,264,311,1148,40	18.875000,15.812500,15.562500,15.437500,14.500000,14.500000,14.437500,14.250000
370	0	6445	11.586567	198,279,220,311,264,271,1148,459	19.000000,16.500000,16.125000,15.187500,15.062500,15.062500,14.937500,14.187500
371	0	304	6.744968	198,279,220,311,264,271,459,1148	18.125000,16.125000,15.187500,15.000000,14.500000,14.312500,13.750000,13.687500
372	0	279	2.789141	198,279,220,271,311,264,1148,459	18.875000,16.625000,15.750000,15.187500,15.062500,15.000000,14.812500,13.937500
373	0	220	3.468035	198,279,220,271,264,311,1148,358	18.625000,16.250000,15.750000,15.062500,14.812500,14.687500,14.687500,13.937500
374	0	1049	7.230272	198,279,220,271,311,16,264,58	18.625000,15.250000,15.187500,14.562500,14.062500,13.937500,13.937500,13.687500
375	0	20	6.072617	198,220,271,279,58,720,311,264	19.250000,15.812500,15.437500,15.437500,14.562500,14.437500,14.312500,14.187500
376	0	34596	15.133362	198,220,271,279,311,58,264,1148	18.875000,15.187500,15.187500,15.187500,14.250000,14.062500,13.937500,13.500000
377	0	54248	15.907511	198,279,271,220,311,264,1148,58	19.125000,16.375000,16.000000,15.750000,15.437500,14.937500,14.812500,14.437500
378	0	315	7.327627	198,279,271,220,311,264,1148,58	19.125000,16.000000,15.750000,15.437500,15.312500,14.687500,14.437500,14.312500
379	0	279	2.828091	198,279,220,271,264,1148,311,459	18.500000,16.375000,15.750000,15.062500,15.000000,14.937500,14.687500,14.000000
380	0	26241	14.374285	198,279,220,271,264,311,1148,358	18.625000,16.250000,15.750000,15.062500,14.812500,14.687500,14.687500,13.937500
381	0	93401	14.389294	198,220,271,279,791,264,311,1148	17.875000,15.187500,15.062500,15.062500,13.937500,13.750000,13.750000,13.687500
382	0	1514	10.347181	198,271,279,220,311,264,1148,791	18.875000,15.812500,15.750000,15.062500,14.750000,14.312500,14.187500,14.000000
383	0	44662	14.235943	198,279,271,220,311,264,1148,58	19.125000,16.250000,15.437500,15.250000,15.250000,14.750000,14.500000,14.187500
384	0	50940	15.689489	198,220,279,271,311,264,1148,720	18.125000,15.750000,15.687500,15.500000,14.562500,14.437500,13.687500,13.562500
385	0	1174	10.042788	198,220,279,271,311,264,720,58	17.750000,14.812500,14.312500,14.000000,13.187500,13.062500,13.000000,12.937500
386	0	902	7.983923	198,220,279,271,264,311,1148,58	19.000000,16.250000,16.125000,14.687500,14.562500,14.562500,14.437500,14.250000
387	0	574	7.679529	198,279,271,220,311,1148,264,58	19.625000,16.125000,15.687500,15.312500,14.937500,14.812500,14.562500,14.500000
388	0	10887	12.524067	198,279,220,311,264,271,1148,459	19.000000,16.500000,16.125000,15.187500,15.062500,15.062500,14.937500,14.187500
389	0	520	6.274914	198,279,220,271,311,264,58,1148	19.125000,16.000000,15.750000,15.062500,14.937500,14.750000,14.562500,14.187500
390	0	279	2.614124	198,279,220,264,271,311,1148,720	18.500000,16.500000,16.000000,15.000000,14.937500,14.937500,14.500000,14.062500
391	0	46506	16.218035	198,279,220,271,264,311,1148,358	18.625000,16.250000,15.750000,15.062500,14.812500,14.687500,14.687500,13.937500
392	0	27315	16.476902	198,220,279,271,311,264,459,374	17.500000,15.562500,15.187500,14.500000,14.062500,13.812500,13.250000,12.937500
393	0	304	7.002966	198,279,220,271,311,264,1148,791	19.125000,16.125000,16.000000,16.000000,15.250000,14.750000,14.500000,14.250000
394	0	72098	17.226641	198,279,220,271,311,264,1148,459	18.875000,16.625000,15.750000,15.187500,15.062500,15.000000,14.812500,13.937500
395	0	323	5.555639	198,279,271,220,311,1148,264,459	18.625000,16.125000,15.750000,15.312500,15.062500,14.750000,14.687500,14.062500
396	0	279	2.877344	198,279,220,271,264,1148,311,358	18.875000,16.625000,15.750000,15.500000,15.187500,15.187500,15.062500,14.250000
397	0	11258	14.155535	198,279,220,271,264,311,1148,358	18.625000,16.250000,15.750000,15.062500,14.812500,14.687500,14.687500,13.937500
398	0	1291	11.684456	198,220,279,271,311,264,58,720	17.875000,15.687500,15.687500,14.812500,14.687500,14.312500,13.562500,13.500000
399	0	39520	16.961529	198,279,220,311,271,264,720,1148	17.750000,15.562500,15.500000,14.687500,14.500000,14.187500,13.562500,13.500000
400	0	17367	14.495703	198,220,279,271,311,264,459,1148	17.875000,16.000000,15.687500,15.437500,14.687500,14.500000,13.812500,13.687500
401	0	304	6.768906	198,279,220,271,311,264,58,720	18.125000,15.750000,15.687500,15.437500,14.812500,14.500000,13.750000,13.687500
402	0	7295	12.257891	198,279,220,271,311,264,1148,459	18.875000,16.625000,15.750000,15.187500,15.062500,15.000000,14.812500,13.937500
403	0	662	10.258215	198,279,220,271,311,264,1148,459	18.375000,16.375000,16.125000,15.437500,15.187500,15.000000,14.500000,14.437500
404	0	1283	11.303888	198,220,279,271,311,58,264,1148	19.000000,15.687500,15.437500,15.250000,14.250000,14.000000,14.000000,13.812500
405	0	574	7.411682	198,279,220,271,264,311,1148,40	18.875000,15.812500,15.562500,15.437500,14.500000,14.500000,14.437500,14.250000
406	0	15910	11.430317	198,279,220,311,264,271,1148,459	19.000000,16.500000,16.125000,15.187500,15.062500,15.062500,14.937500,14.187500
407	0	555	7.051973	198,279,220,311,264,271,459,1148	17.625000,15.937500,15.312500,15.187500,14.500000,14.000000,13.562500,13.500000
408	0	3842	10.121540	198,279,220,264,271,311,1148,459	18.250000,16.500000,16.375000,15.000000,15.000000,14.937500,14.687500,14.062500
409	0	68573	14.764021	198,279,220,271,264,311,1148,459	18.375000,16.125000,15.937500,15.312500,14.562500,14.562500,14.437500,13.937500
410	0	323	4.978323	198,279,220,264,271,311,459,720	16.500000,15.437500,14.937500,14.187500,14.062500,13.937500,13.812500,13.562500
411	0	59335	15.767969	198,279,220,271,264,1148,311,358	18.875000,16.625000,15.750000,15.500000,15.187500,15.187500,15.062500,14.250000
412	0	16662	14.029840	198,220,279,264,311,459,720,1148	16.500000,15.812500,15.750000,14.687500,14.500000,14.187500,14.000000,13.250000
413	0	7505	13.330271	198,279,220,271,264,311,1148,459	18.875000,17.125000,16.125000,15.687500,15.562500,15.562500,15.437500,14.937500
414	0	1254	11.897202	198,220,279,271,311,264,459,1148	17.250000,15.312500,15.187500,14.312500,13.937500,13.812500,13.187500,13.187500
415	0	819	12.861721	198,271,279,220,720,311,40,998	18.250000,14.812500,14.687500,14.437500,13.687500,13.562500,13.437500,13.437500
416	0	675	13.199001	198,279,220,271,311,264,1148,58	18.000000,15.312500,15.062500,14.687500,14.187500,14.062500,13.437500,13.250000
417	0	1174	9.658974	198,279,220,271,311,264,1148,58	17.625000,14.937500,14.812500,14.250000,14.000000,13.562500,13.062500,12.937500
418	0	51075	16.405798	198,220,279,271,264,311,1148,58	19.000000,16.250000,16.125000,14.687500,14.562500,14.562500,14.437500,14.250000
419	0	1901	10.840734	198,279,271,220,311,1148,264,791	18.375000,15.687500,15.437500,15.312500,14.437500,14.312500,14.250000,14.250000
420	0	12997	15.634817	198,220,279,271,311,720,264,58	18.000000,15.250000,15.000000,14.750000,13.937500,13.937500,13.750000,13.250000
421	0	1174	9.900057	198,279,220,271,311,264,58,1148	18.375000,15.000000,14.812500,14.687500,14.187500,13.750000,13.437500,13.187500
422	0	14253	13.765173	198,220,279,271,264,311,1148,58	19.000000,16.250000,16.125000,14.687500,14.562500,14.562500,14.437500,14.250000
423	0	18206	13.610291	198,279,271,220,311,264,1148,791	18.125000,15.562500,15.437500,15.312500,14.437500,14.250000,14.000000,13.812500
424	0	1174	9.559107	198,279,220,271,311,264,1148,459	18.125000,16.125000,15.500000,15.312500,15.062500,14.687500,14.437500,13.937500
425	0	56230	15.796423	198,220,279,271,264,311,1148,58	19.000000,16.250000,16.125000,14.687500,14.562500,14.562500,14.437500,14.250000
426	0	24852	12.668381	198,279,220,311,271,264,459,1148	17.375000,15.812500,15.250000,14.750000,14.687500,14.500000,13.812500,13.500000
427	0	417	9.976612	198,220,271,279,311,264,58,791	17.875000,15.187500,14.750000,14.750000,13.812500,13.562500,13.312500,13.312500
428	0	1174	9.845043	198,279,220,271,311,264,58,720	18.375000,15.312500,15.250000,14.562500,14.562500,14.000000,13.812500,13.812500
429	0	60410	15.202673	198,220,279,271,264,311,1148,58	19.000000,16.250000,16.125000,14.687500,14.562500,14.562500,14.437500,14.250000
430	0	81764	16.174734	198,220,279,271,264,720,311,12	17.625000,15.812500,15.312500,14.562500,14.312500,14.312500,14.250000,13.812500
431	0	323	5.937635	198,220,279,271,264,311,791,58	18.125000,15.437500,15.187500,15.062500,14.062500,14.062500,13.687500,13.562500
432	0	68134	14.033594	198,279,220,271,264,1148,311,358	18.875000,16.625000,15.750000,15.500000,15.187500,15.187500,15.062500,14.250000
433	0	11166	12.805082	198,220,279,271,264,311,1148,791	18.375000,15.562500,15.500000,15.062500,14.250000,14.250000,13.937500,13.687500
434	0	662	10.246891	198,279,220,271,311,264,720,459	17.875000,15.812500,15.750000,15.000000,14.750000,14.500000,14.062500,13.812500
435	0	720	5.616388	198,220,279,271,311,58,264,1148	19.000000,15.687500,15.437500,15.250000,14.250000,14.000000,14.000000,13.812500
436	0	763	9.040668	198,220,271,279,58,720,264,311	20.125000,16.000000,15.562500,15.562500,15.000000,14.437500,14.312500,14.312500
437	0	220	3.914457	198,279,220,271,264,311,1148,791	18.875000,16.125000,15.437500,15.187500,14.687500,14.312500,14.312500,14.250000
438	0	1049	7.230272	198,279,220,271,311,16,264,58	18.625000,15.250000,15.187500,14.562500,14.062500,13.937500,13.937500,13.687500
439	0	21	6.510117	198,220,271,279,58,720,311,264	19.250000,15.812500,15.437500,15.437500,14.562500,14.437500,14.312500,14.187500
440	0	1174	9.955715	198,220,271,279,311,58,264,1148	18.875000,15.312500,15.250000,15.187500,14.187500,14.062500,13.937500,13.500000
441	0	426	9.671423	198,220,279,271,264,311,1148,58	19.000000,16.250000,16.125000,14.687500,14.562500,14.562500,14.437500,14.250000
442	0	11206	15.835081	198,220,271,279,311,58,720,264	19.000000,15.437500,15.437500,15.312500,14.250000,14.187500,14.187500,14.062500
443	0	466	8.922197	198,271,279,220,311,58,264,791	18.250000,14.812500,14.812500,14.750000,13.750000,13.562500,13.500000,13.500000
444	0	59335	16.600342	198,279,220,271,311,264,58,1148	18.375000,15.562500,15.187500,15.062500,14.687500,14.250000,13.812500,13.750000
445	0	16662	14.029840	198,220,279,264,311,459,720,1148	16.500000,15.812500,15.750000,14.687500,14.500000,14.187500,14.000000,13.250000
446	0	1254	12.142771	198,279,220,271,264,311,1148,459	18.875000,17.125000,16.125000,15.687500,15.562500,15.562500,15.437500,14.937500
447	0	819	12.861721	198,271,279,220,720,311,40,998	18.250000,14.812500,14.687500,14.437500,13.687500,13.562500,13.437500,13.437500
448	0	675	13.199001	198,279,220,271,311,264,1148,58	18.000000,15.312500,15.062500,14.687500,14.187500,14.062500,13.437500,13.250000
449	0	304	7.096474	198,279,220,271,311,264,1148,58	17.625000,14.937500,14.812500,14.250000,14.000000,13.562500,13.062500,12.937500
450	0	279	2.789141	198,279,220,271,311,264,1148,459	18.875000,16.625000,15.750000,15.187500,15.062500,15.000000,14.812500,13.937500
451	0	1514	10.218035	198,279,220,271,264,311,1148,358	18.625000,16.250000,15.750000,15.062500,14.812500,14.687500,14.687500,13.937500
452	0	94836	18.860943	198,279,271,220,311,264,1148,58	19.125000,16.250000,15.437500,15.250000,15.250000,14.750000,14.500000,14.187500
453	0	5439	11.746534	198,220,279,271,311,264,374,1148	18.250000,15.937500,15.750000,15.562500,14.937500,14.437500,13.812500,13.750000
454	0	555	7.186361	198,279,220,311,264,271,1148,459	18.625000,16.375000,16.125000,15.437500,15.000000,14.687500,14.500000,14.187500
455	0	4488	10.184040	198,279,220,264,271,311,1148,459	18.250000,16.500000,16.375000,15.000000,15.000000,14.937500,14.687500,14.062500
456	0	46207	17.212034	198,220,279,271,264,311,1148,459	18.375000,16.125000,16.000000,15.437500,14.562500,14.562500,14.062500,13.812500
457	0	28607	14.442877	198,220,279,271,264,311,459,1148	17.625000,15.750000,15.687500,14.562500,14.437500,14.437500,13.812500,13.500000
458	0	662	9.704254	198,220,279,311,264,720,271,374	17.250000,15.562500,15.312500,14.562500,14.187500,14.187500,14.000000,13.437500
459	0	1283	11.303888	198,220,279,271,311,58,264,1148	19.000000,15.687500,15.437500,15.250000,14.250000,14.000000,14.000000,13.812500
460	0	9922	13.505432	198,279,220,271,264,311,1148,40	18.875000,15.812500,15.562500,15.437500,14.500000,14.500000,14.437500,14.250000
461	0	389	10.196657	198,220,279,271,311,264,1148,58	19.375000,15.937500,15.812500,14.812500,14.812500,14.500000,14.187500,14.062500
462	0	264	4.312040	198,279,220,271,264,311,1148,58	18.750000,16.375000,15.812500,15.062500,15.000000,14.812500,14.562500,14.000000
463	0	220	3.599506	198,279,220,271,264,311,1148,58	18.375000,15.750000,15.312500,14.750000,14.500000,14.437500,14.000000,13.687500
464	0	1049	7.230272	198,279,220,271,311,16,264,58	18.625000,15.250000,15.187500,14.562500,14.062500,13.937500,13.937500,13.687500
465	0	21	6.510117	198,220,271,279,58,720,311,264	19.250000,15.812500,15.437500,15.437500,14.562500,14.437500,14.312500,14.187500
466	0	9417	15.143215	198,220,271,279,311,58,264,1148	18.875000,15.312500,15.250000,15.187500,14.187500,14.062500,13.937500,13.500000
467	0	315	6.483902	198,271,279,220,311,1148,264,58	19.250000,16.250000,16.250000,15.687500,15.187500,14.937500,14.750000,14.437500
468	0	279	2.828091	198,279,220,271,264,1148,311,459	18.500000,16.375000,15.750000,15.062500,15.000000,14.937500,14.687500,14.000000
469	0	12707	13.624285	198,279,220,271,264,311,1148,358	18.625000,16.250000,15.750000,15.062500,14.812500,14.687500,14.687500,13.937500
470	0	4101	12.319452	198,279,271,311,220,1148,264,459	18.750000,16.000000,15.437500,15.000000,14.937500,14.562500,14.437500,13.812500
471	0	1174	11.024963	198,271,220,279,58,311,264,512	19.500000,16.000000,15.687500,15.500000,15.062500,14.812500,14.312500,14.250000
472	0	54943	16.405798	198,220,279,271,264,311,1148,58	19.000000,16.250000,16.125000,14.687500,14.562500,14.562500,14.437500,14.250000
473	0	1174	9.855139	198,220,279,311,271,264,459,1148	17.500000,16.125000,16.125000,15.187500,15.000000,14.750000,14.187500,13.937500
474	0	8272	13.452673	198,220,279,271,264,311,1148,58	19.000000,16.250000,16.125000,14.687500,14.562500,14.562500,14.437500,14.250000
475	0	555	7.806204	198,279,220,271,311,264,1148,58	19.500000,16.375000,16.125000,15.312500,15.312500,14.937500,14.812500,14.187500
476	0	264	4.059040	198,279,220,264,271,311,1148,459	18.250000,16.500000,16.375000,15.000000,15.000000,14.937500,14.687500,14.062500
477	0	3560	12.068256	198,279,220,271,264,311,1148,58	18.375000,15.750000,15.312500,14.750000,14.500000,14.437500,14.000000,13.687500
478	0	304	7.303335	198,279,271,220,311,58,264,512	19.250000,15.750000,15.500000,15.250000,15.000000,14.187500,14.187500,14.000000
479	0	279	2.789141	198,279,220,271,311,264,1148,459	18.875000,16.625000,15.750000,15.187500,15.062500,15.000000,14.812500,13.937500
480	0	220	3.468035	198,279,220,271,264,311,1148,358	18.625000,16.250000,15.750000,15.062500,14.812500,14.687500,14.687500,13.937500
481	0	1049	7.230272	198,279,220,271,311,16,264,58	18.625000,15.250000,15.187500,14.562500,14.062500,13.937500,13.937500,13.687500
482	0	22	7.135117	198,220,271,279,58,720,311,264	19.250000,15.812500,15.437500,15.437500,14.562500,14.437500,14.312500,14.187500
483	0	34596	15.242823	198,220,271,279,58,311,264,40	19.250000,15.500000,15.500000,15.312500,14.500000,14.437500,14.062500,14.000000
484	0	5788	12.954386	198,279,271,220,311,264,1148,58	19.125000,16.375000,16.000000,15.750000,15.437500,14.937500,14.812500,14.437500
485	0	315	6.965136	198,279,271,220,311,264,1148,58	19.000000,16.125000,15.812500,15.437500,15.437500,14.687500,14.500000,14.062500
486	0	2650	7.640591	198,279,220,271,264,1148,311,459	18.500000,16.375000,15.750000,15.062500,15.000000,14.937500,14.687500,14.000000
487	0	311	4.642105	198,279,220,271,311,264,1148,40	18.875000,16.000000,15.812500,15.562500,14.750000,14.562500,14.500000,14.312500
488	0	71727	17.524033	198,279,220,264,271,311,1148,459	18.500000,16.375000,15.812500,15.000000,15.000000,15.000000,14.500000,14.000000
489	0	15910	12.754850	198,271,279,220,791,40,311,58	19.125000,16.250000,15.312500,15.062500,14.812500,14.750000,14.312500,14.250000
490	0	555	7.051973	198,279,220,311,264,271,459,1148	17.625000,15.937500,15.312500,15.187500,14.500000,14.000000,13.562500,13.500000
491	0	28978	11.934040	198,279,220,264,271,311,1148,459	18.250000,16.500000,16.375000,15.000000,15.000000,14.937500,14.687500,14.062500
492	0	648	11.999249	198,220,279,271,311,264,720,58	17.625000,14.937500,14.062500,13.937500,13.437500,12.750000,12.687500,12.500000
493	0	432	9.948851	198,271,279,220,311,264,1148,40	18.500000,15.312500,15.312500,15.062500,14.437500,13.937500,13.937500,13.750000
494	0	85534	17.363091	198,220,279,271,720,311,264,58	18.375000,15.312500,15.312500,15.062500,14.437500,14.250000,14.062500,13.750000
495	0	662	10.379036	198,220,271,279,58,311,720,264	19.125000,15.812500,15.812500,15.312500,14.562500,14.437500,14.187500,14.062500
496	0	2650	8.678888	198,220,279,271,311,58,264,1148	19.000000,15.687500,15.437500,15.250000,14.250000,14.000000,14.000000,13.812500
497	0	311	4.642105	198,279,220,271,311,264,1148,40	18.875000,16.000000,15.812500,15.562500,14.750000,14.562500,14.500000,14.312500
498	0	71727	17.524033	198,279,220,264,271,311,1148,459	18.500000,16.375000,15.812500,15.000000,15.000000,15.000000,14.500000,14.000000
499	0	574	7.911100	198,271,279,220,791,40,311,58	19.125000,16.250000,15.312500,15.062500,14.812500,14.750000,14.312500,14.250000
500	0	10887	12.524067	198,279,220,311,264,271,1148,459	19.000000,16.500000,16.125000,15.187500,15.062500,15.062500,14.937500,14.187500
501	0	520	6.274914	198,279,220,271,311,264,58,1148	19.125000,16.000000,15.750000,15.062500,14.937500,14.750000,14.562500,14.187500
502	0	14409	13.645374	198,279,220,264,271,311,1148,720	18.500000,16.500000,16.000000,15.000000,14.937500,14.937500,14.500000,14.062500
503	0	27315	15.990963	198,279,220,271,311,264,459,1148	17.375000,16.125000,15.562500,15.500000,14.937500,14.750000,14.312500,13.937500
504	0	304	7.002966	198,279,220,271,311,264,1148,791	19.125000,16.125000,16.000000,16.000000,15.250000,14.750000,14.500000,14.250000
505	0	279	2.789141	198,279,220,271,311,264,1148,459	18.875000,16.625000,15.750000,15.187500,15.062500,15.000000,14.812500,13.937500
506	0	7295	11.936785	198,279,220,271,264,311,1148,358	18.625000,16.250000,15.750000,15.062500,14.812500,14.687500,14.687500,13.937500
507	0	85303	16.211340	198,279,220,271,311,264,1148,459	18.375000,16.375000,16.125000,15.437500,15.187500,15.000000,14.500000,14.437500
508	0	315	7.197956	198,220,279,271,264,311,459,1148	18.375000,16.000000,15.812500,15.250000,14.500000,14.437500,13.937500,13.937500
509	0	473	10.515591	198,279,220,271,264,1148,311,459	18.500000,16.375000,15.750000,15.062500,15.000000,14.937500,14.687500,14.000000
510	0	43157	18.786533	198,271,279,220,311,264,720,58	18.375000,15.187500,15.187500,14.812500,14.000000,13.812500,13.812500,13.687500
511	0	44774	18.458334	198,279,220,311,271,264,323,58	18.500000,16.125000,15.812500,15.437500,15.312500,14.687500,14.000000,13.937500
512	0	323	5.729773	198,279,271,220,311,264,58,1148	18.750000,15.500000,15.437500,15.312500,14.687500,14.250000,14.000000,13.812500
513	0	48550	13.002344	198,279,220,271,264,1148,311,358	18.875000,16.625000,15.750000,15.500000,15.187500,15.187500,15.062500,14.250000
514	0	5721	13.240328	198,279,220,271,311,791,264,14428	16.875000,14.187500,14.000000,13.937500,13.187500,12.812500,12.687500,12.687500
515	0	662	9.830894	198,220,279,271,311,264,720,1148	17.875000,15.937500,15.812500,14.812500,14.812500,14.562500,14.062500,13.750000
516	0	426	10.366388	198,220,279,271,311,58,264,1148	19.000000,15.687500,15.437500,15.250000,14.250000,14.000000,14.000000,13.812500
517	0	11206	15.835081	198,220,271,279,311,58,720,264	19.000000,15.437500,15.437500,15.312500,14.250000,14.187500,14.187500,14.062500
518	0	466	8.922197	198,271,279,220,311,58,264,791	18.250000,14.812500,14.812500,14.750000,13.750000,13.562500,13.500000,13.500000
519	0	59335	16.600342	198,279,220,271,311,264,58,1148	18.375000,15.562500,15.187500,15.062500,14.687500,14.250000,13.812500,13.750000
520	0	304	5.670465	198,220,279,264,311,459,720,1148	16.500000,15.812500,15.750000,14.687500,14.500000,14.187500,14.000000,13.250000
521	0	1403	9.226641	198,279,220,271,311,264,1148,459	18.875000,16.625000,15.750000,15.187500,15.062500,15.000000,14.812500,13.937500
522	0	12631	15.879881	198,279,220,271,311,264,58,1148	18.875000,15.750000,15.250000,14.937500,14.500000,14.437500,14.312500,14.187500
523	0	304	7.025879	198,279,220,271,311,264,1148,58	19.125000,16.375000,15.812500,15.687500,15.437500,14.750000,14.500000,14.312500
524	0	220	3.664141	198,279,220,271,311,264,1148,459	18.875000,16.625000,15.750000,15.187500,15.062500,15.000000,14.812500,13.937500
525	0	1049	7.230272	198,279,220,271,311,16,264,58	18.625000,15.250000,15.187500,14.562500,14.062500,13.937500,13.937500,13.687500
526	0	23	7.135117	198,220,271,279,58,720,311,264	19.250000,15.812500,15.437500,15.437500,14.562500,14.437500,14.312500,14.187500
527	0	1174	9.612946	198,271,220,279,311,58,264,1148	18.625000,15.437500,15.312500,15.250000,14.312500,14.187500,13.937500,13.437500
528	0	6187	12.890173	198,220,279,271,264,311,1148,58	19.000000,16.250000,16.125000,14.687500,14.562500,14.562500,14.437500,14.250000
529	0	4238	13.359554	198,220,279,271,311,264,1148,58	19.125000,16.375000,16.250000,16.000000,15.000000,14.937500,14.500000,14.312500
530	0	4997	13.693941	198,279,271,220,311,58,264,720	19.250000,15.562500,15.500000,15.250000,14.750000,14.500000,14.187500,14.000000
531	0	31304	13.726915	198,220,279,271,311,264,720,459	17.375000,15.312500,15.312500,14.500000,14.250000,13.937500,13.562500,13.437500
532	0	555	7.272697	198,220,279,271,311,264,459,1148	18.375000,16.125000,15.812500,15.250000,15.062500,14.562500,13.937500,13.937500
533	0	57337	17.457478	198,279,220,264,271,311,1148,459	18.250000,16.500000,16.375000,15.000000,15.000000,14.937500,14.687500,14.062500
534	0	12366	13.392857	198,279,220,311,271,264,1148,459	17.750000,16.000000,15.312500,15.062500,15.000000,14.500000,14.187500,14.000000
535	0	2009	12.499691	198,220,279,311,264,271,720,459	17.375000,15.812500,15.812500,14.750000,14.562500,14.500000,14.000000,13.812500
536	0	546	12.995705	198,220,279,271,311,264,720,791	17.375000,15.062500,14.812500,14.250000,13.500000,13.437500,13.062500,12.937500
537	0	72	5.849854	198,279,220,271,311,58,264,720	18.125000,15.062500,14.812500,14.250000,14.250000,13.687500,13.687500,13.500000
538	0	1174	9.965757	198,220,271,279,58,311,264,720	18.875000,15.000000,15.000000,14.937500,14.187500,14.000000,13.687500,13.562500
539	0	323	6.108923	198,220,279,271,264,311,1148,58	19.000000,16.250000,16.125000,14.687500,14.562500,14.562500,14.437500,14.250000
540	0	4418	10.064844	198,279,220,271,264,1148,311,358	18.875000,16.625000,15.750000,15.500000,15.187500,15.187500,15.062500,14.250000
541	0	798	10.785673	198,279,220,271,311,264,40,1148	18.625000,15.500000,15.312500,15.187500,14.437500,14.000000,13.937500,13.812500
542	0	54275	17.243126	198,220,279,271,311,58,264,720	18.250000,15.687500,15.437500,15.187500,14.750000,14.312500,14.187500,14.062500
543	0	15910	11.858059	198,220,279,271,311,264,459,720	17.875000,15.937500,15.500000,14.937500,14.437500,14.312500,13.687500,13.500000
544	0	555	7.051973	198,279,220,311,264,271,459,1148	17.625000,15.937500,15.312500,15.187500,14.500000,14.000000,13.562500,13.500000
545	0	12225	11.965290	198,279,220,264,271,311,1148,459	18.250000,16.500000,16.375000,15.000000,15.000000,14.937500,14.687500,14.062500
546	0	398	10.282703	198,220,271,279,311,791,58,720	18.000000,14.687500,14.437500,14.187500,13.062500,13.062500,12.937500,12.937500
547	0	89453	17.769394	198,279,220,271,311,264,1148,58	18.875000,15.750000,15.437500,15.187500,14.750000,14.500000,14.250000,14.062500
548	0	662	10.116167	198,220,279,311,264,459,271,477	15.312500,14.937500,14.750000,13.750000,13.500000,13.187500,12.937500,12.562500
549	0	763	8.553888	198,220,279,271,311,58,264,1148	19.000000,15.687500,15.437500,15.250000,14.250000,14.000000,14.000000,13.812500
550	0	3297	10.539457	198,279,220,271,264,311,1148,791	18.875000,16.125000,15.437500,15.187500,14.687500,14.312500,14.312500,14.250000
551	0	220	2.310120	198,220,279,271,311,264,1148,459	18.625000,16.875000,16.125000,15.000000,15.000000,14.750000,14.312500,13.937500
552	0	1049	7.230272	198,279,220,271,311,16,264,58	18.625000,15.250000,15.187500,14.562500,14.062500,13.937500,13.937500,13.687500
553	0	23	7.135117	198,220,271,279,58,720,311,264	19.250000,15.812500,15.437500,15.437500,14.562500,14.437500,14.312500,14.187500
554	0	1174	9.612946	198,271,220,279,311,58,264,1148	18.625000,15.437500,15.312500,15.250000,14.312500,14.187500,13.937500,13.437500
555	0	426	9.671423	198,220,279,271,264,311,1148,58	19.000000,16.250000,16.125000,14.687500,14.562500,14.562500,14.437500,14.250000
556	0	11206	15.835081	198,220,271,279,311,58,720,264	19.000000,15.437500,15.437500,15.312500,14.250000,14.187500,14.187500,14.062500
557	0	466	8.922197	198,271,279,220,311,58,264,791	18.250000,14.812500,14.812500,14.750000,13.750000,13.562500,13.500000,13.500000
558	0	1903	9.490967	198,279,220,271,311,264,58,1148	18.375000,15.562500,15.187500,15.062500,14.687500,14.250000,13.812500,13.750000
559	0	264	4.786829	198,279,220,271,311,264,1148,58	19.125000,16.250000,15.562500,15.250000,15.000000,14.750000,14.437500,14.250000
560	0	8810	14.755756	198,279,220,271,264,311,1148,58	18.375000,15.750000,15.312500,14.750000,14.500000,14.437500,14.000000,13.687500
561	0	11341	14.120390	198,279,220,311,271,264,459,1148	17.875000,16.125000,15.437500,15.062500,14.812500,14.687500,14.000000,14.000000
562	0	389	10.228729	198,279,271,220,311,58,264,1148	19.250000,15.562500,15.437500,15.312500,14.812500,14.312500,14.187500,14.062500
563	0	264	4.312040	198,279,220,271,264,311,1148,58	18.750000,16.375000,15.812500,15.062500,15.000000,14.812500,14.562500,14.000000
564	0	1403	9.162006	198,279,220,271,264,311,1148,58	18.375000,15.750000,15.312500,14.750000,14.500000,14.437500,14.000000,13.687500
565	0	571	12.739256	198,279,220,271,311,264,58,1148	18.875000,15.750000,15.250000,14.937500,14.500000,14.437500,14.312500,14.187500
566	0	12	7.382999	198,220,271,279,311,720,264,998	18.500000,15.250000,15.250000,15.062500,13.937500,13.750000,13.562500,13.187500
567	0	31	11.242056	198,220,279,271,720,16,264,311	18.375000,15.750000,15.500000,14.437500,14.312500,14.187500,14.187500,14.062500
568	0	961	8.983351	198,220,279,271,720,311,58,264	18.625000,15.312500,15.000000,14.812500,13.812500,13.750000,13.437500,13.437500
569	0	9417	15.199629	198,279,220,271,311,264,58,1148	19.125000,16.250000,15.937500,15.312500,15.312500,14.750000,14.437500,14.250000
570	0	15952	13.733902	198,271,279,220,311,1148,264,58	19.250000,16.250000,16.250000,15.687500,15.187500,14.937500,14.750000,14.437500
571	0	315	7.746563	198,220,279,271,311,58,264,720	18.250000,15.500000,15.062500,14.812500,14.187500,14.062500,13.750000,13.500000
572	0	279	2.828091	198,279,220,271,264,1148,311,459	18.500000,16.375000,15.750000,15.062500,15.000000,14.937500,14.687500,14.000000
573	0	12707	13.624285	198,279,220,271,264,311,1148,358	18.625000,16.250000,15.750000,15.062500,14.812500,14.687500,14.687500,13.937500
574	0	4101	12.319452	198,279,271,311,220,1148,264,459	18.750000,16.000000,15.437500,15.000000,14.937500,14.562500,14.437500,13.812500
575	0	468	14.024963	198,271,220,279,58,311,264,512	19.500000,16.000000,15.687500,15.500000,15.062500,14.812500,14.312500,14.250000
576	0	1802	14.372917	198,279,220,271,311,264,720,1148	17.875000,15.250000,15.062500,14.750000,14.062500,13.812500,13.687500,13.062500
577	0	279	2.838097	198,279,220,271,311,264,459,1148	18.125000,15.937500,15.812500,14.937500,14.750000,14.687500,13.750000,13.750000
578	0	15371	16.514910	198,279,220,271,264,311,1148,358	18.625000,16.250000,15.750000,15.062500,14.812500,14.687500,14.687500,13.937500
579	0	1174	9.951651	198,220,271,279,311,58,264,791	18.375000,15.500000,15.187500,15.187500,14.187500,13.812500,13.750000,13.500000
580	0	8272	13.452673	198,220,279,271,264,311,1148,58	19.000000,16.250000,16.125000,14.687500,14.562500,14.562500,14.437500,14.250000
581	0	555	7.806204	198,279,220,271,311,264,1148,58	19.500000,16.375000,16.125000,15.312500,15.312500,14.937500,14.812500,14.187500
582	0	459	4.996540	198,279,220,264,271,311,1148,459	18.250000,16.500000,16.375000,15.000000,15.000000,14.937500,14.687500,14.062500
583	0	11341	14.415108	198,279,220,271,264,311,1148,40	18.750000,15.812500,15.437500,15.187500,14.500000,14.500000,14.437500,14.062500
584	0	389	10.228729	198,279,271,220,311,58,264,1148	19.250000,15.562500,15.437500,15.312500,14.812500,14.312500,14.187500,14.062500
585	0	279	2.937040	198,279,220,271,264,311,1148,58	18.750000,16.375000,15.812500,15.062500,15.000000,14.812500,14.562500,14.000000
586	0	12707	13.624285	198,279,220,271,264,311,1148,358	18.625000,16.250000,15.750000,15.062500,14.812500,14.687500,14.687500,13.937500
587	0	4101	12.319452	198,279,271,311,220,1148,264,459	18.750000,16.000000,15.437500,15.000000,14.937500,14.562500,14.437500,13.812500
588	0	29878	19.743225	198,271,220,279,58,311,264,512	19.500000,16.000000,15.687500,15.500000,15.062500,14.812500,14.312500,14.250000
589	0	86493	16.967960	198,220,279,271,311,720,264,58	17.625000,15.000000,14.562500,14.250000,13.937500,13.500000,13.250000,13.062500
590	0	304	6.440382	198,279,220,271,311,264,58,1148	18.250000,16.000000,15.812500,15.812500,15.312500,14.687500,14.062500,13.812500
591	0	6841	13.414141	198,279,220,271,311,264,1148,459	18.875000,16.625000,15.750000,15.187500,15.062500,15.000000,14.812500,13.937500
592	0	220	1.942356	198,220,279,271,311,264,1148,459	18.875000,17.500000,16.375000,15.500000,15.187500,15.000000,14.562500,14.250000
593	0	1049	7.230272	198,279,220,271,311,16,264,58	18.625000,15.250000,15.187500,14.562500,14.062500,13.937500,13.937500,13.687500
594	0	23	7.135117	198,220,271,279,58,720,311,264	19.250000,15.812500,15.437500,15.437500,14.562500,14.437500,14.312500,14.187500
595	0	662	10.050446	198,271,220,279,311,58,264,1148	18.625000,15.437500,15.312500,15.250000,14.312500,14.187500,13.937500,13.437500
596	0	1283	11.303888	198,220,279,271,311,58,264,1148	19.000000,15.687500,15.437500,15.250000,14.250000,14.000000,14.000000,13.812500
597	0	1047	8.911682	198,279,220,271,264,311,1148,40	18.875000,15.812500,15.562500,15.437500,14.500000,14.500000,14.437500,14.250000
598	0	264	4.532230	198,279,220,271,264,311,1148,40	19.250000,16.625000,15.937500,15.312500,15.187500,15.187500,15.187500,14.562500
599	0	46350	14.958881	198,279,220,271,264,311,1148,58	18.375000,15.750000,15.312500,14.750000,14.500000,14.437500,14.000000,13.687500
600	0	3560	12.030151	198,220,279,311,271,264,459,1148	18.375000,16.250000,16.250000,15.187500,15.000000,14.812500,14.250000,14.250000
601	0	304	7.303335	198,279,271,220,311,58,264,512	19.250000,15.750000,15.500000,15.250000,15.000000,14.187500,14.187500,14.000000
602	0	5899	9.726641	198,279,220,271,311,264,1148,459	18.875000,16.625000,15.750000,15.187500,15.062500,15.000000,14.812500,13.937500
603	0	18243	15.894146	198,279,220,311,264,271,58,1148	18.125000,16.125000,15.562500,14.812500,14.750000,14.750000,14.250000,14.000000
604	0	315	6.558548	198,271,279,220,311,264,1148,58	19.750000,16.375000,16.250000,15.687500,15.312500,14.750000,14.750000,14.687500
605	0	279	2.828091	198,279,220,271,264,1148,311,459	18.500000,16.375000,15.750000,15.062500,15.000000,14.937500,14.687500,14.000000
606	0	12707	13.624285	198,279,220,271,264,311,1148,358	18.625000,16.250000,15.750000,15.062500,14.812500,14.687500,14.687500,13.937500
607	0	4101	12.319452	198,279,271,311,220,1148,264,459	18.750000,16.000000,15.437500,15.000000,14.937500,14.562500,14.437500,13.812500
608	0	49922	17.954651	198,271,220,279,58,311,264,512	19.500000,16.000000,15.687500,15.500000,15.062500,14.812500,14.312500,14.250000
609	0	1919	11.119593	198,279,220,271,311,264,1148,58	18.875000,15.687500,15.500000,15.312500,14.562500,14.250000,14.187500,13.687500
610	0	304	7.416042	198,279,220,271,311,58,264,40	18.875000,15.250000,15.187500,15.062500,14.312500,14.187500,14.000000,13.812500
611	0	220	3.664141	198,279,220,271,311,264,1148,459	18.875000,16.625000,15.750000,15.187500,15.062500,15.000000,14.812500,13.937500
612	0	679	8.605272	198,279,220,271,311,16,264,58	18.625000,15.250000,15.187500,14.562500,14.062500,13.937500,13.937500,13.687500
613	0	15	7.050917	198,220,279,271,311,720,264,58	18.625000,15.812500,15.062500,14.687500,14.187500,13.937500,13.750000,13.562500
614	0	1174	10.322153	198,220,271,279,58,311,264,720	19.375000,15.250000,15.187500,15.187500,14.250000,14.250000,13.812500,13.687500
615	0	439	8.421423	198,220,279,271,264,311,1148,58	19.000000,16.250000,16.125000,14.687500,14.562500,14.562500,14.437500,14.250000
616	0	330	6.307354	198,279,220,271,264,311,1148,459	19.125000,16.625000,15.812500,15.500000,15.187500,15.187500,15.187500,14.062500
617	0	735	11.263117	198,279,271,220,40,791,1148,311	19.125000,15.500000,15.250000,14.750000,14.687500,14.437500,14.312500,14.250000
618	0	40608	15.076040	198,279,220,271,311,264,720,58	18.000000,15.312500,15.250000,15.062500,14.250000,14.187500,14.187500,13.437500
619	0	69168	17.496706	198,279,220,271,311,264,1148,791	18.375000,15.250000,15.000000,14.187500,14.062500,13.750000,13.500000,12.812500
620	0	330	6.634571	198,271,279,220,311,264,58,791	18.750000,15.562500,15.562500,15.437500,14.562500,14.250000,13.812500,13.812500
621	0	662	10.763117	198,279,271,220,40,791,1148,311	19.125000,15.500000,15.250000,14.750000,14.687500,14.437500,14.312500,14.250000
622	0	426	10.366388	198,220,279,271,311,58,264,1148	19.000000,15.687500,15.437500,15.250000,14.250000,14.000000,14.000000,13.812500
623	0	11206	15.835081	198,220,271,279,311,58,720,264	19.000000,15.437500,15.437500,15.312500,14.250000,14.187500,14.187500,14.062500
624	0	466	8.922197	198,271,279,220,311,58,264,791	18.250000,14.812500,14.812500,14.750000,13.750000,13.562500,13.500000,13.500000
625	0	59335	16.600342	198,279,220,271,311,264,58,1148	18.375000,15.562500,15.187500,15.062500,14.687500,14.250000,13.812500,13.750000
626	0	304	5.670465	198,220,279,264,311,459,720,1148	16.500000,15.812500,15.750000,14.687500,14.500000,14.187500,14.000000,13.250000
627	0	279	2.789141	198,279,220,271,311,264,1148,459	18.875000,16.625000,15.750000,15.187500,15.062500,15.000000,14.812500,13.937500
628	0	220	3.468035	198,279,220,271,264,311,1148,358	18.625000,16.250000,15.750000,15.062500,14.812500,14.687500,14.687500,13.937500
629	0	679	8.605272	198,279,220,271,311,16,264,58	18.625000,15.250000,15.187500,14.562500,14.062500,13.937500,13.937500,13.687500
630	0	16	5.738417	198,220,279,271,311,720,264,58	18.625000,15.812500,15.062500,14.687500,14.187500,13.937500,13.750000,13.562500
631	0	4632	14.701900	198,220,279,271,58,311,264,16	19.000000,15.250000,15.062500,14.937500,14.250000,14.187500,13.937500,13.750000
632	0	25145	15.260807	198,279,220,271,311,264,1148,459	18.625000,16.125000,15.437500,15.250000,15.000000,14.500000,14.312500,13.812500
633	0	85375	18.445099	198,220,279,271,311,264,720,791	17.375000,14.750000,14.187500,14.062500,13.500000,12.812500,12.562500,12.437500
634	0	15910	12.464142	198,220,279,271,311,58,264,512	19.125000,15.937500,15.750000,15.437500,15.187500,14.562500,14.562500,13.812500
635	0	555	7.051973	198,279,220,311,264,271,459,1148	17.625000,15.937500,15.312500,15.187500,14.500000,14.000000,13.562500,13.500000
636	0	12366	13.309040	198,279,220,264,271,311,1148,459	18.250000,16.500000,16.375000,15.000000,15.000000,14.937500,14.687500,14.062500
637	0	2009	12.499691	198,220,279,311,264,271,720,459	17.375000,15.812500,15.812500,14.750000,14.562500,14.500000,14.000000,13.812500
638	0	546	12.995705	198,220,279,271,311,264,720,791	17.375000,15.062500,14.812500,14.250000,13.500000,13.437500,13.062500,12.937500
639	0	72	5.849854	198,279,220,271,311,58,264,720	18.125000,15.062500,14.812500,14.250000,14.250000,13.687500,13.687500,13.500000
640	0	662	10.215757	198,220,271,279,58,311,264,720	18.875000,15.000000,15.000000,14.937500,14.187500,14.000000,13.687500,13.562500
641	0	720	5.616388	198,220,279,271,311,58,264,1148	19.000000,15.687500,15.437500,15.250000,14.250000,14.000000,14.000000,13.812500
642	0	284	11.165668	198,220,271,279,58,720,264,311	20.125000,16.000000,15.562500,15.562500,15.000000,14.437500,14.312500,14.312500
643	0	284	9.457394	198,220,279,720,264,271,311,1148	18.625000,16.375000,15.812500,14.812500,14.562500,14.437500,14.250000,13.812500
644	0	41576	15.019894	198,220,279,720,264,271,311,1148	18.625000,16.375000,15.812500,14.812500,14.562500,14.437500,14.250000,13.812500
645	0	284	11.151117	198,220,271,279,311,264,58,1148	19.125000,16.125000,16.125000,15.812500,14.937500,14.687500,14.250000,14.187500
646	0	284	9.457394	198,220,279,720,264,271,311,1148	18.625000,16.375000,15.812500,14.812500,14.562500,14.437500,14.250000,13.812500
647	0	720	4.269894	198,220,279,720,264,271,311,1148	18.625000,16.375000,15.812500,14.812500,14.562500,14.437500,14.250000,13.812500
648	0	284	11.165668	198,220,271,279,58,720,264,311	20.125000,16.000000,15.562500,15.562500,15.000000,14.437500,14.312500,14.312500
649	0	284	9.457394	198,220,279,720,264,271,311,1148	18.625000,16.375000,15.812500,14.812500,14.562500,14.437500,14.250000,13.812500
650	0	284	9.457394	198,220,279,720,264,271,311,1148	18.625000,16.375000,15.812500,14.812500,14.562500,14.437500,14.250000,13.812500
651	0	220	2.707394	198,220,279,720,264,271,311,1148	18.625000,16.375000,15.812500,14.812500,14.562500,14.437500,14.250000,13.812500
652	0	1049	7.230272	198,279,220,271,311,16,264,58	18.625000,15.250000,15.187500,14.562500,14.062500,13.937500,13.937500,13.687500
653	0	15	6.885117	198,220,271,279,58,720,311,264	19.250000,15.812500,15.437500,15.437500,14.562500,14.437500,14.312500,14.187500
654	0	1389	11.384653	198,220,271,279,58,311,264,720	19.375000,15.250000,15.187500,15.187500,14.250000,14.250000,13.812500,13.687500
655	0	220	3.132647	198,220,279,264,271,311,1148,720	19.125000,16.375000,16.250000,14.812500,14.750000,14.750000,14.500000,14.312500
656	0	1049	7.230272	198,279,220,271,311,16,264,58	18.625000,15.250000,15.187500,14.562500,14.062500,13.937500,13.937500,13.687500
657	0	20	6.072617	198,220,271,279,58,720,311,264	19.250000,15.812500,15.437500,15.437500,14.562500,14.437500,14.312500,14.187500
658	0	284	10.070862	198,220,271,279,311,58,264,1148	18.875000,15.187500,15.187500,15.187500,14.250000,14.062500,13.937500,13.500000
659	0	284	9.457394	198,220,279,720,264,271,311,1148	18.625000,16.375000,15.812500,14.812500,14.562500,14.437500,14.250000,13.812500
660	0	284	9.457394	198,220,279,720,264,271,311,1148	18.625000,16.375000,15.812500,14.812500,14.562500,14.437500,14.250000,13.812500
661	0	720	4.269894	198,220,279,720,264,271,311,1148	18.625000,16.375000,15.812500,14.812500,14.562500,14.437500,14.250000,13.812500
662	0	763	9.040668	198,220,271,279,58,720,264,311	20.125000,16.000000,15.562500,15.562500,15.000000,14.437500,14.312500,14.312500
663	0	220	3.914457	198,279,220,271,264,311,1148,791	18.875000,16.125000,15.437500,15.187500,14.687500,14.312500,14.312500,14.250000
664	0	1049	7.230272	198,279,220,271,311,16,264,58	18.625000,15.250000,15.187500,14.562500,14.062500,13.937500,13.937500,13.687500
665	0	15	6.885117	198,220,271,279,58,720,311,264	19.250000,15.812500,15.437500,15.437500,14.562500,14.437500,14.312500,14.187500
666	0	426	11.009653	198,220,271,279,58,311,264,720	19.375000,15.250000,15.187500,15.187500,14.250000,14.250000,13.812500,13.687500
667	0	11206	15.835081	198,220,271,279,311,58,720,264	19.000000,15.437500,15.437500,15.312500,14.250000,14.187500,14.187500,14.062500
668	0	466	8.922197	198,271,279,220,311,58,264,791	18.250000,14.812500,14.812500,14.750000,13.750000,13.562500,13.500000,13.500000
669	0	1047	8.678467	198,279,220,271,311,264,58,1148	18.375000,15.562500,15.187500,15.062500,14.687500,14.250000,13.812500,13.750000
670	0	264	4.532230	198,279,220,271,264,311,1148,40	19.250000,16.625000,15.937500,15.312500,15.187500,15.187500,15.187500,14.562500
671	0	8810	14.755756	198,279,220,271,264,311,1148,58	18.375000,15.750000,15.312500,14.750000,14.500000,14.437500,14.000000,13.687500
672	0	571	12.026640	198,279,220,311,271,264,459,1148	17.875000,16.125000,15.437500,15.062500,14.812500,14.687500,14.000000,14.000000
673	0	12	7.382999	198,220,271,279,311,720,264,998	18.500000,15.250000,15.250000,15.062500,13.937500,13.750000,13.562500,13.187500
674	0	31	11.242056	198,220,279,271,720,16,264,311	18.375000,15.750000,15.500000,14.437500,14.312500,14.187500,14.187500,14.062500
675	0	40500	14.952101	198,220,279,271,720,311,58,264	18.625000,15.312500,15.000000,14.812500,13.812500,13.750000,13.437500,13.437500
676	0	3560	11.726091	198,279,220,264,311,1148,271,459	17.750000,16.375000,16.250000,15.000000,14.687500,14.562500,14.500000,14.500000
677	0	389	9.865835	198,279,271,220,311,58,264,512	19.250000,15.750000,15.500000,15.250000,15.000000,14.187500,14.187500,14.000000
678	0	279	2.937040	198,279,220,271,264,311,1148,58	18.750000,16.375000,15.812500,15.062500,15.000000,14.812500,14.562500,14.000000
679	0	12707	13.624285	198,279,220,271,264,311,1148,358	18.625000,16.250000,15.750000,15.062500,14.812500,14.687500,14.687500,13.937500
680	0	4101	12.319452	198,279,271,311,220,1148,264,459	18.750000,16.000000,15.437500,15.000000,14.937500,14.562500,14.437500,13.812500
681	0	578	7.524963	198,271,220,279,58,311,264,512	19.500000,16.000000,15.687500,15.500000,15.062500,14.812500,14.312500,14.250000
682	0	8766	14.075621	198,279,220,271,264,311,720,1148	18.625000,16.000000,15.937500,15.187500,14.687500,14.312500,14.250000,14.187500
683	0	2652	11.462332	198,279,220,271,264,311,1148,791	18.625000,16.375000,16.125000,15.812500,15.000000,15.000000,14.812500,14.312500
684	0	568	7.081341	198,220,279,311,271,264,1148,720	19.500000,16.375000,16.125000,14.812500,14.750000,14.562500,14.437500,14.062500
685	0	45877	13.211477	198,279,220,271,311,264,1148,40	18.500000,15.812500,15.312500,15.000000,14.687500,14.437500,14.312500,14.000000
686	0	330	6.803730	198,279,271,220,311,1148,264,791	18.875000,16.000000,15.187500,15.062500,14.562500,14.562500,14.437500,14.187500
687	0	10016	12.731867	198,279,271,220,40,791,1148,311	19.125000,15.500000,15.250000,14.750000,14.687500,14.437500,14.312500,14.250000
688	0	4366	10.733023	198,279,271,220,264,311,1148,791	18.125000,16.000000,15.812500,15.750000,14.562500,14.562500,14.437500,14.062500
689	0	894	11.347996	198,220,279,271,311,264,720,58	17.750000,15.437500,14.750000,14.437500,13.687500,13.562500,13.437500,13.000000
690	0	330	6.596439	198,279,271,220,311,264,1148,40	18.500000,15.437500,15.312500,15.000000,14.500000,14.187500,14.000000,13.812500
691	0	304	7.825617	198,279,271,220,40,791,1148,311	19.125000,15.500000,15.250000,14.750000,14.687500,14.437500,14.312500,14.250000
692	0	279	2.789141	198,279,220,271,311,264,1148,459	18.875000,16.625000,15.750000,15.187500,15.062500,15.000000,14.812500,13.937500
693	0	9417	14.249285	198,279,220,271,264,311,1148,358	18.625000,16.250000,15.750000,15.062500,14.812500,14.687500,14.687500,13.937500
694	0	1174	10.796402	198,271,279,220,311,1148,264,58	19.250000,16.250000,16.250000,15.687500,15.187500,14.937500,14.750000,14.437500
695	0	330	5.983923	198,220,279,271,264,311,1148,58	19.000000,16.250000,16.125000,14.687500,14.562500,14.562500,14.437500,14.250000
696	0	763	9.013117	198,279,271,220,40,791,1148,311	19.125000,15.500000,15.250000,14.750000,14.687500,14.437500,14.312500,14.250000
697	0	23088	16.211332	198,279,220,271,264,311,1148,791	18.875000,16.125000,15.437500,15.187500,14.687500,14.312500,14.312500,14.250000
698	0	43396	14.722401	198,279,220,271,311,264,459,323	17.625000,15.750000,15.562500,15.437500,15.187500,14.500000,13.750000,13.562500
699	0	330	7.060799	198,279,220,271,311,264,791,58	18.500000,15.500000,15.437500,15.437500,14.750000,14.250000,14.062500,13.812500
700	0	662	10.763117	198,279,271,220,40,791,1148,311	19.125000,15.500000,15.250000,14.750000,14.687500,14.437500,14.312500,14.250000
701	0	426	10.366388	198,220,279,271,311,58,264,1148	19.000000,15.687500,15.437500,15.250000,14.250000,14.000000,14.000000,13.812500
702	0	11206	15.835081	198,220,271,279,311,58,720,264	19.000000,15.437500,15.437500,15.312500,14.250000,14.187500,14.187500,14.062500
703	0	466	8.922197	198,271,279,220,311,58,264,791	18.250000,14.812500,14.812500,14.750000,13.750000,13.562500,13.500000,13.500000
704	0	59335	16.600342	198,279,220,271,311,264,58,1148	18.375000,15.562500,15.187500,15.062500,14.687500,14.250000,13.812500,13.750000
705	0	439	7.670465	198,220,279,264,311,459,720,1148	16.500000,15.812500,15.750000,14.687500,14.500000,14.187500,14.000000,13.250000
706	0	330	6.307354	198,279,220,271,264,311,1148,459	19.125000,16.625000,15.812500,15.500000,15.187500,15.187500,15.187500,14.062500
707	0	10016	12.731867	198,279,271,220,40,791,1148,311	19.125000,15.500000,15.250000,14.750000,14.687500,14.437500,14.312500,14.250000
708	0	330	6.233023	198,279,271,220,264,311,1148,791	18.125000,16.000000,15.812500,15.750000,14.562500,14.562500,14.437500,14.062500
709	0	304	7.825617	198,279,271,220,40,791,1148,311	19.125000,15.500000,15.250000,14.750000,14.687500,14.437500,14.312500,14.250000
710	0	279	2.789141	198,279,220,271,311,264,1148,459	18.875000,16.625000,15.750000,15.187500,15.062500,15.000000,14.812500,13.937500
711	0	1514	10.218035	198,279,220,271,264,311,1148,358	18.625000,16.250000,15.750000,15.062500,14.812500,14.687500,14.687500,13.937500
712	0	6385	12.892193	198,279,271,220,311,264,1148,58	19.125000,16.250000,15.437500,15.250000,15.250000,14.750000,14.500000,14.187500
713	0	2439	13.346907	198,279,220,271,264,311,720,1148	18.000000,15.812500,15.687500,15.062500,14.500000,14.500000,14.062500,14.000000
714	0	5439	12.285086	198,279,220,271,311,264,58,1148	18.750000,15.437500,15.250000,15.187500,14.750000,14.062500,14.000000,13.562500
715	0	555	7.186361	198,279,220,311,264,271,1148,459	18.625000,16.375000,16.125000,15.437500,15.000000,14.687500,14.500000,14.187500
716	0	22021	13.934040	198,279,220,264,271,311,1148,459	18.250000,16.500000,16.375000,15.000000,15.000000,14.937500,14.687500,14.062500
717	0	77023	15.280523	198,220,279,271,264,311,58,791	17.875000,15.312500,15.062500,14.687500,13.937500,13.937500,13.500000,13.250000
718	0	1174	9.195532	198,220,279,271,311,264,720,58	17.875000,15.562500,15.250000,14.750000,14.437500,14.000000,13.937500,13.687500
719	0	902	7.983923	198,220,279,271,264,311,1148,58	19.000000,16.250000,16.125000,14.687500,14.562500,14.562500,14.437500,14.250000
720	0	574	7.679529	198,279,271,220,311,1148,264,58	19.625000,16.125000,15.687500,15.312500,14.937500,14.812500,14.562500,14.500000
721	0	10887	12.524067	198,279,220,311,264,271,1148,459	19.000000,16.500000,16.125000,15.187500,15.062500,15.062500,14.937500,14.187500
722	0	304	7.399914	198,279,220,271,311,264,58,1148	19.125000,16.000000,15.750000,15.062500,14.937500,14.750000,14.562500,14.187500
723	0	220	3.664141	198,279,220,271,311,264,1148,459	18.875000,16.625000,15.750000,15.187500,15.062500,15.000000,14.812500,13.937500
724	0	1049	7.230272	198,279,220,271,311,16,264,58	18.625000,15.250000,15.187500,14.562500,14.062500,13.937500,13.937500,13.687500
725	0	16	5.510117	198,220,271,279,58,720,311,264	19.250000,15.812500,15.437500,15.437500,14.562500,14.437500,14.312500,14.187500
726	0	520	7.201900	198,220,279,271,58,311,264,16	19.000000,15.250000,15.062500,14.937500,14.250000,14.187500,13.937500,13.750000
727	0	279	2.614124	198,279,220,264,271,311,1148,720	18.500000,16.500000,16.000000,15.000000,14.937500,14.937500,14.500000,14.062500
728	0	16591	13.936785	198,279,220,271,264,311,1148,358	18.625000,16.250000,15.750000,15.062500,14.812500,14.687500,14.687500,13.937500
729	0	7301	12.560478	198,279,220,271,311,264,1148,791	18.000000,15.687500,15.312500,15.187500,14.437500,14.250000,14.250000,13.750000
730	0	27315	16.004766	198,279,220,271,311,264,1148,459	18.125000,16.375000,15.937500,15.437500,15.062500,14.812500,14.250000,14.187500
731	0	662	10.502966	198,279,220,271,311,264,1148,791	19.125000,16.125000,16.000000,16.000000,15.250000,14.750000,14.500000,14.250000
732	0	362	9.178888	198,220,279,271,311,58,264,1148	19.000000,15.687500,15.437500,15.250000,14.250000,14.000000,14.000000,13.812500
733	0	3477	10.293823	198,279,220,271,264,311,58,720	18.875000,15.500000,15.437500,15.312500,14.312500,14.250000,14.062500,14.062500
734	0	315	7.218185	198,279,271,220,311,264,1148,58	19.500000,16.625000,16.250000,16.000000,15.437500,15.062500,15.000000,14.937500
735	0	426	9.265591	198,279,220,271,264,1148,311,459	18.500000,16.375000,15.750000,15.062500,15.000000,14.937500,14.687500,14.000000
736	0	11206	15.835081	198,220,271,279,311,58,720,264	19.000000,15.437500,15.437500,15.312500,14.250000,14.187500,14.187500,14.062500
737	0	466	8.922197	198,271,279,220,311,58,264,791	18.250000,14.812500,14.812500,14.750000,13.750000,13.562500,13.500000,13.500000
738	0	364	9.615967	198,279,220,271,311,264,58,1148	18.375000,15.562500,15.187500,15.062500,14.687500,14.250000,13.812500,13.750000
739	0	82	5.903181	198,279,220,271,311,40,264,1148	18.625000,15.437500,14.750000,14.750000,14.062500,14.000000,13.937500,13.937500
740	0	5178	13.612198	198,279,271,220,311,58,264,512	19.125000,15.312500,15.250000,14.937500,14.500000,14.437500,14.062500,13.750000
741	0	304	7.193092	198,271,279,311,220,58,264,1148	19.625000,16.375000,16.125000,15.312500,15.250000,14.812500,14.687500,14.500000
742	0	578	6.726641	198,279,220,271,311,264,1148,459	18.875000,16.625000,15.750000,15.187500,15.062500,15.000000,14.812500,13.937500
743	0	22765	13.669371	198,279,220,271,264,311,720,1148	18.625000,16.000000,15.937500,15.187500,14.687500,14.312500,14.250000,14.187500
744	0	389	9.443731	198,220,279,271,311,264,791,1148	18.250000,15.812500,15.562500,14.937500,14.312500,14.187500,13.500000,13.500000
745	0	7418	14.187040	198,279,220,271,264,311,1148,58	18.750000,16.375000,15.812500,15.062500,15.000000,14.812500,14.562500,14.000000
746	0	7633	10.883503	198,220,279,271,264,311,1148,459	18.625000,17.000000,16.625000,15.687500,15.437500,15.437500,14.750000,14.687500
747	0	1461	9.842333	198,220,279,271,311,264,1148,58	19.375000,16.375000,16.375000,15.437500,15.250000,15.000000,14.750000,14.687500
748	0	439	7.878822	198,279,220,311,271,264,1148,58	19.000000,16.250000,15.562500,15.437500,15.312500,14.750000,14.562500,14.250000
749	0	330	6.307354	198,279,220,271,264,311,1148,459	19.125000,16.625000,15.812500,15.500000,15.187500,15.187500,15.187500,14.062500
750	0	77104	16.309992	198,279,271,220,40,791,1148,311	19.125000,15.500000,15.250000,14.750000,14.687500,14.437500,14.312500,14.250000
751	0	95072	16.609293	198,279,220,271,311,264,1148,720	19.000000,16.125000,15.750000,15.312500,15.000000,14.750000,14.750000,14.062500
752	0	330	6.140085	198,279,220,311,264,271,459,1148	17.250000,15.562500,15.000000,14.437500,14.187500,14.000000,13.687500,13.437500
753	0	304	7.825617	198,279,271,220,40,791,1148,311	19.125000,15.500000,15.250000,14.750000,14.687500,14.437500,14.312500,14.250000
754	0	279	2.789141	198,279,220,271,311,264,1148,459	18.875000,16.625000,15.750000,15.187500,15.062500,15.000000,14.812500,13.937500
755	0	3560	11.999285	198,279,220,271,264,311,1148,358	18.625000,16.250000,15.750000,15.062500,14.812500,14.687500,14.687500,13.937500
756	0	1174	11.053335	198,279,271,220,311,58,264,512	19.250000,15.750000,15.500000,15.250000,15.000000,14.187500,14.187500,14.000000
757	0	323	6.108923	198,220,279,271,264,311,1148,58	19.000000,16.250000,16.125000,14.687500,14.562500,14.562500,14.437500,14.250000
758	0	568	6.189844	198,279,220,271,264,1148,311,358	18.875000,16.625000,15.750000,15.500000,15.187500,15.187500,15.062500,14.250000
759	0	4036	12.180227	198,279,220,271,311,264,1148,40	18.500000,15.812500,15.312500,15.000000,14.687500,14.437500,14.312500,14.000000
760	0	9200	13.186499	198,279,220,271,311,264,1148,459	19.125000,16.625000,16.250000,15.500000,15.500000,15.250000,14.687500,14.437500
761	0	8544	11.746599	198,279,220,271,311,264,1148,459	17.875000,15.750000,15.500000,15.000000,14.937500,14.250000,13.937500,13.562500
762	0	304	6.879200	198,279,271,220,311,264,1148,58	19.500000,16.625000,16.375000,16.125000,15.750000,15.250000,15.187500,14.812500
763	0	578	6.726641	198,279,220,271,311,264,1148,459	18.875000,16.625000,15.750000,15.187500,15.062500,15.000000,14.812500,13.937500
764	0	42769	18.099058	198,279,220,271,264,311,720,1148	18.625000,16.000000,15.937500,15.187500,14.687500,14.312500,14.250000,14.187500
765	0	1174	9.542917	198,279,271,220,311,264,1148,459	17.875000,16.000000,15.437500,15.312500,14.750000,14.562500,14.062500,13.937500
766	0	323	6.108923	198,220,279,271,264,311,1148,58	19.000000,16.250000,16.125000,14.687500,14.562500,14.562500,14.437500,14.250000
767	0	57202	16.080469	198,279,220,271,264,1148,311,358	18.875000,16.625000,15.750000,15.500000,15.187500,15.187500,15.062500,14.250000
768	0	12028	13.584938	198,220,279,271,311,264,1148,459	18.875000,16.125000,16.125000,15.500000,14.937500,14.812500,14.250000,14.000000
769	0	662	10.584257	198,271,220,279,58,311,264,791	19.125000,15.937500,15.687500,15.562500,14.500000,14.312500,14.250000,14.187500
770	0	1283	11.303888	198,220,279,271,311,58,264,1148	19.000000,15.687500,15.437500,15.250000,14.250000,14.000000,14.000000,13.812500
771	0	9922	13.505432	198,279,220,271,264,311,1148,40	18.875000,15.812500,15.562500,15.437500,14.500000,14.500000,14.437500,14.250000
772	0	304	7.446657	198,220,279,271,311,264,1148,58	19.375000,15.937500,15.812500,14.812500,14.812500,14.500000,14.187500,14.062500
773	0	279	2.789141	198,279,220,271,311,264,1148,459	18.875000,16.625000,15.750000,15.187500,15.062500,15.000000,14.812500,13.937500
774	0	12707	13.624285	198,279,220,271,264,311,1148,358	18.625000,16.250000,15.750000,15.062500,14.812500,14.687500,14.687500,13.937500
775	0	4101	12.319452	198,279,271,311,220,1148,264,459	18.750000,16.000000,15.437500,15.000000,14.937500,14.562500,14.437500,13.812500
776	0	20819	14.024963	198,271,220,279,58,311,264,512	19.500000,16.000000,15.687500,15.500000,15.062500,14.812500,14.312500,14.250000
777	0	3842	9.985239	198,279,220,271,311,264,1148,459	18.125000,16.375000,16.250000,15.312500,15.062500,15.000000,14.312500,14.250000
778	0	1611	9.420271	198,279,220,271,264,311,1148,459	18.375000,16.125000,15.937500,15.312500,14.562500,14.562500,14.437500,13.937500
779	0	291	10.389826	198,220,279,271,720,311,264,791	17.750000,15.062500,14.562500,14.250000,13.500000,13.437500,13.250000,12.750000
780	0	304	6.877993	198,279,220,271,311,264,58,1148	18.125000,15.562500,15.312500,14.562500,14.562500,14.250000,13.687500,13.500000
781	0	220	3.664141	198,279,220,271,311,264,1148,459	18.875000,16.625000,15.750000,15.187500,15.062500,15.000000,14.812500,13.937500
782	0	1049	7.230272	198,279,220,271,311,16,264,58	18.625000,15.250000,15.187500,14.562500,14.062500,13.937500,13.937500,13.687500
783	0	17	6.385117	198,220,271,279,58,720,311,264	19.250000,15.812500,15.437500,15.437500,14.562500,14.437500,14.312500,14.187500
784	0	439	8.736752	198,220,279,271,58,311,264,720	18.500000,15.187500,14.937500,14.750000,14.000000,13.937500,13.750000,13.687500
785	0	330	6.307354	198,279,220,271,264,311,1148,459	19.125000,16.625000,15.812500,15.500000,15.187500,15.187500,15.187500,14.062500
786	0	2758	13.075617	198,279,271,220,40,791,1148,311	19.125000,15.500000,15.250000,14.750000,14.687500,14.437500,14.312500,14.250000
787	0	336	9.842422	198,279,220,264,311,271,459,720	17.875000,16.375000,16.125000,15.062500,15.000000,14.562500,14.062500,14.000000
788	0	1676	14.371597	198,220,279,311,271,264,58,720	17.875000,15.312500,15.187500,14.437500,14.250000,13.812500,13.187500,13.062500
789	0	1800	12.659470	198,220,271,279,791,40,311,720	18.250000,15.000000,14.750000,14.687500,13.812500,13.562500,13.500000,13.500000
790	0	425	14.266464	198,220,279,311,271,264,58,459	17.500000,15.437500,15.187500,14.437500,14.250000,13.812500,13.187500,13.000000
791	0	330	6.347979	198,220,279,271,311,720,264,58	18.750000,15.937500,15.687500,15.312500,14.812500,14.562500,14.437500,14.187500
792	0	304	7.825617	198,279,271,220,40,791,1148,311	19.125000,15.500000,15.250000,14.750000,14.687500,14.437500,14.312500,14.250000
793	0	279	2.789141	198,279,220,271,311,264,1148,459	18.875000,16.625000,15.750000,15.187500,15.062500,15.000000,14.812500,13.937500
794	0	9417	14.249285	198,279,220,271,264,311,1148,358	18.625000,16.250000,15.750000,15.062500,14.812500,14.687500,14.687500,13.937500
795	0	330	6.921402	198,271,279,220,311,1148,264,58	19.250000,16.250000,16.250000,15.687500,15.187500,14.937500,14.750000,14.437500
796	0	31597	13.825617	198,279,271,220,40,791,1148,311	19.125000,15.500000,15.250000,14.750000,14.687500,14.437500,14.312500,14.250000
797	0	64412	17.981400	198,220,279,271,264,311,459,1148	17.875000,15.750000,15.750000,15.437500,14.500000,14.312500,14.000000,13.812500
798	0	72	6.338251	198,220,271,279,311,791,40,14428	18.250000,15.250000,15.000000,14.500000,13.937500,13.687500,13.437500,13.187500
799	0	2301	13.309507	198,220,271,279,58,311,264,720	18.875000,15.000000,15.000000,14.937500,14.187500,14.000000,13.687500,13.562500
800	0	330	6.333420	198,279,220,271,311,264,58,720	18.375000,15.500000,15.312500,15.250000,14.937500,14.250000,14.000000,13.562500
801	0	1174	10.700617	198,279,271,220,40,791,1148,311	19.125000,15.500000,15.250000,14.750000,14.687500,14.437500,14.312500,14.250000
802	0	323	6.108923	198,220,279,271,264,311,1148,58	19.000000,16.250000,16.125000,14.687500,14.562500,14.562500,14.437500,14.250000
803	0	1047	8.314844	198,279,220,271,264,1148,311,358	18.875000,16.625000,15.750000,15.500000,15.187500,15.187500,15.062500,14.250000
804	0	264	4.532230	198,279,220,271,264,311,1148,40	19.250000,16.625000,15.937500,15.312500,15.187500,15.187500,15.187500,14.562500
805	0	3560	12.068256	198,279,220,271,264,311,1148,58	18.375000,15.750000,15.312500,14.750000,14.500000,14.437500,14.000000,13.687500
806	0	439	8.365835	198,279,271,220,311,58,264,512	19.250000,15.750000,15.500000,15.250000,15.000000,14.187500,14.187500,14.000000
807	0	264	4.432354	198,279,220,271,264,311,1148,459	19.125000,16.625000,15.812500,15.500000,15.187500,15.187500,15.187500,14.062500
808	0	2204	10.724506	198,279,220,271,264,311,1148,58	18.375000,15.750000,15.312500,14.750000,14.500000,14.437500,14.000000,13.687500
809	0	3752	12.854534	198,279,220,311,271,264,1148,720	18.875000,16.375000,15.687500,15.250000,15.000000,14.937500,14.750000,14.500000
810	0	330	6.687105	198,279,271,220,311,264,58,1148	19.125000,15.687500,15.500000,15.437500,14.812500,14.312500,14.187500,14.000000
811	0	79479	14.950617	198,279,271,220,40,791,1148,311	19.125000,15.500000,15.250000,14.750000,14.687500,14.437500,14.312500,14.250000
812	0	57493	14.358910	198,271,279,220,311,264,1148,791	18.125000,15.312500,15.187500,14.812500,14.000000,13.812500,13.812500,13.687500
813	0	330	6.848211	198,271,279,220,311,264,791,1148	18.875000,15.937500,15.500000,15.187500,14.500000,14.250000,14.187500,14.062500
814	0	389	10.138117	198,279,271,220,40,791,1148,311	19.125000,15.500000,15.250000,14.750000,14.687500,14.437500,14.312500,14.250000
815	0	578	6.562040	198,279,220,271,264,311,1148,58	18.750000,16.375000,15.812500,15.062500,15.000000,14.812500,14.562500,14.000000
816	0	8766	14.075621	198,279,220,271,264,311,720,1148	18.625000,16.000000,15.937500,15.187500,14.687500,14.312500,14.250000,14.187500
817	0	662	10.431082	198,279,220,271,264,311,1148,791	18.625000,16.375000,16.125000,15.812500,15.000000,15.000000,14.812500,14.312500
818	0	720	5.616388	198,220,279,271,311,58,264,1148	19.000000,15.687500,15.437500,15.250000,14.250000,14.000000,14.000000,13.812500
819	0	1283	12.165668	198,220,271,279,58,720,264,311	20.125000,16.000000,15.562500,15.562500,15.000000,14.437500,14.312500,14.312500
820	0	1047	8.911682	198,279,220,271,264,311,1148,40	18.875000,15.812500,15.562500,15.437500,14.500000,14.500000,14.437500,14.250000
821	0	264	4.532230	198,279,220,271,264,311,1148,40	19.250000,16.625000,15.937500,15.312500,15.187500,15.187500,15.187500,14.562500
822	0	46350	14.958881	198,279,220,271,264,311,1148,58	18.375000,15.750000,15.312500,14.750000,14.500000,14.437500,14.000000,13.687500
823	0	3560	12.030151	198,220,279,311,271,264,459,1148	18.375000,16.250000,16.250000,15.187500,15.000000,14.812500,14.250000,14.250000
824	0	304	7.303335	198,279,271,220,311,58,264,512	19.250000,15.750000,15.500000,15.250000,15.000000,14.187500,14.187500,14.000000
825	0	220	3.664141	198,279,220,271,311,264,1148,459	18.875000,16.625000,15.750000,15.187500,15.062500,15.000000,14.812500,13.937500
826	0	1049	7.230272	198,279,220,271,311,16,264,58	18.625000,15.250000,15.187500,14.562500,14.062500,13.937500,13.937500,13.687500
827	0	18	6.635117	198,220,271,279,58,720,311,264	19.250000,15.812500,15.437500,15.437500,14.562500,14.437500,14.312500,14.187500
828	0	389	10.319511	198,220,271,279,58,311,264,720	18.875000,15.250000,15.187500,15.062500,14.250000,14.250000,13.937500,13.500000
829	0	1403	9.374540	198,279,220,271,264,311,1148,58	18.750000,16.375000,15.812500,15.062500,15.000000,14.812500,14.562500,14.000000
830	0	18243	15.598631	198,279,220,271,311,264,58,1148	18.875000,15.750000,15.250000,14.937500,14.500000,14.437500,14.312500,14.187500
831	0	315	6.558548	198,271,279,220,311,264,1148,58	19.750000,16.375000,16.250000,15.687500,15.312500,14.750000,14.750000,14.687500
832	0	578	6.203091	198,279,220,271,264,1148,311,459	18.500000,16.375000,15.750000,15.062500,15.000000,14.937500,14.687500,14.000000
833	0	8766	14.075621	198,279,220,271,264,311,720,1148	18.625000,16.000000,15.937500,15.187500,14.687500,14.312500,14.250000,14.187500
834	0	1174	10.056082	198,279,220,271,264,311,1148,791	18.625000,16.375000,16.125000,15.812500,15.000000,15.000000,14.812500,14.312500
835	0	439	8.421423	198,220,279,271,264,311,1148,58	19.000000,16.250000,16.125000,14.687500,14.562500,14.562500,14.437500,14.250000
836	0	3752	12.369854	198,279,220,271,264,311,1148,459	19.125000,16.625000,15.812500,15.500000,15.187500,15.187500,15.187500,14.062500
837	0	330	6.687105	198,279,271,220,311,264,58,1148	19.125000,15.687500,15.500000,15.437500,14.812500,14.312500,14.187500,14.000000
838	0	58280	17.075617	198,279,271,220,40,791,1148,311	19.125000,15.500000,15.250000,14.750000,14.687500,14.437500,14.312500,14.250000
839	0	8650	10.151785	198,220,279,311,264,271,459,720	17.250000,15.687500,15.687500,14.687500,14.437500,14.062500,13.937500,13.937500
840	0	330	6.030048	198,220,279,271,720,311,264,58	18.250000,16.250000,15.562500,15.250000,14.687500,14.562500,14.500000,14.062500
841	0	662	10.763117	198,279,271,220,40,791,1148,311	19.125000,15.500000,15.250000,14.750000,14.687500,14.437500,14.312500,14.250000
842	0	763	8.553888	198,220,279,271,311,58,264,1148	19.000000,15.687500,15.437500,15.250000,14.250000,14.000000,14.000000,13.812500
843	0	220	3.914457	198,279,220,271,264,311,1148,791	18.875000,16.125000,15.437500,15.187500,14.687500,14.312500,14.312500,14.250000
844	0	1049	7.230272	198,279,220,271,311,16,264,58	18.625000,15.250000,15.187500,14.562500,14.062500,13.937500,13.937500,13.687500
845	0	19	7.510117	198,220,271,279,58,720,311,264	19.250000,15.812500,15.437500,15.437500,14.562500,14.437500,14.312500,14.187500
846	0	426	10.500141	198,220,271,279,58,311,264,40	18.875000,15.062500,15.062500,15.062500,14.187500,14.062500,13.812500,13.500000
847	0	11206	15.835081	198,220,271,279,311,58,720,264	19.000000,15.437500,15.437500,15.312500,14.250000,14.187500,14.187500,14.062500
848	0	466	8.922197	198,271,279,220,311,58,264,791	18.250000,14.812500,14.812500,14.750000,13.750000,13.562500,13.500000,13.500000
849	0	27212	13.615967	198,279,220,271,311,264,58,1148	18.375000,15.562500,15.187500,15.062500,14.687500,14.250000,13.812500,13.750000
850	0	264	3.433708	198,279,220,264,311,271,459,1148	17.625000,16.500000,15.687500,15.187500,15.187500,14.687500,14.500000,14.250000
851	0	3560	12.068256	198,279,220,271,264,311,1148,58	18.375000,15.750000,15.312500,14.750000,14.500000,14.437500,14.000000,13.687500
852	0	439	8.365835	198,279,271,220,311,58,264,512	19.250000,15.750000,15.500000,15.250000,15.000000,14.187500,14.187500,14.000000
853	0	330	6.307354	198,279,220,271,264,311,1148,459	19.125000,16.625000,15.812500,15.500000,15.187500,15.187500,15.187500,14.062500
854	0	29517	14.606867	198,279,271,220,40,791,1148,311	19.125000,15.500000,15.250000,14.750000,14.687500,14.437500,14.312500,14.250000
855	0	330	6.283577	198,279,220,271,264,311,459,1148	17.750000,15.750000,15.562500,14.937500,14.500000,14.437500,13.812500,13.812500
856	0	304	7.825617	198,279,271,220,40,791,1148,311	19.125000,15.500000,15.250000,14.750000,14.687500,14.437500,14.312500,14.250000
857	0	279	2.789141	198,279,220,271,311,264,1148,459	18.875000,16.625000,15.750000,15.187500,15.062500,15.000000,14.812500,13.937500
858	0	9417	14.249285	198,279,220,271,264,311,1148,358	18.625000,16.250000,15.750000,15.062500,14.812500,14.687500,14.687500,13.937500
859	0	330	6.921402	198,271,279,220,311,1148,264,58	19.250000,16.250000,16.250000,15.687500,15.187500,14.937500,14.750000,14.437500
860	0	71166	14.294367	198,279,271,220,40,791,1148,311	19.125000,15.500000,15.250000,14.750000,14.687500,14.437500,14.312500,14.250000
861	0	364	9.173044	198,220,279,271,311,264,459,1148	17.375000,15.437500,15.250000,14.500000,14.187500,14.000000,13.437500,13.187500
862	0	82	5.903181	198,279,220,271,311,40,264,1148	18.625000,15.437500,14.750000,14.750000,14.062500,14.000000,13.937500,13.937500
863	0	15457	14.862198	198,279,271,220,311,58,264,512	19.125000,15.312500,15.250000,14.937500,14.500000,14.437500,14.062500,13.750000
864	0	330	6.448683	198,220,271,279,311,58,264,720	19.250000,16.375000,16.250000,15.750000,14.812500,14.687500,14.562500,14.312500
865	0	315	8.138117	198,279,271,220,40,791,1148,311	19.125000,15.500000,15.250000,14.750000,14.687500,14.437500,14.312500,14.250000
866	0	279	2.828091	198,279,220,271,264,1148,311,459	18.500000,16.375000,15.750000,15.062500,15.000000,14.937500,14.687500,14.000000
867	0	12707	13.624285	198,279,220,271,264,311,1148,358	18.625000,16.250000,15.750000,15.062500,14.812500,14.687500,14.687500,13.937500
868	0	4101	12.319452	198,279,271,311,220,1148,264,459	18.750000,16.000000,15.437500,15.000000,14.937500,14.562500,14.437500,13.812500
869	0	578	7.524963	198,271,220,279,58,311,264,512	19.500000,16.000000,15.687500,15.500000,15.062500,14.812500,14.312500,14.250000
870	0	5843	13.950621	198,279,220,271,264,311,720,1148	18.625000,16.000000,15.937500,15.187500,14.687500,14.312500,14.250000,14.187500
871	0	38725	16.739733	198,279,220,271,311,264,58,1148	18.250000,15.812500,15.687500,14.750000,14.687500,14.312500,13.687500,13.562500
872	0	2652	11.428364	198,271,279,220,791,311,264,40	17.875000,15.312500,15.250000,14.937500,14.250000,14.062500,14.000000,13.750000
873	0	568	7.081341	198,220,279,311,271,264,1148,720	19.500000,16.375000,16.125000,14.812500,14.750000,14.562500,14.437500,14.062500
874	0	59335	16.070852	198,279,220,271,311,264,1148,40	18.500000,15.812500,15.312500,15.000000,14.687500,14.437500,14.312500,14.000000
875	0	16662	14.029840	198,220,279,264,311,459,720,1148	16.500000,15.812500,15.750000,14.687500,14.500000,14.187500,14.000000,13.250000
876	0	20142	15.392771	198,279,220,271,264,311,1148,459	18.875000,17.125000,16.125000,15.687500,15.562500,15.562500,15.437500,14.937500
877	0	4488	11.608301	198,279,271,311,220,264,58,1148	18.875000,15.937500,15.312500,15.312500,15.250000,14.437500,14.000000,14.000000
878	0	27191	15.196409	198,220,279,271,264,311,1148,459	18.375000,16.125000,16.000000,15.437500,14.562500,14.562500,14.062500,13.812500
879	0	323	5.836590	198,279,220,271,311,264,459,720	17.875000,15.250000,15.187500,14.250000,14.187500,14.000000,13.250000,13.250000
880	0	43423	12.908594	198,279,220,271,264,1148,311,358	18.875000,16.625000,15.750000,15.500000,15.187500,15.187500,15.062500,14.250000
881	0	15385	14.682571	198,220,271,279,311,264,58,1148	18.250000,15.062500,15.000000,14.812500,13.812500,13.687500,13.562500,13.437500
882	0	18843	14.123186	198,220,271,279,311,264,58,791	17.625000,15.000000,14.437500,14.000000,13.312500,12.687500,12.500000,12.500000
883	0	662	10.357086	198,271,220,279,311,58,264,1148	18.500000,15.500000,15.062500,15.062500,14.187500,14.000000,13.562500,13.437500
884	0	426	10.366388	198,220,279,271,311,58,264,1148	19.000000,15.687500,15.437500,15.250000,14.250000,14.000000,14.000000,13.812500
885	0	11206	15.835081	198,220,271,279,311,58,720,264	19.000000,15.437500,15.437500,15.312500,14.250000,14.187500,14.187500,14.062500
886	0	466	8.922197	198,271,279,220,311,58,264,791	18.250000,14.812500,14.812500,14.750000,13.750000,13.562500,13.500000,13.500000
887	0	59335	16.600342	198,279,220,271,311,264,58,1148	18.375000,15.562500,15.187500,15.062500,14.687500,14.250000,13.812500,13.750000
888	0	439	7.670465	198,220,279,264,311,459,720,1148	16.500000,15.812500,15.750000,14.687500,14.500000,14.187500,14.000000,13.250000
889	0	330	6.307354	198,279,220,271,264,311,1148,459	19.125000,16.625000,15.812500,15.500000,15.187500,15.187500,15.187500,14.062500
890	0	58090	14.419367	198,279,271,220,40,791,1148,311	19.125000,15.500000,15.250000,14.750000,14.687500,14.437500,14.312500,14.250000
891	0	330	6.945988	198,279,220,271,264,311,58,1148	18.875000,15.500000,15.437500,15.000000,14.312500,14.312500,13.937500,13.937500
892	0	1174	10.700617	198,279,271,220,40,791,1148,311	19.125000,15.500000,15.250000,14.750000,14.687500,14.437500,14.312500,14.250000
893	0	304	7.358923	198,220,279,271,264,311,1148,58	19.000000,16.250000,16.125000,14.687500,14.562500,14.562500,14.437500,14.250000
894	0	279	2.789141	198,279,220,271,311,264,1148,459	18.875000,16.625000,15.750000,15.187500,15.062500,15.000000,14.812500,13.937500
895	0	220	3.468035	198,279,220,271,264,311,1148,358	18.625000,16.250000,15.750000,15.062500,14.812500,14.687500,14.687500,13.937500
896	0	1049	7.230272	198,279,220,271,311,16,264,58	18.625000,15.250000,15.187500,14.562500,14.062500,13.937500,13.937500,13.687500
897	0	20	6.072617	198,220,271,279,58,720,311,264	19.250000,15.812500,15.437500,15.437500,14.562500,14.437500,14.312500,14.187500
898	0	34596	15.133362	198,220,271,279,311,58,264,1148	18.875000,15.187500,15.187500,15.187500,14.250000,14.062500,13.937500,13.500000
899	0	54248	15.907511	198,279,271,220,311,264,1148,58	19.125000,16.375000,16.000000,15.750000,15.437500,14.937500,14.812500,14.437500
900	0	315	7.327627	198,279,271,220,311,264,1148,58	19.125000,16.000000,15.750000,15.437500,15.312500,14.687500,14.437500,14.312500
901	0	279	2.828091	198,279,220,271,264,1148,311,459	18.500000,16.375000,15.750000,15.062500,15.000000,14.937500,14.687500,14.000000
902	0	26241	14.374285	198,279,220,271,264,311,1148,358	18.625000,16.250000,15.750000,15.062500,14.812500,14.687500,14.687500,13.937500
903	0	93401	14.389294	198,220,271,279,791,264,311,1148	17.875000,15.187500,15.062500,15.062500,13.937500,13.750000,13.750000,13.687500
904	0	1514	10.347181	198,271,279,220,311,264,1148,791	18.875000,15.812500,15.750000,15.062500,14.750000,14.312500,14.187500,14.000000
905	0	44662	14.235943	198,279,271,220,311,264,1148,58	19.125000,16.250000,15.437500,15.250000,15.250000,14.750000,14.500000,14.187500
906	0	50940	15.689489	198,220,279,271,311,264,1148,720	18.125000,15.750000,15.687500,15.500000,14.562500,14.437500,13.687500,13.562500
907	0	662	10.574038	198,220,279,271,311,264,720,58	17.750000,14.812500,14.312500,14.000000,13.187500,13.062500,13.000000,12.937500
908	0	1102	9.866388	198,220,279,271,311,58,264,1148	19.000000,15.687500,15.437500,15.250000,14.250000,14.000000,14.000000,13.812500
909	0	574	7.843880	198,279,271,220,311,264,1148,40	19.375000,15.812500,15.562500,15.500000,14.750000,14.437500,14.312500,14.000000
910	0	10887	12.524067	198,279,220,311,264,271,1148,459	19.000000,16.500000,16.125000,15.187500,15.062500,15.062500,14.937500,14.187500
911	0	520	6.274914	198,279,220,271,311,264,58,1148	19.125000,16.000000,15.750000,15.062500,14.937500,14.750000,14.562500,14.187500
912	0	279	2.614124	198,279,220,264,271,311,1148,720	18.500000,16.500000,16.000000,15.000000,14.937500,14.937500,14.500000,14.062500
913	0	46506	16.218035	198,279,220,271,264,311,1148,358	18.625000,16.250000,15.750000,15.062500,14.812500,14.687500,14.687500,13.937500
914	0	27315	16.476902	198,220,279,271,311,264,459,374	17.500000,15.562500,15.187500,14.500000,14.062500,13.812500,13.250000,12.937500
915	0	304	7.002966	198,279,220,271,311,264,1148,791	19.125000,16.125000,16.000000,16.000000,15.250000,14.750000,14.500000,14.250000
916	0	72098	17.226641	198,279,220,271,311,264,1148,459	18.875000,16.625000,15.750000,15.187500,15.062500,15.000000,14.812500,13.937500
917	0	1174	9.993139	198,279,271,220,311,1148,264,459	18.625000,16.125000,15.750000,15.312500,15.062500,14.750000,14.687500,14.062500
918	0	323	6.108923	198,220,279,271,264,311,1148,58	19.000000,16.250000,16.125000,14.687500,14.562500,14.562500,14.437500,14.250000
919	0	279	2.877344	198,279,220,271,264,1148,311,358	18.875000,16.625000,15.750000,15.500000,15.187500,15.187500,15.062500,14.250000
920	0	11258	14.155535	198,279,220,271,264,311,1148,358	18.625000,16.250000,15.750000,15.062500,14.812500,14.687500,14.687500,13.937500
921	0	1291	11.684456	198,220,279,271,311,264,58,720	17.875000,15.687500,15.687500,14.812500,14.687500,14.312500,13.562500,13.500000
922	0	39520	16.961529	198,279,220,311,271,264,720,1148	17.750000,15.562500,15.500000,14.687500,14.500000,14.187500,13.562500,13.500000
923	0	17367	14.495703	198,220,279,271,311,264,459,1148	17.875000,16.000000,15.687500,15.437500,14.687500,14.500000,13.812500,13.687500
924	0	304	6.768906	198,279,220,271,311,264,58,720	18.125000,15.750000,15.687500,15.437500,14.812500,14.500000,13.750000,13.687500
925	0	7295	12.257891	198,279,220,271,311,264,1148,459	18.875000,16.625000,15.750000,15.187500,15.062500,15.000000,14.812500,13.937500
926	0	662	10.258215	198,279,220,271,311,264,1148,459	18.375000,16.375000,16.125000,15.437500,15.187500,15.000000,14.500000,14.437500
927	0	1283	11.303888	198,220,279,271,311,58,264,1148	19.000000,15.687500,15.437500,15.250000,14.250000,14.000000,14.000000,13.812500
928	0	574	7.411682	198,279,220,271,264,311,1148,40	18.875000,15.812500,15.562500,15.437500,14.500000,14.500000,14.437500,14.250000
929	0	15910	11.430317	198,279,220,311,264,271,1148,459	19.000000,16.500000,16.125000,15.187500,15.062500,15.062500,14.937500,14.187500
930	0	555	7.051973	198,279,220,311,264,271,459,1148	17.625000,15.937500,15.312500,15.187500,14.500000,14.000000,13.562500,13.500000
931	0	3842	10.121540	198,279,220,264,271,311,1148,459	18.250000,16.500000,16.375000,15.000000,15.000000,14.937500,14.687500,14.062500
932	0	68573	14.764021	198,279,220,271,264,311,1148,459	18.375000,16.125000,15.937500,15.312500,14.562500,14.562500,14.437500,13.937500
933	0	323	4.978323	198,279,220,264,271,311,459,720	16.500000,15.437500,14.937500,14.187500,14.062500,13.937500,13.812500,13.562500
934	0	59335	15.767969	198,279,220,271,264,1148,311,358	18.875000,16.625000,15.750000,15.500000,15.187500,15.187500,15.062500,14.250000
935	0	16662	14.029840	198,220,279,264,311,459,720,1148	16.500000,15.812500,15.750000,14.687500,14.500000,14.187500,14.000000,13.250000
936	0	7505	13.330271	198,279,220,271,264,311,1148,459	18.875000,17.125000,16.125000,15.687500,15.562500,15.562500,15.437500,14.937500
937	0	1254	11.897202	198,220,279,271,311,264,459,1148	17.250000,15.312500,15.187500,14.312500,13.937500,13.812500,13.187500,13.187500
938	0	819	12.861721	198,271,279,220,720,311,40,998	18.250000,14.812500,14.687500,14.437500,13.687500,13.562500,13.437500,13.437500
939	0	675	13.199001	198,279,220,271,311,264,1148,58	18.000000,15.312500,15.062500,14.687500,14.187500,14.062500,13.437500,13.250000
940	0	1174	9.658974	198,279,220,271,311,264,1148,58	17.625000,14.937500,14.812500,14.250000,14.000000,13.562500,13.062500,12.937500
941	0	51075	16.405798	198,220,279,271,264,311,1148,58	19.000000,16.250000,16.125000,14.687500,14.562500,14.562500,14.437500,14.250000
942	0	1901	10.840734	198,279,271,220,311,1148,264,791	18.375000,15.687500,15.437500,15.312500,14.437500,14.312500,14.250000,14.250000
943	0	12997	15.634817	198,220,279,271,311,720,264,58	18.000000,15.250000,15.000000,14.750000,13.937500,13.937500,13.750000,13.250000
944	0	1174	9.900057	198,279,220,271,311,264,58,1148	18.375000,15.000000,14.812500,14.687500,14.187500,13.750000,13.437500,13.187500
945	0	14253	13.765173	198,220,279,271,264,311,1148,58	19.000000,16.250000,16.125000,14.687500,14.562500,14.562500,14.437500,14.250000
946	0	18206	13.610291	198,279,271,220,311,264,1148,791	18.125000,15.562500,15.437500,15.312500,14.437500,14.250000,14.000000,13.812500
947	0	1174	9.559107	198,279,220,271,311,264,1148,459	18.125000,16.125000,15.500000,15.312500,15.062500,14.687500,14.437500,13.937500
948	0	56230	15.796423	198,220,279,271,264,311,1148,58	19.000000,16.250000,16.125000,14.687500,14.562500,14.562500,14.437500,14.250000
949	0	24852	12.668381	198,279,220,311,271,264,459,1148	17.375000,15.812500,15.250000,14.750000,14.687500,14.500000,13.812500,13.500000
950	0	417	9.976612	198,220,271,279,311,264,58,791	17.875000,15.187500,14.750000,14.750000,13.812500,13.562500,13.312500,13.312500
951	0	1174	9.845043	198,279,220,271,311,264,58,720	18.375000,15.312500,15.250000,14.562500,14.562500,14.000000,13.812500,13.812500
952	0	60410	15.202673	198,220,279,271,264,311,1148,58	19.000000,16.250000,16.125000,14.687500,14.562500,14.562500,14.437500,14.250000
953	0	81764	16.174734	198,220,279,271,264,720,311,12	17.625000,15.812500,15.312500,14.562500,14.312500,14.312500,14.250000,13.812500
954	0	323	5.937635	198,220,279,271,264,311,791,58	18.125000,15.437500,15.187500,15.062500,14.062500,14.062500,13.687500,13.562500
955	0	68134	14.033594	198,279,220,271,264,1148,311,358	18.875000,16.625000,15.750000,15.500000,15.187500,15.187500,15.062500,14.250000
956	0	11166	12.805082	198,220,279,271,264,311,1148,791	18.375000,15.562500,15.500000,15.062500,14.250000,14.250000,13.937500,13.687500
957	0	662	10.246891	198,279,220,271,311,264,720,459	17.875000,15.812500,15.750000,15.000000,14.750000,14.500000,14.062500,13.812500
958	0	426	10.366388	198,220,279,271,311,58,264,1148	19.000000,15.687500,15.437500,15.250000,14.250000,14.000000,14.000000,13.812500
959	0	11206	15.835081	198,220,271,279,311,58,720,264	19.000000,15.437500,15.437500,15.312500,14.250000,14.187500,14.187500,14.062500
960	0	466	8.922197	198,271,279,220,311,58,264,791	18.250000,14.812500,14.812500,14.750000,13.750000,13.562500,13.500000,13.500000
961	0	4036	12.428467	198,279,220,271,311,264,58,1148	18.375000,15.562500,15.187500,15.062500,14.687500,14.250000,13.812500,13.750000
962	0	264	4.311499	198,279,220,271,311,264,1148,459	19.125000,16.625000,16.250000,15.500000,15.500000,15.250000,14.687500,14.437500
963	0	37849	13.537006	198,279,220,271,264,311,1148,58	18.375000,15.750000,15.312500,14.750000,14.500000,14.437500,14.000000,13.687500
964	0	3477	9.509443	198,279,220,311,264,271,720,1148	18.375000,15.937500,15.687500,15.000000,14.562500,14.500000,13.937500,13.937500
965	0	304	7.093185	198,279,271,220,311,264,1148,58	19.500000,16.625000,16.250000,16.000000,15.437500,15.062500,15.000000,14.937500
966	0	578	6.726641	198,279,220,271,311,264,1148,459	18.875000,16.625000,15.750000,15.187500,15.062500,15.000000,14.812500,13.937500
967	0	13690	12.794371	198,279,220,271,264,311,720,1148	18.625000,16.000000,15.937500,15.187500,14.687500,14.312500,14.250000,14.187500
968	0	49906	18.686394	198,220,279,271,311,264,459,1148	18.125000,16.250000,16.125000,15.437500,14.812500,14.750000,14.062500,14.062500
969	0	551	10.613680	198,279,220,271,311,264,12,720	18.750000,15.687500,15.500000,15.437500,14.687500,14.437500,14.250000,14.187500
970	0	330	6.326017	198,220,279,271,311,264,58,720	18.750000,15.812500,15.687500,14.562500,14.312500,14.250000,13.750000,13.750000
971	0	578	7.138117	198,279,271,220,40,791,1148,311	19.125000,15.500000,15.250000,14.750000,14.687500,14.437500,14.312500,14.250000
972	0	15718	10.825621	198,279,220,271,264,311,720,1148	18.625000,16.000000,15.937500,15.187500,14.687500,14.312500,14.250000,14.187500
973	0	374	5.673883	198,220,279,311,271,264,720,1148	18.375000,15.812500,15.812500,15.000000,14.500000,14.312500,13.812500,13.750000
974	0	559	12.119808	198,279,220,271,264,311,1148,720	18.625000,16.125000,15.937500,15.000000,14.812500,14.812500,14.312500,13.937500
975	0	1683	11.570438	198,279,220,271,311,264,1148,40	18.000000,15.062500,14.500000,14.500000,13.937500,13.500000,13.250000,13.062500
976	0	11559	15.135710	198,279,220,271,311,264,58,720	17.750000,15.062500,15.000000,14.437500,14.312500,13.750000,13.062500,12.937500
977	0	19428	12.542721	198,279,271,220,311,264,1148,40	18.750000,16.000000,15.500000,15.250000,14.937500,14.687500,14.687500,14.250000
978	0	1174	10.179857	198,279,220,271,311,264,1148,791	18.375000,15.937500,15.062500,14.812500,14.750000,14.500000,14.187500,13.687500
979	0	449	8.608923	198,220,279,271,264,311,1148,58	19.000000,16.250000,16.125000,14.687500,14.562500,14.562500,14.437500,14.250000
980	0	53221	15.660717	198,279,220,264,271,311,1148,58	18.875000,16.625000,16.000000,15.250000,15.250000,15.000000,14.812500,14.312500
981	0	24601	15.386955	198,279,220,311,264,271,1148,459	17.750000,15.937500,15.250000,15.062500,14.437500,14.250000,13.937500,13.812500
982	0	505	10.126913	198,271,279,220,311,58,264,1148	20.125000,16.125000,15.750000,15.312500,15.062500,14.937500,14.437500,14.437500
983	0	7505	13.659580	198,279,220,264,271,311,1148,459	18.750000,16.500000,16.125000,15.062500,15.000000,15.000000,14.687500,14.000000
984	0	1254	11.897202	198,220,279,271,311,264,459,1148	17.250000,15.312500,15.187500,14.312500,13.937500,13.812500,13.187500,13.187500
985	0	819	12.861721	198,271,279,220,720,311,40,998	18.250000,14.812500,14.687500,14.437500,13.687500,13.562500,13.437500,13.437500
986	0	675	13.199001	198,279,220,271,311,264,1148,58	18.000000,15.312500,15.062500,14.687500,14.187500,14.062500,13.437500,13.250000
987	0	320	7.783974	198,279,220,271,311,264,1148,58	17.625000,14.937500,14.812500,14.250000,14.000000,13.562500,13.062500,12.937500
988	0	1457	10.825552	198,279,220,271,40,311,264,1148	18.750000,15.312500,15.000000,14.750000,14.062500,14.062500,13.937500,13.812500
989	0	653	10.767078	198,279,220,311,271,264,1148,58	18.875000,16.375000,16.125000,15.312500,15.187500,15.000000,14.562500,14.187500
990	0	34551	13.593168	198,279,220,271,311,264,58,720	18.625000,15.250000,15.000000,14.750000,14.187500,13.937500,13.812500,13.812500
991	0	82585	17.994722	198,220,271,279,58,720,998,311	18.500000,14.312500,14.312500,13.750000,13.687500,13.312500,13.250000,13.062500
992	0	505	9.883396	198,279,220,271,311,264,58,1148	18.875000,15.437500,15.062500,14.937500,14.437500,14.000000,13.812500,13.312500
993	0	813	7.128330	198,279,220,264,271,311,1148,459	18.750000,16.500000,16.125000,15.062500,15.000000,15.000000,14.687500,14.000000
994	0	5178	12.461674	198,279,220,271,264,311,1148,40	18.625000,16.125000,15.437500,14.937500,14.562500,14.562500,14.500000,13.937500
995	0	439	8.380592	198,271,279,311,220,58,264,1148	19.625000,16.375000,16.125000,15.312500,15.250000,14.812500,14.687500,14.500000
996	0	54651	13.744854	198,279,220,271,264,311,1148,459	19.125000,16.625000,15.812500,15.500000,15.187500,15.187500,15.187500,14.062500
997	0	452	10.512354	198,279,271,220,311,264,1148,791	18.625000,15.562500,15.437500,15.312500,14.687500,14.250000,14.250000,13.812500
998	0	15278	15.339376	198,279,220,271,311,720,264,58	18.250000,15.250000,15.187500,15.000000,14.062500,14.000000,13.937500,13.500000
999	0	364	10.368223	198,220,279,271,311,58,720,998	18.625000,14.812500,14.812500,14.437500,14.187500,13.937500,13.500000,13.312500
1000	0	82	5.903181	198,279,220,271,311,40,264,1148	18.625000,15.437500,14.750000,14.750000,14.062500,14.000000,13.937500,13.937500
1001	0	9777	15.627823	198,279,271,220,311,58,264,512	19.125000,15.312500,15.250000,14.937500,14.500000,14.437500,14.062500,13.750000
1002	0	1169	10.267368	198,220,279,271,311,264,58,720	18.125000,15.437500,14.812500,14.750000,14.000000,13.562500,13.500000,13.437500
1003	0	883	10.738667	198,279,220,311,271,264,1148,720	18.250000,15.937500,15.500000,14.812500,14.687500,14.500000,13.937500,13.750000
1004	0	1174	9.519091	198,220,279,720,58,271,311,264	19.000000,15.500000,15.187500,14.562500,14.312500,14.250000,14.250000,13.937500
1005	0	8563	11.765173	198,220,279,271,264,311,1148,58	19.000000,16.250000,16.125000,14.687500,14.562500,14.562500,14.437500,14.250000
1006	0	426	9.566671	198,220,279,271,264,311,1148,791	18.375000,16.000000,15.812500,15.250000,14.500000,14.437500,14.312500,14.062500
1007	0	11206	15.835081	198,220,271,279,311,58,720,264	19.000000,15.437500,15.437500,15.312500,14.250000,14.187500,14.187500,14.062500
1008	0	466	8.922197	198,271,279,220,311,58,264,791	18.250000,14.812500,14.812500,14.750000,13.750000,13.562500,13.500000,13.500000
1009	0	1174	10.115967	198,279,220,271,311,264,58,1148	18.375000,15.562500,15.187500,15.062500,14.687500,14.250000,13.812500,13.750000
1010	0	51075	16.405798	198,220,279,271,264,311,1148,58	19.000000,16.250000,16.125000,14.687500,14.562500,14.562500,14.437500,14.250000
1011	0	1901	10.840734	198,279,271,220,311,1148,264,791	18.375000,15.687500,15.437500,15.312500,14.437500,14.312500,14.250000,14.250000
1012	0	12997	15.634817	198,220,279,271,311,720,264,58	18.000000,15.250000,15.000000,14.750000,13.937500,13.937500,13.750000,13.250000
1013	0	323	6.025057	198,279,220,271,311,264,58,1148	18.375000,15.000000,14.812500,14.687500,14.187500,13.750000,13.437500,13.187500
1014	0	56230	15.158594	198,279,220,271,264,1148,311,358	18.875000,16.625000,15.750000,15.500000,15.187500,15.187500,15.062500,14.250000
1015	0	24852	12.668381	198,279,220,311,271,264,459,1148	17.375000,15.812500,15.250000,14.750000,14.687500,14.500000,13.812500,13.500000
1016	0	417	9.976612	198,220,271,279,311,264,58,791	17.875000,15.187500,14.750000,14.750000,13.812500,13.562500,13.312500,13.312500
1017	0	662	10.282543	198,279,220,271,311,264,58,720	18.375000,15.312500,15.250000,14.562500,14.562500,14.000000,13.812500,13.812500
1018	0	330	6.366388	198,220,279,271,311,58,264,1148	19.000000,15.687500,15.437500,15.250000,14.250000,14.000000,14.000000,13.812500
1019	0	578	7.138117	198,279,271,220,40,791,1148,311	19.125000,15.500000,15.250000,14.750000,14.687500,14.437500,14.312500,14.250000
1020	0	25460	16.747496	198,279,220,271,264,311,720,1148	18.625000,16.000000,15.937500,15.187500,14.687500,14.312500,14.250000,14.187500
1021	0	10555	11.140057	198,279,220,271,311,264,459,1148	17.750000,16.000000,15.562500,15.312500,14.937500,14.750000,14.062500,13.750000
1022	0	1174	10.189695	198,279,220,271,311,264,1148,58	18.875000,16.125000,15.687500,15.500000,15.187500,14.750000,14.750000,14.187500
1023	0	330	5.983923	198,220,279,271,264,311,1148,58	19.000000,16.250000,16.125000,14.687500,14.562500,14.562500,14.437500,14.250000
